atletas.apelido,atletas.apelido_abreviado,atletas.atleta_id,atletas.clube.id.full.name,atletas.clube_id,atletas.craque,atletas.entrou_em_campo,atletas.foto,atletas.jogos_num,atletas.media_num,atletas.nome,atletas.pontos_num,atletas.posicao_id,atletas.preco_num,atletas.rodada_id,atletas.slug,atletas.status_id,atletas.variacao_num,A,CA,CV,DE,DP,DS,FC,FD,FF,FS,FT,G,GC,GS,I,PC,PP,PS,SG,V
Léo Condé,L. Condé,37457,REM,364,0,True,https://s3.glbimg.com/v1/AUTH_58d78b787ec34892b5aaa0c7a146155f/clubes_2026/silhuetas/REM/FORMATO.png,21,4.74,Leonardo Rodrigues Condé,6.06,6,8.09,25,leo-conde,7,0.19,,,,,,,,,,,,,,,,,,,,5.0
Fábio,Fábio,37656,FLU,266,0,True,https://s3.glbimg.com/v1/AUTH_58d78b787ec34892b5aaa0c7a146155f/clubes_2026/silhuetas/FLU/FORMATO.png,24,4.32,Fábio Deivson Lopes Maciel,4.8,1,9.11,25,fabio,7,0.68,,1.0,,88.0,,,,,,7.0,,,,31.0,,2.0,,,4.0,
Thiago Silva,T. Silva,37715,FLU,266,0,False,https://s3.glbimg.com/v1/AUTH_58d78b787ec34892b5aaa0c7a146155f/clubes_2026/silhuetas/FLU/FORMATO.png,3,3.1,Thiago Emiliano da Silva,0.0,3,6.83,25,thiago-silva,7,0.0,,1.0,,,,2.0,2.0,,3.0,1.0,,,,,,,,,1.0,
Hulk,Hulk,39148,FLU,266,0,True,https://s3.glbimg.com/v1/AUTH_58d78b787ec34892b5aaa0c7a146155f/clubes_2026/silhuetas/FLU/FORMATO.png,18,6.29,Givanildo Vieira de Souza,17.5,5,13.66,25,hulk,7,0.64,4.0,1.0,,,,7.0,11.0,11.0,15.0,45.0,,5.0,,,6.0,,,,,
Alan Franco,A. Franco,39656,CAM,282,0,False,https://s3.glbimg.com/v1/AUTH_58d78b787ec34892b5aaa0c7a146155f/clubes_2026/silhuetas/CAM/FORMATO.png,18,2.08,Alan Steven Franco Palma,0.0,4,4.45,25,alan-franco,6,0.0,1.0,4.0,,,,24.0,25.0,2.0,3.0,7.0,,,,,2.0,,,,,
Vagner Mancini,V. Mancini,39850,RBB,280,0,True,https://s3.glbimg.com/v1/AUTH_58d78b787ec34892b5aaa0c7a146155f/clubes_2026/silhuetas/RBB/FORMATO.png,23,5.46,Vagner Carmo Mancini,3.75,6,8.31,25,vagner-mancini,7,-0.45,,,,,,,,,,,,,,,,,,,,10.0
Dorival Júnior,D. Júnior,40990,SAO,276,0,True,https://s3.glbimg.com/v1/AUTH_58d78b787ec34892b5aaa0c7a146155f/clubes_2026/silhuetas/SAO/FORMATO.png,17,4.09,Dorival Silvestre Júnior,6.17,6,9.33,25,dorival-junior,7,0.38,,,,,,,,,,,,,,,,,,,,2.0
Osvaldo,Osvaldo,42222,VIT,287,0,False,https://s3.glbimg.com/v1/AUTH_58d78b787ec34892b5aaa0c7a146155f/clubes_2026/silhuetas/VIT/FORMATO.png,2,0.4,Osvaldo Lourenço Filho,0.0,5,4.07,25,osvaldo,6,0.0,,,,,,,,,1.0,,,,,,,,,,,
Cássio,Cássio,42234,CRU,283,0,False,https://s3.glbimg.com/v1/AUTH_58d78b787ec34892b5aaa0c7a146155f/clubes_2026/silhuetas/CRU/FORMATO.png,5,1.32,Cássio Roberto Ramos,0.0,1,6.89,25,cassio,6,0.0,,,,12.0,,,,,,2.0,,,,10.0,,,,,,
Cuca,Cuca,42411,SAN,277,0,True,https://s3.glbimg.com/v1/AUTH_58d78b787ec34892b5aaa0c7a146155f/clubes_2026/silhuetas/SAN/FORMATO.png,16,6.13,Alexi Stival,7.44,6,10.43,25,cuca,7,-0.11,,,,,,,,,,,,,,,,,,,,6.0
Fagner,Fagner,42500,CRU,283,0,False,https://s3.glbimg.com/v1/AUTH_58d78b787ec34892b5aaa0c7a146155f/clubes_2026/silhuetas/CRU/FORMATO.png,17,3.96,Fagner Conserva Lemos,0.0,2,6.62,25,fagner,7,0.0,4.0,3.0,,,,24.0,21.0,2.0,4.0,10.0,,,,,,,,,2.0,
Walter,Walter,51413,MIR,2305,0,True,https://s3.glbimg.com/v1/AUTH_58d78b787ec34892b5aaa0c7a146155f/clubes_2026/silhuetas/MIR/FORMATO.png,20,2.69,Walter Leandro Capeloza Artune,1.6,1,5.06,25,walter,7,-0.82,,3.0,,63.0,,,,,,2.0,,,,30.0,,1.0,,,1.0,
Everton Ribeiro,E. Ribeiro,51772,BAH,265,0,False,https://s3.glbimg.com/v1/AUTH_58d78b787ec34892b5aaa0c7a146155f/clubes_2026/silhuetas/BAH/FORMATO.png,16,4.48,Everton Augusto de Barros Ribeiro,0.0,4,8.86,25,everton-ribeiro,5,0.0,4.0,1.0,,,,22.0,12.0,4.0,6.0,28.0,,,,,,,,,,
Alex Sandro,A. Sandro,61987,FLA,262,0,False,https://s3.glbimg.com/v1/AUTH_58d78b787ec34892b5aaa0c7a146155f/clubes_2026/silhuetas/FLA/FORMATO.png,15,3.53,Alex Sandro Lobo Silva,0.0,2,8.2,25,alex-sandro,5,0.0,,3.0,,,,16.0,20.0,,1.0,14.0,,,,,,,,,6.0,
Ganso,Ganso,62977,FLU,266,0,True,https://s3.glbimg.com/v1/AUTH_58d78b787ec34892b5aaa0c7a146155f/clubes_2026/silhuetas/FLU/FORMATO.png,16,1.46,Paulo Henrique Chagas de Lima,0.2,4,3.5,25,ganso,7,-0.95,,2.0,,,,11.0,9.0,2.0,1.0,11.0,1.0,,,,1.0,,,,,
Neymar,Neymar,63007,SAN,277,0,True,https://s3.glbimg.com/v1/AUTH_58d78b787ec34892b5aaa0c7a146155f/clubes_2026/silhuetas/SAN/FORMATO.png,12,9.78,Neymar da Silva Santos Júnior,6.4,4,18.9,25,neymar,7,-1.02,2.0,7.0,,,,10.0,18.0,13.0,18.0,49.0,1.0,6.0,,,8.0,,,,,
Rafael Tolói,R. Tolói,63008,SAO,276,0,False,https://s3.glbimg.com/v1/AUTH_58d78b787ec34892b5aaa0c7a146155f/clubes_2026/silhuetas/SAO/FORMATO.png,6,4.1,Rafael Toloi,0.0,3,6.92,25,rafael-toloi,6,0.0,,3.0,,,,11.0,8.0,1.0,1.0,3.0,,,,,,,,,2.0,
Marcos Rocha,M. Rocha,63013,GRE,284,0,False,https://s3.glbimg.com/v1/AUTH_58d78b787ec34892b5aaa0c7a146155f/clubes_2026/silhuetas/GRE/FORMATO.png,4,0.8,Marcos Luis Rocha Aquino,0.0,2,5.95,25,marcos-rocha,6,0.0,,,,,,2.0,1.0,,,1.0,,,,,,,,,,
Edenílson,Edenílson,63289,BOT,263,0,True,https://s3.glbimg.com/v1/AUTH_58d78b787ec34892b5aaa0c7a146155f/clubes_2026/silhuetas/BOT/FORMATO.png,16,3.01,Edenílson Andrade dos Santos,0.0,4,5.78,25,edenilson,6,-0.55,2.0,2.0,,,,6.0,10.0,2.0,3.0,5.0,1.0,3.0,,,1.0,,,,,
Rodrigo Moledo,R. Moledo,63354,CFC,294,0,True,https://s3.glbimg.com/v1/AUTH_58d78b787ec34892b5aaa0c7a146155f/clubes_2026/silhuetas/CFC/FORMATO.png,4,4.3,Rodrigo Modesto da Silva Moledo,0.5,3,5.94,25,rodrigo-moledo,2,-0.59,,,,,,2.0,1.0,,,3.0,,1.0,,,,,,,1.0,
Alan Patrick,A. Patrick,68685,INT,285,0,True,https://s3.glbimg.com/v1/AUTH_58d78b787ec34892b5aaa0c7a146155f/clubes_2026/silhuetas/INT/FORMATO.png,20,4.11,Alan Patrick Lourenço,13.5,4,8.64,25,alan-patrick,7,1.69,1.0,1.0,,,,15.0,7.0,2.0,12.0,28.0,,4.0,,,,,,,,
Eduardo,Eduardo,68708,MIR,2305,0,True,https://s3.glbimg.com/v1/AUTH_58d78b787ec34892b5aaa0c7a146155f/clubes_2026/silhuetas/MIR/FORMATO.png,17,3.39,Carlos Eduardo de Oliveira Alves,9.0,4,6.84,25,eduardo,7,-0.07,,1.0,1.0,,,10.0,10.0,3.0,7.0,11.0,1.0,4.0,,,,,,,,
Rafael Santos,R. Santos,68822,CHA,315,0,False,https://s3.glbimg.com/v1/AUTH_58d78b787ec34892b5aaa0c7a146155f/clubes_2026/silhuetas/CHA/FORMATO.png,4,3.75,Rafael de Carvalho Santos,0.0,1,4.94,25,rafael-santos,6,0.0,,,,20.0,,,,,,,,,,11.0,,,,,,
Marcelo Lomba,M. Lomba,68872,PAL,275,0,False,https://s3.glbimg.com/v1/AUTH_58d78b787ec34892b5aaa0c7a146155f/clubes_2026/silhuetas/PAL/FORMATO.png,1,8.9,Marcelo Lomba do Nascimento,0.0,1,7.08,25,marcelo-lomba,6,0.0,,,,3.0,,,,,,,,,,,,,,,1.0,
Dudu,Dudu,68920,CAM,282,0,True,https://s3.glbimg.com/v1/AUTH_58d78b787ec34892b5aaa0c7a146155f/clubes_2026/silhuetas/CAM/FORMATO.png,16,2.31,Eduardo Pereira Rodrigues,3.0,5,6.09,25,dudu,7,0.27,,,,,,3.0,3.0,6.0,5.0,12.0,,2.0,,,,,,,,
Rafael,Rafael,68928,SAO,276,0,True,https://s3.glbimg.com/v1/AUTH_58d78b787ec34892b5aaa0c7a146155f/clubes_2026/silhuetas/SAO/FORMATO.png,24,3.16,Rafael Pires Monteiro,1.6,1,7.0,25,rafael,7,-0.4,,1.0,,64.0,,,,,,3.0,,,,28.0,,,,,4.0,
Giovanni Augusto,G. Augusto,68938,CHA,315,0,True,https://s3.glbimg.com/v1/AUTH_58d78b787ec34892b5aaa0c7a146155f/clubes_2026/silhuetas/CHA/FORMATO.png,16,3.9,Giovanni Augusto Oliveira Cardoso,8.6,4,5.72,25,giovanni-augusto,7,0.49,5.0,1.0,,,,12.0,9.0,2.0,3.0,21.0,,1.0,,,1.0,,,,,
Marinho,Marinho,68952,VIT,287,0,True,https://s3.glbimg.com/v1/AUTH_58d78b787ec34892b5aaa0c7a146155f/clubes_2026/silhuetas/VIT/FORMATO.png,10,2.16,Mário Sérgio Santos Costa,5.0,5,5.18,25,marinho,6,0.67,,1.0,,,,7.0,9.0,2.0,5.0,17.0,,,,,2.0,,,,,
Willian José,W. José,68996,BAH,265,0,False,https://s3.glbimg.com/v1/AUTH_58d78b787ec34892b5aaa0c7a146155f/clubes_2026/silhuetas/BAH/FORMATO.png,20,2.45,Willian José da Silva,0.0,5,7.29,25,willian-jose,6,0.0,2.0,,,,,3.0,12.0,5.0,7.0,5.0,1.0,3.0,,,,,1.0,1.0,,
Santos,Santos,69012,CAP,293,0,True,https://s3.glbimg.com/v1/AUTH_58d78b787ec34892b5aaa0c7a146155f/clubes_2026/silhuetas/CAP/FORMATO.png,22,4.21,Aderbar Melo dos Santos Neto,1.9,1,7.97,25,santos,7,-0.58,,2.0,,62.0,,,,,,4.0,,,,23.0,,,,,7.0,
Allan,Allan,69140,BOT,263,0,False,https://s3.glbimg.com/v1/AUTH_58d78b787ec34892b5aaa0c7a146155f/clubes_2026/silhuetas/BOT/FORMATO.png,11,2.05,Allan Marques Loureiro,0.0,4,4.5,25,allan,6,0.0,,3.0,,,,16.0,11.0,,3.0,5.0,,,,,,,,,,
Gabriel Paulista,G. Paulista,69208,COR,264,0,True,https://s3.glbimg.com/v1/AUTH_58d78b787ec34892b5aaa0c7a146155f/clubes_2026/silhuetas/COR/FORMATO.png,19,4.13,Gabriel Armando de Abreu,0.1,3,8.25,25,gabriel-paulista,3,-0.63,,5.0,,,,20.0,14.0,1.0,11.0,9.0,,1.0,,,1.0,,,,7.0,
Danilo,Danilo,69783,FLA,262,0,False,https://s3.glbimg.com/v1/AUTH_58d78b787ec34892b5aaa0c7a146155f/clubes_2026/silhuetas/FLA/FORMATO.png,8,1.39,Danilo Luiz da Silva,0.0,3,4.73,25,danilo,6,0.0,,,1.0,,,6.0,4.0,,1.0,1.0,,,,,,,,,1.0,
Lucas Moura,L. Moura,70164,SAO,276,0,False,https://s3.glbimg.com/v1/AUTH_58d78b787ec34892b5aaa0c7a146155f/clubes_2026/silhuetas/SAO/FORMATO.png,8,2.32,Lucas Rodrigues Moura da Silva,0.0,4,7.5,25,lucas-moura,5,0.0,1.0,,,,,,5.0,2.0,2.0,6.0,,1.0,,,,,,,,
Eduardo Sasha,E. Sasha,70360,RBB,280,0,False,https://s3.glbimg.com/v1/AUTH_58d78b787ec34892b5aaa0c7a146155f/clubes_2026/silhuetas/RBB/FORMATO.png,18,0.98,Eduardo Colcenti Antunes,0.0,5,3.91,25,eduardo-sasha,5,0.0,,1.0,,,,6.0,2.0,6.0,6.0,13.0,,,,,3.0,,2.0,,,
Felipe Anderson,F. Anderson,70592,PAL,275,0,True,https://s3.glbimg.com/v1/AUTH_58d78b787ec34892b5aaa0c7a146155f/clubes_2026/silhuetas/PAL/FORMATO.png,18,3.29,Felipe Anderson Pereira Gomes,5.2,4,6.71,25,felipe-anderson,6,-0.06,1.0,1.0,,,,20.0,9.0,1.0,5.0,7.0,1.0,2.0,,,,,,,,
Marllon,Marllon,70666,REM,364,0,True,https://s3.glbimg.com/v1/AUTH_58d78b787ec34892b5aaa0c7a146155f/clubes_2026/silhuetas/REM/FORMATO.png,23,2.55,Marllon Gonçalves Jerônimo Borges,-0.5,3,4.72,25,marllon,7,-0.13,1.0,4.0,,,,25.0,13.0,,3.0,13.0,,1.0,1.0,,,,,,2.0,
Bruno Henrique,B. Henrique,70944,INT,285,0,True,https://s3.glbimg.com/v1/AUTH_58d78b787ec34892b5aaa0c7a146155f/clubes_2026/silhuetas/INT/FORMATO.png,22,1.74,Bruno Henrique Corsini,2.0,4,3.84,25,bruno-henrique,7,0.37,1.0,,,,,16.0,29.0,5.0,11.0,7.0,,,,,1.0,,,,,
Léo Vieira,L. Vieira,71043,BAH,265,0,False,https://s3.glbimg.com/v1/AUTH_58d78b787ec34892b5aaa0c7a146155f/clubes_2026/silhuetas/BAH/FORMATO.png,16,5.02,Leonardo da Silva Vieira,0.0,1,6.82,25,leo-vieira,5,0.0,,1.0,,71.0,,,,,,4.0,,,,23.0,,,,,2.0,
Thiago Mendes,T. Mendes,71123,VAS,267,0,True,https://s3.glbimg.com/v1/AUTH_58d78b787ec34892b5aaa0c7a146155f/clubes_2026/silhuetas/VAS/FORMATO.png,20,4.07,Thiago Henrique Mendes Ribeiro,1.9,4,7.07,25,thiago-mendes,7,-0.25,1.0,8.0,,,,16.0,17.0,5.0,6.0,45.0,,4.0,,,1.0,,,,,
Maicon,Maicon,71227,CFC,294,0,False,https://s3.glbimg.com/v1/AUTH_58d78b787ec34892b5aaa0c7a146155f/clubes_2026/silhuetas/CFC/FORMATO.png,14,1.93,Maicon Pereira Roque,0.0,3,3.86,25,maicon,6,0.0,,,1.0,,,7.0,5.0,,,4.0,,,,,,1.0,,,4.0,
Luiz Gustavo,L. Gustavo,71536,CAP,293,0,True,https://s3.glbimg.com/v1/AUTH_58d78b787ec34892b5aaa0c7a146155f/clubes_2026/silhuetas/CAP/FORMATO.png,17,3.36,Luiz Gustavo Dias,2.4,4,5.94,25,luiz-gustavo,7,0.23,,2.0,,,,18.0,18.0,5.0,3.0,20.0,1.0,2.0,,,,,,,,
Weverton,Weverton,71631,GRE,284,0,True,https://s3.glbimg.com/v1/AUTH_58d78b787ec34892b5aaa0c7a146155f/clubes_2026/silhuetas/GRE/FORMATO.png,21,4.61,Weverton Pereira da Silva,8.1,1,8.18,25,weverton,7,1.0,1.0,2.0,,61.0,2.0,,,,,5.0,,,,26.0,,1.0,,,5.0,
Gustavo Gómez,G. Gómez,71684,PAL,275,0,True,https://s3.glbimg.com/v1/AUTH_58d78b787ec34892b5aaa0c7a146155f/clubes_2026/silhuetas/PAL/FORMATO.png,22,4.92,Gustavo Raúl Gómez Portillo,7.4,3,10.45,25,gustavo-gomez,7,0.77,2.0,1.0,,,,19.0,22.0,2.0,9.0,3.0,,4.0,,,7.0,,,,7.0,
Tiago Volpi,T. Volpi,72018,RBB,280,0,True,https://s3.glbimg.com/v1/AUTH_58d78b787ec34892b5aaa0c7a146155f/clubes_2026/silhuetas/RBB/FORMATO.png,16,5.87,Tiago Luis Volpi,5.8,1,9.92,25,tiago-volpi,7,-0.25,,,,49.0,,,,,,,,2.0,,16.0,,,,,6.0,
Thomazella,Thomazella,72279,MIR,2305,0,False,https://s3.glbimg.com/v1/AUTH_58d78b787ec34892b5aaa0c7a146155f/clubes_2026/silhuetas/MIR/FORMATO.png,2,-1.35,Carlos Eduardo Lecciolle Thomazella,0.0,1,0.83,25,thomazella,6,0.0,,,,1.0,,,,,,,,,,4.0,,,,,,
Everson,Everson,72294,CAM,282,0,False,https://s3.glbimg.com/v1/AUTH_58d78b787ec34892b5aaa0c7a146155f/clubes_2026/silhuetas/CAM/FORMATO.png,23,4.58,Everson Felipe Marques Pires,0.0,1,9.67,25,everson,5,0.0,1.0,,,72.0,,,1.0,,,8.0,,,,27.0,,,,,6.0,
Fernando Diniz,F. Diniz,72391,COR,264,0,True,https://s3.glbimg.com/v1/AUTH_58d78b787ec34892b5aaa0c7a146155f/clubes_2026/silhuetas/COR/FORMATO.png,18,5.48,Fernando Diniz Silva,2.84,6,8.69,25,fernando-diniz,7,-0.29,,,,,,,,,,,,,,,,,,,,6.0
Bernard,Bernard,72460,CAM,282,0,False,https://s3.glbimg.com/v1/AUTH_58d78b787ec34892b5aaa0c7a146155f/clubes_2026/silhuetas/CAM/FORMATO.png,20,2.97,Bernard Anício Caldeira Duarte,0.0,4,4.44,25,bernard,6,0.0,3.0,,,,,14.0,13.0,1.0,4.0,15.0,,2.0,,,3.0,,,,,
Alex Telles,A. Telles,72493,BOT,263,0,True,https://s3.glbimg.com/v1/AUTH_58d78b787ec34892b5aaa0c7a146155f/clubes_2026/silhuetas/BOT/FORMATO.png,19,4.0,Alex Nicolao Telles,0.0,2,8.41,25,alex-telles,6,-0.35,3.0,4.0,,,,18.0,22.0,,10.0,7.0,,3.0,,,,1.0,,,2.0,
Vitor Hugo,V. Hugo,72605,CAM,282,0,True,https://s3.glbimg.com/v1/AUTH_58d78b787ec34892b5aaa0c7a146155f/clubes_2026/silhuetas/CAM/FORMATO.png,11,4.12,Vitor Hugo Franchescoli de Souza,0.0,3,6.6,25,vitor-hugo,7,-0.99,,1.0,,,,5.0,5.0,1.0,2.0,3.0,,2.0,,,,,,,4.0,
Mercado,Mercado,72951,INT,285,0,False,https://s3.glbimg.com/v1/AUTH_58d78b787ec34892b5aaa0c7a146155f/clubes_2026/silhuetas/INT/FORMATO.png,15,3.81,Gabriel Iván Mercado,0.0,3,6.31,25,mercado,7,0.0,,6.0,,,,22.0,15.0,1.0,2.0,8.0,,1.0,,,1.0,,,,4.0,
Daniel Borges,D. Borges,73318,MIR,2305,0,False,https://s3.glbimg.com/v1/AUTH_58d78b787ec34892b5aaa0c7a146155f/clubes_2026/silhuetas/MIR/FORMATO.png,5,4.04,Daniel Fortunato Borges,0.0,2,5.75,25,daniel-borges,6,0.0,,,,,,6.0,3.0,1.0,3.0,7.0,,,,,,,,,1.0,
Samuel Xavier,S. Xavier,73384,FLU,266,0,False,https://s3.glbimg.com/v1/AUTH_58d78b787ec34892b5aaa0c7a146155f/clubes_2026/silhuetas/FLU/FORMATO.png,15,3.56,Samuel Xavier Brito,0.0,2,7.3,25,samuel-xavier,5,0.0,,4.0,,,,21.0,18.0,2.0,2.0,25.0,,,,,2.0,,,,3.0,
Marcão,Marcão,73476,FLU,266,0,True,https://s3.glbimg.com/v1/AUTH_58d78b787ec34892b5aaa0c7a146155f/clubes_2026/silhuetas/FLU/FORMATO.png,3,7.26,Marco Aurélio de Oliveira Breves,6.44,6,12.33,25,marcao,7,-0.14,,,,,,,,,,,,,,,,,,,,2.0
Carrillo,Carrillo,77485,COR,264,0,False,https://s3.glbimg.com/v1/AUTH_58d78b787ec34892b5aaa0c7a146155f/clubes_2026/silhuetas/COR/FORMATO.png,19,1.47,André Martín Carrillo Díaz,0.0,4,4.29,25,carrillo,2,0.0,1.0,4.0,,,,19.0,29.0,,5.0,7.0,,,,,2.0,,,,,
Fred,Fred,77510,CAM,282,0,False,https://s3.glbimg.com/v1/AUTH_58d78b787ec34892b5aaa0c7a146155f/clubes_2026/silhuetas/CAM/FORMATO.png,1,-0.1,Frederico Rodrigues de Paula Santos,0.0,4,7.94,25,fred,6,0.0,,1.0,,,,,3.0,,1.0,2.0,,,,,,,,,,
Cédric Soares,C. Soares,77656,SAO,276,0,False,https://s3.glbimg.com/v1/AUTH_58d78b787ec34892b5aaa0c7a146155f/clubes_2026/silhuetas/SAO/FORMATO.png,8,0.94,Cédric Ricardo Alves Soares,0.0,2,3.73,25,cedric-soares,6,0.0,,1.0,,,,5.0,2.0,,2.0,,,,,,,,,,,
João Schmidt,J. Schmidt,77777,SAN,277,0,False,https://s3.glbimg.com/v1/AUTH_58d78b787ec34892b5aaa0c7a146155f/clubes_2026/silhuetas/SAN/FORMATO.png,12,1.9,João Felipe Schmidt Urbano,0.0,4,4.18,25,joao-schmidt,6,0.0,,2.0,,,,17.0,17.0,,3.0,4.0,,,,,,,,,,
Everaldo,Everaldo,78117,BAH,265,0,False,https://s3.glbimg.com/v1/AUTH_58d78b787ec34892b5aaa0c7a146155f/clubes_2026/silhuetas/BAH/FORMATO.png,16,3.6,Everaldo Stum,-3.0,5,5.37,25,everaldo,3,-0.38,,2.0,1.0,,,10.0,13.0,3.0,6.0,16.0,1.0,4.0,,,1.0,,,,,
Gustavo Henrique,G. Henrique,78248,COR,264,0,True,https://s3.glbimg.com/v1/AUTH_58d78b787ec34892b5aaa0c7a146155f/clubes_2026/silhuetas/COR/FORMATO.png,20,3.91,Gustavo Henrique Vernes,2.3,3,8.08,25,gustavo-henrique,7,-0.02,,3.0,,,,17.0,18.0,5.0,11.0,8.0,,1.0,,,,1.0,,,7.0,
Vitinho,Vitinho,78435,COR,264,0,False,https://s3.glbimg.com/v1/AUTH_58d78b787ec34892b5aaa0c7a146155f/clubes_2026/silhuetas/COR/FORMATO.png,7,2.13,Victor Vinícius Coelho dos Santos,0.0,5,5.06,25,vitinho,5,0.0,,,,,,5.0,5.0,2.0,5.0,5.0,,,,,,,,,,
Renê,Renê,78445,FLU,266,0,True,https://s3.glbimg.com/v1/AUTH_58d78b787ec34892b5aaa0c7a146155f/clubes_2026/silhuetas/FLU/FORMATO.png,17,5.77,Renê Rodrigues Martins,1.4,2,9.1,25,rene,7,-0.92,2.0,1.0,,,,42.0,15.0,4.0,4.0,15.0,,,,,,,,,3.0,
Willian Arão,W. Arão,78478,SAN,277,0,True,https://s3.glbimg.com/v1/AUTH_58d78b787ec34892b5aaa0c7a146155f/clubes_2026/silhuetas/SAN/FORMATO.png,17,3.46,Willian Souza Arão da Silva,4.6,4,5.99,25,willian-arao,7,0.07,,2.0,,,,32.0,8.0,1.0,1.0,5.0,1.0,1.0,,,1.0,,,,,
Gabriel,Gabriel,78605,RBB,280,0,False,https://s3.glbimg.com/v1/AUTH_58d78b787ec34892b5aaa0c7a146155f/clubes_2026/silhuetas/RBB/FORMATO.png,17,3.08,Gabriel Girotto Franco,0.0,4,5.15,25,gabriel,6,0.0,,5.0,,,,23.0,15.0,5.0,3.0,8.0,,2.0,,,,1.0,,,,
Reinaldo,Reinaldo,78850,MIR,2305,0,True,https://s3.glbimg.com/v1/AUTH_58d78b787ec34892b5aaa0c7a146155f/clubes_2026/silhuetas/MIR/FORMATO.png,19,3.15,Reinaldo Manoel da Silva,4.4,2,8.25,25,reinaldo,7,0.54,4.0,5.0,,,,10.0,13.0,5.0,11.0,12.0,,1.0,,,,,,,1.0,
Thiago Santos,T. Santos,78855,CFC,294,0,False,https://s3.glbimg.com/v1/AUTH_58d78b787ec34892b5aaa0c7a146155f/clubes_2026/silhuetas/CFC/FORMATO.png,17,3.35,Thiago dos Santos,0.0,3,4.88,25,thiago-santos,7,0.0,,6.0,,,,21.0,19.0,2.0,3.0,15.0,,,,,,,,,5.0,
Alex Muralha,A. Muralha,79066,MIR,2305,0,False,https://s3.glbimg.com/v1/AUTH_58d78b787ec34892b5aaa0c7a146155f/clubes_2026/silhuetas/MIR/FORMATO.png,0,-1.0,Alex Roberto Santana Rafael,0.0,1,2.64,25,alex-muralha,6,0.0,,1.0,,,,,,,,,,,,,,,,,,
Cano,Cano,79631,FLU,266,0,False,https://s3.glbimg.com/v1/AUTH_58d78b787ec34892b5aaa0c7a146155f/clubes_2026/silhuetas/FLU/FORMATO.png,8,2.28,Germán Ezequiel Cano,0.0,5,4.31,25,cano,6,0.0,,,,,,,1.0,3.0,5.0,,1.0,1.0,,,,,,,,
Lucas Silva,L. Silva,79701,CRU,283,0,True,https://s3.glbimg.com/v1/AUTH_58d78b787ec34892b5aaa0c7a146155f/clubes_2026/silhuetas/CRU/FORMATO.png,16,0.38,Lucas Silva Borges,0.0,4,3.28,25,lucas-silva,6,-0.58,,5.0,,,,7.0,8.0,,2.0,3.0,,,,,,,,,,
Saúl,Saúl,80061,FLA,262,0,False,https://s3.glbimg.com/v1/AUTH_58d78b787ec34892b5aaa0c7a146155f/clubes_2026/silhuetas/FLA/FORMATO.png,6,2.43,Saúl Ñíguez Esclapez,0.0,4,6.28,25,saul,6,0.0,1.0,,,,,7.0,3.0,,,,,,,,,,,,,
Jadson,Jadson,80129,CAP,293,0,True,https://s3.glbimg.com/v1/AUTH_58d78b787ec34892b5aaa0c7a146155f/clubes_2026/silhuetas/CAP/FORMATO.png,18,3.84,Jadson Alves dos Santos,3.5,4,5.54,25,jadson,7,-0.78,1.0,5.0,,,,42.0,21.0,2.0,1.0,18.0,,,,,,,,,,
Yago Pikachu,Y. Pikachu,80196,REM,364,0,True,https://s3.glbimg.com/v1/AUTH_58d78b787ec34892b5aaa0c7a146155f/clubes_2026/silhuetas/REM/FORMATO.png,24,2.43,Glaybson Yago Souza Lisboa,8.0,4,5.71,25,yago-pikachu,7,0.6,1.0,2.0,1.0,,,13.0,10.0,6.0,6.0,18.0,,3.0,,,1.0,,1.0,1.0,,
Luciano,Luciano,80287,SAO,276,0,True,https://s3.glbimg.com/v1/AUTH_58d78b787ec34892b5aaa0c7a146155f/clubes_2026/silhuetas/SAO/FORMATO.png,20,5.25,Luciano da Rocha Neves,9.9,5,13.39,25,luciano,7,0.34,1.0,4.0,,,,12.0,23.0,7.0,15.0,33.0,1.0,7.0,,,8.0,,1.0,2.0,,
Gilberto,Gilberto,80313,CAP,293,0,False,https://s3.glbimg.com/v1/AUTH_58d78b787ec34892b5aaa0c7a146155f/clubes_2026/silhuetas/CAP/FORMATO.png,12,4.84,Gilberto Moraes Júnior,0.0,2,7.82,25,gilberto,6,0.0,1.0,,,,,20.0,5.0,3.0,2.0,3.0,1.0,,,,1.0,,,,3.0,
Wendell,Wendell,80570,SAO,276,0,False,https://s3.glbimg.com/v1/AUTH_58d78b787ec34892b5aaa0c7a146155f/clubes_2026/silhuetas/SAO/FORMATO.png,16,4.04,Wendell Nascimento Borges,0.0,2,7.96,25,wendell,6,0.0,3.0,4.0,,,,25.0,32.0,1.0,4.0,13.0,,,,,2.0,,,,3.0,
André Luis,A. Luis,81005,MIR,2305,0,True,https://s3.glbimg.com/v1/AUTH_58d78b787ec34892b5aaa0c7a146155f/clubes_2026/silhuetas/MIR/FORMATO.png,12,0.93,André Luis Silva de Aguiar,0.0,5,2.91,25,andre-luis,6,-0.14,,2.0,,,,,6.0,,2.0,11.0,,1.0,,,1.0,,,,,
Jair,Jair,81091,VAS,267,0,False,https://s3.glbimg.com/v1/AUTH_58d78b787ec34892b5aaa0c7a146155f/clubes_2026/silhuetas/VAS/FORMATO.png,3,3.13,Jair Rodrigues Júnior,0.0,4,6.37,25,jair,5,0.0,,,,,,6.0,2.0,,,2.0,,,,,,,,,,
Lingard,Lingard,81720,COR,264,0,False,https://s3.glbimg.com/v1/AUTH_58d78b787ec34892b5aaa0c7a146155f/clubes_2026/silhuetas/COR/FORMATO.png,14,1.71,Jesse Ellis Lingard,0.0,5,3.89,25,lingard,6,0.0,1.0,2.0,,,,10.0,15.0,3.0,5.0,6.0,,,,,1.0,,,,,
Alisson,Alisson,81845,FLU,266,0,False,https://s3.glbimg.com/v1/AUTH_58d78b787ec34892b5aaa0c7a146155f/clubes_2026/silhuetas/FLU/FORMATO.png,8,0.96,Alisson Euler de Freitas Castro,0.0,4,3.52,25,alisson,5,0.0,1.0,3.0,,,,3.0,5.0,1.0,,5.0,,,,,,1.0,,,,
Chico Kim,C. Kim,82407,MIR,2305,0,False,https://s3.glbimg.com/v1/AUTH_58d78b787ec34892b5aaa0c7a146155f/clubes_2026/silhuetas/MIR/FORMATO.png,4,0.43,Francisco Hyun-Sol Kim,0.0,4,2.91,25,chico-kim,6,0.0,,,,,,1.0,1.0,,,1.0,,,,,,,,,,
Otávio,Otávio,82463,FLU,266,0,False,https://s3.glbimg.com/v1/AUTH_58d78b787ec34892b5aaa0c7a146155f/clubes_2026/silhuetas/FLU/FORMATO.png,6,0.58,Otávio Henrique Passos Santos,0.0,4,2.87,25,otavio,6,0.0,,1.0,,,,2.0,5.0,1.0,1.0,2.0,,,,,,,,,,
Luiz Araújo,L. Araújo,82627,FLA,262,0,True,https://s3.glbimg.com/v1/AUTH_58d78b787ec34892b5aaa0c7a146155f/clubes_2026/silhuetas/FLA/FORMATO.png,14,3.09,Luiz de Araújo Guimarães Neto,0.0,5,6.92,25,luiz-araujo,6,-0.2,1.0,2.0,,,,12.0,8.0,2.0,3.0,8.0,,2.0,,,1.0,,,,,
Tinga,Tinga,82628,CFC,294,0,False,https://s3.glbimg.com/v1/AUTH_58d78b787ec34892b5aaa0c7a146155f/clubes_2026/silhuetas/CFC/FORMATO.png,16,3.59,Guilherme de Jesus da Silva,0.0,2,5.53,25,tinga,5,0.0,2.0,,,,,20.0,3.0,1.0,2.0,11.0,,,,,,,,,2.0,
Marcelo Rangel,M. Rangel,82730,REM,364,0,True,https://s3.glbimg.com/v1/AUTH_58d78b787ec34892b5aaa0c7a146155f/clubes_2026/silhuetas/REM/FORMATO.png,24,3.83,Marcelo Rangel da Rosa,0.9,1,5.4,25,marcelo-rangel,7,-0.84,,2.0,,90.0,1.0,,,,,4.0,,,,42.0,,,,,2.0,
Lucas Ramon,L. Ramon,82775,SAO,276,0,True,https://s3.glbimg.com/v1/AUTH_58d78b787ec34892b5aaa0c7a146155f/clubes_2026/silhuetas/SAO/FORMATO.png,18,4.57,Lucas Ramon Batista Silva,0.0,2,9.07,25,lucas-ramon,7,-0.43,1.0,2.0,1.0,,,32.0,15.0,3.0,6.0,25.0,1.0,,,,1.0,,,,3.0,
Rafael Thyere,R. Thyere,83048,CHA,315,0,False,https://s3.glbimg.com/v1/AUTH_58d78b787ec34892b5aaa0c7a146155f/clubes_2026/silhuetas/CHA/FORMATO.png,3,-0.1,Rafael Thyere de Albuquerque Marques,0.0,3,2.75,25,rafael-thyere,6,0.0,,,,,,2.0,1.0,,,,,,1.0,,,,,,,
Ygor Vinhas,Y. Vinhas,83074,REM,364,0,False,https://s3.glbimg.com/v1/AUTH_58d78b787ec34892b5aaa0c7a146155f/clubes_2026/silhuetas/REM/FORMATO.png,0,0.0,Ygor Vinhas Oliveira Lima,0.0,1,3.0,25,ygor-vinhas,6,0.0,,,,,,,,,,,,,,,,,,,,
Gabriel,Gabriel,83257,SAN,277,0,True,https://s3.glbimg.com/v1/AUTH_58d78b787ec34892b5aaa0c7a146155f/clubes_2026/silhuetas/SAN/FORMATO.png,16,4.53,Gabriel Barbosa Almeida,0.9,5,8.1,25,gabriel,7,-0.16,2.0,4.0,1.0,,,4.0,6.0,2.0,16.0,6.0,,6.0,,,11.0,,,,,
Patrick,Patrick,83433,REM,364,0,False,https://s3.glbimg.com/v1/AUTH_58d78b787ec34892b5aaa0c7a146155f/clubes_2026/silhuetas/REM/FORMATO.png,21,3.78,Patrick Bezerra do Nascimento,0.0,4,5.03,25,patrick,6,0.0,,,,,,38.0,12.0,2.0,6.0,22.0,3.0,,,,1.0,1.0,,,,
Léo Pereira,L. Pereira,83528,FLA,262,0,True,https://s3.glbimg.com/v1/AUTH_58d78b787ec34892b5aaa0c7a146155f/clubes_2026/silhuetas/FLA/FORMATO.png,19,4.83,Leonardo Pereira,9.6,3,10.0,25,leo-pereira,7,1.04,1.0,5.0,,,,13.0,14.0,3.0,9.0,9.0,,2.0,,,,,,,9.0,
Tiquinho Soares,T. Soares,84042,BOT,263,0,False,https://s3.glbimg.com/v1/AUTH_58d78b787ec34892b5aaa0c7a146155f/clubes_2026/silhuetas/BOT/FORMATO.png,7,1.74,Francisco das Chagas Soares dos Santos Meireles,0.0,5,5.28,25,tiquinho-soares,6,0.0,,1.0,,,,3.0,6.0,3.0,5.0,6.0,,,,,1.0,,,,,
Georgemy,Georgemy,84268,MIR,2305,0,False,https://s3.glbimg.com/v1/AUTH_58d78b787ec34892b5aaa0c7a146155f/clubes_2026/silhuetas/MIR/FORMATO.png,0,0.0,Georgemy Gonçalves,0.0,1,3.0,25,georgemy,6,0.0,,,,,,,,,,,,,,,,,,,,
Bruno Melo,B. Melo,84339,CFC,294,0,True,https://s3.glbimg.com/v1/AUTH_58d78b787ec34892b5aaa0c7a146155f/clubes_2026/silhuetas/CFC/FORMATO.png,23,3.19,Bruno Ferreira Melo,0.0,2,5.12,25,bruno-melo,7,-0.37,1.0,2.0,1.0,,,18.0,10.0,,7.0,12.0,,1.0,,,3.0,,,,6.0,
Fernando Sobral,F. Sobral,84428,CFC,294,0,True,https://s3.glbimg.com/v1/AUTH_58d78b787ec34892b5aaa0c7a146155f/clubes_2026/silhuetas/CFC/FORMATO.png,6,0.62,Fernando Pereira do Nascimento,-0.3,4,3.06,25,fernando-sobral,6,-0.28,,,,,,2.0,1.0,,,2.0,,,,,,,,,,
Lucas Romero,L. Romero,84558,CRU,283,0,False,https://s3.glbimg.com/v1/AUTH_58d78b787ec34892b5aaa0c7a146155f/clubes_2026/silhuetas/CRU/FORMATO.png,17,4.49,Lucas Daniel Romero,0.0,4,8.49,25,lucas-romero,7,0.0,3.0,3.0,,,,30.0,22.0,5.0,3.0,21.0,,1.0,,,,1.0,,,,
Josué,Josué,84626,CFC,294,0,False,https://s3.glbimg.com/v1/AUTH_58d78b787ec34892b5aaa0c7a146155f/clubes_2026/silhuetas/CFC/FORMATO.png,22,4.17,Josué Filipe Soares Pesqueira,0.0,4,5.98,25,josue,7,0.0,9.0,2.0,1.0,,,10.0,21.0,7.0,9.0,33.0,1.0,1.0,,,,,,,,
Lucas Evangelista,L. Evangelista,84674,PAL,275,0,True,https://s3.glbimg.com/v1/AUTH_58d78b787ec34892b5aaa0c7a146155f/clubes_2026/silhuetas/PAL/FORMATO.png,20,1.09,Lucas Evangelista Santana de Oliveira,1.0,4,3.93,25,lucas-evangelista,6,-0.01,1.0,,,,,6.0,5.0,,3.0,14.0,,,,,,,,,,
Jorginho,Jorginho,84735,FLA,262,0,True,https://s3.glbimg.com/v1/AUTH_58d78b787ec34892b5aaa0c7a146155f/clubes_2026/silhuetas/FLA/FORMATO.png,18,4.11,Jorge Luiz Frello Filho,7.4,4,9.37,25,jorginho,6,0.54,2.0,3.0,1.0,,,30.0,17.0,,2.0,25.0,,2.0,,,,,,,,
Varela,Varela,84816,FLA,262,0,False,https://s3.glbimg.com/v1/AUTH_58d78b787ec34892b5aaa0c7a146155f/clubes_2026/silhuetas/FLA/FORMATO.png,18,4.4,Guillermo Varela Olivera,0.0,2,7.55,25,varela,7,0.0,2.0,3.0,,,,20.0,8.0,,3.0,13.0,,,,,1.0,,,1.0,7.0,
Luan Peres,L. Peres,84847,SAN,277,0,True,https://s3.glbimg.com/v1/AUTH_58d78b787ec34892b5aaa0c7a146155f/clubes_2026/silhuetas/SAN/FORMATO.png,17,3.28,Luan Peres Petroni,6.2,3,5.48,25,luan-peres,7,-0.15,,2.0,1.0,,,16.0,18.0,,2.0,15.0,,1.0,,,,,,,5.0,
Sanabria,Sanabria,85035,INT,285,0,True,https://s3.glbimg.com/v1/AUTH_58d78b787ec34892b5aaa0c7a146155f/clubes_2026/silhuetas/INT/FORMATO.png,1,-0.3,Arnaldo Antonio Sanabria Ayala,-0.3,5,5.19,25,sanabria,6,-0.81,,,,,,,1.0,,,,,,,,,,,,,
Memphis Depay,M. Depay,85048,COR,264,0,True,https://s3.glbimg.com/v1/AUTH_58d78b787ec34892b5aaa0c7a146155f/clubes_2026/silhuetas/COR/FORMATO.png,9,2.1,Memphis Depay,1.8,5,8.9,25,memphis-depay,7,-0.44,,,,,,2.0,4.0,2.0,3.0,9.0,,1.0,,,2.0,,,,,
Danielzinho,Danielzinho,85403,SAO,276,0,True,https://s3.glbimg.com/v1/AUTH_58d78b787ec34892b5aaa0c7a146155f/clubes_2026/silhuetas/SAO/FORMATO.png,21,2.5,Daniel de Oliveira Sertanejo,1.1,4,6.03,25,danielzinho,7,-0.01,1.0,2.0,,,,17.0,18.0,1.0,4.0,32.0,,1.0,,,,,,1.0,,
João Paulo,J. Paulo,85425,SAN,277,0,False,https://s3.glbimg.com/v1/AUTH_58d78b787ec34892b5aaa0c7a146155f/clubes_2026/silhuetas/SAN/FORMATO.png,2,-0.35,João Paulo Silva Martins,0.0,1,6.94,25,joao-paulo,6,0.0,,2.0,,6.0,,,,,,1.0,,,,7.0,,,,,,
Alex Santana,A. Santana,85465,COR,264,0,False,https://s3.glbimg.com/v1/AUTH_58d78b787ec34892b5aaa0c7a146155f/clubes_2026/silhuetas/COR/FORMATO.png,1,0.8,Alex Paulo Menezes Santana,0.0,4,4.02,25,alex-santana,6,0.0,,,,,,,,,1.0,,,,,,,,,,,
Léo,Léo,85626,CAP,293,0,False,https://s3.glbimg.com/v1/AUTH_58d78b787ec34892b5aaa0c7a146155f/clubes_2026/silhuetas/CAP/FORMATO.png,2,4.9,Leonardo Pinheiro da Conceição,0.0,3,6.77,25,leo,6,0.0,,,,,,4.0,4.0,,,,,,,,,,,,1.0,
Bolasie,Bolasie,86292,CHA,315,0,False,https://s3.glbimg.com/v1/AUTH_58d78b787ec34892b5aaa0c7a146155f/clubes_2026/silhuetas/CHA/FORMATO.png,16,2.21,Yannick Bolasie,0.0,5,4.49,25,bolasie,6,0.0,1.0,3.0,,,,4.0,18.0,7.0,12.0,14.0,1.0,1.0,,,3.0,,1.0,1.0,,
Victor Luis,V. Luis,86410,MIR,2305,0,False,https://s3.glbimg.com/v1/AUTH_58d78b787ec34892b5aaa0c7a146155f/clubes_2026/silhuetas/MIR/FORMATO.png,7,1.2,Victor Luis Chuab Zamblauskas,0.0,2,3.65,25,victor-luis,6,0.0,,2.0,,,,4.0,7.0,,2.0,2.0,,,,,1.0,1.0,,,1.0,
Keno,Keno,86485,CFC,294,0,False,https://s3.glbimg.com/v1/AUTH_58d78b787ec34892b5aaa0c7a146155f/clubes_2026/silhuetas/CFC/FORMATO.png,7,0.61,Marcos da Silva França,0.0,5,3.09,25,keno,6,0.0,,,,,,,2.0,1.0,1.0,6.0,,,,,1.0,,,,,
Tchê Tchê,T. Tchê,86686,VAS,267,0,True,https://s3.glbimg.com/v1/AUTH_58d78b787ec34892b5aaa0c7a146155f/clubes_2026/silhuetas/VAS/FORMATO.png,17,2.88,Danilo das Neves Pinheiro,14.2,4,6.06,25,tche-tche,7,1.79,,2.0,,,,17.0,14.0,2.0,6.0,13.0,,2.0,,,1.0,,,,,
Richard,Richard,86711,INT,285,0,False,https://s3.glbimg.com/v1/AUTH_58d78b787ec34892b5aaa0c7a146155f/clubes_2026/silhuetas/INT/FORMATO.png,0,0.0,Richard Cândido Coelho,0.0,4,4.0,25,richard,6,0.0,,,,,,,,,,,,,,,,,,,,
Everton,Everton,86757,FLA,262,0,True,https://s3.glbimg.com/v1/AUTH_58d78b787ec34892b5aaa0c7a146155f/clubes_2026/silhuetas/FLA/FORMATO.png,10,1.78,Everton Sousa Soares,5.0,5,5.96,25,everton,6,0.29,1.0,1.0,,,,4.0,6.0,1.0,8.0,4.0,,,,,,,,,,
Danilo Barbosa,D. Barbosa,86777,GRE,284,0,True,https://s3.glbimg.com/v1/AUTH_58d78b787ec34892b5aaa0c7a146155f/clubes_2026/silhuetas/GRE/FORMATO.png,2,0.1,Danilo Barbosa da Silva,0.2,4,4.71,25,danilo-barbosa,6,-0.61,,,,,,,1.0,,,1.0,,,,,,,,,,
José Welison,J. Welison,86859,REM,364,0,True,https://s3.glbimg.com/v1/AUTH_58d78b787ec34892b5aaa0c7a146155f/clubes_2026/silhuetas/REM/FORMATO.png,21,2.51,José Welison da Silva - Zé,-0.4,4,3.26,25,jose-welison,7,-0.46,,5.0,,,,35.0,32.0,1.0,12.0,14.0,,,1.0,,,,,,,
Marlon,Marlon,86864,REM,364,0,True,https://s3.glbimg.com/v1/AUTH_58d78b787ec34892b5aaa0c7a146155f/clubes_2026/silhuetas/REM/FORMATO.png,3,3.93,Marlon Matheus Lopes do Nascimento,6.2,2,6.08,25,marlon,7,0.58,,1.0,,,,8.0,3.0,1.0,,1.0,,,,,,,,,,
Léo Jardim,L. Jardim,87008,VAS,267,0,True,https://s3.glbimg.com/v1/AUTH_58d78b787ec34892b5aaa0c7a146155f/clubes_2026/silhuetas/VAS/FORMATO.png,23,2.61,Leonardo César Jardim,5.5,1,6.31,25,leo-jardim,7,1.2,,1.0,,67.0,,1.0,1.0,,,2.0,,,,38.0,,,,,2.0,
Pedro Henrique,P. Henrique,87225,RBB,280,0,True,https://s3.glbimg.com/v1/AUTH_58d78b787ec34892b5aaa0c7a146155f/clubes_2026/silhuetas/RBB/FORMATO.png,16,3.71,Pedro Henrique Ribeiro Gonçalves,-0.5,3,6.17,25,pedro-henrique,7,-0.85,,3.0,,,,12.0,7.0,1.0,3.0,12.0,,1.0,,,1.0,1.0,,,6.0,
Guilherme Arana,G. Arana,87228,FLU,266,0,False,https://s3.glbimg.com/v1/AUTH_58d78b787ec34892b5aaa0c7a146155f/clubes_2026/silhuetas/FLU/FORMATO.png,14,3.25,Guilherme Antonio Arana Lopes,0.0,2,7.42,25,guilherme-arana,6,0.0,,2.0,,,,13.0,9.0,4.0,7.0,5.0,,1.0,,,1.0,,,,2.0,
Soteldo,Soteldo,87258,FLU,266,0,True,https://s3.glbimg.com/v1/AUTH_58d78b787ec34892b5aaa0c7a146155f/clubes_2026/silhuetas/FLU/FORMATO.png,18,1.96,Yeferson Julio Soteldo Martínez,0.0,5,3.81,25,soteldo,7,-1.0,1.0,,,,,8.0,3.0,5.0,8.0,14.0,,,,,1.0,,,,,
Kannemann,Kannemann,87342,GRE,284,0,False,https://s3.glbimg.com/v1/AUTH_58d78b787ec34892b5aaa0c7a146155f/clubes_2026/silhuetas/GRE/FORMATO.png,3,-0.53,Walter Kannemann,-1.0,3,3.94,25,kannemann,7,0.57,,3.0,,,,2.0,2.0,,,,,,,,,1.0,,,,
Thaciano,Thaciano,87470,SAN,277,0,False,https://s3.glbimg.com/v1/AUTH_58d78b787ec34892b5aaa0c7a146155f/clubes_2026/silhuetas/SAN/FORMATO.png,14,2.36,Thaciano Mickael da Silva,0.0,4,5.71,25,thaciano,6,0.0,,1.0,,,,7.0,3.0,1.0,5.0,7.0,,2.0,,,3.0,,,,,
Vitor Bueno,V. Bueno,87552,REM,364,0,True,https://s3.glbimg.com/v1/AUTH_58d78b787ec34892b5aaa0c7a146155f/clubes_2026/silhuetas/REM/FORMATO.png,18,3.61,Vitor Frezarin Bueno,2.7,4,6.92,25,vitor-bueno,7,0.21,3.0,1.0,,,,5.0,11.0,8.0,5.0,12.0,1.0,3.0,,,,,,,,
Neto Moura,N. Moura,87742,MIR,2305,0,True,https://s3.glbimg.com/v1/AUTH_58d78b787ec34892b5aaa0c7a146155f/clubes_2026/silhuetas/MIR/FORMATO.png,14,1.76,Antônio Francisco Moura Neto,4.7,4,3.88,25,neto-moura,7,0.37,,6.0,,,,16.0,13.0,2.0,7.0,5.0,,,,,,,,,,
Yago Felipe,Y. Felipe,87747,CHA,315,0,True,https://s3.glbimg.com/v1/AUTH_58d78b787ec34892b5aaa0c7a146155f/clubes_2026/silhuetas/CHA/FORMATO.png,3,8.13,Yago Felipe da Costa Rocha,7.1,4,9.55,25,yago-felipe,7,0.44,1.0,1.0,,,,12.0,10.0,3.0,1.0,2.0,,,,,,,,,,
Arrascaeta,Arrascaeta,87863,FLA,262,0,True,https://s3.glbimg.com/v1/AUTH_58d78b787ec34892b5aaa0c7a146155f/clubes_2026/silhuetas/FLA/FORMATO.png,16,5.34,Giorgian Daniel de Arrascaeta Benedetti,5.1,4,13.86,25,arrascaeta,7,-0.49,3.0,1.0,,,,9.0,5.0,7.0,12.0,15.0,3.0,3.0,,,,,,1.0,,
Balbuena,Balbuena,87887,GRE,284,0,False,https://s3.glbimg.com/v1/AUTH_58d78b787ec34892b5aaa0c7a146155f/clubes_2026/silhuetas/GRE/FORMATO.png,7,3.94,Fabián Cornelio Balbuena González,0.0,3,6.98,25,balbuena,6,0.0,,,,,,11.0,2.0,,1.0,2.0,,,,,1.0,,,,2.0,
Gustavo Scarpa,G. Scarpa,87999,CAM,282,0,True,https://s3.glbimg.com/v1/AUTH_58d78b787ec34892b5aaa0c7a146155f/clubes_2026/silhuetas/CAM/FORMATO.png,11,3.02,Gustavo Henrique Furtado Scarpa,2.3,4,6.51,25,gustavo-scarpa,6,-0.55,1.0,,,,,4.0,3.0,3.0,7.0,6.0,1.0,1.0,,,1.0,,,,,
Luís Castro,L. Castro,88037,GRE,284,0,True,https://s3.glbimg.com/v1/AUTH_58d78b787ec34892b5aaa0c7a146155f/clubes_2026/silhuetas/GRE/FORMATO.png,23,4.61,Luís Manuel Ribeiro de Castro,6.85,6,9.29,25,luis-castro,7,0.63,,,,,,,,,,,,,,,,,,,,7.0
Ivan,Ivan,88136,REM,364,0,False,https://s3.glbimg.com/v1/AUTH_58d78b787ec34892b5aaa0c7a146155f/clubes_2026/silhuetas/REM/FORMATO.png,1,10.2,Ivan Quaresma da Silva,0.0,1,7.58,25,ivan,6,0.0,,,,4.0,,,,,,,,,,,,,,,1.0,
Neto Pessoa,N. Pessoa,88293,CHA,315,0,False,https://s3.glbimg.com/v1/AUTH_58d78b787ec34892b5aaa0c7a146155f/clubes_2026/silhuetas/CHA/FORMATO.png,9,3.49,Altemir Cordeiro Pessôa Neto,0.0,5,4.74,25,neto-pessoa,6,0.0,1.0,1.0,,,,3.0,5.0,2.0,5.0,2.0,,2.0,,,,,,1.0,,
Ayrton Lucas,A. Lucas,88393,FLA,262,0,True,https://s3.glbimg.com/v1/AUTH_58d78b787ec34892b5aaa0c7a146155f/clubes_2026/silhuetas/FLA/FORMATO.png,14,5.33,Ayrton Lucas Dantas de Medeiros,7.7,2,9.24,25,ayrton-lucas,7,0.45,2.0,,,,,12.0,12.0,4.0,5.0,3.0,,,,,,,,,8.0,
Walace,Walace,88479,VIT,287,0,True,https://s3.glbimg.com/v1/AUTH_58d78b787ec34892b5aaa0c7a146155f/clubes_2026/silhuetas/VIT/FORMATO.png,6,1.23,Walace Souza Silva,1.2,4,2.99,25,walace,6,-0.39,,,,,,3.0,4.0,1.0,3.0,1.0,,,,,,,,,,
Leonardo Jardim,L. Jardim,88963,FLA,262,0,True,https://s3.glbimg.com/v1/AUTH_58d78b787ec34892b5aaa0c7a146155f/clubes_2026/silhuetas/FLA/FORMATO.png,21,7.35,José Leonardo Nunes Alves Sousa Jardim,10.43,6,13.56,25,leonardo-jardim,7,0.73,,,,,,,,,,,,,,,,,,,,13.0
Gerson,Gerson,89256,CRU,283,0,False,https://s3.glbimg.com/v1/AUTH_58d78b787ec34892b5aaa0c7a146155f/clubes_2026/silhuetas/CRU/FORMATO.png,21,4.11,Gerson Santos da Silva,0.0,4,8.08,25,gerson,7,0.0,2.0,4.0,,,,35.0,22.0,7.0,6.0,43.0,,,,,3.0,,,,,
João Pedro,J. Pedro,89273,GRE,284,0,True,https://s3.glbimg.com/v1/AUTH_58d78b787ec34892b5aaa0c7a146155f/clubes_2026/silhuetas/GRE/FORMATO.png,6,0.6,João Pedro Maturano dos Santos,0.0,2,2.73,25,joao-pedro,6,-0.38,,,,,,3.0,6.0,,,2.0,,,,,1.0,,,,,
Andreas Pereira,A. Pereira,89274,PAL,275,0,True,https://s3.glbimg.com/v1/AUTH_58d78b787ec34892b5aaa0c7a146155f/clubes_2026/silhuetas/PAL/FORMATO.png,24,4.74,Andreas Hugo Hoelgebaum Pereira,3.4,4,11.7,25,andreas-pereira,7,-0.49,10.0,3.0,,,,24.0,22.0,5.0,17.0,20.0,,1.0,,,1.0,,,,,
William,William,89275,CRU,283,0,True,https://s3.glbimg.com/v1/AUTH_58d78b787ec34892b5aaa0c7a146155f/clubes_2026/silhuetas/CRU/FORMATO.png,12,4.07,Willian de Asevedo Furtado,8.6,2,8.95,25,william,6,-0.22,,1.0,1.0,,,22.0,13.0,4.0,2.0,5.0,,,,,1.0,,,,3.0,
Braithwaite,Braithwaite,89368,GRE,284,0,True,https://s3.glbimg.com/v1/AUTH_58d78b787ec34892b5aaa0c7a146155f/clubes_2026/silhuetas/GRE/FORMATO.png,15,0.43,Martin Christensen Braithwaite,1.0,5,5.33,25,braithwaite,6,-0.18,,,,,,2.0,8.0,1.0,2.0,7.0,,,,,4.0,,,,,
Igor Rabello,I. Rabello,89493,FLU,266,0,False,https://s3.glbimg.com/v1/AUTH_58d78b787ec34892b5aaa0c7a146155f/clubes_2026/silhuetas/FLU/FORMATO.png,2,6.65,Igor Rabello da Costa,0.0,3,8.06,25,igor-rabello,5,0.0,,,,,,5.0,,,1.0,,,,,,,,,,1.0,
Thiago Maia,T. Maia,89637,INT,285,0,True,https://s3.glbimg.com/v1/AUTH_58d78b787ec34892b5aaa0c7a146155f/clubes_2026/silhuetas/INT/FORMATO.png,11,1.56,Thiago Maia Alencar,8.0,4,4.56,25,thiago-maia,6,0.96,1.0,,,,,7.0,1.0,1.0,,2.0,,,,,1.0,,,,,
Lucho Acosta,L. Acosta,89837,FLU,266,0,True,https://s3.glbimg.com/v1/AUTH_58d78b787ec34892b5aaa0c7a146155f/clubes_2026/silhuetas/FLU/FORMATO.png,19,4.65,Luciano Federico Acosta,3.0,4,10.0,25,lucho-acosta,6,0.34,4.0,5.0,,,,21.0,17.0,5.0,11.0,16.0,,3.0,,,,,,,,
Calleri,Calleri,89840,SAO,276,0,False,https://s3.glbimg.com/v1/AUTH_58d78b787ec34892b5aaa0c7a146155f/clubes_2026/silhuetas/SAO/FORMATO.png,21,5.14,Jonathan Calleri,-1.0,5,10.72,25,calleri,2,-0.05,1.0,5.0,,,,14.0,35.0,7.0,19.0,39.0,,7.0,,,7.0,1.0,,,,
Dodi,Dodi,89883,GRE,284,0,False,https://s3.glbimg.com/v1/AUTH_58d78b787ec34892b5aaa0c7a146155f/clubes_2026/silhuetas/GRE/FORMATO.png,8,-0.01,Douglas Moreira Fagundes,0.0,4,2.3,25,dodi,5,0.0,,2.0,,,,2.0,8.0,,1.0,1.0,,,,,,,,,,
Mendoza,Mendoza,90031,CAP,293,0,True,https://s3.glbimg.com/v1/AUTH_58d78b787ec34892b5aaa0c7a146155f/clubes_2026/silhuetas/CAP/FORMATO.png,23,4.34,John Stiven Mendoza Valencia,8.0,5,8.4,25,mendoza,7,0.86,1.0,,,,,18.0,11.0,5.0,12.0,13.0,3.0,5.0,,,3.0,,,,,
Bruno Pacheco,B. Pacheco,90061,CHA,315,0,True,https://s3.glbimg.com/v1/AUTH_58d78b787ec34892b5aaa0c7a146155f/clubes_2026/silhuetas/CHA/FORMATO.png,15,4.37,Bruno de Jesus Pacheco,4.5,2,6.7,25,bruno-pacheco,3,-1.19,3.0,3.0,,,,24.0,9.0,,1.0,13.0,,1.0,,,1.0,,,,1.0,
Bruno Henrique,B. Henrique,90285,FLA,262,0,False,https://s3.glbimg.com/v1/AUTH_58d78b787ec34892b5aaa0c7a146155f/clubes_2026/silhuetas/FLA/FORMATO.png,16,2.58,Bruno Henrique Pinto,0.0,5,5.03,25,bruno-henrique,6,0.0,3.0,3.0,,,,8.0,13.0,3.0,6.0,10.0,,1.0,,,3.0,,,,,
Pedro Rocha,P. Rocha,90302,CFC,294,0,True,https://s3.glbimg.com/v1/AUTH_58d78b787ec34892b5aaa0c7a146155f/clubes_2026/silhuetas/CFC/FORMATO.png,24,4.42,Pedro Rocha Neves,15.8,5,8.77,25,pedro-rocha,7,0.98,1.0,1.0,1.0,,,9.0,23.0,10.0,21.0,24.0,1.0,7.0,,,11.0,,,,,
David,David,90309,VAS,267,0,True,https://s3.glbimg.com/v1/AUTH_58d78b787ec34892b5aaa0c7a146155f/clubes_2026/silhuetas/VAS/FORMATO.png,20,2.17,David Corrêa da Fonseca,7.4,5,4.93,25,david,6,1.04,1.0,,,,,4.0,14.0,4.0,6.0,8.0,,3.0,,,12.0,,,,,
Matheus Pereira,M. Pereira,90370,COR,264,0,True,https://s3.glbimg.com/v1/AUTH_58d78b787ec34892b5aaa0c7a146155f/clubes_2026/silhuetas/COR/FORMATO.png,16,0.97,Matheus Pereira da Silva,0.0,4,3.05,25,matheus-pereira,6,-0.14,,2.0,,,,9.0,13.0,2.0,5.0,3.0,,,,,,,,,,
Arthur Melo,A. Melo,90532,SAN,277,0,False,https://s3.glbimg.com/v1/AUTH_58d78b787ec34892b5aaa0c7a146155f/clubes_2026/silhuetas/SAN/FORMATO.png,10,3.27,Arthur Henrique Ramos de Oliveira Melo,0.0,4,8.3,25,arthur-melo,6,0.0,,1.0,,,,13.0,7.0,,1.0,31.0,,,,,,,,,,
Caíque,Caíque,90588,VIT,287,0,True,https://s3.glbimg.com/v1/AUTH_58d78b787ec34892b5aaa0c7a146155f/clubes_2026/silhuetas/VIT/FORMATO.png,18,2.58,Caique de Jesus Gonçalves,3.9,4,4.88,25,caique,7,0.24,,3.0,,,,29.0,19.0,1.0,1.0,21.0,,,,,,1.0,,,,
Chico da Costa,C. Costa,90608,CRU,283,0,False,https://s3.glbimg.com/v1/AUTH_58d78b787ec34892b5aaa0c7a146155f/clubes_2026/silhuetas/CRU/FORMATO.png,7,1.24,Francisco da Costa Aragão,0.0,5,3.81,25,chico-da-costa,6,0.0,1.0,,,,,1.0,5.0,2.0,1.0,1.0,,,,,,,,,,
Matheuzinho,Matheuzinho,90703,VIT,287,0,True,https://s3.glbimg.com/v1/AUTH_58d78b787ec34892b5aaa0c7a146155f/clubes_2026/silhuetas/VIT/FORMATO.png,21,3.36,Matheus Martins Fogaça de Paulo,-0.3,4,5.39,25,matheuzinho,7,-0.27,1.0,3.0,,,,12.0,11.0,12.0,11.0,28.0,,2.0,,,2.0,,,1.0,,
Fabrício Bruno,F. Bruno,90768,CRU,283,0,False,https://s3.glbimg.com/v1/AUTH_58d78b787ec34892b5aaa0c7a146155f/clubes_2026/silhuetas/CRU/FORMATO.png,21,2.19,Fabrício Bruno Soares de Faria,0.0,3,5.87,25,fabricio-bruno,7,0.0,,6.0,,,,17.0,10.0,4.0,4.0,5.0,,,,,,1.0,,,4.0,
Carlos Eduardo,C. Eduardo,90917,MIR,2305,0,True,https://s3.glbimg.com/v1/AUTH_58d78b787ec34892b5aaa0c7a146155f/clubes_2026/silhuetas/MIR/FORMATO.png,14,2.82,Carlos Eduardo Ferreira de Souza,1.5,5,4.72,25,carlos-eduardo,6,-0.03,1.0,1.0,,,,9.0,9.0,2.0,7.0,16.0,,1.0,,,5.0,,,1.0,,
Ronaldo,Ronaldo,91101,BAH,265,0,True,https://s3.glbimg.com/v1/AUTH_58d78b787ec34892b5aaa0c7a146155f/clubes_2026/silhuetas/BAH/FORMATO.png,15,4.9,Ronaldo de Oliveira Strada,-0.7,1,7.12,25,ronaldo,7,-1.41,,2.0,,42.0,,1.0,,,,1.0,,,,11.0,,,,,6.0,
Fernandinho,Fernandinho,91130,MIR,2305,0,True,https://s3.glbimg.com/v1/AUTH_58d78b787ec34892b5aaa0c7a146155f/clubes_2026/silhuetas/MIR/FORMATO.png,5,2.64,Fernando José Marques Maciel,0.5,5,4.09,25,fernandinho,6,-0.54,,,,,,6.0,4.0,1.0,1.0,7.0,,,,,1.0,,,,,
Kaio,Kaio,91158,BOT,263,0,False,https://s3.glbimg.com/v1/AUTH_58d78b787ec34892b5aaa0c7a146155f/clubes_2026/silhuetas/BOT/FORMATO.png,0,0.0,Kaio Fernando da Silva Pantaleão,0.0,3,7.0,25,kaio,5,0.0,,,,,,,,,,,,,,,,,,,,
Warleson,Warleson,91204,BOT,263,0,False,https://s3.glbimg.com/v1/AUTH_58d78b787ec34892b5aaa0c7a146155f/clubes_2026/silhuetas/BOT/FORMATO.png,3,5.67,Warleson Steillon Lisboa Oliveira - Stellion,0.0,1,6.12,25,warleson,6,0.0,,1.0,,10.0,,,,,,4.0,,,,2.0,,,,,1.0,
Erick Pulgar,E. Pulgar,91473,FLA,262,0,True,https://s3.glbimg.com/v1/AUTH_58d78b787ec34892b5aaa0c7a146155f/clubes_2026/silhuetas/FLA/FORMATO.png,14,3.14,Erick Antonio Pulgar Farfán,7.4,4,7.07,25,erick-pulgar,7,0.3,,5.0,1.0,,,26.0,17.0,1.0,1.0,10.0,1.0,1.0,,,,,,,,
Arboleda,Arboleda,91573,SAO,276,0,True,https://s3.glbimg.com/v1/AUTH_58d78b787ec34892b5aaa0c7a146155f/clubes_2026/silhuetas/SAO/FORMATO.png,11,3.7,Robert Abel Arboleda Escobar,3.0,3,8.37,25,arboleda,7,0.0,,1.0,,,,20.0,7.0,1.0,1.0,4.0,,,,,2.0,,,,2.0,
R. Rústico,R. Rústico,91607,SAN,277,0,True,https://s3.glbimg.com/v1/AUTH_58d78b787ec34892b5aaa0c7a146155f/clubes_2026/silhuetas/SAN/FORMATO.png,18,1.99,Ronielson da Silva Barbosa,0.1,5,4.77,25,r-rustico,7,-0.16,,3.0,,,,15.0,20.0,2.0,8.0,29.0,,,,,8.0,,,,,
Paulinho,Paulinho,91626,BOT,263,0,False,https://s3.glbimg.com/v1/AUTH_58d78b787ec34892b5aaa0c7a146155f/clubes_2026/silhuetas/BOT/FORMATO.png,1,-0.3,Paulo Victor da Silva,0.0,2,4.4,25,paulinho,5,0.0,,,,,,,1.0,,,,,,,,,,,,,
Marlon,Marlon,91706,GRE,284,0,True,https://s3.glbimg.com/v1/AUTH_58d78b787ec34892b5aaa0c7a146155f/clubes_2026/silhuetas/GRE/FORMATO.png,10,4.68,Marlon Rodrigues Xavier,1.7,2,8.13,25,marlon,3,-0.16,1.0,3.0,,,,17.0,12.0,2.0,2.0,12.0,,1.0,,,1.0,,,,1.0,
David Duarte,D. Duarte,91772,BAH,265,0,True,https://s3.glbimg.com/v1/AUTH_58d78b787ec34892b5aaa0c7a146155f/clubes_2026/silhuetas/BAH/FORMATO.png,17,4.32,David de Duarte Macedo,2.0,3,6.2,25,david-duarte,7,-0.77,,4.0,,,,20.0,11.0,4.0,4.0,8.0,1.0,3.0,1.0,,2.0,,,,3.0,
Zé Ivaldo,Z. Ivaldo,91866,REM,364,0,False,https://s3.glbimg.com/v1/AUTH_58d78b787ec34892b5aaa0c7a146155f/clubes_2026/silhuetas/REM/FORMATO.png,8,2.51,José Ivaldo Almeida Silva,0.0,3,5.67,25,ze-ivaldo,6,0.0,,3.0,,,,10.0,3.0,3.0,3.0,4.0,,,1.0,,,1.0,,,1.0,
Pavón,Pavón,91908,GRE,284,0,True,https://s3.glbimg.com/v1/AUTH_58d78b787ec34892b5aaa0c7a146155f/clubes_2026/silhuetas/GRE/FORMATO.png,21,4.48,Cristian David Pavón,17.7,5,8.3,25,pavon,7,2.58,3.0,5.0,,,,39.0,15.0,3.0,4.0,9.0,1.0,2.0,,,4.0,,,,,
Lyanco,Lyanco,92087,CAM,282,0,False,https://s3.glbimg.com/v1/AUTH_58d78b787ec34892b5aaa0c7a146155f/clubes_2026/silhuetas/CAM/FORMATO.png,9,3.04,Lyanco Evangelista Silveira Neves Vojnovic,0.0,3,7.8,25,lyanco,5,0.0,,2.0,1.0,,,10.0,10.0,,3.0,6.0,,,,,,,,,3.0,
Arthur Cabral,A. Cabral,92171,BOT,263,0,True,https://s3.glbimg.com/v1/AUTH_58d78b787ec34892b5aaa0c7a146155f/clubes_2026/silhuetas/BOT/FORMATO.png,18,6.1,Arthur Mendonça Cabral,5.0,5,9.96,25,arthur-cabral,7,0.07,1.0,2.0,1.0,,,13.0,30.0,13.0,20.0,24.0,,7.0,,,3.0,,,,,
Jair Ventura,J. Ventura,92180,VIT,287,0,True,https://s3.glbimg.com/v1/AUTH_58d78b787ec34892b5aaa0c7a146155f/clubes_2026/silhuetas/VIT/FORMATO.png,22,5.07,Jair Ventura,3.85,6,8.25,25,jair-ventura,7,-0.05,,,,,,,,,,,,,,,,,,,,7.0
Juninho,Juninho,92182,INT,285,0,True,https://s3.glbimg.com/v1/AUTH_58d78b787ec34892b5aaa0c7a146155f/clubes_2026/silhuetas/INT/FORMATO.png,8,3.12,José Carlos Ferreira Júnior,3.8,3,5.6,25,juninho,6,-0.47,,,,,,5.0,,,3.0,,,,,,,,,,3.0,
Odair Hellmann,O. Hellmann,92273,CAP,293,0,True,https://s3.glbimg.com/v1/AUTH_58d78b787ec34892b5aaa0c7a146155f/clubes_2026/silhuetas/CAP/FORMATO.png,23,6.02,Odair Hellmann,6.65,6,9.17,25,odair-hellmann,7,-0.17,,,,,,,,,,,,,,,,,,,,12.0
André Ramalho,A. Ramalho,92440,COR,264,0,False,https://s3.glbimg.com/v1/AUTH_58d78b787ec34892b5aaa0c7a146155f/clubes_2026/silhuetas/COR/FORMATO.png,6,2.55,André Ramalho Silva,0.0,3,5.73,25,andre-ramalho,6,0.0,,4.0,,,,4.0,5.0,,1.0,8.0,,,,,,,,,2.0,
Renato Kayzer,R. Kayzer,92696,VIT,287,0,False,https://s3.glbimg.com/v1/AUTH_58d78b787ec34892b5aaa0c7a146155f/clubes_2026/silhuetas/VIT/FORMATO.png,14,3.11,Renato Kayzer de Souza,0.0,5,6.42,25,renato-kayzer,7,0.0,1.0,2.0,,,,7.0,13.0,2.0,5.0,9.0,,3.0,,,11.0,,,,,
Eduardo Domínguez,E. Domínguez,92747,CAM,282,0,True,https://s3.glbimg.com/v1/AUTH_58d78b787ec34892b5aaa0c7a146155f/clubes_2026/silhuetas/CAM/FORMATO.png,20,5.45,Eduardo Rodrigo Domínguez,6.62,6,10.4,25,eduardo-dominguez,7,0.16,,,,,,,,,,,,,,,,,,,,10.0
Bruno Rodrigues,B. Rodrigues,92811,CRU,283,0,False,https://s3.glbimg.com/v1/AUTH_58d78b787ec34892b5aaa0c7a146155f/clubes_2026/silhuetas/CRU/FORMATO.png,15,2.4,Bruno Rafael Rodrigues do Nascimento,0.0,5,4.72,25,bruno-rodrigues,5,0.0,2.0,,,,,7.0,8.0,2.0,2.0,13.0,,1.0,,,6.0,,,,,
Ronaldo,Ronaldo,92981,INT,285,0,True,https://s3.glbimg.com/v1/AUTH_58d78b787ec34892b5aaa0c7a146155f/clubes_2026/silhuetas/INT/FORMATO.png,10,2.2,Ronaldo da Silva Souza Guerrero,0.6,4,3.6,25,ronaldo,6,-0.28,,1.0,,,,10.0,13.0,,3.0,3.0,,1.0,,,,,,,,
Lucas Veríssimo,L. Veríssimo,93368,SAN,277,0,True,https://s3.glbimg.com/v1/AUTH_58d78b787ec34892b5aaa0c7a146155f/clubes_2026/silhuetas/SAN/FORMATO.png,13,4.1,Lucas Veríssimo da Silva,5.2,3,8.78,25,lucas-verissimo,3,0.15,,3.0,,,,19.0,16.0,1.0,4.0,7.0,,,,,2.0,,,,5.0,
Rodrigo Rodrigues,R. Rodrigues,93371,CFC,294,0,False,https://s3.glbimg.com/v1/AUTH_58d78b787ec34892b5aaa0c7a146155f/clubes_2026/silhuetas/CFC/FORMATO.png,1,-0.9,Rodrigo Rodrigues Silva,0.0,5,3.28,25,rodrigo-rodrigues,6,0.0,,,,,,,3.0,,,,,,,,,,,,,
Wanderson,Wanderson,93478,CRU,283,0,True,https://s3.glbimg.com/v1/AUTH_58d78b787ec34892b5aaa0c7a146155f/clubes_2026/silhuetas/CRU/FORMATO.png,18,1.95,Wanderson Maciel Sousa Campos,0.0,5,3.98,25,wanderson,6,-1.29,,,,,,8.0,8.0,3.0,6.0,3.0,,2.0,,,3.0,,,,,
Bruno Tubarão,B. Tubarão,93637,CHA,315,0,False,https://s3.glbimg.com/v1/AUTH_58d78b787ec34892b5aaa0c7a146155f/clubes_2026/silhuetas/CHA/FORMATO.png,1,1.1,Bruno Nunes de Barros,0.0,2,3.17,25,bruno-tubarao,5,0.0,,1.0,,,,1.0,2.0,1.0,,,,,,,,,,,,
Paulo Henrique,P. Henrique,93716,VAS,267,0,True,https://s3.glbimg.com/v1/AUTH_58d78b787ec34892b5aaa0c7a146155f/clubes_2026/silhuetas/VAS/FORMATO.png,16,3.13,Paulo Henrique de Oliveira Alves,0.8,2,7.09,25,paulo-henrique,7,-0.69,2.0,4.0,,,,20.0,16.0,1.0,4.0,21.0,,,,,,1.0,,,1.0,
Marlon Freitas,M. Freitas,93790,PAL,275,0,True,https://s3.glbimg.com/v1/AUTH_58d78b787ec34892b5aaa0c7a146155f/clubes_2026/silhuetas/PAL/FORMATO.png,24,2.56,Marlon Rodrigues Freitas,0.5,4,5.45,25,marlon-freitas,7,0.14,1.0,5.0,,,,28.0,25.0,1.0,11.0,2.0,,2.0,,,1.0,,,,,
Keiller,Keiller,93834,CFC,294,0,False,https://s3.glbimg.com/v1/AUTH_58d78b787ec34892b5aaa0c7a146155f/clubes_2026/silhuetas/CFC/FORMATO.png,0,0.0,Keiller da Silva Nunes,0.0,1,4.0,25,keiller,6,0.0,,,,,,,,,,,,,,,,,,,,
Cleiton,Cleiton,93882,RBB,280,0,False,https://s3.glbimg.com/v1/AUTH_58d78b787ec34892b5aaa0c7a146155f/clubes_2026/silhuetas/RBB/FORMATO.png,7,2.56,Cleiton Schwengber,0.0,1,6.19,25,cleiton,6,0.0,,1.0,,13.0,,,,,,,,,,8.0,,,,,2.0,
Breno Lopes,B. Lopes,93988,CFC,294,0,True,https://s3.glbimg.com/v1/AUTH_58d78b787ec34892b5aaa0c7a146155f/clubes_2026/silhuetas/CFC/FORMATO.png,22,5.14,Breno Henrique Vasconcelos Lopes,4.8,5,9.03,25,breno-lopes,7,0.47,1.0,3.0,,,,14.0,9.0,7.0,6.0,31.0,,8.0,,,11.0,,,1.0,,
Kevin Ramírez,K. Ramírez,94034,CHA,315,0,False,https://s3.glbimg.com/v1/AUTH_58d78b787ec34892b5aaa0c7a146155f/clubes_2026/silhuetas/CHA/FORMATO.png,5,3.18,Kevin Federik Ramírez Dutra,0.0,5,4.21,25,kevin-ramirez,6,0.0,1.0,,,,,3.0,,3.0,1.0,4.0,,,,,,,,,,
Matheus Fernandes,M. Fernandes,94067,RBB,280,0,False,https://s3.glbimg.com/v1/AUTH_58d78b787ec34892b5aaa0c7a146155f/clubes_2026/silhuetas/RBB/FORMATO.png,13,2.88,Matheus Fernandes Siqueira,0.0,4,5.4,25,matheus-fernandes,6,0.0,1.0,2.0,,,,18.0,14.0,1.0,10.0,5.0,,,,,1.0,,,,,
Maycon,Maycon,94154,CAM,282,0,False,https://s3.glbimg.com/v1/AUTH_58d78b787ec34892b5aaa0c7a146155f/clubes_2026/silhuetas/CAM/FORMATO.png,14,2.52,Maycon de Andrade Barberan,0.0,4,5.31,25,maycon,6,0.0,,,,,,11.0,10.0,1.0,2.0,6.0,,2.0,,,,,,,,
Léo Duarte,L. Duarte,94214,CAM,282,0,False,https://s3.glbimg.com/v1/AUTH_58d78b787ec34892b5aaa0c7a146155f/clubes_2026/silhuetas/CAM/FORMATO.png,0,0.0,Leonardo Campos Duarte da Silva,0.0,3,5.0,25,leo-duarte,5,0.0,,,,,,,,,,,,,,,,,,,,
Lucas Oliveira,L. Oliveira,94514,MIR,2305,0,False,https://s3.glbimg.com/v1/AUTH_58d78b787ec34892b5aaa0c7a146155f/clubes_2026/silhuetas/MIR/FORMATO.png,9,3.08,Lucas da Cruz Oliveira,0.0,3,5.1,25,lucas-oliveira,6,0.0,,2.0,,,,10.0,2.0,1.0,1.0,1.0,,1.0,,,1.0,,,,1.0,
Pedro,Pedro,94583,FLA,262,0,True,https://s3.glbimg.com/v1/AUTH_58d78b787ec34892b5aaa0c7a146155f/clubes_2026/silhuetas/FLA/FORMATO.png,23,8.57,Pedro Guilherme Abreu dos Santos,1.7,5,15.51,25,pedro,7,-1.51,4.0,1.0,,,,16.0,15.0,12.0,13.0,20.0,1.0,15.0,,,3.0,,,1.0,,
Lucas Paquetá,L. Paquetá,94930,FLA,262,0,True,https://s3.glbimg.com/v1/AUTH_58d78b787ec34892b5aaa0c7a146155f/clubes_2026/silhuetas/FLA/FORMATO.png,15,5.76,Lucas Tolentino Coelho de Lima,1.6,4,12.86,25,lucas-paqueta,7,-0.49,,2.0,,,,26.0,20.0,5.0,14.0,29.0,,3.0,,,3.0,,,,,
Juninho Capixaba,J. Capixaba,94968,RBB,280,0,True,https://s3.glbimg.com/v1/AUTH_58d78b787ec34892b5aaa0c7a146155f/clubes_2026/silhuetas/RBB/FORMATO.png,21,7.16,Luis Antônio da Rocha Júnior,3.1,2,12.51,25,juninho-capixaba,7,-0.79,2.0,11.0,,,,44.0,40.0,4.0,11.0,28.0,2.0,3.0,,,2.0,,,,8.0,
Gabriel Taliari,G. Taliari,95131,REM,364,0,True,https://s3.glbimg.com/v1/AUTH_58d78b787ec34892b5aaa0c7a146155f/clubes_2026/silhuetas/REM/FORMATO.png,13,4.87,Gabriel Pereira Taliari,3.3,5,8.58,25,gabriel-taliari,7,0.22,,1.0,,,,8.0,21.0,4.0,11.0,25.0,,4.0,,,5.0,,,1.0,,
Marcinho,Marcinho,95332,CHA,315,0,True,https://s3.glbimg.com/v1/AUTH_58d78b787ec34892b5aaa0c7a146155f/clubes_2026/silhuetas/CHA/FORMATO.png,22,3.31,Márcio Antônio de Sousa Júnior,1.8,5,4.38,25,marcinho,7,0.05,1.0,1.0,,,,18.0,14.0,5.0,11.0,15.0,,3.0,,,4.0,,,,,
Cassierra,Cassierra,95362,CAM,282,0,False,https://s3.glbimg.com/v1/AUTH_58d78b787ec34892b5aaa0c7a146155f/clubes_2026/silhuetas/CAM/FORMATO.png,18,2.25,Zander Mateo Casierra Cabezas,0.0,5,5.64,25,cassierra,6,0.0,1.0,1.0,,,,2.0,11.0,5.0,6.0,9.0,2.0,2.0,,,4.0,,,,,
Igor Vinícius,I. Vinícius,95466,SAN,277,0,True,https://s3.glbimg.com/v1/AUTH_58d78b787ec34892b5aaa0c7a146155f/clubes_2026/silhuetas/SAN/FORMATO.png,16,6.67,Igor Vinícius de Souza,8.2,2,10.43,25,igor-vinicius,7,-0.28,1.0,4.0,,,,47.0,17.0,2.0,,16.0,,,,,,,,,6.0,
Gustavo Cazonatti,G. Cazonatti,95541,MIR,2305,0,True,https://s3.glbimg.com/v1/AUTH_58d78b787ec34892b5aaa0c7a146155f/clubes_2026/silhuetas/MIR/FORMATO.png,5,2.8,Gustavo Cazonatti,2.7,4,3.92,25,gustavo-cazonatti,6,-0.25,,1.0,,,,8.0,4.0,1.0,,6.0,,,,,,,,,,
Raniele,Raniele,95556,COR,264,0,True,https://s3.glbimg.com/v1/AUTH_58d78b787ec34892b5aaa0c7a146155f/clubes_2026/silhuetas/COR/FORMATO.png,20,4.34,Raniele Almeida Melo,1.0,4,7.4,25,raniele,3,-1.2,,6.0,,,,39.0,31.0,1.0,11.0,30.0,1.0,2.0,,,1.0,,,,,
Artur,Artur,95799,SAO,276,0,True,https://s3.glbimg.com/v1/AUTH_58d78b787ec34892b5aaa0c7a146155f/clubes_2026/silhuetas/SAO/FORMATO.png,19,5.02,Artur Victor Guimarães,4.1,5,8.77,25,artur,7,0.09,2.0,1.0,,,,15.0,8.0,15.0,15.0,23.0,,3.0,,,1.0,,,1.0,,
Daniel Fuzato,D. Fuzato,95936,VAS,267,0,False,https://s3.glbimg.com/v1/AUTH_58d78b787ec34892b5aaa0c7a146155f/clubes_2026/silhuetas/VAS/FORMATO.png,0,0.0,Daniel Cerântula Fuzato,0.0,1,2.0,25,daniel-fuzato,6,0.0,,,,,,,,,,,,,,,,,,,,
Charles,Charles,96342,COR,264,0,False,https://s3.glbimg.com/v1/AUTH_58d78b787ec34892b5aaa0c7a146155f/clubes_2026/silhuetas/COR/FORMATO.png,3,1.03,Charles Rigon Mattos,0.0,4,3.53,25,charles,2,0.0,,,,,,2.0,1.0,,,1.0,,,,,1.0,,,,,
Renan Lodi,R. Lodi,96591,CAM,282,0,False,https://s3.glbimg.com/v1/AUTH_58d78b787ec34892b5aaa0c7a146155f/clubes_2026/silhuetas/CAM/FORMATO.png,21,5.31,Renan Augusto Lodi dos Santos,0.0,2,10.19,25,renan-lodi,6,0.0,3.0,4.0,1.0,,,25.0,35.0,6.0,16.0,46.0,1.0,,,,6.0,,,1.0,6.0,
Matheus Pereira,M. Pereira,96610,CRU,283,0,True,https://s3.glbimg.com/v1/AUTH_58d78b787ec34892b5aaa0c7a146155f/clubes_2026/silhuetas/CRU/FORMATO.png,22,6.8,Matheus Fellipe Costa Pereira,8.5,4,14.19,25,matheus-pereira,7,-0.22,3.0,9.0,,,,21.0,36.0,11.0,26.0,79.0,,6.0,,,5.0,,,2.0,,
Allan,Allan,96652,COR,264,0,True,https://s3.glbimg.com/v1/AUTH_58d78b787ec34892b5aaa0c7a146155f/clubes_2026/silhuetas/COR/FORMATO.png,19,1.82,Allan Rodrigues de Souza,3.2,4,3.52,25,allan,7,-0.92,1.0,4.0,1.0,,,21.0,21.0,3.0,4.0,9.0,,,,,,,,,,
Camutanga,Camutanga,96793,VIT,287,0,False,https://s3.glbimg.com/v1/AUTH_58d78b787ec34892b5aaa0c7a146155f/clubes_2026/silhuetas/VIT/FORMATO.png,7,3.95,Cleidson Andrade de Souza Silva,0.0,3,6.71,25,camutanga,5,0.0,,,,,,8.0,2.0,1.0,2.0,3.0,,,1.0,,,,,,3.0,
Emerson Royal,E. Royal,96870,FLA,262,0,True,https://s3.glbimg.com/v1/AUTH_58d78b787ec34892b5aaa0c7a146155f/clubes_2026/silhuetas/FLA/FORMATO.png,11,5.63,Emerson Aparecido Leite de Souza Júnior,7.1,2,8.03,25,emerson-royal,6,0.64,1.0,,,,,17.0,10.0,1.0,1.0,5.0,,,,,2.0,,,,6.0,
Carlos Cuesta,C. Cuesta,97095,VAS,267,0,True,https://s3.glbimg.com/v1/AUTH_58d78b787ec34892b5aaa0c7a146155f/clubes_2026/silhuetas/VAS/FORMATO.png,13,1.71,Carlos Eccehomo Cuesta Figueroa,0.0,3,4.66,25,carlos-cuesta,7,0.0,1.0,1.0,1.0,,,8.0,15.0,,2.0,6.0,1.0,,1.0,,,1.0,,,2.0,
Gabriel Rojas,G. Rojas,97101,CRU,283,0,True,https://s3.glbimg.com/v1/AUTH_58d78b787ec34892b5aaa0c7a146155f/clubes_2026/silhuetas/CRU/FORMATO.png,5,3.72,Gabriel Hernán Rojas,3.2,2,6.72,25,gabriel-rojas,6,-0.11,,,,,,9.0,8.0,,,5.0,,,,,,,,,1.0,
Villasanti,Villasanti,97145,GRE,284,0,True,https://s3.glbimg.com/v1/AUTH_58d78b787ec34892b5aaa0c7a146155f/clubes_2026/silhuetas/GRE/FORMATO.png,4,1.7,Mathías Adalberto Villasanti Rolón,0.2,4,5.51,25,villasanti,7,-0.86,,1.0,,,,2.0,3.0,2.0,1.0,5.0,,,,,,,,,,
Alesson,Alesson,97321,MIR,2305,0,True,https://s3.glbimg.com/v1/AUTH_58d78b787ec34892b5aaa0c7a146155f/clubes_2026/silhuetas/MIR/FORMATO.png,20,4.59,Alesson dos Santos Batista,5.2,5,8.38,25,alesson,7,0.42,3.0,1.0,,,,31.0,17.0,12.0,8.0,27.0,1.0,,,,9.0,,,,,
Rogério Ceni,R. Ceni,97341,BAH,265,0,True,https://s3.glbimg.com/v1/AUTH_58d78b787ec34892b5aaa0c7a146155f/clubes_2026/silhuetas/BAH/FORMATO.png,24,5.72,Rogério Mücke Ceni,7.15,6,10.65,25,rogerio-ceni,7,-0.39,,,,,,,,,,,,,,,,,,,,9.0
Victor Caetano,V. Caetano,97432,CHA,315,0,False,https://s3.glbimg.com/v1/AUTH_58d78b787ec34892b5aaa0c7a146155f/clubes_2026/silhuetas/CHA/FORMATO.png,8,1.48,Victor Henrique Carvalho Caetano,0.0,3,3.16,25,victor-caetano,6,0.0,,3.0,,,,11.0,7.0,,,1.0,,,,,1.0,,,,,
Gustavo Mosquito,G. Mosquito,97450,MIR,2305,0,True,https://s3.glbimg.com/v1/AUTH_58d78b787ec34892b5aaa0c7a146155f/clubes_2026/silhuetas/MIR/FORMATO.png,4,1.45,Gustavo Henric da Silva,1.7,5,4.15,25,gustavo-mosquito,6,-0.2,,,,,,1.0,1.0,2.0,1.0,3.0,,,,,1.0,,,,,
João Victor,J. Victor,97460,MIR,2305,0,True,https://s3.glbimg.com/v1/AUTH_58d78b787ec34892b5aaa0c7a146155f/clubes_2026/silhuetas/MIR/FORMATO.png,22,2.86,João Victor Carroll Santana - Caroll,5.8,3,5.33,25,joao-victor,7,0.77,1.0,1.0,,,,24.0,11.0,2.0,3.0,7.0,,2.0,1.0,,2.0,,,,1.0,
Marçal,Marçal,97468,BOT,263,0,True,https://s3.glbimg.com/v1/AUTH_58d78b787ec34892b5aaa0c7a146155f/clubes_2026/silhuetas/BOT/FORMATO.png,6,2.37,Fernando Marçal de Oliveira,1.1,2,5.6,25,marcal,7,-0.25,,2.0,1.0,,,6.0,10.0,2.0,1.0,,,,,,,,,,2.0,
Shaylon,Shaylon,97520,MIR,2305,0,False,https://s3.glbimg.com/v1/AUTH_58d78b787ec34892b5aaa0c7a146155f/clubes_2026/silhuetas/MIR/FORMATO.png,15,1.63,Shaylon Kallyson Cardozo - Cardoso,0.0,4,3.48,25,shaylon,6,0.0,,1.0,,,,11.0,14.0,2.0,2.0,2.0,,1.0,,,,,,,,
Félix Torres,F. Torres,97642,INT,285,0,True,https://s3.glbimg.com/v1/AUTH_58d78b787ec34892b5aaa0c7a146155f/clubes_2026/silhuetas/INT/FORMATO.png,18,3.68,Félix Eduardo Torres Caicedo,7.2,3,5.33,25,felix-torres,6,0.98,,3.0,,,,24.0,13.0,2.0,5.0,6.0,,1.0,,,1.0,,,,4.0,
Thiago Couto,T. Couto,97645,VIT,287,0,False,https://s3.glbimg.com/v1/AUTH_58d78b787ec34892b5aaa0c7a146155f/clubes_2026/silhuetas/VIT/FORMATO.png,0,0.0,Thiago Couto Wenceslau,0.0,1,3.0,25,thiago-couto,6,0.0,,,,,,,,,,,,,,,,,,,,
Murilo,Murilo,97653,PAL,275,0,True,https://s3.glbimg.com/v1/AUTH_58d78b787ec34892b5aaa0c7a146155f/clubes_2026/silhuetas/PAL/FORMATO.png,22,3.46,Murilo Cerqueira Paim,0.2,3,6.29,25,murilo,7,-0.71,1.0,2.0,1.0,,,20.0,30.0,6.0,3.0,5.0,,1.0,,,,,,,7.0,
Marcelinho,Marcelinho,97795,REM,364,0,True,https://s3.glbimg.com/v1/AUTH_58d78b787ec34892b5aaa0c7a146155f/clubes_2026/silhuetas/REM/FORMATO.png,21,5.21,Marcelo Rodrigues Souza,7.4,2,6.63,25,marcelinho,7,0.02,2.0,2.0,,,,25.0,7.0,6.0,14.0,28.0,1.0,2.0,,,2.0,,,,3.0,
Erick,Erick,97810,VIT,287,0,True,https://s3.glbimg.com/v1/AUTH_58d78b787ec34892b5aaa0c7a146155f/clubes_2026/silhuetas/VIT/FORMATO.png,20,4.25,Erick de Arruda Serafim,7.4,5,8.49,25,erick,7,0.95,4.0,1.0,,,,4.0,8.0,7.0,9.0,38.0,1.0,3.0,,,2.0,,,1.0,,
Léo Ortiz,L. Ortiz,97867,FLA,262,0,True,https://s3.glbimg.com/v1/AUTH_58d78b787ec34892b5aaa0c7a146155f/clubes_2026/silhuetas/FLA/FORMATO.png,19,4.12,Leonardo Rech Ortiz,5.0,3,8.82,25,leo-ortiz,7,0.52,,,,,,13.0,13.0,,2.0,4.0,2.0,1.0,,,1.0,,,,9.0,
Iago,Iago,97868,SAO,276,0,True,https://s3.glbimg.com/v1/AUTH_58d78b787ec34892b5aaa0c7a146155f/clubes_2026/silhuetas/SAO/FORMATO.png,7,2.85,Iago Amaral Borduchi,5.4,2,5.13,25,iago,7,0.18,,,,,,7.0,5.0,2.0,,1.0,1.0,,,,,,,,1.0,
Jacy,Jacy,97878,CFC,294,0,True,https://s3.glbimg.com/v1/AUTH_58d78b787ec34892b5aaa0c7a146155f/clubes_2026/silhuetas/CFC/FORMATO.png,22,4.08,Jacy Maranhão Oliveira,0.2,3,5.21,25,jacy,2,-0.77,,2.0,1.0,,,37.0,16.0,,8.0,20.0,,1.0,,,1.0,,,,4.0,
Matheus Bahia,M. Bahia,97899,INT,285,0,True,https://s3.glbimg.com/v1/AUTH_58d78b787ec34892b5aaa0c7a146155f/clubes_2026/silhuetas/INT/FORMATO.png,16,4.77,Matheus Bahia Santos,5.5,2,7.45,25,matheus-bahia,7,-0.61,2.0,3.0,,,,29.0,18.0,1.0,1.0,19.0,,,,,3.0,,,,4.0,
Vitão,Vitão,97900,FLA,262,0,False,https://s3.glbimg.com/v1/AUTH_58d78b787ec34892b5aaa0c7a146155f/clubes_2026/silhuetas/FLA/FORMATO.png,9,2.37,Vitor Eduardo da Silva Matos,0.0,3,6.62,25,vitao,5,0.0,,2.0,,,,2.0,6.0,,2.0,1.0,,,,,,,,,4.0,
Matheus Aurélio,M. Aurélio,97905,CHA,315,0,False,https://s3.glbimg.com/v1/AUTH_58d78b787ec34892b5aaa0c7a146155f/clubes_2026/silhuetas/CHA/FORMATO.png,2,1.7,Matheus Aurélio Palhares Guimarães,0.0,1,2.61,25,matheus-aurelio,6,0.0,,1.0,,8.0,,,,,,,,,,6.0,,,,,,
Lucas Silva,L. Silva,97911,VIT,287,0,False,https://s3.glbimg.com/v1/AUTH_58d78b787ec34892b5aaa0c7a146155f/clubes_2026/silhuetas/VIT/FORMATO.png,3,-0.17,Lucas Rodrigues da Silva,0.0,5,2.8,25,lucas-silva,6,0.0,,1.0,,,,,,,,1.0,,,,,,,,,,
Erick,Erick,98022,BAH,265,0,True,https://s3.glbimg.com/v1/AUTH_58d78b787ec34892b5aaa0c7a146155f/clubes_2026/silhuetas/BAH/FORMATO.png,18,4.21,Erick Luis Conrado de Carvalho,10.7,4,7.33,25,erick,6,0.52,,5.0,,,,28.0,22.0,2.0,6.0,17.0,2.0,3.0,,,1.0,,,,,
Jáderson,Jáderson,98224,REM,364,0,False,https://s3.glbimg.com/v1/AUTH_58d78b787ec34892b5aaa0c7a146155f/clubes_2026/silhuetas/REM/FORMATO.png,11,0.85,Jaderson Flores dos Reis,0.0,4,2.44,25,jaderson,6,0.0,,,,,,4.0,3.0,,1.0,7.0,,,,,,,,,,
Pedro Raul,P. Raul,98225,COR,264,0,True,https://s3.glbimg.com/v1/AUTH_58d78b787ec34892b5aaa0c7a146155f/clubes_2026/silhuetas/COR/FORMATO.png,12,1.23,Pedro Raul Garay da Silva,1.2,5,3.16,25,pedro-raul,6,0.1,,1.0,,,,3.0,9.0,2.0,1.0,6.0,,1.0,,,3.0,,,,,
Gabriel Batista,G. Batista,98333,BOT,263,0,True,https://s3.glbimg.com/v1/AUTH_58d78b787ec34892b5aaa0c7a146155f/clubes_2026/silhuetas/BOT/FORMATO.png,2,0.9,Gabriel Batista de Souza,0.9,1,2.86,25,gabriel-batista,7,-0.14,,,,6.0,,,,,,,,,,6.0,,,,,,
Negueba,Negueba,98384,MIR,2305,0,False,https://s3.glbimg.com/v1/AUTH_58d78b787ec34892b5aaa0c7a146155f/clubes_2026/silhuetas/MIR/FORMATO.png,8,5.23,Luiz Henrique Soares Firmino,0.0,5,8.57,25,negueba,5,0.0,,4.0,,,,15.0,5.0,3.0,6.0,17.0,,1.0,,,,,,,,
Kanu,Kanu,98484,BAH,265,0,False,https://s3.glbimg.com/v1/AUTH_58d78b787ec34892b5aaa0c7a146155f/clubes_2026/silhuetas/BAH/FORMATO.png,3,0.83,Victor Hugo Soares dos Santos,0.0,3,3.68,25,kanu,6,0.0,,2.0,,,,,3.0,,,1.0,,,,,1.0,,,,1.0,
Jean Lucas,J. Lucas,98517,BAH,265,0,False,https://s3.glbimg.com/v1/AUTH_58d78b787ec34892b5aaa0c7a146155f/clubes_2026/silhuetas/BAH/FORMATO.png,20,5.57,Jean Lucas de Souza Oliveira,0.0,4,10.26,25,jean-lucas,7,0.0,3.0,3.0,,,,38.0,30.0,3.0,11.0,18.0,2.0,3.0,,,1.0,,,,,
Maripán,Maripán,98617,INT,285,0,True,https://s3.glbimg.com/v1/AUTH_58d78b787ec34892b5aaa0c7a146155f/clubes_2026/silhuetas/INT/FORMATO.png,7,2.5,Guillermo Alfonso Maripán Loaysa,0.4,3,4.25,25,maripan,7,-1.05,,2.0,,,,5.0,12.0,1.0,3.0,4.0,,,,,,,,,2.0,
Savarino,Savarino,98672,FLU,266,0,True,https://s3.glbimg.com/v1/AUTH_58d78b787ec34892b5aaa0c7a146155f/clubes_2026/silhuetas/FLU/FORMATO.png,18,4.41,Jefferson David Savarino Quintero,0.0,4,8.3,25,savarino,6,-0.72,2.0,2.0,,,,7.0,6.0,10.0,14.0,14.0,3.0,3.0,,,6.0,,,,,
Angileri,Angileri,98720,COR,264,0,False,https://s3.glbimg.com/v1/AUTH_58d78b787ec34892b5aaa0c7a146155f/clubes_2026/silhuetas/COR/FORMATO.png,9,4.38,Fabrizio Germán Angileri - Fabricio,0.0,2,6.13,25,angileri,6,0.0,,3.0,,,,10.0,6.0,,4.0,6.0,,1.0,,,,,,,3.0,
Samuel Lino,S. Lino,98873,FLA,262,0,True,https://s3.glbimg.com/v1/AUTH_58d78b787ec34892b5aaa0c7a146155f/clubes_2026/silhuetas/FLA/FORMATO.png,23,8.27,Samuel Dias Lino,22.2,5,13.77,25,samuel-lino,7,2.54,7.0,2.0,,,,35.0,18.0,9.0,15.0,41.0,1.0,8.0,,,4.0,,,,,
Cuello,Cuello,98909,CAM,282,0,False,https://s3.glbimg.com/v1/AUTH_58d78b787ec34892b5aaa0c7a146155f/clubes_2026/silhuetas/CAM/FORMATO.png,20,6.45,Tomás Esteban Cuello,0.0,5,11.49,25,cuello,6,0.0,1.0,1.0,,,,32.0,16.0,7.0,18.0,33.0,4.0,4.0,,,14.0,,,,,
Elias,Elias,99034,MIR,2305,0,False,https://s3.glbimg.com/v1/AUTH_58d78b787ec34892b5aaa0c7a146155f/clubes_2026/silhuetas/MIR/FORMATO.png,1,1.8,Elias Lira Nogueira Júnior,0.0,2,3.41,25,elias,6,0.0,,1.0,,,,2.0,4.0,,,2.0,,,,,,,,,,
Puma Rodríguez,P. Rodríguez,99213,VAS,267,0,True,https://s3.glbimg.com/v1/AUTH_58d78b787ec34892b5aaa0c7a146155f/clubes_2026/silhuetas/VAS/FORMATO.png,15,4.71,José Luis Rodríguez Bebanz,0.0,2,7.21,25,puma-rodriguez,6,-0.71,4.0,3.0,,,,12.0,5.0,6.0,7.0,1.0,1.0,2.0,,,1.0,,,,1.0,
De la Cruz,D. Cruz,99228,FLA,262,0,False,https://s3.glbimg.com/v1/AUTH_58d78b787ec34892b5aaa0c7a146155f/clubes_2026/silhuetas/FLA/FORMATO.png,10,0.82,Diego Nicolás de la Cruz Arcosa,0.0,4,4.41,25,de-la-cruz,6,0.0,,3.0,,,,4.0,8.0,,2.0,12.0,,,,,,,,,,
Pochettino,Pochettino,99267,VIT,287,0,True,https://s3.glbimg.com/v1/AUTH_58d78b787ec34892b5aaa0c7a146155f/clubes_2026/silhuetas/VIT/FORMATO.png,6,2.62,Tomás Pochettino,4.3,4,5.4,25,pochettino,6,-0.17,,,,,,4.0,1.0,3.0,3.0,2.0,1.0,,,,,,,,,
Alexander Barboza,A. Barboza,99274,PAL,275,0,False,https://s3.glbimg.com/v1/AUTH_58d78b787ec34892b5aaa0c7a146155f/clubes_2026/silhuetas/PAL/FORMATO.png,15,5.16,Alexander Nahuel Barboza Ullúa,0.0,3,10.3,25,alexander-barboza,6,0.0,2.0,5.0,1.0,,,33.0,26.0,5.0,6.0,,,1.0,,,,,,,3.0,
Baralhas,Baralhas,99440,VIT,287,0,False,https://s3.glbimg.com/v1/AUTH_58d78b787ec34892b5aaa0c7a146155f/clubes_2026/silhuetas/VIT/FORMATO.png,15,5.24,Gabriel Baralhas dos Santos,0.0,4,9.25,25,baralhas,5,0.0,2.0,4.0,,,,31.0,26.0,1.0,9.0,19.0,,2.0,,,,,,,,
Rossi,Rossi,99552,FLA,262,0,True,https://s3.glbimg.com/v1/AUTH_58d78b787ec34892b5aaa0c7a146155f/clubes_2026/silhuetas/FLA/FORMATO.png,23,5.08,Agustín Daniel Rossi,10.2,1,9.32,25,rossi,7,0.97,,,,66.0,,,,,,2.0,,,,20.0,,,,,10.0,
Brenner,Brenner,99789,VAS,267,0,False,https://s3.glbimg.com/v1/AUTH_58d78b787ec34892b5aaa0c7a146155f/clubes_2026/silhuetas/VAS/FORMATO.png,14,2.9,Brenner Souza da Silva,0.0,5,6.94,25,brenner,5,0.0,,1.0,,,,8.0,4.0,5.0,7.0,11.0,2.0,1.0,,,3.0,,,,,
Arias,Arias,99815,PAL,275,0,False,https://s3.glbimg.com/v1/AUTH_58d78b787ec34892b5aaa0c7a146155f/clubes_2026/silhuetas/PAL/FORMATO.png,19,7.52,Jhon Adolfo Arias Andrade,0.0,4,14.45,25,arias,7,0.0,3.0,4.0,,,,45.0,24.0,8.0,15.0,31.0,1.0,4.0,,,4.0,,,,,
Paulinho,Paulinho,99818,PAL,275,0,False,https://s3.glbimg.com/v1/AUTH_58d78b787ec34892b5aaa0c7a146155f/clubes_2026/silhuetas/PAL/FORMATO.png,6,3.42,Paulo Henrique Sampaio Filho,0.0,5,10.37,25,paulinho,5,0.0,,1.0,,,,1.0,1.0,,3.0,4.0,,2.0,,,1.0,,,,,
Igor Gomes,I. Gomes,100084,CAM,282,0,False,https://s3.glbimg.com/v1/AUTH_58d78b787ec34892b5aaa0c7a146155f/clubes_2026/silhuetas/CAM/FORMATO.png,8,1.96,Igor Silveira Gomes,0.0,4,5.13,25,igor-gomes,5,0.0,1.0,1.0,,,,2.0,6.0,,,5.0,,1.0,,,,,,,,
Léo Andrade,L. Andrade,100342,REM,364,0,False,https://s3.glbimg.com/v1/AUTH_58d78b787ec34892b5aaa0c7a146155f/clubes_2026/silhuetas/REM/FORMATO.png,4,2.95,Leonardo de Andrade Silva,0.0,3,4.79,25,leo-andrade,6,0.0,,1.0,,,,9.0,4.0,,,1.0,,,,,,,,,,
Krovinovic,Krovinovic,100596,GRE,284,0,True,https://s3.glbimg.com/v1/AUTH_58d78b787ec34892b5aaa0c7a146155f/clubes_2026/silhuetas/GRE/FORMATO.png,3,2.37,Filip Krovinović,1.1,4,5.08,25,krovinovic,7,-0.6,,,,,,3.0,6.0,1.0,4.0,,,,,,,,,,,
Yuri Alberto,Y. Alberto,100652,COR,264,0,False,https://s3.glbimg.com/v1/AUTH_58d78b787ec34892b5aaa0c7a146155f/clubes_2026/silhuetas/COR/FORMATO.png,17,4.1,Yuri Alberto Monteiro da Silva,0.0,5,10.58,25,yuri-alberto,5,0.0,2.0,2.0,,,,8.0,23.0,14.0,14.0,12.0,,3.0,,,13.0,,,,,
Fernando,Fernando,100695,RBB,280,0,True,https://s3.glbimg.com/v1/AUTH_58d78b787ec34892b5aaa0c7a146155f/clubes_2026/silhuetas/RBB/FORMATO.png,10,5.76,Fernando dos Santos Pedro,13.6,5,6.97,25,fernando,7,1.6,1.0,,,,,12.0,7.0,3.0,3.0,8.0,1.0,3.0,,,3.0,,,,,
Matheus Henrique,M. Henrique,100742,CRU,283,0,True,https://s3.glbimg.com/v1/AUTH_58d78b787ec34892b5aaa0c7a146155f/clubes_2026/silhuetas/CRU/FORMATO.png,22,2.1,Matheus Henrique de Souza,0.2,4,4.69,25,matheus-henrique,6,-1.09,1.0,3.0,,,,21.0,15.0,,7.0,25.0,,,,,,1.0,,,,
Tchamba,Tchamba,100804,REM,364,0,True,https://s3.glbimg.com/v1/AUTH_58d78b787ec34892b5aaa0c7a146155f/clubes_2026/silhuetas/REM/FORMATO.png,17,2.69,Duplexe Tchamba Bangou,11.3,3,5.71,25,tchamba,7,1.48,1.0,1.0,,,,21.0,8.0,1.0,5.0,7.0,,,2.0,,1.0,,,,2.0,
Ruan,Ruan,100842,CAM,282,0,False,https://s3.glbimg.com/v1/AUTH_58d78b787ec34892b5aaa0c7a146155f/clubes_2026/silhuetas/CAM/FORMATO.png,20,3.7,Ruan Tressoldi Netto,0.0,3,6.2,25,ruan,2,0.0,,7.0,,,,26.0,17.0,2.0,2.0,14.0,,2.0,,,1.0,,,,4.0,
Luan Cândido,L. Cândido,100848,VIT,287,0,True,https://s3.glbimg.com/v1/AUTH_58d78b787ec34892b5aaa0c7a146155f/clubes_2026/silhuetas/VIT/FORMATO.png,14,3.62,Luan Cândido de Almeida,3.0,2,5.9,25,luan-candido,7,0.2,2.0,1.0,1.0,,,13.0,12.0,2.0,4.0,5.0,,,,,4.0,,,1.0,4.0,
Vitinho,Vitinho,100898,BOT,263,0,True,https://s3.glbimg.com/v1/AUTH_58d78b787ec34892b5aaa0c7a146155f/clubes_2026/silhuetas/BOT/FORMATO.png,19,4.61,Victor Alexander da Silva,2.0,2,8.83,25,vitinho,7,-0.06,2.0,3.0,,,,43.0,22.0,,3.0,15.0,1.0,,,,1.0,,,,2.0,
Nonato,Nonato,100987,FLU,266,0,True,https://s3.glbimg.com/v1/AUTH_58d78b787ec34892b5aaa0c7a146155f/clubes_2026/silhuetas/FLU/FORMATO.png,12,2.32,Gustavo Nonato Santana,4.2,4,5.68,25,nonato,6,0.52,1.0,5.0,,,,12.0,14.0,1.0,1.0,8.0,,1.0,,,,,,,,
Júnior Santos,J. Santos,101002,BOT,263,0,True,https://s3.glbimg.com/v1/AUTH_58d78b787ec34892b5aaa0c7a146155f/clubes_2026/silhuetas/BOT/FORMATO.png,11,2.16,José Antonio dos Santos Júnior,-0.1,5,4.24,25,junior-santos,6,-0.58,,1.0,,,,3.0,7.0,3.0,4.0,10.0,1.0,1.0,,,3.0,,,,,
Eliasson,Eliasson,101237,INT,285,0,True,https://s3.glbimg.com/v1/AUTH_58d78b787ec34892b5aaa0c7a146155f/clubes_2026/silhuetas/INT/FORMATO.png,2,0.25,Niclas Eliasson Santana,0.5,5,4.01,25,eliasson,6,-0.42,,,,,,,,,,1.0,,,,,,,,,,
Alef Manga,A. Manga,101254,REM,364,0,True,https://s3.glbimg.com/v1/AUTH_58d78b787ec34892b5aaa0c7a146155f/clubes_2026/silhuetas/REM/FORMATO.png,25,4.39,Alef Mangueira Severino Pereira,1.5,5,7.61,25,alef-manga,6,-0.17,3.0,1.0,,,,20.0,18.0,10.0,20.0,19.0,,5.0,,,21.0,,1.0,,,
Ferreira,Ferreira,101290,SAO,276,0,True,https://s3.glbimg.com/v1/AUTH_58d78b787ec34892b5aaa0c7a146155f/clubes_2026/silhuetas/SAO/FORMATO.png,19,3.52,Aldemir dos Santos Ferreira,0.0,5,6.17,25,ferreira,6,-0.14,,2.0,,,,11.0,6.0,5.0,9.0,18.0,,4.0,,,,,,,,
Ademir,Ademir,101314,BAH,265,0,True,https://s3.glbimg.com/v1/AUTH_58d78b787ec34892b5aaa0c7a146155f/clubes_2026/silhuetas/BAH/FORMATO.png,22,2.3,Ademir da Silva Santos Júnior,1.2,5,5.32,25,ademir,6,-0.27,1.0,3.0,,,,12.0,16.0,6.0,7.0,26.0,,1.0,,,4.0,,,2.0,,
Guga,Guga,101319,FLU,266,0,True,https://s3.glbimg.com/v1/AUTH_58d78b787ec34892b5aaa0c7a146155f/clubes_2026/silhuetas/FLU/FORMATO.png,14,3.3,Cláudio Rodrigues Gomes,4.2,2,6.02,25,guga,7,-0.22,2.0,3.0,,,,17.0,10.0,,3.0,9.0,,,,,1.0,,,,2.0,
Bruno Matias,B. Matias,101352,CHA,315,0,True,https://s3.glbimg.com/v1/AUTH_58d78b787ec34892b5aaa0c7a146155f/clubes_2026/silhuetas/CHA/FORMATO.png,6,2.6,Bruno Matias dos Santos,9.6,4,4.29,25,bruno-matias,6,1.7,,1.0,,,,9.0,3.0,,5.0,2.0,,,,,,1.0,,,,
Eduardo Doma,E. Doma,101393,CHA,315,0,True,https://s3.glbimg.com/v1/AUTH_58d78b787ec34892b5aaa0c7a146155f/clubes_2026/silhuetas/CHA/FORMATO.png,21,2.43,Eduardo Vinícius Domachowski,-0.5,3,3.75,25,eduardo-doma,7,-0.95,,4.0,1.0,,,24.0,14.0,2.0,7.0,3.0,,1.0,,,,1.0,,,2.0,
Wallisson,Wallisson,101405,MIR,2305,0,False,https://s3.glbimg.com/v1/AUTH_58d78b787ec34892b5aaa0c7a146155f/clubes_2026/silhuetas/MIR/FORMATO.png,15,2.05,Wallisson Luiz Alves Máximo,0.0,4,3.55,25,wallisson,6,0.0,,3.0,1.0,,,23.0,21.0,,4.0,11.0,,,,,1.0,,,,,
Marcelo Pitaluga,M. Pitaluga,101478,FLU,266,0,False,https://s3.glbimg.com/v1/AUTH_58d78b787ec34892b5aaa0c7a146155f/clubes_2026/silhuetas/FLU/FORMATO.png,0,0.0,Marcelo de Araújo Pitaluga Filho,0.0,1,3.0,25,marcelo-pitaluga,6,0.0,,,,,,,,,,,,,,,,,,,,
Hugo Souza,H. Souza,101574,COR,264,0,True,https://s3.glbimg.com/v1/AUTH_58d78b787ec34892b5aaa0c7a146155f/clubes_2026/silhuetas/COR/FORMATO.png,21,4.1,Hugo de Souza Nogueira,1.9,1,8.62,25,hugo-souza,3,-0.33,,2.0,,46.0,1.0,1.0,,,,1.0,,,,20.0,,1.0,,,8.0,
Ramon,Ramon,101597,VIT,287,0,False,https://s3.glbimg.com/v1/AUTH_58d78b787ec34892b5aaa0c7a146155f/clubes_2026/silhuetas/VIT/FORMATO.png,17,4.81,Ramon Ramos Lima,0.0,2,8.07,25,ramon,7,0.0,,4.0,,,,23.0,26.0,3.0,5.0,11.0,,2.0,,,,,,,6.0,
Felipe Jonatan,F. Jonatan,101708,CFC,294,0,True,https://s3.glbimg.com/v1/AUTH_58d78b787ec34892b5aaa0c7a146155f/clubes_2026/silhuetas/CFC/FORMATO.png,16,2.21,Felipe Jonatan Rocha Andrade,-0.3,2,4.34,25,felipe-jonatan,6,-0.2,,,,,,10.0,5.0,2.0,2.0,6.0,,,,,1.0,,,,3.0,
Alerrandro,Alerrandro,101715,INT,285,0,False,https://s3.glbimg.com/v1/AUTH_58d78b787ec34892b5aaa0c7a146155f/clubes_2026/silhuetas/INT/FORMATO.png,21,3.45,Alerrandro Barra Mansa Realino de Souza,0.0,5,6.18,25,alerrandro,6,0.0,3.0,1.0,,,,8.0,22.0,7.0,13.0,21.0,,3.0,,,5.0,,,,,
Matheuzinho,Matheuzinho,101727,COR,264,0,True,https://s3.glbimg.com/v1/AUTH_58d78b787ec34892b5aaa0c7a146155f/clubes_2026/silhuetas/COR/FORMATO.png,19,6.44,Matheus França Silva,5.5,2,10.79,25,matheuzinho,7,-0.36,2.0,3.0,1.0,,,46.0,22.0,4.0,6.0,14.0,,1.0,1.0,,4.0,,,,7.0,
Fabinho,Fabinho,101729,CFC,294,0,True,https://s3.glbimg.com/v1/AUTH_58d78b787ec34892b5aaa0c7a146155f/clubes_2026/silhuetas/CFC/FORMATO.png,9,0.89,Fabio Augusto Luciano da Silva,8.0,5,2.74,25,fabinho,6,1.38,,1.0,,,,,5.0,1.0,1.0,1.0,,1.0,,,,,,,,
Oliva,Oliva,101807,SAN,277,0,True,https://s3.glbimg.com/v1/AUTH_58d78b787ec34892b5aaa0c7a146155f/clubes_2026/silhuetas/SAN/FORMATO.png,15,3.19,Christian Gabriel Oliva Giménez,8.2,4,7.05,25,oliva,7,0.95,2.0,,,,,18.0,25.0,1.0,5.0,10.0,,1.0,,,,,,,,
Mayk,Mayk,101820,REM,364,0,False,https://s3.glbimg.com/v1/AUTH_58d78b787ec34892b5aaa0c7a146155f/clubes_2026/silhuetas/REM/FORMATO.png,14,3.27,Mayksilvan da Silva Ferreira,0.0,2,5.75,25,mayk,5,0.0,1.0,,,,,14.0,4.0,,3.0,7.0,,,,,,,,,3.0,
Willian Machado,W. Machado,101908,MIR,2305,0,True,https://s3.glbimg.com/v1/AUTH_58d78b787ec34892b5aaa0c7a146155f/clubes_2026/silhuetas/MIR/FORMATO.png,18,3.56,Willian Estefani Machado,2.3,3,5.35,25,willian-machado,7,-0.31,1.0,2.0,,,,27.0,15.0,3.0,3.0,12.0,,1.0,,,,,,,1.0,
Vitinho,Vitinho,101960,INT,285,0,True,https://s3.glbimg.com/v1/AUTH_58d78b787ec34892b5aaa0c7a146155f/clubes_2026/silhuetas/INT/FORMATO.png,24,4.77,Vitor Hugo Naum dos Santos,11.5,5,8.49,25,vitinho,7,1.41,3.0,4.0,,,,34.0,30.0,11.0,15.0,37.0,1.0,2.0,,,3.0,1.0,,,,
Brítez,Brítez,101995,VIT,287,0,True,https://s3.glbimg.com/v1/AUTH_58d78b787ec34892b5aaa0c7a146155f/clubes_2026/silhuetas/VIT/FORMATO.png,5,2.52,Emanuel Fermín Brítez,3.0,3,4.92,25,britez,7,0.21,,1.0,,,,5.0,4.0,,1.0,3.0,,,,,,,,,1.0,
Piquerez,Piquerez,102130,PAL,275,0,False,https://s3.glbimg.com/v1/AUTH_58d78b787ec34892b5aaa0c7a146155f/clubes_2026/silhuetas/PAL/FORMATO.png,11,6.67,Joaquín Piquerez Moreira,0.0,2,11.05,25,piquerez,7,0.0,4.0,1.0,,,,15.0,5.0,2.0,4.0,10.0,1.0,,,,1.0,,,,4.0,
Vitor Eudes,V. Eudes,102137,FLU,266,0,False,https://s3.glbimg.com/v1/AUTH_58d78b787ec34892b5aaa0c7a146155f/clubes_2026/silhuetas/FLU/FORMATO.png,0,0.0,Vitor Eudes de Souza Costa,0.0,1,2.0,25,vitor-eudes,6,0.0,,,,,,,,,,,,,,,,,,,,
Santiago Sosa,S. Sosa,102255,VAS,267,0,True,https://s3.glbimg.com/v1/AUTH_58d78b787ec34892b5aaa0c7a146155f/clubes_2026/silhuetas/VAS/FORMATO.png,3,4.27,Santiago Leonel Sosa,6.0,4,8.52,25,santiago-sosa,7,0.27,,,,,,8.0,5.0,,3.0,,,,,,1.0,,,,,
Rollheiser,Rollheiser,102256,SAN,277,0,True,https://s3.glbimg.com/v1/AUTH_58d78b787ec34892b5aaa0c7a146155f/clubes_2026/silhuetas/SAN/FORMATO.png,18,2.63,Benjamín Rollheiser,3.0,4,5.5,25,rollheiser,6,0.15,1.0,1.0,,,,6.0,10.0,4.0,7.0,6.0,,3.0,,,1.0,,,,,
Matheus Felipe,M. Felipe,102310,REM,364,0,False,https://s3.glbimg.com/v1/AUTH_58d78b787ec34892b5aaa0c7a146155f/clubes_2026/silhuetas/REM/FORMATO.png,2,2.7,Matheus Felipe Santos Nascimento,0.0,3,4.14,25,matheus-felipe,6,0.0,,2.0,,,,2.0,2.0,,,,,,,,,,,,1.0,
Caio Paulista,C. Paulista,102318,GRE,284,0,False,https://s3.glbimg.com/v1/AUTH_58d78b787ec34892b5aaa0c7a146155f/clubes_2026/silhuetas/GRE/FORMATO.png,8,3.19,Caio Fernando de Oliveira,0.0,2,5.54,25,caio-paulista,7,0.0,,,,,,9.0,2.0,,2.0,2.0,,,,,,,,,2.0,
Cacá,Cacá,102340,VIT,287,0,True,https://s3.glbimg.com/v1/AUTH_58d78b787ec34892b5aaa0c7a146155f/clubes_2026/silhuetas/VIT/FORMATO.png,17,2.63,Carlos de Menezes Júnior,2.3,3,5.34,25,caca,7,0.16,,5.0,1.0,,,8.0,9.0,1.0,4.0,4.0,,1.0,,,,1.0,,,6.0,
Gabriel Poveda,G. Poveda,102877,REM,364,0,True,https://s3.glbimg.com/v1/AUTH_58d78b787ec34892b5aaa0c7a146155f/clubes_2026/silhuetas/REM/FORMATO.png,12,0.61,Gabriel Buscariol Poveda,0.0,5,2.54,25,gabriel-poveda,6,-0.14,,,,,,3.0,4.0,1.0,1.0,4.0,,,,,,,,,,
Anderson,Anderson,102906,CHA,315,0,True,https://s3.glbimg.com/v1/AUTH_58d78b787ec34892b5aaa0c7a146155f/clubes_2026/silhuetas/CHA/FORMATO.png,10,3.19,Anderson Silva da Paixão,-0.4,1,5.2,25,anderson,7,-1.43,,1.0,,35.0,,,,,,3.0,,,,19.0,,,,,1.0,
Luan,Luan,102909,SAO,276,0,False,https://s3.glbimg.com/v1/AUTH_58d78b787ec34892b5aaa0c7a146155f/clubes_2026/silhuetas/SAO/FORMATO.png,7,0.96,Luan Vinícius da Silva Santos,0.0,4,2.69,25,luan,6,0.0,,1.0,,,,5.0,2.0,,1.0,,,,,,,,,,,
Zé Ricardo,Z. Ricardo,102911,REM,364,0,True,https://s3.glbimg.com/v1/AUTH_58d78b787ec34892b5aaa0c7a146155f/clubes_2026/silhuetas/REM/FORMATO.png,23,3.18,José Ricardo Araújo Fernandes,11.2,4,5.78,25,ze-ricardo,7,0.84,1.0,5.0,1.0,,,36.0,35.0,6.0,6.0,27.0,,1.0,,,3.0,,,,,
Canobbio,Canobbio,102928,FLU,266,0,True,https://s3.glbimg.com/v1/AUTH_58d78b787ec34892b5aaa0c7a146155f/clubes_2026/silhuetas/FLU/FORMATO.png,17,7.37,Agustín Canobbio Graviz,15.4,5,12.17,25,canobbio,7,1.79,3.0,5.0,1.0,,,31.0,24.0,11.0,8.0,27.0,2.0,5.0,,,2.0,,,,,
Escobar,Escobar,102975,SAN,277,0,True,https://s3.glbimg.com/v1/AUTH_58d78b787ec34892b5aaa0c7a146155f/clubes_2026/silhuetas/SAN/FORMATO.png,17,6.79,Gonzalo Daniel Escobar,9.4,2,10.8,25,escobar,7,-0.13,1.0,5.0,,,,51.0,18.0,1.0,4.0,16.0,1.0,,,,1.0,1.0,,,6.0,
Gabriel Brazão,G. Brazão,103056,SAN,277,0,True,https://s3.glbimg.com/v1/AUTH_58d78b787ec34892b5aaa0c7a146155f/clubes_2026/silhuetas/SAN/FORMATO.png,20,2.95,Gabriel Nascimento Rezende Brazão - Resende,7.6,1,6.15,25,gabriel-brazao,7,0.85,,4.0,,51.0,,,,1.0,,3.0,,,,30.0,,1.0,,,5.0,
Andrew,Andrew,103183,FLA,262,0,False,https://s3.glbimg.com/v1/AUTH_58d78b787ec34892b5aaa0c7a146155f/clubes_2026/silhuetas/FLA/FORMATO.png,0,0.0,Andrew da Silva Ventura,0.0,1,3.0,25,andrew,6,0.0,,,,,,,,,,,,,,,,,,,,
Eric Ramires,E. Ramires,103295,RBB,280,0,True,https://s3.glbimg.com/v1/AUTH_58d78b787ec34892b5aaa0c7a146155f/clubes_2026/silhuetas/RBB/FORMATO.png,16,0.59,Eric dos Santos Rodrigues,0.5,4,2.2,25,eric-ramires,7,-0.16,,2.0,,,,6.0,11.0,,1.0,8.0,,,,,,,,1.0,,
Matheus Alexandre,M. Alexandre,103347,REM,364,0,False,https://s3.glbimg.com/v1/AUTH_58d78b787ec34892b5aaa0c7a146155f/clubes_2026/silhuetas/REM/FORMATO.png,11,1.92,Matheus Alexandre Anastácio de Souza,0.0,2,4.19,25,matheus-alexandre,6,0.0,,1.0,,,,5.0,4.0,,1.0,,,,,,,,,,3.0,
Emmanuel Martínez,E. Martínez,103388,VIT,287,0,True,https://s3.glbimg.com/v1/AUTH_58d78b787ec34892b5aaa0c7a146155f/clubes_2026/silhuetas/VIT/FORMATO.png,18,3.27,Leandro Emmanuel Martínez,1.2,4,5.95,25,emmanuel-martinez,7,-0.38,,6.0,,,,35.0,28.0,2.0,4.0,30.0,,,,,1.0,,,,,
Kaio Jorge,K. Jorge,103445,CRU,283,0,False,https://s3.glbimg.com/v1/AUTH_58d78b787ec34892b5aaa0c7a146155f/clubes_2026/silhuetas/CRU/FORMATO.png,18,4.47,Kaio Jorge Pinto Ramos,0.0,5,10.46,25,kaio-jorge,7,0.0,,1.0,,,,4.0,5.0,6.0,17.0,16.0,,6.0,,,6.0,,,1.0,,
Ignácio,Ignácio,103523,FLU,266,0,True,https://s3.glbimg.com/v1/AUTH_58d78b787ec34892b5aaa0c7a146155f/clubes_2026/silhuetas/FLU/FORMATO.png,12,4.48,Ignácio da Silva Oliveira,15.5,3,8.11,25,ignacio,7,1.96,,3.0,,,,18.0,9.0,,5.0,9.0,1.0,2.0,,,,,,,1.0,
Guido Herrera,G. Herrera,103562,BAH,265,0,False,https://s3.glbimg.com/v1/AUTH_58d78b787ec34892b5aaa0c7a146155f/clubes_2026/silhuetas/BAH/FORMATO.png,0,0.0,Guido Gabriel Herrera,0.0,1,6.0,25,guido-herrera,6,0.0,,,,,,,,,,,,,,,,,,,,
Ocampo,Ocampo,103626,CFC,294,0,False,https://s3.glbimg.com/v1/AUTH_58d78b787ec34892b5aaa0c7a146155f/clubes_2026/silhuetas/CFC/FORMATO.png,3,1.1,Brian Alexis Ocampo Ferreira,0.0,5,4.51,25,ocampo,5,0.0,,,,,,1.0,1.0,,2.0,1.0,,,,,,,,,,
Gabriel Menino,G. Menino,103767,SAN,277,0,False,https://s3.glbimg.com/v1/AUTH_58d78b787ec34892b5aaa0c7a146155f/clubes_2026/silhuetas/SAN/FORMATO.png,9,5.45,Gabriel Vinícius Menino,0.0,4,9.92,25,gabriel-menino,5,0.0,,2.0,,,,19.0,5.0,5.0,4.0,14.0,,1.0,,,1.0,,,,,
Bruno Santos,B. Santos,103967,MIR,2305,0,True,https://s3.glbimg.com/v1/AUTH_58d78b787ec34892b5aaa0c7a146155f/clubes_2026/silhuetas/MIR/FORMATO.png,6,1.58,Bruno Santos de Oliveira,3.1,5,3.42,25,bruno-santos,7,0.27,,,,,,2.0,9.0,3.0,5.0,4.0,,,,,4.0,,,,,
Rafael Guanaes,R. Guanaes,104027,MIR,2305,0,True,https://s3.glbimg.com/v1/AUTH_58d78b787ec34892b5aaa0c7a146155f/clubes_2026/silhuetas/MIR/FORMATO.png,22,4.13,Rafael Silva Guanaes,4.65,6,7.1,25,rafael-guanaes,7,0.08,,,,,,,,,,,,,,,,,,,,5.0
Labyad,Labyad,104036,COR,264,0,False,https://s3.glbimg.com/v1/AUTH_58d78b787ec34892b5aaa0c7a146155f/clubes_2026/silhuetas/COR/FORMATO.png,11,2.05,Zakaria Labyad,0.0,4,4.52,25,labyad,5,0.0,2.0,1.0,,,,3.0,6.0,,1.0,4.0,,1.0,,,,,,,,
Sabino,Sabino,104075,SAO,276,0,True,https://s3.glbimg.com/v1/AUTH_58d78b787ec34892b5aaa0c7a146155f/clubes_2026/silhuetas/SAO/FORMATO.png,18,3.62,José Sabino Chagas Monteiro,1.5,3,6.48,25,sabino,7,-0.09,,1.0,,,,26.0,24.0,1.0,2.0,11.0,1.0,1.0,,,,,,,3.0,
Carlos Miguel,C. Miguel,104084,PAL,275,0,True,https://s3.glbimg.com/v1/AUTH_58d78b787ec34892b5aaa0c7a146155f/clubes_2026/silhuetas/PAL/FORMATO.png,24,4.89,Carlos Miguel dos Santos Pereira,4.2,1,8.08,25,carlos-miguel,7,0.13,,3.0,,74.0,,,,,,11.0,,,,21.0,,,,,8.0,
Bruno Fuchs,B. Fuchs,104085,PAL,275,0,False,https://s3.glbimg.com/v1/AUTH_58d78b787ec34892b5aaa0c7a146155f/clubes_2026/silhuetas/PAL/FORMATO.png,7,4.21,Bruno de Lara Fuchs,0.0,3,8.5,25,bruno-fuchs,6,0.0,,,,,,7.0,5.0,,,1.0,,,,,,,,,4.0,
Lucas Arcanjo,L. Arcanjo,104118,VIT,287,0,True,https://s3.glbimg.com/v1/AUTH_58d78b787ec34892b5aaa0c7a146155f/clubes_2026/silhuetas/VIT/FORMATO.png,19,5.57,Lucas Willians Assis Arcanjo,5.8,1,9.28,25,lucas-arcanjo,7,0.15,,1.0,,70.0,2.0,,,,,,,,,27.0,,1.0,,,6.0,
Fabri,Fabri,104134,VIT,287,0,False,https://s3.glbimg.com/v1/AUTH_58d78b787ec34892b5aaa0c7a146155f/clubes_2026/silhuetas/VIT/FORMATO.png,8,2.33,Fabrício do Rosário dos Santos,0.0,5,4.67,25,fabri,6,0.0,1.0,,,,,4.0,3.0,2.0,2.0,3.0,1.0,,,,,,,,,
Edson Carioca,E. Carioca,104204,MIR,2305,0,False,https://s3.glbimg.com/v1/AUTH_58d78b787ec34892b5aaa0c7a146155f/clubes_2026/silhuetas/MIR/FORMATO.png,14,2.11,Edson Guilherme Mendes dos Santos,0.0,5,4.14,25,edson-carioca,5,0.0,,4.0,,,,12.0,15.0,2.0,8.0,7.0,,1.0,,,1.0,,,,,
João Lucas,J. Lucas,104257,REM,364,0,False,https://s3.glbimg.com/v1/AUTH_58d78b787ec34892b5aaa0c7a146155f/clubes_2026/silhuetas/REM/FORMATO.png,6,2.82,João Lucas de Almeida Carvalho,0.0,2,4.59,25,joao-lucas,6,0.0,,3.0,,,,11.0,8.0,1.0,2.0,6.0,,,,,,,,,,
Dudu,Dudu,104330,VIT,287,0,False,https://s3.glbimg.com/v1/AUTH_58d78b787ec34892b5aaa0c7a146155f/clubes_2026/silhuetas/VIT/FORMATO.png,2,3.95,Eduardo Marcelo Rodrigues Nunes,0.0,4,5.01,25,dudu,5,0.0,,,,,,,2.0,,,1.0,,1.0,,,,,,,,
Everton,Everton,104470,CHA,315,0,False,https://s3.glbimg.com/v1/AUTH_58d78b787ec34892b5aaa0c7a146155f/clubes_2026/silhuetas/CHA/FORMATO.png,18,1.95,Everton Souza da Cruz,0.0,2,4.09,25,everton,6,0.0,1.0,4.0,1.0,,,11.0,13.0,2.0,5.0,16.0,,,,,,,,,2.0,
Camilo,Camilo,104519,CHA,315,0,False,https://s3.glbimg.com/v1/AUTH_58d78b787ec34892b5aaa0c7a146155f/clubes_2026/silhuetas/CHA/FORMATO.png,19,3.03,Camilo Reijers de Oliveira,0.0,4,4.94,25,camilo,7,0.0,,6.0,,,,40.0,34.0,2.0,6.0,13.0,,,,,,,,,,
Fabrício,Fabrício,104588,RBB,280,0,False,https://s3.glbimg.com/v1/AUTH_58d78b787ec34892b5aaa0c7a146155f/clubes_2026/silhuetas/RBB/FORMATO.png,0,0.0,Fabrício Oliveira de Souza,0.0,1,2.0,25,fabricio,6,0.0,,,,,,,,,,,,,,,,,,,,
Heitor,Heitor,104649,CHA,315,0,True,https://s3.glbimg.com/v1/AUTH_58d78b787ec34892b5aaa0c7a146155f/clubes_2026/silhuetas/CHA/FORMATO.png,3,6.33,Heitor Rodrigues da Fonseca,6.7,2,7.2,25,heitor,7,0.47,,,,,,9.0,2.0,,2.0,1.0,,,,,,1.0,,,1.0,
Moisés,Moisés,104666,SAN,277,0,False,https://s3.glbimg.com/v1/AUTH_58d78b787ec34892b5aaa0c7a146155f/clubes_2026/silhuetas/SAN/FORMATO.png,13,2.35,Moisés Vieira da Veiga,0.0,5,4.78,25,moises,6,0.0,1.0,,,,,2.0,5.0,4.0,,5.0,,2.0,,,,,,1.0,,
Newton,Newton,104693,SAO,276,0,False,https://s3.glbimg.com/v1/AUTH_58d78b787ec34892b5aaa0c7a146155f/clubes_2026/silhuetas/SAO/FORMATO.png,9,1.92,Newton Araújo da Costa Júnior,0.0,4,4.11,25,newton,5,0.0,,2.0,,,,10.0,5.0,1.0,2.0,6.0,,,,,,,,,,
Enzo Díaz,E. Díaz,104758,SAO,276,0,False,https://s3.glbimg.com/v1/AUTH_58d78b787ec34892b5aaa0c7a146155f/clubes_2026/silhuetas/SAO/FORMATO.png,13,3.9,Enzo Hernán Díaz,0.0,2,9.04,25,enzo-diaz,6,0.0,1.0,7.0,,,,28.0,23.0,2.0,3.0,16.0,,,,,2.0,,,,1.0,
Acevedo,Acevedo,104783,BAH,265,0,True,https://s3.glbimg.com/v1/AUTH_58d78b787ec34892b5aaa0c7a146155f/clubes_2026/silhuetas/BAH/FORMATO.png,22,5.33,Nicolás Brian Acevedo Tabárez,13.2,4,8.68,25,acevedo,7,1.17,1.0,6.0,,,,62.0,46.0,6.0,6.0,26.0,2.0,1.0,,,,,,,,
Sebastián Gómez,S. Gómez,104811,CFC,294,0,True,https://s3.glbimg.com/v1/AUTH_58d78b787ec34892b5aaa0c7a146155f/clubes_2026/silhuetas/CFC/FORMATO.png,21,2.76,Sebastián Gómez Londoño,6.5,4,4.78,25,sebastian-gomez,7,0.04,1.0,3.0,,,,29.0,28.0,4.0,7.0,21.0,,,,,,,,,,
Wagner Leonardo,W. Leonardo,104994,GRE,284,0,False,https://s3.glbimg.com/v1/AUTH_58d78b787ec34892b5aaa0c7a146155f/clubes_2026/silhuetas/GRE/FORMATO.png,10,2.5,Wagner Leonardo Calvelo de Souza,0.0,3,5.23,25,wagner-leonardo,6,0.0,,1.0,1.0,,,13.0,10.0,,2.0,2.0,,,,,1.0,,,,2.0,
João Marcelo,J. Marcelo,105047,CRU,283,0,True,https://s3.glbimg.com/v1/AUTH_58d78b787ec34892b5aaa0c7a146155f/clubes_2026/silhuetas/CRU/FORMATO.png,10,2.17,João Marcelo Messias Ferreira,1.2,3,3.9,25,joao-marcelo,2,0.29,,2.0,,,,7.0,11.0,,,7.0,,1.0,,,,,,,1.0,
Jajá,Jajá,105048,REM,364,0,False,https://s3.glbimg.com/v1/AUTH_58d78b787ec34892b5aaa0c7a146155f/clubes_2026/silhuetas/REM/FORMATO.png,20,5.74,Jandir Breno Souza Silva,0.0,5,8.11,25,jaja,5,0.0,1.0,2.0,1.0,,,22.0,15.0,10.0,10.0,21.0,,7.0,,,4.0,,,,,
Reinier,Reinier,105068,CAM,282,0,True,https://s3.glbimg.com/v1/AUTH_58d78b787ec34892b5aaa0c7a146155f/clubes_2026/silhuetas/CAM/FORMATO.png,17,3.68,Reinier Jesus Carvalho,15.1,4,6.4,25,reinier,7,1.01,2.0,1.0,,,,7.0,9.0,8.0,6.0,9.0,1.0,3.0,,,,,,,,
Tetê,Tetê,105089,GRE,284,0,True,https://s3.glbimg.com/v1/AUTH_58d78b787ec34892b5aaa0c7a146155f/clubes_2026/silhuetas/GRE/FORMATO.png,18,3.58,Mateus Cardoso Lemos Martins,1.1,5,8.43,25,tete,6,-0.3,,1.0,,,,15.0,9.0,8.0,13.0,14.0,1.0,2.0,,,1.0,,,,,
Villagra,Villagra,105157,INT,285,0,False,https://s3.glbimg.com/v1/AUTH_58d78b787ec34892b5aaa0c7a146155f/clubes_2026/silhuetas/INT/FORMATO.png,18,2.03,Rodrigo Román Villagra,0.0,4,5.15,25,villagra,7,0.0,,2.0,,,,20.0,27.0,3.0,5.0,18.0,,,,,,,,,,
Khellven,Khellven,105175,PAL,275,0,True,https://s3.glbimg.com/v1/AUTH_58d78b787ec34892b5aaa0c7a146155f/clubes_2026/silhuetas/PAL/FORMATO.png,17,2.69,Khellven Douglas Silva Oliveira,0.8,2,4.91,25,khellven,6,-0.17,,3.0,,,,19.0,15.0,,3.0,7.0,1.0,,1.0,,,1.0,,,4.0,
Sant'Anna,Sant'Anna,105213,RBB,280,0,True,https://s3.glbimg.com/v1/AUTH_58d78b787ec34892b5aaa0c7a146155f/clubes_2026/silhuetas/RBB/FORMATO.png,10,6.2,Ariel Agustín Sant'Anna Quintero,5.2,2,9.0,25,sant-anna,3,0.17,2.0,3.0,,,,13.0,9.0,3.0,3.0,5.0,,,,,3.0,,,,6.0,
Santi Rodríguez,S. Rodríguez,105214,BOT,263,0,False,https://s3.glbimg.com/v1/AUTH_58d78b787ec34892b5aaa0c7a146155f/clubes_2026/silhuetas/BOT/FORMATO.png,12,3.34,Santiago Mariano Rodríguez Molina,0.0,4,8.12,25,santi-rodriguez,6,0.0,,1.0,,,,11.0,10.0,,,17.0,1.0,2.0,,,,,,,,
Ferraresi,Ferraresi,105300,BOT,263,0,True,https://s3.glbimg.com/v1/AUTH_58d78b787ec34892b5aaa0c7a146155f/clubes_2026/silhuetas/BOT/FORMATO.png,19,3.31,Nahuel Adolfo Ferraresi Hernández,6.1,3,6.58,25,ferraresi,7,-0.55,,4.0,,,,32.0,20.0,2.0,3.0,11.0,,1.0,1.0,,2.0,,,,2.0,
Carrascal,Carrascal,105436,FLA,262,0,True,https://s3.glbimg.com/v1/AUTH_58d78b787ec34892b5aaa0c7a146155f/clubes_2026/silhuetas/FLA/FORMATO.png,17,6.68,Jorge Andrés Carrascal Guardo,13.7,4,12.1,25,carrascal,7,1.17,5.0,1.0,2.0,,,23.0,10.0,6.0,11.0,20.0,2.0,4.0,,,,,,,,
Renan Peixoto,R. Peixoto,105518,CAP,293,0,False,https://s3.glbimg.com/v1/AUTH_58d78b787ec34892b5aaa0c7a146155f/clubes_2026/silhuetas/CAP/FORMATO.png,8,0.75,Renan Peixoto Nepomuceno,0.0,5,2.51,25,renan-peixoto,6,0.0,,,,,,1.0,4.0,,1.0,4.0,1.0,,,,1.0,,,,,
Matheus Bidu,M. Bidu,105531,COR,264,0,True,https://s3.glbimg.com/v1/AUTH_58d78b787ec34892b5aaa0c7a146155f/clubes_2026/silhuetas/COR/FORMATO.png,18,7.39,Matheus Lima Beltrão Oliveira Valin,3.8,2,12.06,25,matheus-bidu,7,-0.26,1.0,4.0,,,,38.0,23.0,1.0,9.0,48.0,,2.0,,,6.0,1.0,,,7.0,
Carlos Vinícius,C. Vinícius,105563,GRE,284,0,True,https://s3.glbimg.com/v1/AUTH_58d78b787ec34892b5aaa0c7a146155f/clubes_2026/silhuetas/GRE/FORMATO.png,22,4.94,Carlos Vinícius Alves Morais,1.3,5,12.74,25,carlos-vinicius,7,-0.06,1.0,4.0,,,,6.0,26.0,11.0,11.0,23.0,1.0,9.0,,,18.0,,,,,
Lucas Piton,L. Piton,105584,VAS,267,0,True,https://s3.glbimg.com/v1/AUTH_58d78b787ec34892b5aaa0c7a146155f/clubes_2026/silhuetas/VAS/FORMATO.png,16,2.4,Lucas Piton Crivellaro,7.9,2,5.91,25,lucas-piton,7,0.81,1.0,,,,,16.0,12.0,3.0,3.0,4.0,,,,,1.0,,,,1.0,
Maurício,Maurício,105647,PAL,275,0,True,https://s3.glbimg.com/v1/AUTH_58d78b787ec34892b5aaa0c7a146155f/clubes_2026/silhuetas/PAL/FORMATO.png,22,4.56,Maurício Magalhães Prado,9.5,4,8.08,25,mauricio,7,0.15,1.0,2.0,,,,12.0,16.0,9.0,11.0,18.0,,7.0,,,2.0,,,,,
Edu,Edu,105842,VIT,287,0,False,https://s3.glbimg.com/v1/AUTH_58d78b787ec34892b5aaa0c7a146155f/clubes_2026/silhuetas/VIT/FORMATO.png,1,1.5,Lucas Eduardo Ribeiro de Souza,0.0,3,4.13,25,edu,5,0.0,,,,,,1.0,,,,,,,,,,,,,,
Edson Fernando,E. Fernando,105901,REM,364,0,False,https://s3.glbimg.com/v1/AUTH_58d78b787ec34892b5aaa0c7a146155f/clubes_2026/silhuetas/REM/FORMATO.png,1,-0.3,Edson Fernando da Silva Gomes,0.0,4,2.62,25,edson-fernando,5,0.0,,,,,,,1.0,,,,,,,,,,,,,
Aldo Filho,A. Filho,105903,MIR,2305,0,False,https://s3.glbimg.com/v1/AUTH_58d78b787ec34892b5aaa0c7a146155f/clubes_2026/silhuetas/MIR/FORMATO.png,15,2.09,José Aldo Soares de Oliveira Filho,0.0,4,3.8,25,aldo-filho,5,0.0,1.0,7.0,,,,18.0,20.0,3.0,6.0,8.0,,,,,1.0,,,,,
Rochet,Rochet,105949,INT,285,0,False,https://s3.glbimg.com/v1/AUTH_58d78b787ec34892b5aaa0c7a146155f/clubes_2026/silhuetas/INT/FORMATO.png,11,3.33,Sergio Ramón Rochet Álvarez,0.0,1,6.28,25,rochet,5,0.0,,1.0,,22.0,,3.0,,,,1.0,,,,11.0,,,,,3.0,
Santiago Mingo,S. Mingo,105990,BAH,265,0,True,https://s3.glbimg.com/v1/AUTH_58d78b787ec34892b5aaa0c7a146155f/clubes_2026/silhuetas/BAH/FORMATO.png,22,2.51,Santiago Martín Ramos Mingo,-0.3,3,4.26,25,santiago-mingo,7,-1.24,,3.0,,,,11.0,14.0,3.0,2.0,14.0,1.0,,1.0,,1.0,1.0,,,7.0,
Coronel,Coronel,106028,SAO,276,0,False,https://s3.glbimg.com/v1/AUTH_58d78b787ec34892b5aaa0c7a146155f/clubes_2026/silhuetas/SAO/FORMATO.png,0,0.0,Carlos Miguel Coronel,0.0,1,5.0,25,coronel,6,0.0,,,,,,,,,,,,,,,,,,,,
Enamorado,Enamorado,106104,GRE,284,0,True,https://s3.glbimg.com/v1/AUTH_58d78b787ec34892b5aaa0c7a146155f/clubes_2026/silhuetas/GRE/FORMATO.png,19,3.4,José David Enamorado Gómez,5.0,5,7.12,25,enamorado,7,0.44,3.0,3.0,,,,21.0,15.0,3.0,8.0,25.0,1.0,,,,2.0,,,,,
Gabriel Pec,G. Pec,106199,CRU,283,0,False,https://s3.glbimg.com/v1/AUTH_58d78b787ec34892b5aaa0c7a146155f/clubes_2026/silhuetas/CRU/FORMATO.png,1,4.1,Gabriel Fortes Chaves,0.0,5,7.94,25,gabriel-pec,5,0.0,,,,,,1.0,1.0,1.0,1.0,2.0,,,,,1.0,,,,,
Bruno Gomes,B. Gomes,106202,INT,285,0,False,https://s3.glbimg.com/v1/AUTH_58d78b787ec34892b5aaa0c7a146155f/clubes_2026/silhuetas/INT/FORMATO.png,24,3.63,Bruno Gomes da Silva Clevelário,0.0,4,7.32,25,bruno-gomes,7,0.0,,3.0,,,,45.0,26.0,1.0,7.0,41.0,1.0,,,,,,,,,
Marcos Antônio,M. Antônio,106294,SAO,276,0,True,https://s3.glbimg.com/v1/AUTH_58d78b787ec34892b5aaa0c7a146155f/clubes_2026/silhuetas/SAO/FORMATO.png,18,2.75,Marcos Antônio Silva Santos,6.0,4,6.58,25,marcos-antonio,7,0.55,2.0,1.0,,,,18.0,13.0,4.0,5.0,17.0,,,,,2.0,,,,,
Preciado,Preciado,106302,CAM,282,0,True,https://s3.glbimg.com/v1/AUTH_58d78b787ec34892b5aaa0c7a146155f/clubes_2026/silhuetas/CAM/FORMATO.png,11,4.38,Ángelo Smit Preciado Quiñónez,5.1,2,7.65,25,preciado,7,0.22,1.0,4.0,,,,17.0,19.0,1.0,4.0,16.0,,,,,,,,,3.0,
Domingos Duarte,D. Duarte,106313,SAO,276,0,True,https://s3.glbimg.com/v1/AUTH_58d78b787ec34892b5aaa0c7a146155f/clubes_2026/silhuetas/SAO/FORMATO.png,3,4.93,Domingos de Sousa Coutinho Meneses Duarte,7.2,3,7.32,25,domingos-duarte,7,1.07,,,,,,8.0,2.0,2.0,,2.0,,,,,,,,,,
Caio Alexandre,C. Alexandre,106323,BAH,265,0,True,https://s3.glbimg.com/v1/AUTH_58d78b787ec34892b5aaa0c7a146155f/clubes_2026/silhuetas/BAH/FORMATO.png,14,1.0,Caio Alexandre Souza e Silva,0.0,4,3.53,25,caio-alexandre,6,-0.05,,1.0,,,,8.0,14.0,,1.0,13.0,,,,,,,,,,
Eduardo Santos,E. Santos,106434,RBB,280,0,False,https://s3.glbimg.com/v1/AUTH_58d78b787ec34892b5aaa0c7a146155f/clubes_2026/silhuetas/RBB/FORMATO.png,3,1.4,Eduardo Gonzaga Mendes Santos,0.0,3,4.6,25,eduardo-santos,6,0.0,,,,,,1.0,1.0,,,,1.0,,,,,,,,,
Villalba,Villalba,106593,CRU,283,0,False,https://s3.glbimg.com/v1/AUTH_58d78b787ec34892b5aaa0c7a146155f/clubes_2026/silhuetas/CRU/FORMATO.png,13,2.97,Lucas Hernán Villalba,0.0,3,7.52,25,villalba,7,0.0,2.0,2.0,,,,11.0,15.0,1.0,2.0,4.0,,,,,1.0,1.0,,,3.0,
Igor Formiga,I. Formiga,106708,MIR,2305,0,True,https://s3.glbimg.com/v1/AUTH_58d78b787ec34892b5aaa0c7a146155f/clubes_2026/silhuetas/MIR/FORMATO.png,19,4.79,Igor Marques Paciência Cardoso,4.4,2,7.72,25,igor-formiga,7,-0.56,1.0,2.0,,,,41.0,30.0,1.0,9.0,6.0,,3.0,,,,,,,,
Rodrigo Nestor,R. Nestor,106822,BAH,265,0,True,https://s3.glbimg.com/v1/AUTH_58d78b787ec34892b5aaa0c7a146155f/clubes_2026/silhuetas/BAH/FORMATO.png,17,3.54,Rodrigo Nestor Bertalia,5.7,4,5.91,25,rodrigo-nestor,7,0.63,2.0,4.0,,,,20.0,18.0,6.0,21.0,11.0,,,,,1.0,,,,,
Borrero,Borrero,106843,CHA,315,0,True,https://s3.glbimg.com/v1/AUTH_58d78b787ec34892b5aaa0c7a146155f/clubes_2026/silhuetas/CHA/FORMATO.png,2,1.5,Dylan Felipe Borrero Caicedo,0.0,4,4.04,25,borrero,7,-0.65,,,,,,2.0,,,,,,,,,,,,,,
Rafael Lacerda,R. Lacerda,106907,CHA,315,0,True,https://s3.glbimg.com/v1/AUTH_58d78b787ec34892b5aaa0c7a146155f/clubes_2026/silhuetas/CHA/FORMATO.png,6,5.28,Rafael dos Santos Lacerda,6.21,6,8.49,25,rafael-lacerda,7,-0.18,,,,,,,,,,,,,,,,,,,,1.0
Fernando,Fernando,106950,CHA,315,0,True,https://s3.glbimg.com/v1/AUTH_58d78b787ec34892b5aaa0c7a146155f/clubes_2026/silhuetas/CHA/FORMATO.png,5,3.46,Fernando Augusto Pereira Bueno Júnior,0.5,2,4.71,25,fernando,7,-0.79,,,,,,7.0,4.0,,,6.0,,,,,,,,,1.0,
Yuri Sena,Y. Sena,107075,VIT,287,0,False,https://s3.glbimg.com/v1/AUTH_58d78b787ec34892b5aaa0c7a146155f/clubes_2026/silhuetas/VIT/FORMATO.png,0,0.0,Yuri Sena dos Reis Batista,0.0,1,1.0,25,yuri-sena,6,0.0,,,,,,,,,,,,,,,,,,,,
Luciano Juba,L. Juba,107093,BAH,265,0,True,https://s3.glbimg.com/v1/AUTH_58d78b787ec34892b5aaa0c7a146155f/clubes_2026/silhuetas/BAH/FORMATO.png,21,6.9,Luciano Batista da Silva Júnior,1.0,2,10.4,25,luciano-juba,7,-1.59,1.0,2.0,,,,24.0,15.0,6.0,7.0,15.0,1.0,7.0,,,,,1.0,,7.0,
Michel Araújo,M. Araújo,107173,BAH,265,0,True,https://s3.glbimg.com/v1/AUTH_58d78b787ec34892b5aaa0c7a146155f/clubes_2026/silhuetas/BAH/FORMATO.png,17,1.09,Michel Daryl Araújo Villar,-1.3,4,2.38,25,michel-araujo,6,-0.99,1.0,1.0,1.0,,,8.0,12.0,2.0,5.0,6.0,,,,,3.0,,,,,
Max,Max,107203,CHA,315,0,False,https://s3.glbimg.com/v1/AUTH_58d78b787ec34892b5aaa0c7a146155f/clubes_2026/silhuetas/CHA/FORMATO.png,2,1.85,Max Alves da Silva,0.0,4,4.39,25,max,5,0.0,,,,,,2.0,2.0,,1.0,1.0,,,,,,,,,,
Danilo,Danilo,107231,BOT,263,0,True,https://s3.glbimg.com/v1/AUTH_58d78b787ec34892b5aaa0c7a146155f/clubes_2026/silhuetas/BOT/FORMATO.png,16,7.8,Danilo dos Santos de Oliveira,4.0,4,13.96,25,danilo,7,-0.23,2.0,1.0,,,,26.0,9.0,6.0,11.0,9.0,1.0,7.0,,,,,,,,
Vanderlan,Vanderlan,107236,RBB,280,0,False,https://s3.glbimg.com/v1/AUTH_58d78b787ec34892b5aaa0c7a146155f/clubes_2026/silhuetas/RBB/FORMATO.png,1,-0.3,Vanderlan Barbosa da Silva,0.0,2,4.41,25,vanderlan,5,0.0,,1.0,,,,,1.0,,,,,,,,,,,,,
Zé Vitor,Z. Vitor,107256,VIT,287,0,False,https://s3.glbimg.com/v1/AUTH_58d78b787ec34892b5aaa0c7a146155f/clubes_2026/silhuetas/VIT/FORMATO.png,14,4.35,Jose Vitor Silva Neves,0.0,4,6.25,25,ze-vitor,7,0.0,,4.0,,,,30.0,27.0,1.0,11.0,22.0,,1.0,,,,1.0,,,,
Alex Bruno,A. Bruno,107300,VIT,287,0,True,https://s3.glbimg.com/v1/AUTH_58d78b787ec34892b5aaa0c7a146155f/clubes_2026/silhuetas/VIT/FORMATO.png,1,1.3,Alex Bruno da Costa Lima,1.3,5,4.03,25,alex-bruno,6,0.03,,,,,,,,,1.0,1.0,,,,,,,,,,
João Paulo,J. Paulo,107453,CHA,315,0,False,https://s3.glbimg.com/v1/AUTH_58d78b787ec34892b5aaa0c7a146155f/clubes_2026/silhuetas/CHA/FORMATO.png,6,3.3,João Paulo Silveira dos Santos,0.0,3,4.8,25,joao-paulo,5,0.0,1.0,2.0,,,,6.0,11.0,,2.0,3.0,,1.0,,,,,,,,
Ênio,Ênio,107516,CHA,315,0,True,https://s3.glbimg.com/v1/AUTH_58d78b787ec34892b5aaa0c7a146155f/clubes_2026/silhuetas/CHA/FORMATO.png,13,2.77,Sebastião Ênio Santos de Almeida,0.8,5,4.84,25,enio,6,-0.2,,2.0,,,,4.0,9.0,4.0,7.0,27.0,1.0,1.0,,,3.0,,,,,
Natanael,Natanael,107554,CAM,282,0,True,https://s3.glbimg.com/v1/AUTH_58d78b787ec34892b5aaa0c7a146155f/clubes_2026/silhuetas/CAM/FORMATO.png,15,4.57,Natanael Moreira Milouski,0.0,2,7.79,25,natanael,7,-0.88,2.0,,1.0,,,22.0,14.0,2.0,4.0,25.0,,,,,4.0,,,,3.0,
Eduardo Melo,E. Melo,107700,REM,364,0,False,https://s3.glbimg.com/v1/AUTH_58d78b787ec34892b5aaa0c7a146155f/clubes_2026/silhuetas/REM/FORMATO.png,1,1.4,Eduardo de Queiroz Melo,0.0,5,2.13,25,eduardo-melo,6,0.0,,,,,,1.0,,,,,,,,,1.0,,,,,
Praxedes,Praxedes,107744,RBB,280,0,False,https://s3.glbimg.com/v1/AUTH_58d78b787ec34892b5aaa0c7a146155f/clubes_2026/silhuetas/RBB/FORMATO.png,0,0.0,Bruno Conceição Praxedes,0.0,4,4.0,25,praxedes,6,0.0,,,,,,,,,,,,,,,,,,,,
Fintelman,Fintelman,107859,VIT,287,0,False,https://s3.glbimg.com/v1/AUTH_58d78b787ec34892b5aaa0c7a146155f/clubes_2026/silhuetas/VIT/FORMATO.png,0,0.0,Alexandre Fintelman de Mello Ribeiro da Silva,0.0,1,2.0,25,fintelman,6,0.0,,,,,,,,,,,,,,,,,,,,
Bobadilla,Bobadilla,107873,SAO,276,0,False,https://s3.glbimg.com/v1/AUTH_58d78b787ec34892b5aaa0c7a146155f/clubes_2026/silhuetas/SAO/FORMATO.png,16,3.94,Damián Josué Bobadilla Benítez,0.0,4,8.06,25,bobadilla,5,0.0,2.0,3.0,,,,31.0,20.0,6.0,3.0,6.0,1.0,,,,1.0,,,,,
Hugo,Hugo,107908,COR,264,0,False,https://s3.glbimg.com/v1/AUTH_58d78b787ec34892b5aaa0c7a146155f/clubes_2026/silhuetas/COR/FORMATO.png,0,0.0,Hugo Ferreira de Farias,0.0,2,4.0,25,hugo,6,0.0,,,,,,,,,,,,,,,,,,,,
Terán,Terán,107985,CAP,293,0,False,https://s3.glbimg.com/v1/AUTH_58d78b787ec34892b5aaa0c7a146155f/clubes_2026/silhuetas/CAP/FORMATO.png,13,4.09,Carlos Terán Díaz,0.0,3,6.98,25,teran,6,0.0,,,,,,15.0,10.0,3.0,2.0,7.0,,,,,,,,,5.0,
Carbonero,Carbonero,107989,INT,285,0,True,https://s3.glbimg.com/v1/AUTH_58d78b787ec34892b5aaa0c7a146155f/clubes_2026/silhuetas/INT/FORMATO.png,24,5.04,Johan Stiven Carbonero Balanta,0.2,5,8.13,25,carbonero,7,-0.2,3.0,3.0,,,,9.0,26.0,13.0,22.0,47.0,,6.0,,,14.0,,,,,
Garcez,Garcez,108131,CHA,315,0,True,https://s3.glbimg.com/v1/AUTH_58d78b787ec34892b5aaa0c7a146155f/clubes_2026/silhuetas/CHA/FORMATO.png,10,3.05,Maurício Garcez de Jesus,14.0,5,5.66,25,garcez,6,1.56,,,,,,7.0,7.0,3.0,7.0,10.0,,1.0,,,1.0,,,,,
Isidro Pitta,I. Pitta,108133,RBB,280,0,True,https://s3.glbimg.com/v1/AUTH_58d78b787ec34892b5aaa0c7a146155f/clubes_2026/silhuetas/RBB/FORMATO.png,22,3.55,Isidro Miguel Pitta Saldívar,-1.2,5,4.94,25,isidro-pitta,3,-0.56,2.0,3.0,,,,2.0,25.0,7.0,27.0,13.0,1.0,5.0,,,11.0,,1.0,1.0,,
Nardoni,Nardoni,108162,GRE,284,0,False,https://s3.glbimg.com/v1/AUTH_58d78b787ec34892b5aaa0c7a146155f/clubes_2026/silhuetas/GRE/FORMATO.png,14,1.93,Juan Ignacio Martín Nardoni,0.0,4,5.95,25,nardoni,5,0.0,,2.0,,,,10.0,18.0,1.0,4.0,14.0,,1.0,,,1.0,,,,,
Anthony Valencia,A. Valencia,108602,FLA,262,0,False,https://s3.glbimg.com/v1/AUTH_58d78b787ec34892b5aaa0c7a146155f/clubes_2026/silhuetas/FLA/FORMATO.png,0,0.0,Anthony Lenín Valencia Bajaña,0.0,5,6.0,25,anthony-valencia,6,0.0,,,,,,,,,,,,,,,,,,,,
Emiliano Martínez,E. Martínez,108683,PAL,275,0,False,https://s3.glbimg.com/v1/AUTH_58d78b787ec34892b5aaa0c7a146155f/clubes_2026/silhuetas/PAL/FORMATO.png,12,2.26,Emiliano Martínez Toranza,0.0,4,4.35,25,emiliano-martinez,6,0.0,,1.0,,,,17.0,7.0,2.0,1.0,3.0,,,,,,,,,,
Galeano,Galeano,108713,REM,364,0,True,https://s3.glbimg.com/v1/AUTH_58d78b787ec34892b5aaa0c7a146155f/clubes_2026/silhuetas/REM/FORMATO.png,13,1.71,Antonio Javier Galeano Ferreira,8.1,5,5.31,25,galeano,7,1.15,,1.0,,,,5.0,3.0,5.0,6.0,12.0,,,,,2.0,,,,,
Victor Sá,V. Sá,108946,SAO,276,0,False,https://s3.glbimg.com/v1/AUTH_58d78b787ec34892b5aaa0c7a146155f/clubes_2026/silhuetas/SAO/FORMATO.png,4,2.7,João Victor Santos Sá,0.0,5,6.08,25,victor-sa,5,0.0,1.0,,,,,3.0,3.0,1.0,,2.0,,,,,,,,,,
Plata,Plata,109096,FLA,262,0,False,https://s3.glbimg.com/v1/AUTH_58d78b787ec34892b5aaa0c7a146155f/clubes_2026/silhuetas/FLA/FORMATO.png,13,6.65,Gonzalo Jordy Plata Jiménez,0.0,5,10.54,25,plata,6,0.0,2.0,2.0,,,,24.0,7.0,10.0,5.0,13.0,2.0,2.0,,,,,,,,
Jovane Cabral,J. Cabral,109097,GRE,284,0,False,https://s3.glbimg.com/v1/AUTH_58d78b787ec34892b5aaa0c7a146155f/clubes_2026/silhuetas/GRE/FORMATO.png,3,3.47,Jovane Eduardo Borges Cabral,0.0,5,7.61,25,jovane-cabral,6,0.0,1.0,,,,,2.0,2.0,1.0,1.0,2.0,,,,,,,,,,
Matheus Nascimento,M. Nascimento,109114,GRE,284,0,False,https://s3.glbimg.com/v1/AUTH_58d78b787ec34892b5aaa0c7a146155f/clubes_2026/silhuetas/GRE/FORMATO.png,0,0.0,Matheus Nascimento de Paula,0.0,5,4.0,25,matheus-nascimento,6,0.0,,,,,,,,,,,,,,,,,,,,
Tiago Cóser,T. Cóser,109127,CFC,294,0,True,https://s3.glbimg.com/v1/AUTH_58d78b787ec34892b5aaa0c7a146155f/clubes_2026/silhuetas/CFC/FORMATO.png,22,2.77,Tiago Cóser,-0.6,3,3.35,25,tiago-coser,7,-0.31,,3.0,1.0,,,10.0,25.0,,2.0,8.0,,3.0,,,,,,,6.0,
Rafael Carvalheira,R. Carvalheira,109336,CHA,315,0,False,https://s3.glbimg.com/v1/AUTH_58d78b787ec34892b5aaa0c7a146155f/clubes_2026/silhuetas/CHA/FORMATO.png,14,2.72,Rafael dos Santos Carvalheira Natividade,0.0,4,5.7,25,rafael-carvalheira,5,0.0,,2.0,,,,15.0,19.0,2.0,5.0,4.0,,2.0,,,1.0,1.0,,,,
Erick Pulga,E. Pulga,109401,BAH,265,0,True,https://s3.glbimg.com/v1/AUTH_58d78b787ec34892b5aaa0c7a146155f/clubes_2026/silhuetas/BAH/FORMATO.png,23,4.61,Erick da Costa Farias,21.7,5,10.03,25,erick-pulga,7,2.11,2.0,5.0,,,,24.0,24.0,13.0,7.0,46.0,1.0,3.0,,,12.0,1.0,,3.0,,
Calebe,Calebe,109461,INT,285,0,True,https://s3.glbimg.com/v1/AUTH_58d78b787ec34892b5aaa0c7a146155f/clubes_2026/silhuetas/INT/FORMATO.png,3,0.83,Calebe Gonçalves Ferreira da Silva,0.2,4,4.65,25,calebe,6,-0.76,,,,,,,1.0,,1.0,4.0,,,,,,,,,,
Martinelli,Martinelli,109573,FLU,266,0,True,https://s3.glbimg.com/v1/AUTH_58d78b787ec34892b5aaa0c7a146155f/clubes_2026/silhuetas/FLU/FORMATO.png,17,2.27,Matheus Martinelli Lima,2.9,4,5.5,25,martinelli,7,-0.45,2.0,4.0,,,,14.0,26.0,6.0,9.0,10.0,,,,,,,,,,
Medina,Medina,109987,BOT,263,0,True,https://s3.glbimg.com/v1/AUTH_58d78b787ec34892b5aaa0c7a146155f/clubes_2026/silhuetas/BOT/FORMATO.png,15,3.55,Cristian Nicolás Medina,0.0,4,6.31,25,medina,7,-0.54,,3.0,1.0,,,25.0,16.0,1.0,6.0,23.0,,1.0,,,,,,1.0,,
Spinelli,Spinelli,110144,VAS,267,0,False,https://s3.glbimg.com/v1/AUTH_58d78b787ec34892b5aaa0c7a146155f/clubes_2026/silhuetas/VAS/FORMATO.png,15,3.05,Claudio Paul Spinelli,0.0,5,5.75,25,spinelli,7,0.0,,,,,,9.0,16.0,9.0,13.0,10.0,1.0,1.0,,,,,,,,
Bernabei,Bernabei,110426,INT,285,0,True,https://s3.glbimg.com/v1/AUTH_58d78b787ec34892b5aaa0c7a146155f/clubes_2026/silhuetas/INT/FORMATO.png,22,6.35,Alexandro Ezequiel Bernabei,7.3,2,10.2,25,bernabei,3,-0.33,1.0,6.0,1.0,,,31.0,41.0,11.0,27.0,24.0,1.0,4.0,,,9.0,1.0,,,6.0,
Abel Ferreira,A. Ferreira,110506,PAL,275,0,True,https://s3.glbimg.com/v1/AUTH_58d78b787ec34892b5aaa0c7a146155f/clubes_2026/silhuetas/PAL/FORMATO.png,25,6.62,Abel Fernando Moreira Ferreira,4.69,6,11.62,25,abel-ferreira,7,-0.79,,,,,,,,,,,,,,,,,,,,15.0
Aguirre,Aguirre,110510,INT,285,0,True,https://s3.glbimg.com/v1/AUTH_58d78b787ec34892b5aaa0c7a146155f/clubes_2026/silhuetas/INT/FORMATO.png,17,3.9,Braian Nahuel Aguirre,2.7,2,5.67,25,aguirre,6,-0.85,1.0,2.0,,,,20.0,17.0,3.0,7.0,3.0,,1.0,,,2.0,,,,4.0,
Marino Hinestroza,M. Hinestroza,110598,VAS,267,0,True,https://s3.glbimg.com/v1/AUTH_58d78b787ec34892b5aaa0c7a146155f/clubes_2026/silhuetas/VAS/FORMATO.png,12,1.43,Marino Hinestroza Angulo,0.0,5,4.92,25,marino-hinestroza,6,-0.14,,,,,,5.0,6.0,,3.0,12.0,1.0,,,,,,,,,
Vinícius Balieiro,V. Balieiro,110605,CHA,315,0,False,https://s3.glbimg.com/v1/AUTH_58d78b787ec34892b5aaa0c7a146155f/clubes_2026/silhuetas/CHA/FORMATO.png,5,1.84,Vinícius Balieiro Lourenço de Carvalho,0.0,4,3.62,25,vinicius-balieiro,6,0.0,,,,,,5.0,1.0,,,4.0,,,,,,,,,,
Gustavo,Gustavo,110633,CFC,294,0,False,https://s3.glbimg.com/v1/AUTH_58d78b787ec34892b5aaa0c7a146155f/clubes_2026/silhuetas/CFC/FORMATO.png,4,0.9,Gustavo Silva de Oliveira,0.0,4,3.3,25,gustavo,6,0.0,,,,,,1.0,,,2.0,1.0,,,,,,,,,,
Esquivel,Esquivel,110668,CAP,293,0,False,https://s3.glbimg.com/v1/AUTH_58d78b787ec34892b5aaa0c7a146155f/clubes_2026/silhuetas/CAP/FORMATO.png,14,4.88,Lucas Ángel Esquivel,0.0,2,7.9,25,esquivel,5,0.0,3.0,1.0,1.0,,,19.0,27.0,1.0,6.0,12.0,,,,,,,,,5.0,
Mycael,Mycael,110698,CAP,293,0,False,https://s3.glbimg.com/v1/AUTH_58d78b787ec34892b5aaa0c7a146155f/clubes_2026/silhuetas/CAP/FORMATO.png,1,7.6,Mycael Pontes Moreira,0.0,1,7.46,25,mycael,6,0.0,,1.0,,2.0,,,,,,,,,,,,,,,1.0,
Pedro Rangel,P. Rangel,110708,CFC,294,0,False,https://s3.glbimg.com/v1/AUTH_58d78b787ec34892b5aaa0c7a146155f/clubes_2026/silhuetas/CFC/FORMATO.png,17,4.67,Pedro Felipe de Faria Rangel,0.0,1,7.48,25,pedro-rangel,6,0.0,,1.0,,53.0,,1.0,,,,4.0,,,,22.0,,,,,6.0,
Andrés Hurtado,A. Hurtado,110715,RBB,280,0,False,https://s3.glbimg.com/v1/AUTH_58d78b787ec34892b5aaa0c7a146155f/clubes_2026/silhuetas/RBB/FORMATO.png,14,3.51,José Andrés Hurtado Cheme,0.0,2,5.43,25,andres-hurtado,7,0.0,,2.0,,,,11.0,9.0,1.0,7.0,5.0,,1.0,,,,,,,4.0,
Gustavo Marques,G. Marques,110750,RBB,280,0,True,https://s3.glbimg.com/v1/AUTH_58d78b787ec34892b5aaa0c7a146155f/clubes_2026/silhuetas/RBB/FORMATO.png,20,4.66,Gustavo Marques Alves dos Santos,2.5,3,7.18,25,gustavo-marques,7,-1.42,,3.0,,,,23.0,14.0,4.0,7.0,15.0,,1.0,,,1.0,,,,8.0,
John Kennedy,J. Kennedy,110759,FLU,266,0,False,https://s3.glbimg.com/v1/AUTH_58d78b787ec34892b5aaa0c7a146155f/clubes_2026/silhuetas/FLU/FORMATO.png,17,7.3,John Kennedy Batista de Souza,0.0,5,10.92,25,john-kennedy,5,0.0,1.0,,,,,13.0,19.0,16.0,9.0,8.0,1.0,9.0,,,2.0,,,,,
Alix Vinicius,A. Vinicius,111246,RBB,280,0,False,https://s3.glbimg.com/v1/AUTH_58d78b787ec34892b5aaa0c7a146155f/clubes_2026/silhuetas/RBB/FORMATO.png,17,3.0,Alix Vinicius de Souza Sampaio,0.0,3,5.15,25,alix-vinicius,6,0.0,,4.0,1.0,,,15.0,29.0,2.0,4.0,7.0,,,,,,,,,7.0,
Mancha,Mancha,111279,CHA,315,0,False,https://s3.glbimg.com/v1/AUTH_58d78b787ec34892b5aaa0c7a146155f/clubes_2026/silhuetas/CHA/FORMATO.png,0,0.0,Gianluca Piola Minozzo,0.0,2,3.0,25,mancha,6,0.0,,,,,,,,,,,,,,,,,,,,
Gustavo Martins,G. Martins,111309,GRE,284,0,True,https://s3.glbimg.com/v1/AUTH_58d78b787ec34892b5aaa0c7a146155f/clubes_2026/silhuetas/GRE/FORMATO.png,15,3.68,Gustavo Martins de Souza Santos,18.0,3,8.21,25,gustavo-martins,6,2.55,2.0,3.0,,,,11.0,14.0,1.0,6.0,6.0,,2.0,1.0,,1.0,1.0,,,3.0,
Victor Gabriel,V. Gabriel,111466,INT,285,0,False,https://s3.glbimg.com/v1/AUTH_58d78b787ec34892b5aaa0c7a146155f/clubes_2026/silhuetas/INT/FORMATO.png,16,2.16,Victor Gabriel da Conceição Ribeiro,0.0,3,3.51,25,victor-gabriel,3,0.0,,6.0,1.0,,,20.0,22.0,,2.0,9.0,,,,,,1.0,,,3.0,
Adson,Adson,111682,VAS,267,0,True,https://s3.glbimg.com/v1/AUTH_58d78b787ec34892b5aaa0c7a146155f/clubes_2026/silhuetas/VAS/FORMATO.png,12,3.77,Adson Ferreira Soares,3.1,4,6.29,25,adson,7,-0.3,,1.0,,,,19.0,7.0,7.0,8.0,10.0,,,,,,,,,,
Anthoni,Anthoni,111683,INT,285,0,False,https://s3.glbimg.com/v1/AUTH_58d78b787ec34892b5aaa0c7a146155f/clubes_2026/silhuetas/INT/FORMATO.png,10,2.79,Anthoni Spier Souza,0.0,1,4.63,25,anthoni,6,0.0,,,,25.0,,,,,,1.0,,,,15.0,,,,,2.0,
Matheus Cunha,M. Cunha,111690,INT,285,0,True,https://s3.glbimg.com/v1/AUTH_58d78b787ec34892b5aaa0c7a146155f/clubes_2026/silhuetas/INT/FORMATO.png,14,3.83,Matheus Cunha Queiroz,2.2,1,4.64,25,matheus-cunha,7,-1.0,1.0,2.0,,27.0,,,,,,3.0,,,,16.0,,,,,6.0,
Fabinho,Fabinho,111760,RBB,280,0,True,https://s3.glbimg.com/v1/AUTH_58d78b787ec34892b5aaa0c7a146155f/clubes_2026/silhuetas/RBB/FORMATO.png,8,0.39,Fábio Silva de Freitas,2.6,4,2.26,25,fabinho,6,0.25,,,1.0,,,4.0,12.0,,1.0,6.0,,,,,,,,,,
Kayky,Kayky,111829,INT,285,0,False,https://s3.glbimg.com/v1/AUTH_58d78b787ec34892b5aaa0c7a146155f/clubes_2026/silhuetas/INT/FORMATO.png,6,1.27,Kayky da Silva Chagas,0.0,5,3.63,25,kayky,5,0.0,,,,,,2.0,,3.0,,2.0,,,,,,,,,,
Matheus Martins,M. Martins,111831,BOT,263,0,False,https://s3.glbimg.com/v1/AUTH_58d78b787ec34892b5aaa0c7a146155f/clubes_2026/silhuetas/BOT/FORMATO.png,18,4.13,Matheus Martins Silva dos Santos,0.0,5,6.69,25,matheus-martins,6,0.0,,1.0,,,,10.0,10.0,11.0,7.0,19.0,1.0,4.0,,,,,,,,
Jefté,Jefté,111832,PAL,275,0,False,https://s3.glbimg.com/v1/AUTH_58d78b787ec34892b5aaa0c7a146155f/clubes_2026/silhuetas/PAL/FORMATO.png,7,2.47,Jefté Vital da Silva Dias,0.0,2,4.16,25,jefte,5,0.0,1.0,1.0,,,,3.0,5.0,,,1.0,,,,,2.0,,,,2.0,
Mateus Silva,M. Silva,111879,VIT,287,0,True,https://s3.glbimg.com/v1/AUTH_58d78b787ec34892b5aaa0c7a146155f/clubes_2026/silhuetas/VIT/FORMATO.png,4,3.63,Mateus da Silva Duarte,2.8,2,5.27,25,mateus-silva,6,0.03,,,,,,4.0,2.0,,2.0,5.0,,,,,,,,,1.0,
Felipinho,Felipinho,112017,CAP,293,0,False,https://s3.glbimg.com/v1/AUTH_58d78b787ec34892b5aaa0c7a146155f/clubes_2026/silhuetas/CAP/FORMATO.png,8,2.99,Antonio Feliphe Costa Silva,0.0,4,4.79,25,felipinho,6,0.0,,2.0,,,,16.0,8.0,,1.0,1.0,1.0,,,,,,,,,
Vini Paulista,V. Paulista,112576,CFC,294,0,True,https://s3.glbimg.com/v1/AUTH_58d78b787ec34892b5aaa0c7a146155f/clubes_2026/silhuetas/CFC/FORMATO.png,23,2.35,Vinicius Romualdo dos Santos,4.0,4,4.03,25,vini-paulista,6,0.32,,3.0,,,,31.0,11.0,1.0,5.0,12.0,1.0,,,,1.0,,,,,
Gabriel Grando,G. Grando,112616,GRE,284,0,False,https://s3.glbimg.com/v1/AUTH_58d78b787ec34892b5aaa0c7a146155f/clubes_2026/silhuetas/GRE/FORMATO.png,1,0.3,Gabriel Hamester Grando,0.0,1,3.77,25,gabriel-grando,6,0.0,,,,1.0,,,,,,,,,,1.0,,,,,,
Ramón Sosa,R. Sosa,112863,PAL,275,0,False,https://s3.glbimg.com/v1/AUTH_58d78b787ec34892b5aaa0c7a146155f/clubes_2026/silhuetas/PAL/FORMATO.png,19,3.31,Ramón Sosa Acosta,0.0,5,5.87,25,ramon-sosa,5,0.0,2.0,3.0,,,,4.0,18.0,3.0,8.0,22.0,1.0,4.0,,,9.0,,,,,
Lucas Barbosa,L. Barbosa,112886,RBB,280,0,True,https://s3.glbimg.com/v1/AUTH_58d78b787ec34892b5aaa0c7a146155f/clubes_2026/silhuetas/RBB/FORMATO.png,21,5.93,Lucas Henrique Barbosa,2.0,5,9.09,25,lucas-barbosa,7,-0.22,2.0,5.0,,,,28.0,37.0,15.0,26.0,37.0,,4.0,,,7.0,,,,,
Catarozzi,Catarozzi,112939,REM,364,0,False,https://s3.glbimg.com/v1/AUTH_58d78b787ec34892b5aaa0c7a146155f/clubes_2026/silhuetas/REM/FORMATO.png,1,0.9,Franco Catarozzi Parafita,0.0,4,5.41,25,catarozzi,6,0.0,,,,,,1.0,2.0,,,,,,,,,,,,,
Peralta,Peralta,112985,CRU,283,0,False,https://s3.glbimg.com/v1/AUTH_58d78b787ec34892b5aaa0c7a146155f/clubes_2026/silhuetas/CRU/FORMATO.png,0,0.0,Fabrizio José Peralta Ramírez,0.0,4,4.0,25,peralta,5,0.0,,,,,,,,,,,,,,,,,,,,
Freytes,Freytes,113034,FLU,266,0,False,https://s3.glbimg.com/v1/AUTH_58d78b787ec34892b5aaa0c7a146155f/clubes_2026/silhuetas/FLU/FORMATO.png,17,2.63,Juan Pablo Freytes,0.0,3,5.23,25,freytes,5,0.0,,3.0,,,,15.0,15.0,,6.0,10.0,,,,,,,,,4.0,
Flaco López,F. López,113103,PAL,275,0,True,https://s3.glbimg.com/v1/AUTH_58d78b787ec34892b5aaa0c7a146155f/clubes_2026/silhuetas/PAL/FORMATO.png,22,7.17,José Manuel Alberto López,9.0,5,14.16,25,flaco-lopez,7,-1.71,3.0,2.0,,,,27.0,31.0,10.0,20.0,46.0,,8.0,,,14.0,,,,,
Benavídez,Benavídez,113113,CAP,293,0,True,https://s3.glbimg.com/v1/AUTH_58d78b787ec34892b5aaa0c7a146155f/clubes_2026/silhuetas/CAP/FORMATO.png,19,5.4,Gastón Américo Benavídez,18.0,2,9.33,25,benavidez,3,2.18,4.0,6.0,,,,22.0,15.0,3.0,4.0,21.0,,1.0,,,2.0,,,,7.0,
Picco,Picco,113125,REM,364,0,True,https://s3.glbimg.com/v1/AUTH_58d78b787ec34892b5aaa0c7a146155f/clubes_2026/silhuetas/REM/FORMATO.png,22,3.44,Leonel Marcelo Picco,5.3,4,6.58,25,picco,6,0.67,,2.0,,,,40.0,22.0,1.0,7.0,3.0,,2.0,,,,,,,,
Nathan Mendes,N. Mendes,113157,VIT,287,0,False,https://s3.glbimg.com/v1/AUTH_58d78b787ec34892b5aaa0c7a146155f/clubes_2026/silhuetas/VIT/FORMATO.png,12,5.02,Nathan Gabriel de Souza Mendes,0.0,2,7.52,25,nathan-mendes,5,0.0,1.0,3.0,,,,21.0,14.0,,1.0,10.0,,,,,,,,,5.0,
Marquinhos,Marquinhos,113158,CRU,283,0,False,https://s3.glbimg.com/v1/AUTH_58d78b787ec34892b5aaa0c7a146155f/clubes_2026/silhuetas/CRU/FORMATO.png,2,0.45,Marcus Vinícius Oliveira Alencar,0.0,5,3.54,25,marquinhos,6,0.0,,,,,,,2.0,,,3.0,,,,,,,,,,
Pablo Maia,P. Maia,113359,SAO,276,0,True,https://s3.glbimg.com/v1/AUTH_58d78b787ec34892b5aaa0c7a146155f/clubes_2026/silhuetas/SAO/FORMATO.png,16,1.83,Pablo Gonçalves Maia Fortunato,1.3,4,4.2,25,pablo-maia,6,0.04,,2.0,,,,10.0,22.0,1.0,9.0,13.0,,1.0,,,,,,,,
Cristian Olivera,C. Olivera,113397,BAH,265,0,True,https://s3.glbimg.com/v1/AUTH_58d78b787ec34892b5aaa0c7a146155f/clubes_2026/silhuetas/BAH/FORMATO.png,18,3.93,Cristian Gonzalo Olivera Ibarra - Kike,1.7,5,7.06,25,cristian-olivera,7,-0.32,1.0,2.0,,,,14.0,12.0,13.0,8.0,36.0,1.0,1.0,,,7.0,,,,,
Bruninho,Bruninho,113558,RBB,280,0,False,https://s3.glbimg.com/v1/AUTH_58d78b787ec34892b5aaa0c7a146155f/clubes_2026/silhuetas/RBB/FORMATO.png,0,0.0,Bruno Gonçalves de Jesus,0.0,4,4.0,25,bruninho,6,0.0,,,,,,,,,,,,,,,,,,,,
Diógenes,Diógenes,113690,SAN,277,0,False,https://s3.glbimg.com/v1/AUTH_58d78b787ec34892b5aaa0c7a146155f/clubes_2026/silhuetas/SAN/FORMATO.png,2,5.55,Diógenes Vinícius da Silva,0.0,1,5.0,25,diogenes,6,0.0,,1.0,,7.0,,,,,,,,,,2.0,,,,,1.0,
Minda,Minda,114040,CAM,282,0,True,https://s3.glbimg.com/v1/AUTH_58d78b787ec34892b5aaa0c7a146155f/clubes_2026/silhuetas/CAM/FORMATO.png,14,3.74,Alan Steve Minda García,1.9,5,7.09,25,minda,7,-0.18,2.0,,,,,6.0,2.0,4.0,4.0,6.0,2.0,2.0,,,2.0,,,1.0,,
Alejo Véliz,A. Véliz,114208,BAH,265,0,True,https://s3.glbimg.com/v1/AUTH_58d78b787ec34892b5aaa0c7a146155f/clubes_2026/silhuetas/BAH/FORMATO.png,6,5.58,Alejo Véliz,10.1,5,7.41,25,alejo-veliz,7,0.44,1.0,,,,,1.0,8.0,1.0,9.0,11.0,,2.0,,,5.0,,,,,
Colidio,Colidio,114323,VAS,267,0,True,https://s3.glbimg.com/v1/AUTH_58d78b787ec34892b5aaa0c7a146155f/clubes_2026/silhuetas/VAS/FORMATO.png,3,7.07,Facundo Colidio,9.4,5,9.79,25,colidio,7,0.87,,,,,,1.0,2.0,4.0,5.0,7.0,,1.0,,,,,,,,
Sinisterra,Sinisterra,114405,CRU,283,0,False,https://s3.glbimg.com/v1/AUTH_58d78b787ec34892b5aaa0c7a146155f/clubes_2026/silhuetas/CRU/FORMATO.png,8,3.27,Luis Fernando Sinisterra Lucumí,0.0,5,5.85,25,sinisterra,5,0.0,,,,,,8.0,8.0,2.0,7.0,1.0,,1.0,,,,,,,,
Danilo Pereira,D. Pereira,114801,BOT,263,0,True,https://s3.glbimg.com/v1/AUTH_58d78b787ec34892b5aaa0c7a146155f/clubes_2026/silhuetas/BOT/FORMATO.png,4,3.47,Danilo Pereira da Silva,2.1,5,5.55,25,danilo-pereira,7,-0.72,1.0,,,,,2.0,2.0,3.0,2.0,3.0,,,,,2.0,,,,,
Vitor Roque,V. Roque,114802,PAL,275,0,True,https://s3.glbimg.com/v1/AUTH_58d78b787ec34892b5aaa0c7a146155f/clubes_2026/silhuetas/PAL/FORMATO.png,13,5.7,Vitor Hugo Roque Ferreira,3.0,5,14.51,25,vitor-roque,7,-1.51,,1.0,,,,11.0,11.0,4.0,8.0,30.0,1.0,4.0,,,3.0,,,1.0,,
Miguelito,Miguelito,115025,SAN,277,0,False,https://s3.glbimg.com/v1/AUTH_58d78b787ec34892b5aaa0c7a146155f/clubes_2026/silhuetas/SAN/FORMATO.png,8,4.88,Miguel Àngel Terceros,0.0,4,7.41,25,miguelito,6,0.0,2.0,1.0,,,,12.0,8.0,1.0,4.0,4.0,,1.0,,,,,,,,
Lucas Freitas,L. Freitas,115141,VAS,267,0,True,https://s3.glbimg.com/v1/AUTH_58d78b787ec34892b5aaa0c7a146155f/clubes_2026/silhuetas/VAS/FORMATO.png,3,4.67,Lucas de Freitas Molarinho Chagas,9.0,3,6.03,25,lucas-freitas,6,1.26,,,,,,,1.0,,1.0,1.0,,1.0,,,,,,,1.0,
Renan Viana,R. Viana,115266,CAP,293,0,False,https://s3.glbimg.com/v1/AUTH_58d78b787ec34892b5aaa0c7a146155f/clubes_2026/silhuetas/CAP/FORMATO.png,0,0.0,Renan Rodrigues Fonseca Viana,0.0,5,2.0,25,renan-viana,6,0.0,,,,,,,,,,,,,,,,,,,,
Paulo Pezzolano,P. Pezzolano,115479,INT,285,0,True,https://s3.glbimg.com/v1/AUTH_58d78b787ec34892b5aaa0c7a146155f/clubes_2026/silhuetas/INT/FORMATO.png,25,4.87,Paulo César Pezzolano Suárez,5.94,6,7.77,25,paulo-pezzolano,7,-0.05,,,,,,,,,,,,,,,,,,,,5.0
Marcos Victor,M. Victor,115537,BAH,265,0,True,https://s3.glbimg.com/v1/AUTH_58d78b787ec34892b5aaa0c7a146155f/clubes_2026/silhuetas/BAH/FORMATO.png,4,2.75,Marcos Victor Ferreira da Silva,3.0,3,3.74,25,marcos-victor,6,-0.44,,,,,,4.0,,,,,,,,,,,,,1.0,
Gabriel Delfim,G. Delfim,115674,CAM,282,0,True,https://s3.glbimg.com/v1/AUTH_58d78b787ec34892b5aaa0c7a146155f/clubes_2026/silhuetas/CAM/FORMATO.png,1,1.6,Gabriel Delfim Ferreira,1.6,1,2.38,25,gabriel-delfim,7,0.38,,,,2.0,,,,,,,,,,1.0,,,,,,
Benassi,Benassi,115840,CFC,294,0,False,https://s3.glbimg.com/v1/AUTH_58d78b787ec34892b5aaa0c7a146155f/clubes_2026/silhuetas/CFC/FORMATO.png,0,0.0,João Victor Silva Benassi,0.0,1,1.0,25,benassi,6,0.0,,,,,,,,,,,,,,,,,,,,
Evertton Araújo,E. Araújo,115914,FLA,262,0,False,https://s3.glbimg.com/v1/AUTH_58d78b787ec34892b5aaa0c7a146155f/clubes_2026/silhuetas/FLA/FORMATO.png,18,1.17,Everton Gustavo Fernandes Araújo,0.0,4,2.59,25,evertton-araujo,6,0.0,1.0,3.0,1.0,,,9.0,18.0,,12.0,3.0,1.0,,,,,,,,,
Denilson,Denilson,115986,MIR,2305,0,True,https://s3.glbimg.com/v1/AUTH_58d78b787ec34892b5aaa0c7a146155f/clubes_2026/silhuetas/MIR/FORMATO.png,15,3.3,Denilson Alves Borges,2.8,4,5.0,25,denilson,7,0.5,,3.0,,,,29.0,27.0,1.0,2.0,15.0,,1.0,,,,1.0,,,,
Victor Hugo,V. Hugo,116034,CAM,282,0,False,https://s3.glbimg.com/v1/AUTH_58d78b787ec34892b5aaa0c7a146155f/clubes_2026/silhuetas/CAM/FORMATO.png,19,3.63,Victor Hugo Gomes Silva,0.0,4,6.44,25,victor-hugo,7,0.0,1.0,1.0,,,,9.0,5.0,6.0,6.0,18.0,,4.0,,,,,,,,
Cuiabano,Cuiabano,116065,VAS,267,0,False,https://s3.glbimg.com/v1/AUTH_58d78b787ec34892b5aaa0c7a146155f/clubes_2026/silhuetas/VAS/FORMATO.png,14,7.38,Luís Eduardo Soares da Silva,0.0,2,12.01,25,cuiabano,5,0.0,4.0,3.0,,,,37.0,14.0,7.0,8.0,15.0,,1.0,,,,,,,1.0,
Rubens,Rubens,116066,CHA,315,0,False,https://s3.glbimg.com/v1/AUTH_58d78b787ec34892b5aaa0c7a146155f/clubes_2026/silhuetas/CHA/FORMATO.png,9,1.38,Rubens Tadeu Hartmann Ricoldi,0.0,5,2.48,25,rubens,6,0.0,,2.0,,,,3.0,7.0,1.0,1.0,4.0,,1.0,,,,,,,,
Thiago Beltrame,T. Beltrame,116067,GRE,284,0,False,https://s3.glbimg.com/v1/AUTH_58d78b787ec34892b5aaa0c7a146155f/clubes_2026/silhuetas/GRE/FORMATO.png,1,0.7,Thiago Beltrame Stallbaum,0.0,1,2.08,25,thiago-beltrame,6,0.0,,,1.0,5.0,,,1.0,,,1.0,,,,3.0,,,,,,
Hércules,Hércules,116447,FLU,266,0,False,https://s3.glbimg.com/v1/AUTH_58d78b787ec34892b5aaa0c7a146155f/clubes_2026/silhuetas/FLU/FORMATO.png,21,3.57,Hércules Pereira do Nascimento,0.0,4,6.47,25,hercules,7,0.0,,3.0,,,,27.0,29.0,8.0,11.0,8.0,,3.0,,,2.0,,,,,
Jamerson,Jamerson,116461,VIT,287,0,True,https://s3.glbimg.com/v1/AUTH_58d78b787ec34892b5aaa0c7a146155f/clubes_2026/silhuetas/VIT/FORMATO.png,11,3.49,Jamerson Santos de Jesus,1.0,2,5.52,25,jamerson,6,-0.72,,1.0,,,,9.0,2.0,,3.0,8.0,,,,,,,,,4.0,
Andrés Gómez,A. Gómez,116706,VAS,267,0,True,https://s3.glbimg.com/v1/AUTH_58d78b787ec34892b5aaa0c7a146155f/clubes_2026/silhuetas/VAS/FORMATO.png,20,7.15,Carlos Andrés Gómez Hinestroza,4.1,5,11.76,25,andres-gomez,7,-0.3,2.0,7.0,,,,36.0,27.0,14.0,27.0,30.0,3.0,4.0,,,5.0,,,,,
Gabriel Knesowitsch,G. Knesowitsch,117061,MIR,2305,0,False,https://s3.glbimg.com/v1/AUTH_58d78b787ec34892b5aaa0c7a146155f/clubes_2026/silhuetas/MIR/FORMATO.png,4,-0.35,Gabriel Knesowitsch,0.0,3,1.6,25,gabriel-knesowitsch,7,0.0,,2.0,,,,1.0,3.0,,,,,,,,,,,,,
Thiago Borbas,T. Borbas,117314,CAM,282,0,True,https://s3.glbimg.com/v1/AUTH_58d78b787ec34892b5aaa0c7a146155f/clubes_2026/silhuetas/CAM/FORMATO.png,3,4.3,Thiago Nicolás Borbas Silva,9.3,5,5.75,25,thiago-borbas,7,1.6,,,,,,1.0,4.0,,2.0,6.0,,1.0,,,,,,,,
Robert Renan,R. Renan,117330,VAS,267,0,False,https://s3.glbimg.com/v1/AUTH_58d78b787ec34892b5aaa0c7a146155f/clubes_2026/silhuetas/VAS/FORMATO.png,22,2.8,Robert Renan Alves Barbosa,0.0,3,5.79,25,robert-renan,7,0.0,,3.0,,,,31.0,21.0,1.0,4.0,4.0,,1.0,,,,,,,2.0,
Renato Marques,R. Marques,117403,CFC,294,0,False,https://s3.glbimg.com/v1/AUTH_58d78b787ec34892b5aaa0c7a146155f/clubes_2026/silhuetas/CFC/FORMATO.png,7,0.74,Renato Marques de Oliveira Júnior,0.0,5,2.73,25,renato-marques,6,0.0,,,1.0,,,,3.0,1.0,3.0,5.0,1.0,,,,,,,,,
Otávio,Otávio,117404,CRU,283,0,True,https://s3.glbimg.com/v1/AUTH_58d78b787ec34892b5aaa0c7a146155f/clubes_2026/silhuetas/CRU/FORMATO.png,12,2.76,Otávio Eleodoro Rezende Costa,7.4,1,3.61,25,otavio,7,0.98,,2.0,,34.0,,,,,,2.0,,,,15.0,,,,,1.0,
Garro,Garro,117632,COR,264,0,True,https://s3.glbimg.com/v1/AUTH_58d78b787ec34892b5aaa0c7a146155f/clubes_2026/silhuetas/COR/FORMATO.png,22,5.08,Rodrigo Garro,0.7,4,9.82,25,garro,7,-1.41,6.0,7.0,,,,11.0,22.0,12.0,13.0,65.0,2.0,2.0,,,2.0,,,,,
Young,Young,117818,SAO,276,0,False,https://s3.glbimg.com/v1/AUTH_58d78b787ec34892b5aaa0c7a146155f/clubes_2026/silhuetas/SAO/FORMATO.png,0,0.0,Young Navarro Moraes,0.0,1,3.0,25,young,6,0.0,,,,,,,,,,,,,,,,,,,,
Wesley,Wesley,117909,CRU,283,0,True,https://s3.glbimg.com/v1/AUTH_58d78b787ec34892b5aaa0c7a146155f/clubes_2026/silhuetas/CRU/FORMATO.png,3,3.4,Wesley Gassova Ribeiro Teixeira,0.0,5,8.46,25,wesley,7,-1.03,,2.0,,,,1.0,2.0,1.0,2.0,1.0,,1.0,,,,,,,,
Breno Bidon,B. Bidon,117910,COR,264,0,False,https://s3.glbimg.com/v1/AUTH_58d78b787ec34892b5aaa0c7a146155f/clubes_2026/silhuetas/COR/FORMATO.png,22,3.54,Breno de Souza Bidon,0.0,4,8.21,25,breno-bidon,7,0.0,1.0,3.0,,,,22.0,28.0,1.0,6.0,52.0,1.0,2.0,,,2.0,,,,,
Lavega,Lavega,117930,CFC,294,0,True,https://s3.glbimg.com/v1/AUTH_58d78b787ec34892b5aaa0c7a146155f/clubes_2026/silhuetas/CFC/FORMATO.png,23,3.33,Joaquín Lavega Colzada,0.8,5,4.92,25,lavega,7,-0.48,2.0,3.0,,,,12.0,13.0,3.0,9.0,10.0,,5.0,,,4.0,,,,,
Ronald,Ronald,118238,GRE,284,0,False,https://s3.glbimg.com/v1/AUTH_58d78b787ec34892b5aaa0c7a146155f/clubes_2026/silhuetas/GRE/FORMATO.png,0,0.0,Ronald Cardoso Falkoski,0.0,4,3.0,25,ronald,6,0.0,,,,,,,,,,,,,,,,,,,,
Rodriguinho,Rodriguinho,118563,RBB,280,0,True,https://s3.glbimg.com/v1/AUTH_58d78b787ec34892b5aaa0c7a146155f/clubes_2026/silhuetas/RBB/FORMATO.png,13,3.52,Rodrigo Huendra Almeida Mendonça,0.5,4,5.44,25,rodriguinho,7,-0.85,,3.0,,,,15.0,16.0,1.0,8.0,7.0,1.0,2.0,,,1.0,,,1.0,,
Saldivia,Saldivia,118655,VAS,267,0,False,https://s3.glbimg.com/v1/AUTH_58d78b787ec34892b5aaa0c7a146155f/clubes_2026/silhuetas/VAS/FORMATO.png,11,2.55,Alan Gabriel Saldivia Vázquez,0.0,3,5.83,25,saldivia,6,0.0,,3.0,,,,16.0,11.0,1.0,4.0,8.0,,,1.0,,,,,,1.0,
Mateus Carvalho,M. Carvalho,118752,VAS,267,0,False,https://s3.glbimg.com/v1/AUTH_58d78b787ec34892b5aaa0c7a146155f/clubes_2026/silhuetas/VAS/FORMATO.png,0,0.0,Mateus Carvalho dos Santos,0.0,4,4.0,25,mateus-carvalho,5,0.0,,,,,,,,,,,,,,,,,,,,
Alexsander,Alexsander,118774,CAM,282,0,True,https://s3.glbimg.com/v1/AUTH_58d78b787ec34892b5aaa0c7a146155f/clubes_2026/silhuetas/CAM/FORMATO.png,6,2.28,Alexsander Cristhian Gomes da Costa - Christian,9.5,4,6.43,25,alexsander,7,1.58,,1.0,,,,6.0,4.0,3.0,1.0,5.0,,,,,,,,,,
Lautaro Díaz,L. Díaz,118775,SAN,277,0,False,https://s3.glbimg.com/v1/AUTH_58d78b787ec34892b5aaa0c7a146155f/clubes_2026/silhuetas/SAN/FORMATO.png,8,2.28,Lautaro Ariel Díaz,0.0,5,5.26,25,lautaro-diaz,6,0.0,,,,,,2.0,2.0,1.0,4.0,1.0,1.0,1.0,,,,,,,,
Buta,Buta,118806,SAO,276,0,True,https://s3.glbimg.com/v1/AUTH_58d78b787ec34892b5aaa0c7a146155f/clubes_2026/silhuetas/SAO/FORMATO.png,1,4.0,Aurélio Gabriel Ulineia Buta,4.0,2,5.94,25,buta,6,0.94,,,,,,2.0,,,,2.0,,,,,,,,,,
Kaio César,K. César,118844,COR,264,0,True,https://s3.glbimg.com/v1/AUTH_58d78b787ec34892b5aaa0c7a146155f/clubes_2026/silhuetas/COR/FORMATO.png,13,5.88,Kaio César Andrade Lima,5.0,5,9.98,25,kaio-cesar,7,0.07,1.0,2.0,,,,23.0,9.0,6.0,4.0,31.0,,2.0,,,1.0,,,,,
Léo Derik,L. Derik,120433,CAP,293,0,False,https://s3.glbimg.com/v1/AUTH_58d78b787ec34892b5aaa0c7a146155f/clubes_2026/silhuetas/CAP/FORMATO.png,9,3.65,Leonardo Derik Dias Gonçalves,0.0,2,5.81,25,leo-derik,6,0.0,,,,,,11.0,1.0,1.0,,1.0,,,,,,,,,3.0,
Marco Moreno,M. Moreno,120681,BAH,265,0,False,https://s3.glbimg.com/v1/AUTH_58d78b787ec34892b5aaa0c7a146155f/clubes_2026/silhuetas/BAH/FORMATO.png,0,0.0,Marco Moreno Ojeda,0.0,3,4.0,25,marco-moreno,6,0.0,,,,,,,,,,,,,,,,,,,,
Da Silva,D. Silva,121811,CHA,315,0,False,https://s3.glbimg.com/v1/AUTH_58d78b787ec34892b5aaa0c7a146155f/clubes_2026/silhuetas/CHA/FORMATO.png,0,0.0,Fernando Carlos da Silva Filho,0.0,4,3.0,25,da-silva,6,0.0,,,,,,,,,,,,,,,,,,,,
Kauê,Kauê,121823,COR,264,0,False,https://s3.glbimg.com/v1/AUTH_58d78b787ec34892b5aaa0c7a146155f/clubes_2026/silhuetas/COR/FORMATO.png,3,5.57,Kauê Vinicius de Souza Camargo,0.0,1,4.61,25,kaue,7,0.0,,2.0,,14.0,,,,,,1.0,,,,5.0,,,,,1.0,
Kayke,Kayke,121824,COR,264,0,False,https://s3.glbimg.com/v1/AUTH_58d78b787ec34892b5aaa0c7a146155f/clubes_2026/silhuetas/COR/FORMATO.png,6,1.65,Kayke Ferrari Guimarães,0.0,5,3.64,25,kayke,5,0.0,,,,,,5.0,1.0,1.0,,3.0,,,,,,,,,,
Gustavo Talles,G. Talles,121870,CHA,315,0,False,https://s3.glbimg.com/v1/AUTH_58d78b787ec34892b5aaa0c7a146155f/clubes_2026/silhuetas/CHA/FORMATO.png,0,0.0,Gustavo Talles da Silva,0.0,2,2.0,25,gustavo-talles,6,0.0,,,,,,,,,,,,,,,,,,,,
Túlio Eduardo,T. Eduardo,122121,CHA,315,0,True,https://s3.glbimg.com/v1/AUTH_58d78b787ec34892b5aaa0c7a146155f/clubes_2026/silhuetas/CHA/FORMATO.png,4,6.15,Túlio Eduardo Silva de Oliveira,6.4,5,7.61,25,tulio-eduardo,7,0.84,,,,,,1.0,6.0,3.0,5.0,3.0,,2.0,,,2.0,,,,,
Batata,Batata,122316,CAP,293,0,False,https://s3.glbimg.com/v1/AUTH_58d78b787ec34892b5aaa0c7a146155f/clubes_2026/silhuetas/CAP/FORMATO.png,0,0.0,João Vitor Vigolo Gomes,0.0,2,1.0,25,batata,6,0.0,,,,,,,,,,,,,,,,,,,,
Dyogo Alves,D. Alves,122318,FLA,262,0,False,https://s3.glbimg.com/v1/AUTH_58d78b787ec34892b5aaa0c7a146155f/clubes_2026/silhuetas/FLA/FORMATO.png,0,0.0,Francisco Dyogo Bento Alves,0.0,1,3.0,25,dyogo-alves,6,0.0,,,,,,,,,,,,,,,,,,,,
Daniel Sales,D. Sales,122320,FLA,262,0,False,https://s3.glbimg.com/v1/AUTH_58d78b787ec34892b5aaa0c7a146155f/clubes_2026/silhuetas/FLA/FORMATO.png,0,0.0,Daniel dos Santos Salles,0.0,2,2.0,25,daniel-sales,6,0.0,,,,,,,,,,,,,,,,,,,,
Lorran,Lorran,122321,FLA,262,0,False,https://s3.glbimg.com/v1/AUTH_58d78b787ec34892b5aaa0c7a146155f/clubes_2026/silhuetas/FLA/FORMATO.png,3,5.93,Lorran Lucas Pereira de Sousa,0.0,4,8.0,25,lorran,6,0.0,,,,,,5.0,6.0,3.0,,1.0,,1.0,,,,,,,,
Gustavinho,Gustavinho,122394,RBB,280,0,True,https://s3.glbimg.com/v1/AUTH_58d78b787ec34892b5aaa0c7a146155f/clubes_2026/silhuetas/RBB/FORMATO.png,17,2.61,Gustavo Ribeiro Neves,0.5,4,5.46,25,gustavinho,6,-0.66,2.0,1.0,,,,15.0,15.0,4.0,2.0,6.0,,1.0,,,,,,,,
Ryan,Ryan,122396,COR,264,0,False,https://s3.glbimg.com/v1/AUTH_58d78b787ec34892b5aaa0c7a146155f/clubes_2026/silhuetas/COR/FORMATO.png,0,0.0,Ryan Gustavo de Lima,0.0,4,3.0,25,ryan,6,0.0,,,,,,,,,,,,,,,,,,,,
Isaac,Isaac,122439,CAP,293,0,False,https://s3.glbimg.com/v1/AUTH_58d78b787ec34892b5aaa0c7a146155f/clubes_2026/silhuetas/CAP/FORMATO.png,3,0.4,Isaac Rodrigues de Lima,0.0,5,1.66,25,isaac,6,0.0,,,,,,1.0,1.0,,,,,,,,,,,,,
Barros,Barros,122485,VAS,267,0,True,https://s3.glbimg.com/v1/AUTH_58d78b787ec34892b5aaa0c7a146155f/clubes_2026/silhuetas/VAS/FORMATO.png,18,4.64,Cauan Lucas Barros da Luz,3.7,4,8.61,25,barros,6,-0.14,,5.0,1.0,,,32.0,31.0,,10.0,44.0,,3.0,,,,1.0,,,,
Wallace Yan,W. Yan,122573,FLA,262,0,False,https://s3.glbimg.com/v1/AUTH_58d78b787ec34892b5aaa0c7a146155f/clubes_2026/silhuetas/FLA/FORMATO.png,7,0.1,Wallace Yan de Souza Barreto,0.0,5,2.44,25,wallace-yan,6,0.0,,1.0,,,,,2.0,,,5.0,,,,,2.0,,,,,
Japa,Japa,122660,MIR,2305,0,True,https://s3.glbimg.com/v1/AUTH_58d78b787ec34892b5aaa0c7a146155f/clubes_2026/silhuetas/MIR/FORMATO.png,8,3.71,João Wellington Gadelha Melo de Oliveira,1.5,4,5.51,25,japa,6,0.02,,,,,,7.0,4.0,3.0,6.0,8.0,,1.0,,,,,,,,
Diego Caito,D. Caito,122670,GRE,284,0,False,https://s3.glbimg.com/v1/AUTH_58d78b787ec34892b5aaa0c7a146155f/clubes_2026/silhuetas/GRE/FORMATO.png,4,4.35,Diego Caito Barcellos Oliveira dos Santos,0.0,2,6.07,25,diego-caito,5,0.0,,1.0,,,,4.0,5.0,,3.0,7.0,,1.0,,,,,,,,
Lucas Cunha,L. Cunha,122755,RBB,280,0,False,https://s3.glbimg.com/v1/AUTH_58d78b787ec34892b5aaa0c7a146155f/clubes_2026/silhuetas/RBB/FORMATO.png,0,0.0,Lucas de Souza Cunha,0.0,3,3.0,25,lucas-cunha,6,0.0,,,,,,,,,,,,,,,,,,,,
Caballero,Caballero,122781,SAN,277,0,False,https://s3.glbimg.com/v1/AUTH_58d78b787ec34892b5aaa0c7a146155f/clubes_2026/silhuetas/SAN/FORMATO.png,5,2.26,Gustavo Rubén Caballero González,0.0,5,3.87,25,caballero,6,0.0,,,,,,1.0,2.0,1.0,4.0,4.0,1.0,,,,,,,1.0,,
Guzmán Rodríguez,G. Rodríguez,122897,RBB,280,0,False,https://s3.glbimg.com/v1/AUTH_58d78b787ec34892b5aaa0c7a146155f/clubes_2026/silhuetas/RBB/FORMATO.png,0,-1.0,Guzmán Rodríguez Ferrari,0.0,3,5.54,25,guzman-rodriguez,6,0.0,,1.0,,,,,,,,,,,,,,,,,,
Patrick,Patrick,122990,CAM,282,0,False,https://s3.glbimg.com/v1/AUTH_58d78b787ec34892b5aaa0c7a146155f/clubes_2026/silhuetas/CAM/FORMATO.png,0,0.0,Patrick Roberto da Silva Campos,0.0,4,4.0,25,patrick,5,0.0,,,,,,,,,,,,,,,,,,,,
Victor Nascimento,V. Nascimento,122994,BAH,265,0,False,https://s3.glbimg.com/v1/AUTH_58d78b787ec34892b5aaa0c7a146155f/clubes_2026/silhuetas/BAH/FORMATO.png,0,0.0,Victor dos Santos Nascimento,0.0,1,1.0,25,victor-nascimento,6,0.0,,,,,,,,,,,,,,,,,,,,
Sidney,Sidney,123005,BAH,265,0,False,https://s3.glbimg.com/v1/AUTH_58d78b787ec34892b5aaa0c7a146155f/clubes_2026/silhuetas/BAH/FORMATO.png,0,0.0,Sidney de Carvalho Duarte,0.0,4,1.0,25,sidney,6,0.0,,,,,,,,,,,,,,,,,,,,
David Braga,D. Braga,123016,REM,364,0,True,https://s3.glbimg.com/v1/AUTH_58d78b787ec34892b5aaa0c7a146155f/clubes_2026/silhuetas/REM/FORMATO.png,11,1.05,David Francisco Trindade Braga,1.7,4,2.88,25,david-braga,6,0.23,,2.0,,,,6.0,5.0,1.0,1.0,8.0,,,,,,,,,,
Leozinho,Leozinho,123101,CAP,293,0,True,https://s3.glbimg.com/v1/AUTH_58d78b787ec34892b5aaa0c7a146155f/clubes_2026/silhuetas/CAP/FORMATO.png,12,5.45,Leonardo Caetano Silva,8.9,5,6.67,25,leozinho,7,0.99,,1.0,,,,12.0,6.0,4.0,8.0,8.0,1.0,4.0,,,,,,,,
Cauly,Cauly,123360,SAO,276,0,False,https://s3.glbimg.com/v1/AUTH_58d78b787ec34892b5aaa0c7a146155f/clubes_2026/silhuetas/SAO/FORMATO.png,14,2.83,Cauly Oliveira Souza,0.0,4,6.19,25,cauly,6,0.0,,,,,,14.0,14.0,3.0,6.0,13.0,,1.0,,,,,,,,
Dantas,Dantas,123445,CAP,293,0,True,https://s3.glbimg.com/v1/AUTH_58d78b787ec34892b5aaa0c7a146155f/clubes_2026/silhuetas/CAP/FORMATO.png,3,4.2,João Vitor Silva Dantas de Oliveira,5.9,3,6.38,25,dantas,7,0.5,1.0,1.0,,,,6.0,3.0,,,1.0,,,,,,,,,,
Lucas Ronier,L. Ronier,123648,CFC,294,0,False,https://s3.glbimg.com/v1/AUTH_58d78b787ec34892b5aaa0c7a146155f/clubes_2026/silhuetas/CFC/FORMATO.png,18,6.7,Lucas Ronier Vieira Pires,0.0,5,10.77,25,lucas-ronier,5,0.0,3.0,3.0,,,,36.0,19.0,7.0,16.0,50.0,2.0,1.0,,,1.0,,,,,
Milans,Milans,123689,COR,264,0,False,https://s3.glbimg.com/v1/AUTH_58d78b787ec34892b5aaa0c7a146155f/clubes_2026/silhuetas/COR/FORMATO.png,6,4.85,Pedro Milans Carámbula,0.0,2,7.76,25,milans,6,0.0,,,,,,9.0,6.0,,,5.0,,,,,1.0,,,,3.0,
Zé Guilherme,Z. Guilherme,123717,BAH,265,0,False,https://s3.glbimg.com/v1/AUTH_58d78b787ec34892b5aaa0c7a146155f/clubes_2026/silhuetas/BAH/FORMATO.png,5,2.88,José Guilherme de Lima Costa,0.0,2,4.29,25,ze-guilherme,6,0.0,,2.0,,,,6.0,4.0,,2.0,4.0,,,,,,,,,1.0,
Herrera,Herrera,123738,RBB,280,0,True,https://s3.glbimg.com/v1/AUTH_58d78b787ec34892b5aaa0c7a146155f/clubes_2026/silhuetas/RBB/FORMATO.png,18,2.38,José María Herrera Ares,1.5,5,4.52,25,herrera,7,-0.08,,3.0,,,,16.0,21.0,7.0,10.0,8.0,,1.0,,,2.0,,,,,
Lucho Rodríguez,L. Rodríguez,123795,CRU,283,0,True,https://s3.glbimg.com/v1/AUTH_58d78b787ec34892b5aaa0c7a146155f/clubes_2026/silhuetas/CRU/FORMATO.png,2,4.2,Luciano Rodríguez Rosales,1.4,5,8.04,25,lucho-rodriguez,6,-0.88,1.0,1.0,,,,,1.0,1.0,,1.0,1.0,,,,,,,,,
Aguirre,Aguirre,123869,CAP,293,0,True,https://s3.glbimg.com/v1/AUTH_58d78b787ec34892b5aaa0c7a146155f/clubes_2026/silhuetas/CAP/FORMATO.png,20,3.67,Juan Felipe Aguirre Tabares,1.7,3,5.61,25,aguirre,7,-0.52,,1.0,,,,22.0,25.0,5.0,3.0,5.0,1.0,,,,1.0,,,,7.0,
Millán,Millán,124219,FLU,266,0,True,https://s3.glbimg.com/v1/AUTH_58d78b787ec34892b5aaa0c7a146155f/clubes_2026/silhuetas/FLU/FORMATO.png,5,0.76,Julián Camilo Millán Díaz,0.8,3,3.72,25,millan,6,-0.39,,1.0,,,,2.0,6.0,1.0,3.0,,,,,,,,,,,
Henry Mosquera,H. Mosquera,124239,RBB,280,0,True,https://s3.glbimg.com/v1/AUTH_58d78b787ec34892b5aaa0c7a146155f/clubes_2026/silhuetas/RBB/FORMATO.png,18,3.5,Henry David Mosquera Sánchez,3.7,5,5.57,25,henry-mosquera,6,0.31,4.0,4.0,,,,15.0,20.0,10.0,15.0,14.0,,,,,6.0,,,,,
Kauan Jesus,K. Jesus,124264,INT,285,0,False,https://s3.glbimg.com/v1/AUTH_58d78b787ec34892b5aaa0c7a146155f/clubes_2026/silhuetas/INT/FORMATO.png,0,0.0,Kauan Jesus Santos Oliveira,0.0,1,1.0,25,kauan-jesus,6,0.0,,,,,,,,,,,,,,,,,,,,
Allex,Allex,124270,INT,285,0,False,https://s3.glbimg.com/v1/AUTH_58d78b787ec34892b5aaa0c7a146155f/clubes_2026/silhuetas/INT/FORMATO.png,10,1.24,Allex Rodrigues Pereira da Silva,0.0,4,2.11,25,allex,5,0.0,,1.0,,,,5.0,3.0,1.0,2.0,8.0,,,,,,,,,,
Gustavo Prado,G. Prado,124271,INT,285,0,False,https://s3.glbimg.com/v1/AUTH_58d78b787ec34892b5aaa0c7a146155f/clubes_2026/silhuetas/INT/FORMATO.png,0,0.0,Gustavo Prado Alves,0.0,4,4.0,25,gustavo-prado,6,0.0,,,,,,,,,,,,,,,,,,,,
Léo Aragão,L. Aragão,124369,CRU,283,0,False,https://s3.glbimg.com/v1/AUTH_58d78b787ec34892b5aaa0c7a146155f/clubes_2026/silhuetas/CRU/FORMATO.png,0,0.0,Leonardo de Aragão Carvalho,0.0,1,2.0,25,leo-aragao,6,0.0,,,,,,,,,,,,,,,,,,,,
Kainã,Kainã,124386,CHA,315,0,False,https://s3.glbimg.com/v1/AUTH_58d78b787ec34892b5aaa0c7a146155f/clubes_2026/silhuetas/CHA/FORMATO.png,0,0.0,Kainã Correa Dal Magro,0.0,1,1.0,25,kaina,6,0.0,,,,,,,,,,,,,,,,,,,,
Rodrigo Castillo,R. Castillo,124424,FLU,266,0,False,https://s3.glbimg.com/v1/AUTH_58d78b787ec34892b5aaa0c7a146155f/clubes_2026/silhuetas/FLU/FORMATO.png,13,3.86,Rodrigo Castillo,0.0,5,7.87,25,rodrigo-castillo,6,0.0,1.0,1.0,,,,8.0,22.0,4.0,6.0,15.0,,3.0,,,3.0,,,,,
Mateo Ponte,M. Ponte,124481,BOT,263,0,False,https://s3.glbimg.com/v1/AUTH_58d78b787ec34892b5aaa0c7a146155f/clubes_2026/silhuetas/BOT/FORMATO.png,8,2.8,Mateo Ponte Costa,0.0,2,5.53,25,mateo-ponte,6,0.0,1.0,3.0,,,,7.0,5.0,,,7.0,1.0,,,,1.0,,,,1.0,
Lucas Monzón,L. Monzón,124483,BOT,263,0,True,https://s3.glbimg.com/v1/AUTH_58d78b787ec34892b5aaa0c7a146155f/clubes_2026/silhuetas/BOT/FORMATO.png,2,0.8,Lucas Gabriel Nunes Monzón Lemos,2.0,3,3.55,25,lucas-monzon,7,0.13,,1.0,,,,1.0,2.0,1.0,,1.0,,,,,,,,,,
Giay,Giay,124526,PAL,275,0,True,https://s3.glbimg.com/v1/AUTH_58d78b787ec34892b5aaa0c7a146155f/clubes_2026/silhuetas/PAL/FORMATO.png,20,4.74,Agustín Giay,6.5,2,7.36,25,giay,7,-0.01,,3.0,,,,34.0,22.0,1.0,3.0,30.0,,,,,1.0,,,,7.0,
Ruan Assis,R. Assis,124834,CFC,294,0,False,https://s3.glbimg.com/v1/AUTH_58d78b787ec34892b5aaa0c7a146155f/clubes_2026/silhuetas/CFC/FORMATO.png,0,0.0,Ruan Lucas de Assis,0.0,5,1.0,25,ruan-assis,6,0.0,,,,,,,,,,,,,,,,,,,,
Jonathan Jesus,J. Jesus,124912,CRU,283,0,True,https://s3.glbimg.com/v1/AUTH_58d78b787ec34892b5aaa0c7a146155f/clubes_2026/silhuetas/CRU/FORMATO.png,16,4.11,Jonathan de Jesus Alves,1.7,3,6.03,25,jonathan-jesus,2,-0.63,,3.0,,,,32.0,16.0,1.0,8.0,6.0,,,,,1.0,,,,3.0,
Castaño,Castaño,124961,CAM,282,0,False,https://s3.glbimg.com/v1/AUTH_58d78b787ec34892b5aaa0c7a146155f/clubes_2026/silhuetas/CAM/FORMATO.png,2,0.4,Kevin Duván Castaño Gil,0.0,4,5.67,25,castano,6,0.0,,1.0,,,,1.0,3.0,1.0,,,,,,,,,,,,
João Pedro,J. Pedro,125488,COR,264,0,False,https://s3.glbimg.com/v1/AUTH_58d78b787ec34892b5aaa0c7a146155f/clubes_2026/silhuetas/COR/FORMATO.png,3,6.53,João Pedro de Sousa Rodrigues - Tchoca,0.0,3,8.56,25,joao-pedro,2,0.0,,1.0,,,,4.0,3.0,1.0,1.0,1.0,,1.0,,,,,,,1.0,
Dudu,Dudu,125746,CAP,293,0,True,https://s3.glbimg.com/v1/AUTH_58d78b787ec34892b5aaa0c7a146155f/clubes_2026/silhuetas/CAP/FORMATO.png,16,1.55,Eduardo Kogitzki Anastacio,1.5,4,2.21,25,dudu,6,0.18,,,,,,9.0,7.0,1.0,2.0,5.0,,1.0,,,,,,,,
Pedro Morisco,P. Morisco,125803,CFC,294,0,True,https://s3.glbimg.com/v1/AUTH_58d78b787ec34892b5aaa0c7a146155f/clubes_2026/silhuetas/CFC/FORMATO.png,9,4.64,Pedro Luccas Morisco da Silva,10.2,1,8.6,25,pedro-morisco,7,1.36,,1.0,,36.0,1.0,,,,,2.0,,,,11.0,,1.0,,,,
Zapelli,Zapelli,125926,CAP,293,0,True,https://s3.glbimg.com/v1/AUTH_58d78b787ec34892b5aaa0c7a146155f/clubes_2026/silhuetas/CAP/FORMATO.png,15,1.37,Bruno Zapelli,1.2,4,4.18,25,zapelli,6,-0.13,1.0,4.0,1.0,,,10.0,8.0,2.0,5.0,7.0,,,,,,,,,,
Marcelinho,Marcelinho,126120,RBB,280,0,False,https://s3.glbimg.com/v1/AUTH_58d78b787ec34892b5aaa0c7a146155f/clubes_2026/silhuetas/RBB/FORMATO.png,5,2.18,Marcelo Braz da Silva,0.0,4,3.16,25,marcelinho,6,0.0,1.0,,,,,2.0,4.0,1.0,2.0,3.0,,,,,2.0,,,,,
Paulinho,Paulinho,126182,INT,285,0,False,https://s3.glbimg.com/v1/AUTH_58d78b787ec34892b5aaa0c7a146155f/clubes_2026/silhuetas/INT/FORMATO.png,18,1.95,Paulo Lucas Santos de Paula,0.0,4,3.88,25,paulinho,7,0.0,,6.0,,,,20.0,26.0,5.0,5.0,18.0,,,,,1.0,,,,,
Tomás Pérez,T. Pérez,126189,CAM,282,0,True,https://s3.glbimg.com/v1/AUTH_58d78b787ec34892b5aaa0c7a146155f/clubes_2026/silhuetas/CAM/FORMATO.png,14,1.66,Tomás Pérez,4.2,4,3.99,25,tomas-perez,7,0.53,,2.0,,,,16.0,13.0,2.0,1.0,4.0,,,,,,,,,,
Barreal,Barreal,126471,SAN,277,0,True,https://s3.glbimg.com/v1/AUTH_58d78b787ec34892b5aaa0c7a146155f/clubes_2026/silhuetas/SAN/FORMATO.png,19,5.37,Álvaro Martín Barreal,1.1,4,10.11,25,barreal,3,-2.44,1.0,5.0,1.0,,,36.0,22.0,6.0,14.0,17.0,,4.0,,,3.0,1.0,,,,
Fernando Seabra,F. Seabra,126977,CFC,294,0,True,https://s3.glbimg.com/v1/AUTH_58d78b787ec34892b5aaa0c7a146155f/clubes_2026/silhuetas/CFC/FORMATO.png,25,5.23,Fernando Seabra,6.45,6,8.09,25,fernando-seabra,7,-0.1,,,,,,,,,,,,,,,,,,,,10.0
Paulinho,Paulinho,126996,VAS,267,0,False,https://s3.glbimg.com/v1/AUTH_58d78b787ec34892b5aaa0c7a146155f/clubes_2026/silhuetas/VAS/FORMATO.png,0,0.0,Paulo Ricardo Alves Ibelli,0.0,2,4.0,25,paulinho,6,0.0,,,,,,,,,,,,,,,,,,,,
Bahia,Bahia,127242,COR,264,0,False,https://s3.glbimg.com/v1/AUTH_58d78b787ec34892b5aaa0c7a146155f/clubes_2026/silhuetas/COR/FORMATO.png,0,0.0,Luiz Gustavo Lemos Carvalho,0.0,4,2.0,25,bahia,6,0.0,,,,,,,,,,,,,,,,,,,,
Artur Jorge,A. Jorge,127273,CRU,283,0,True,https://s3.glbimg.com/v1/AUTH_58d78b787ec34892b5aaa0c7a146155f/clubes_2026/silhuetas/CRU/FORMATO.png,17,6.35,Artur Jorge Torres Gomes Araújo Amorim,5.26,6,11.51,25,artur-jorge,7,-0.21,,,,,,,,,,,,,,,,,,,,11.0
Vargas,Vargas,127871,CAP,293,0,True,https://s3.glbimg.com/v1/AUTH_58d78b787ec34892b5aaa0c7a146155f/clubes_2026/silhuetas/CAP/FORMATO.png,4,4.9,Kerwin Andrés Calderón Vargas,3.5,5,8.39,25,vargas,6,-0.65,1.0,,,,,2.0,,,2.0,4.0,,1.0,,,,,,,,
Júlio Fidelis,J. Fidelis,127932,FLU,266,0,False,https://s3.glbimg.com/v1/AUTH_58d78b787ec34892b5aaa0c7a146155f/clubes_2026/silhuetas/FLU/FORMATO.png,1,-0.3,Julio Cesar Lima Fidelis,0.0,2,1.66,25,julio-fidelis,6,0.0,,,,,,,1.0,,,,,,,,,,,,,
Matheus Reis,M. Reis,127969,FLU,266,0,False,https://s3.glbimg.com/v1/AUTH_58d78b787ec34892b5aaa0c7a146155f/clubes_2026/silhuetas/FLU/FORMATO.png,0,0.0,Matheus dos Reis Francisco,0.0,5,1.0,25,matheus-reis,5,0.0,,,,,,,,,,,,,,,,,,,,
Felipe Chiqueti,F. Chiqueti,127970,CAP,293,0,False,https://s3.glbimg.com/v1/AUTH_58d78b787ec34892b5aaa0c7a146155f/clubes_2026/silhuetas/CAP/FORMATO.png,7,1.35,Felipe Chiqueti Bandeira,0.0,4,2.07,25,felipe-chiqueti,6,0.0,,1.0,,,,4.0,8.0,1.0,2.0,8.0,,,,,,,,,,
Pedro Emanuel,P. Emanuel,128177,VAS,267,0,True,https://s3.glbimg.com/v1/AUTH_58d78b787ec34892b5aaa0c7a146155f/clubes_2026/silhuetas/VAS/FORMATO.png,5,5.36,Pedro Emanuel dos Santos Martins Silva,8.06,6,10.3,25,pedro-emanuel,7,0.34,,,,,,,,,,,,,,,,,,,,1.0
Alejandro García,A. García,128427,CAP,293,0,False,https://s3.glbimg.com/v1/AUTH_58d78b787ec34892b5aaa0c7a146155f/clubes_2026/silhuetas/CAP/FORMATO.png,0,0.0,Alejandro García Castillo,0.0,4,4.0,25,alejandro-garcia,6,0.0,,,,,,,,,,,,,,,,,,,,
João Cruz,J. Cruz,128431,CAP,293,0,True,https://s3.glbimg.com/v1/AUTH_58d78b787ec34892b5aaa0c7a146155f/clubes_2026/silhuetas/CAP/FORMATO.png,18,3.94,João Victor Machado Cruz,3.3,4,5.71,25,joao-cruz,7,-1.54,4.0,1.0,,,,17.0,11.0,7.0,11.0,9.0,,1.0,,,2.0,,,,,
Johan Rojas,J. Rojas,128433,VAS,267,0,False,https://s3.glbimg.com/v1/AUTH_58d78b787ec34892b5aaa0c7a146155f/clubes_2026/silhuetas/VAS/FORMATO.png,16,1.58,Johan Rojas Echavarría,0.0,4,3.78,25,johan-rojas,6,0.0,1.0,3.0,,,,5.0,13.0,8.0,7.0,3.0,1.0,,,,3.0,,,,,
Wendel,Wendel,129661,BAH,265,0,False,https://s3.glbimg.com/v1/AUTH_58d78b787ec34892b5aaa0c7a146155f/clubes_2026/silhuetas/BAH/FORMATO.png,0,0.0,Wendel Silva Passos,0.0,4,1.0,25,wendel,6,0.0,,,,,,,,,,,,,,,,,,,,
Ruan Pablo,R. Pablo,129663,BAH,265,0,True,https://s3.glbimg.com/v1/AUTH_58d78b787ec34892b5aaa0c7a146155f/clubes_2026/silhuetas/BAH/FORMATO.png,3,0.17,Ruan Pablo Barbosa Sousa,-0.3,5,1.44,25,ruan-pablo,6,-0.36,,,,,,,1.0,,1.0,,,,,,,,,,,
Pablo,Pablo,129665,VAS,267,0,False,https://s3.glbimg.com/v1/AUTH_58d78b787ec34892b5aaa0c7a146155f/clubes_2026/silhuetas/VAS/FORMATO.png,0,0.0,Pablo de Paula Cardoso,0.0,1,1.0,25,pablo,6,0.0,,,,,,,,,,,,,,,,,,,,
Cristhian Loor,C. Loor,129930,BOT,263,0,False,https://s3.glbimg.com/v1/AUTH_58d78b787ec34892b5aaa0c7a146155f/clubes_2026/silhuetas/BOT/FORMATO.png,0,0.0,Cristhian Joel Loor Santamaría - Christian,0.0,1,2.0,25,cristhian-loor,6,0.0,,,,,,,,,,,,,,,,,,,,
Noriega,Noriega,130048,GRE,284,0,False,https://s3.glbimg.com/v1/AUTH_58d78b787ec34892b5aaa0c7a146155f/clubes_2026/silhuetas/GRE/FORMATO.png,17,4.1,Erick Carlos Noriega Loret de Mola,0.0,3,7.13,25,noriega,7,0.0,1.0,3.0,,,,23.0,22.0,3.0,4.0,20.0,,1.0,,,,,,,3.0,
João Costa,J. Costa,130121,CRU,283,0,True,https://s3.glbimg.com/v1/AUTH_58d78b787ec34892b5aaa0c7a146155f/clubes_2026/silhuetas/CRU/FORMATO.png,4,1.42,João Gabriel e Costa Cesco,3.5,5,4.14,25,joao-costa,6,0.3,,,,,,1.0,6.0,4.0,1.0,1.0,,,,,1.0,,,,,
Léo Nannetti,L. Nannetti,130189,FLA,262,0,False,https://s3.glbimg.com/v1/AUTH_58d78b787ec34892b5aaa0c7a146155f/clubes_2026/silhuetas/FLA/FORMATO.png,0,0.0,Leonardo Nannetti Lopes,0.0,1,2.0,25,leo-nannetti,6,0.0,,,,,,,,,,,,,,,,,,,,
Renê,Renê,130209,VIT,287,0,True,https://s3.glbimg.com/v1/AUTH_58d78b787ec34892b5aaa0c7a146155f/clubes_2026/silhuetas/VIT/FORMATO.png,16,5.84,Carlos Renê de Sousa Ferreira - Souza,1.5,5,8.1,25,rene,6,-0.56,1.0,2.0,,,,11.0,14.0,12.0,10.0,26.0,1.0,5.0,,,1.0,,,,,
Iuri,Iuri,130233,BAH,265,0,False,https://s3.glbimg.com/v1/AUTH_58d78b787ec34892b5aaa0c7a146155f/clubes_2026/silhuetas/BAH/FORMATO.png,0,0.0,Iuri Jean Carlo Neres dos Santos,0.0,1,1.0,25,iuri,6,0.0,,,,,,,,,,,,,,,,,,,,
Euder,Euder,130252,VAS,267,0,False,https://s3.glbimg.com/v1/AUTH_58d78b787ec34892b5aaa0c7a146155f/clubes_2026/silhuetas/VAS/FORMATO.png,0,0.0,Euder Galdino da Silva,0.0,4,1.0,25,euder,6,0.0,,,,,,,,,,,,,,,,,,,,
Lukas Zuccarello,L. Zuccarello,130279,VAS,267,0,False,https://s3.glbimg.com/v1/AUTH_58d78b787ec34892b5aaa0c7a146155f/clubes_2026/silhuetas/VAS/FORMATO.png,1,1.3,Lukas Rocha Zuccarello,0.0,4,2.32,25,lukas-zuccarello,6,0.0,,,,,,,,,1.0,1.0,,,,,,,,,,
Phillipe Gabriel,P. Gabriel,130280,VAS,267,0,False,https://s3.glbimg.com/v1/AUTH_58d78b787ec34892b5aaa0c7a146155f/clubes_2026/silhuetas/VAS/FORMATO.png,0,0.0,Phillipe Gabriel Pires de Oliveira,0.0,1,1.0,25,phillipe-gabriel,6,0.0,,,,,,,,,,,,,,,,,,,,
Anthony,Anthony,130282,BOT,263,0,False,https://s3.glbimg.com/v1/AUTH_58d78b787ec34892b5aaa0c7a146155f/clubes_2026/silhuetas/BOT/FORMATO.png,0,0.0,Anthony Wesley Ciriano Oliveira,0.0,3,3.0,25,anthony,6,0.0,,,,,,,,,,,,,,,,,,,,
Matheus Dias,M. Dias,130283,CFC,294,0,False,https://s3.glbimg.com/v1/AUTH_58d78b787ec34892b5aaa0c7a146155f/clubes_2026/silhuetas/CFC/FORMATO.png,0,0.0,Matheus Dalsasso Dias,0.0,4,1.0,25,matheus-dias,6,0.0,,,,,,,,,,,,,,,,,,,,
Wallace,Wallace,130307,GRE,284,0,True,https://s3.glbimg.com/v1/AUTH_58d78b787ec34892b5aaa0c7a146155f/clubes_2026/silhuetas/GRE/FORMATO.png,4,3.52,Wallace Gomes da Silva Santos,5.0,3,5.49,25,wallace,7,0.68,,1.0,,,,3.0,5.0,,2.0,5.0,,1.0,,,,,,,,
Rodrigo Falcão,R. Falcão,130309,SAN,277,0,False,https://s3.glbimg.com/v1/AUTH_58d78b787ec34892b5aaa0c7a146155f/clubes_2026/silhuetas/SAN/FORMATO.png,0,0.0,Rodrigo Plazezwski Falcão,0.0,1,1.0,25,rodrigo-falcao,6,0.0,,,,,,,,,,,,,,,,,,,,
Guilherme Gomes,G. Gomes,130382,FLA,262,0,False,https://s3.glbimg.com/v1/AUTH_58d78b787ec34892b5aaa0c7a146155f/clubes_2026/silhuetas/FLA/FORMATO.png,0,0.0,Guilherme Henrique Bernardineli Gomes,0.0,4,3.0,25,guilherme-gomes,6,0.0,,,,,,,,,,,,,,,,,,,,
Luiz Gustavo,L. Gustavo,130393,BAH,265,0,False,https://s3.glbimg.com/v1/AUTH_58d78b787ec34892b5aaa0c7a146155f/clubes_2026/silhuetas/BAH/FORMATO.png,0,0.0,Luiz Gustavo Marinho Ribeiro dos Santos,0.0,3,1.0,25,luiz-gustavo,6,0.0,,,,,,,,,,,,,,,,,,,,
Igor Felisberto,I. Felisberto,130399,SAO,276,0,False,https://s3.glbimg.com/v1/AUTH_58d78b787ec34892b5aaa0c7a146155f/clubes_2026/silhuetas/SAO/FORMATO.png,0,0.0,Igor Teixeira Felisberto,0.0,2,1.0,25,igor-felisberto,6,0.0,,,,,,,,,,,,,,,,,,,,
Robert,Robert,130414,CHA,315,0,False,https://s3.glbimg.com/v1/AUTH_58d78b787ec34892b5aaa0c7a146155f/clubes_2026/silhuetas/CHA/FORMATO.png,1,3.0,Robert dos Santos Conceição,0.0,4,3.51,25,robert,5,0.0,,,,,,2.0,,,,,,,,,,,,,,
Diego,Diego,130438,INT,285,0,False,https://s3.glbimg.com/v1/AUTH_58d78b787ec34892b5aaa0c7a146155f/clubes_2026/silhuetas/INT/FORMATO.png,0,0.0,Diego Esser Pereira,0.0,1,1.0,25,diego,6,0.0,,,,,,,,,,,,,,,,,,,,
Luciano,Luciano,130443,CHA,315,0,False,https://s3.glbimg.com/v1/AUTH_58d78b787ec34892b5aaa0c7a146155f/clubes_2026/silhuetas/CHA/FORMATO.png,0,0.0,Luciano Bertolo Ludwig,0.0,3,1.0,25,luciano,6,0.0,,,,,,,,,,,,,,,,,,,,
Rodrigo,Rodrigo,130444,CHA,315,0,False,https://s3.glbimg.com/v1/AUTH_58d78b787ec34892b5aaa0c7a146155f/clubes_2026/silhuetas/CHA/FORMATO.png,0,0.0,Rodrigo Endrio Azevedo Tiago,0.0,5,1.0,25,rodrigo,6,0.0,,,,,,,,,,,,,,,,,,,,
Edenílson,Edenílson,130620,VIT,287,0,False,https://s3.glbimg.com/v1/AUTH_58d78b787ec34892b5aaa0c7a146155f/clubes_2026/silhuetas/VIT/FORMATO.png,9,1.55,Edenílson Santos Nascimento Filho,0.0,4,3.1,25,edenilson,6,0.0,,1.0,1.0,,,13.0,7.0,,,1.0,,,,,,,,,,
Kadu,Kadu,130698,BOT,263,0,False,https://s3.glbimg.com/v1/AUTH_58d78b787ec34892b5aaa0c7a146155f/clubes_2026/silhuetas/BOT/FORMATO.png,0,0.0,Carlos Eduardo da Silva Santos,0.0,2,1.0,25,kadu,6,0.0,,,,,,,,,,,,,,,,,,,,
Kauan,Kauan,130806,CHA,315,0,True,https://s3.glbimg.com/v1/AUTH_58d78b787ec34892b5aaa0c7a146155f/clubes_2026/silhuetas/CHA/FORMATO.png,4,1.33,Kauan Faria Gomes,1.5,3,1.49,25,kauan,7,-0.32,,,,,,2.0,3.0,1.0,,,,,1.0,,,,,,1.0,
Matheus Soares,M. Soares,130842,CAP,293,0,False,https://s3.glbimg.com/v1/AUTH_58d78b787ec34892b5aaa0c7a146155f/clubes_2026/silhuetas/CAP/FORMATO.png,0,0.0,Matheus Soares Rocha,0.0,1,1.0,25,matheus-soares,6,0.0,,,,,,,,,,,,,,,,,,,,
Arthur Dias,A. Dias,130843,CAP,293,0,True,https://s3.glbimg.com/v1/AUTH_58d78b787ec34892b5aaa0c7a146155f/clubes_2026/silhuetas/CAP/FORMATO.png,21,3.56,Arthur dos Santos Barbosa Dias,2.2,3,5.67,25,arthur-dias,7,-0.28,,5.0,,,,27.0,19.0,,4.0,14.0,,,,,1.0,,,,7.0,
Riquelme,Riquelme,130889,GRE,284,0,False,https://s3.glbimg.com/v1/AUTH_58d78b787ec34892b5aaa0c7a146155f/clubes_2026/silhuetas/GRE/FORMATO.png,2,-1.45,Riquelme Freitas dos Santos,0.0,4,2.42,25,riquelme,6,0.0,,,1.0,,,,3.0,,,2.0,,,,,,,,,,
Riquelme,Riquelme,130906,CAP,293,0,False,https://s3.glbimg.com/v1/AUTH_58d78b787ec34892b5aaa0c7a146155f/clubes_2026/silhuetas/CAP/FORMATO.png,5,1.06,Diogo Riquelme Rivas do Nascimento,0.0,4,1.53,25,riquelme,6,0.0,,1.0,,,,4.0,3.0,1.0,,,,,,,,,,,,
Thiago Azaf,T. Azaf,131279,CFC,294,0,False,https://s3.glbimg.com/v1/AUTH_58d78b787ec34892b5aaa0c7a146155f/clubes_2026/silhuetas/CFC/FORMATO.png,0,0.0,Thiago Azaf Siqueira Soares,0.0,5,1.0,25,thiago-azaf,6,0.0,,,,,,,,,,,,,,,,,,,,
JP Chermont,J. Chermont,131516,CFC,294,0,True,https://s3.glbimg.com/v1/AUTH_58d78b787ec34892b5aaa0c7a146155f/clubes_2026/silhuetas/CFC/FORMATO.png,15,3.79,João Pedro Chermont Crema,2.9,2,5.41,25,jp-chermont,7,-1.91,3.0,,,,,15.0,7.0,3.0,1.0,6.0,,,,,,1.0,,,3.0,
André Silva,A. Silva,131617,SAO,276,0,True,https://s3.glbimg.com/v1/AUTH_58d78b787ec34892b5aaa0c7a146155f/clubes_2026/silhuetas/SAO/FORMATO.png,14,0.33,André Oliveira e Silva,1.7,5,3.47,25,andre-silva,6,0.25,,5.0,,,,1.0,12.0,5.0,2.0,8.0,,,,,,,,,,
Felipe Longo,F. Longo,131753,COR,264,0,False,https://s3.glbimg.com/v1/AUTH_58d78b787ec34892b5aaa0c7a146155f/clubes_2026/silhuetas/COR/FORMATO.png,0,0.0,Felipe Longo Fernandes da Silva,0.0,1,2.0,25,felipe-longo,6,0.0,,,,,,,,,,,,,,,,,,,,
Isac,Isac,131762,SAO,276,0,False,https://s3.glbimg.com/v1/AUTH_58d78b787ec34892b5aaa0c7a146155f/clubes_2026/silhuetas/SAO/FORMATO.png,0,0.0,Isac Silvestre da Silva,0.0,3,1.0,25,isac,6,0.0,,,,,,,,,,,,,,,,,,,,
Filipinho,Filipinho,131766,RBB,280,0,False,https://s3.glbimg.com/v1/AUTH_58d78b787ec34892b5aaa0c7a146155f/clubes_2026/silhuetas/RBB/FORMATO.png,0,0.0,Filipe Gabriel Rios Rodrigues,0.0,5,1.0,25,filipinho,6,0.0,,,,,,,,,,,,,,,,,,,,
Portilla,Portilla,131832,CAP,293,0,False,https://s3.glbimg.com/v1/AUTH_58d78b787ec34892b5aaa0c7a146155f/clubes_2026/silhuetas/CAP/FORMATO.png,16,1.19,Juan Camilo Portilla Orozco,0.0,4,2.78,25,portilla,6,0.0,,4.0,,,,13.0,20.0,1.0,3.0,12.0,,,,,,,,,,
Jhoan Hernández,J. Hernández,131964,BOT,263,0,False,https://s3.glbimg.com/v1/AUTH_58d78b787ec34892b5aaa0c7a146155f/clubes_2026/silhuetas/BOT/FORMATO.png,1,0.0,Jhoan Hernández Mejía,0.0,2,3.69,25,jhoan-hernandez,6,0.0,,,,,,,,,,,,,,,,,,,,
Villarreal,Villarreal,131967,CRU,283,0,True,https://s3.glbimg.com/v1/AUTH_58d78b787ec34892b5aaa0c7a146155f/clubes_2026/silhuetas/CRU/FORMATO.png,14,4.98,Neyser Villarreal - Neiser,1.5,5,7.96,25,villarreal,6,-0.05,1.0,,,,,12.0,9.0,5.0,11.0,16.0,1.0,3.0,,,2.0,,,,,
Serna,Serna,132071,FLU,266,0,True,https://s3.glbimg.com/v1/AUTH_58d78b787ec34892b5aaa0c7a146155f/clubes_2026/silhuetas/FLU/FORMATO.png,23,3.6,Kevin Steven Serna Jaramillo,0.9,5,5.95,25,serna,6,-0.97,2.0,1.0,,,,17.0,21.0,7.0,9.0,25.0,1.0,3.0,,,7.0,,,,,
Arroyo,Arroyo,132264,CRU,283,0,False,https://s3.glbimg.com/v1/AUTH_58d78b787ec34892b5aaa0c7a146155f/clubes_2026/silhuetas/CRU/FORMATO.png,20,3.55,Keny Alexander Arroyo Alvarado,0.0,5,6.92,25,arroyo,7,0.0,1.0,4.0,1.0,,,12.0,18.0,12.0,12.0,25.0,,3.0,,,2.0,,,,,
Ignacio Sosa,I. Sosa,132274,RBB,280,0,False,https://s3.glbimg.com/v1/AUTH_58d78b787ec34892b5aaa0c7a146155f/clubes_2026/silhuetas/RBB/FORMATO.png,15,1.5,Ignacio Sosa Ospital,0.0,4,3.41,25,ignacio-sosa,6,0.0,,5.0,,,,14.0,17.0,1.0,1.0,19.0,,,,,,,,,,
Román Gómez,R. Gómez,132412,BAH,265,0,True,https://s3.glbimg.com/v1/AUTH_58d78b787ec34892b5aaa0c7a146155f/clubes_2026/silhuetas/BAH/FORMATO.png,10,5.79,Román Agustín Gómez,2.9,2,8.54,25,roman-gomez,7,-0.88,,2.0,,,,23.0,14.0,,7.0,8.0,,,,,,,,,4.0,
Jemmes,Jemmes,132553,FLU,266,0,True,https://s3.glbimg.com/v1/AUTH_58d78b787ec34892b5aaa0c7a146155f/clubes_2026/silhuetas/FLU/FORMATO.png,17,3.36,Jemmes Bruno Ribeiro da Silva,0.0,3,6.09,25,jemmes,6,-0.55,1.0,3.0,,,,25.0,13.0,,3.0,9.0,,,,,1.0,,,,3.0,
Vinicinho,Vinicinho,132580,RBB,280,0,True,https://s3.glbimg.com/v1/AUTH_58d78b787ec34892b5aaa0c7a146155f/clubes_2026/silhuetas/RBB/FORMATO.png,13,2.36,Vinicius Mendonça Pereira,0.2,5,3.94,25,vinicinho,7,-0.61,,,,,,11.0,4.0,3.0,3.0,19.0,,,,,1.0,,,,,
João Pedro,J. Pedro,132750,SAN,277,0,False,https://s3.glbimg.com/v1/AUTH_58d78b787ec34892b5aaa0c7a146155f/clubes_2026/silhuetas/SAN/FORMATO.png,0,0.0,João Pedro Lucio da Silva,0.0,1,1.0,25,joao-pedro,6,0.0,,,,,,,,,,,,,,,,,,,,
Gui Negão,G. Negão,133543,COR,264,0,True,https://s3.glbimg.com/v1/AUTH_58d78b787ec34892b5aaa0c7a146155f/clubes_2026/silhuetas/COR/FORMATO.png,7,1.01,Guilherme William Silva Inácio,0.0,5,2.98,25,gui-negao,6,-0.14,,,,,,5.0,4.0,,1.0,,,,,,,,,,,
Gustavo Reis,G. Reis,133671,RBB,280,0,False,https://s3.glbimg.com/v1/AUTH_58d78b787ec34892b5aaa0c7a146155f/clubes_2026/silhuetas/RBB/FORMATO.png,0,0.0,Gustavo Reis de Alcântara,0.0,1,1.0,25,gustavo-reis,6,0.0,,,,,,,,,,,,,,,,,,,,
Mateus Xavier,M. Xavier,133673,SAN,277,0,False,https://s3.glbimg.com/v1/AUTH_58d78b787ec34892b5aaa0c7a146155f/clubes_2026/silhuetas/SAN/FORMATO.png,1,1.2,Mateus Xavier de Sousa,0.0,5,2.33,25,mateus-xavier,6,0.0,,,,,,1.0,1.0,,,,,,,,,,,,,
Benedetti,Benedetti,133679,PAL,275,0,False,https://s3.glbimg.com/v1/AUTH_58d78b787ec34892b5aaa0c7a146155f/clubes_2026/silhuetas/PAL/FORMATO.png,2,4.85,Luis Gustavo Roncholeta Benedetti - Luiz,0.0,3,5.42,25,benedetti,6,0.0,,,,,,,1.0,,,,,,,,,,,,2.0,
Bruno Lopes,B. Lopes,133690,VAS,267,0,False,https://s3.glbimg.com/v1/AUTH_58d78b787ec34892b5aaa0c7a146155f/clubes_2026/silhuetas/VAS/FORMATO.png,1,1.7,Bruno Lopes Ferreira,0.0,5,1.57,25,bruno-lopes,6,0.0,,,,,,,1.0,1.0,1.0,,,,,,,,,,,
Wallace Davi,W. Davi,133696,BOT,263,0,False,https://s3.glbimg.com/v1/AUTH_58d78b787ec34892b5aaa0c7a146155f/clubes_2026/silhuetas/BOT/FORMATO.png,0,0.0,Wallace Davi Nunes da Silva Dias,0.0,4,4.0,25,wallace-davi,6,0.0,,,,,,,,,,,,,,,,,,,,
Larson,Larson,136156,PAL,275,0,False,https://s3.glbimg.com/v1/AUTH_58d78b787ec34892b5aaa0c7a146155f/clubes_2026/silhuetas/PAL/FORMATO.png,4,0.48,Larson Torna Ferreira dos Santos,0.0,4,2.1,25,larson,6,0.0,,,,,,,2.0,1.0,1.0,1.0,,,,,,,,,,
Sanabria,Sanabria,136955,BAH,265,0,False,https://s3.glbimg.com/v1/AUTH_58d78b787ec34892b5aaa0c7a146155f/clubes_2026/silhuetas/BAH/FORMATO.png,14,2.69,Mateo Naín Sanabria Doracio,0.0,5,5.44,25,sanabria,5,0.0,1.0,2.0,,,,5.0,10.0,2.0,8.0,11.0,,2.0,,,2.0,,,,,
Kaique Kenji,K. Kenji,137542,CRU,283,0,True,https://s3.glbimg.com/v1/AUTH_58d78b787ec34892b5aaa0c7a146155f/clubes_2026/silhuetas/CRU/FORMATO.png,11,1.25,Kaique Kenji Takamura Correa,2.9,5,2.61,25,kaique-kenji,6,0.43,,3.0,,,,2.0,5.0,3.0,2.0,4.0,,1.0,,,,,,,,
Tevis,Tevis,137543,CRU,283,0,False,https://s3.glbimg.com/v1/AUTH_58d78b787ec34892b5aaa0c7a146155f/clubes_2026/silhuetas/CRU/FORMATO.png,0,0.0,Tevis Gabriel Alves Santos,0.0,5,2.0,25,tevis,6,0.0,,,,,,,,,,,,,,,,,,,,
Palacios,Palacios,138021,RBB,280,0,False,https://s3.glbimg.com/v1/AUTH_58d78b787ec34892b5aaa0c7a146155f/clubes_2026/silhuetas/RBB/FORMATO.png,0,0.0,Sergio Stevan Palacios Zapata,0.0,3,3.0,25,palacios,6,0.0,,,,,,,,,,,,,,,,,,,,
Bruno Duarte,B. Duarte,138941,VAS,267,0,False,https://s3.glbimg.com/v1/AUTH_58d78b787ec34892b5aaa0c7a146155f/clubes_2026/silhuetas/VAS/FORMATO.png,0,0.0,Bruno Duarte da Silva,0.0,5,6.0,25,bruno-duarte,6,0.0,,,,,,,,,,,,,,,,,,,,
Pedro Kauã,P. Kauã,139200,INT,285,0,False,https://s3.glbimg.com/v1/AUTH_58d78b787ec34892b5aaa0c7a146155f/clubes_2026/silhuetas/INT/FORMATO.png,0,0.0,Pedro Kauã Rodrigues Machado,0.0,3,1.0,25,pedro-kaua,6,0.0,,,,,,,,,,,,,,,,,,,,
Luizinho,Luizinho,140167,COR,264,0,False,https://s3.glbimg.com/v1/AUTH_58d78b787ec34892b5aaa0c7a146155f/clubes_2026/silhuetas/COR/FORMATO.png,0,0.0,Luiz Fernando dos Santos de Nardi,0.0,5,1.0,25,luizinho,6,0.0,,,,,,,,,,,,,,,,,,,,
David,David,140438,CHA,315,0,False,https://s3.glbimg.com/v1/AUTH_58d78b787ec34892b5aaa0c7a146155f/clubes_2026/silhuetas/CHA/FORMATO.png,7,0.83,David Antunes da Silva,0.0,4,1.14,25,david,6,0.0,,,,,,3.0,2.0,,3.0,1.0,,,,,,1.0,,,,
Riquelme Felipe,R. Felipe,140484,FLU,266,0,False,https://s3.glbimg.com/v1/AUTH_58d78b787ec34892b5aaa0c7a146155f/clubes_2026/silhuetas/FLU/FORMATO.png,4,1.77,Riquelme Felipe Silva de Almeida,0.0,5,4.18,25,riquelme-felipe,6,0.0,1.0,1.0,,,,2.0,3.0,,,2.0,,,,,,,,,,
João Victor,J. Victor,140492,FLA,262,0,False,https://s3.glbimg.com/v1/AUTH_58d78b787ec34892b5aaa0c7a146155f/clubes_2026/silhuetas/FLA/FORMATO.png,1,6.5,João Victor de Souza Cunha,0.0,3,4.34,25,joao-victor,6,0.0,,,,,,1.0,,,,,,,,,,,,,1.0,
Tiaguinho,Tiaguinho,140496,GRE,284,0,False,https://s3.glbimg.com/v1/AUTH_58d78b787ec34892b5aaa0c7a146155f/clubes_2026/silhuetas/GRE/FORMATO.png,1,0.0,Tiago Augusto Gonçalves,0.0,4,0.93,25,tiaguinho,6,0.0,,,,,,,,,,,,,,,,,,,,
Ryan Francisco,R. Francisco,140542,SAO,276,0,False,https://s3.glbimg.com/v1/AUTH_58d78b787ec34892b5aaa0c7a146155f/clubes_2026/silhuetas/SAO/FORMATO.png,1,-0.3,Ryan Francisco Rodrigues dos Santos Silva,0.0,5,4.35,25,ryan-francisco,6,0.0,,,,,,,1.0,,,,,,,,,,,,,
David Martins,D. Martins,140726,BAH,265,0,False,https://s3.glbimg.com/v1/AUTH_58d78b787ec34892b5aaa0c7a146155f/clubes_2026/silhuetas/BAH/FORMATO.png,3,-0.1,David Martins Almeida de Lira,0.0,4,0.65,25,david-martins,6,0.0,,,,,,,1.0,,,,,,,,,,,,,
Davi Gomes,D. Gomes,140906,RBB,280,0,False,https://s3.glbimg.com/v1/AUTH_58d78b787ec34892b5aaa0c7a146155f/clubes_2026/silhuetas/RBB/FORMATO.png,2,4.25,Davi Gomes de Alvarenga,0.0,5,5.19,25,davi-gomes,5,0.0,,,,,,1.0,,2.0,2.0,,1.0,,,,,,,,,
Bruno Bertinato,B. Bertinato,140908,PAL,275,0,False,https://s3.glbimg.com/v1/AUTH_58d78b787ec34892b5aaa0c7a146155f/clubes_2026/silhuetas/PAL/FORMATO.png,0,0.0,Bruno Oliveira Bertinato,0.0,1,3.0,25,bruno-bertinato,6,0.0,,,,,,,,,,,,,,,,,,,,
Robert,Robert,141125,CAM,282,0,False,https://s3.glbimg.com/v1/AUTH_58d78b787ec34892b5aaa0c7a146155f/clubes_2026/silhuetas/CAM/FORMATO.png,0,0.0,Robert Pinto Alves Assunção,0.0,1,1.0,25,robert,6,0.0,,,,,,,,,,,,,,,,,,,,
Pedro Cobra,P. Cobra,141126,CAM,282,0,False,https://s3.glbimg.com/v1/AUTH_58d78b787ec34892b5aaa0c7a146155f/clubes_2026/silhuetas/CAM/FORMATO.png,0,0.0,Pedro Cobra Rodrigues,0.0,1,1.0,25,pedro-cobra,6,0.0,,,,,,,,,,,,,,,,,,,,
Vitão,Vitão,141131,CAM,282,0,True,https://s3.glbimg.com/v1/AUTH_58d78b787ec34892b5aaa0c7a146155f/clubes_2026/silhuetas/CAM/FORMATO.png,2,3.5,Vitor Fernandes Chaves Teixeira,0.8,3,2.95,25,vitao,2,-0.29,,,,,,1.0,1.0,,1.0,,,,,,,,,,1.0,
Zé Lucas,Z. Lucas,141160,CRU,283,0,True,https://s3.glbimg.com/v1/AUTH_58d78b787ec34892b5aaa0c7a146155f/clubes_2026/silhuetas/CRU/FORMATO.png,4,3.27,José Lucas Gomes da Silva,8.5,4,6.69,25,ze-lucas,6,1.37,,,,,,7.0,3.0,,,7.0,,,,,,,,,,
Walace Falcão,W. Falcão,141184,VAS,267,0,False,https://s3.glbimg.com/v1/AUTH_58d78b787ec34892b5aaa0c7a146155f/clubes_2026/silhuetas/VAS/FORMATO.png,0,0.0,Wallace Fernandes Alves Falcão,0.0,3,1.0,25,walace-falcao,6,0.0,,,,,,,,,,,,,,,,,,,,
Lucas Crepaldi,L. Crepaldi,141335,CFC,294,0,False,https://s3.glbimg.com/v1/AUTH_58d78b787ec34892b5aaa0c7a146155f/clubes_2026/silhuetas/CFC/FORMATO.png,0,0.0,Lucas Crepaldi Pimentel,0.0,5,1.0,25,lucas-crepaldi,6,0.0,,,,,,,,,,,,,,,,,,,,
Lucas Taverna,L. Taverna,141337,CFC,294,0,False,https://s3.glbimg.com/v1/AUTH_58d78b787ec34892b5aaa0c7a146155f/clubes_2026/silhuetas/CFC/FORMATO.png,4,1.95,Lucas Taverna,0.0,2,2.69,25,lucas-taverna,5,0.0,,1.0,,,,3.0,4.0,,,1.0,,,,,,,,,1.0,
Paulo Roberto,P. Roberto,141339,CFC,294,0,True,https://s3.glbimg.com/v1/AUTH_58d78b787ec34892b5aaa0c7a146155f/clubes_2026/silhuetas/CFC/FORMATO.png,5,5.28,Paulo Roberto da Silva Souza,5.5,5,5.76,25,paulo-roberto,6,-0.18,1.0,1.0,,,,4.0,2.0,,,2.0,,2.0,,,,,,,,
Vitor Tissi,V. Tissi,141344,CFC,294,0,True,https://s3.glbimg.com/v1/AUTH_58d78b787ec34892b5aaa0c7a146155f/clubes_2026/silhuetas/CFC/FORMATO.png,5,0.98,Vitor Gonçalves Tissi,2.0,4,1.45,25,vitor-tissi,6,0.46,,1.0,,,,3.0,2.0,,,4.0,,,,,,,,,,
Gustavo Santana,G. Santana,141382,SAO,276,0,True,https://s3.glbimg.com/v1/AUTH_58d78b787ec34892b5aaa0c7a146155f/clubes_2026/silhuetas/SAO/FORMATO.png,3,4.37,Gustavo Domingos Santana,11.2,5,4.57,25,gustavo-santana,2,2.46,,,,,,1.0,2.0,2.0,1.0,2.0,,1.0,,,,,,,,
João Victor,J. Victor,141385,REM,364,0,False,https://s3.glbimg.com/v1/AUTH_58d78b787ec34892b5aaa0c7a146155f/clubes_2026/silhuetas/REM/FORMATO.png,0,0.0,João Victor Ferreira da Silva,0.0,1,1.0,25,joao-victor,6,0.0,,,,,,,,,,,,,,,,,,,,
Marcos Alexandre,M. Alexandre,141386,REM,364,0,False,https://s3.glbimg.com/v1/AUTH_58d78b787ec34892b5aaa0c7a146155f/clubes_2026/silhuetas/REM/FORMATO.png,0,0.0,Marcos Alexandre Ferreira Campos Filho,0.0,1,1.0,25,marcos-alexandre,6,0.0,,,,,,,,,,,,,,,,,,,,
Huguinho,Huguinho,141400,BOT,263,0,True,https://s3.glbimg.com/v1/AUTH_58d78b787ec34892b5aaa0c7a146155f/clubes_2026/silhuetas/BOT/FORMATO.png,7,3.09,Victor Hugo Custódio de Melo Moura,3.0,4,4.75,25,huguinho,6,0.37,,3.0,,,,10.0,15.0,,2.0,11.0,,1.0,,,,1.0,,,,
Avellar,Avellar,141405,VAS,267,0,False,https://s3.glbimg.com/v1/AUTH_58d78b787ec34892b5aaa0c7a146155f/clubes_2026/silhuetas/VAS/FORMATO.png,2,3.45,Riquelme Avellar da Silva Fortes,0.0,2,2.8,25,avellar,6,0.0,,,,,,4.0,1.0,1.0,,,,,,,,,,,,
Andrey Fernandes,A. Fernandes,141406,VAS,267,0,False,https://s3.glbimg.com/v1/AUTH_58d78b787ec34892b5aaa0c7a146155f/clubes_2026/silhuetas/VAS/FORMATO.png,1,1.7,Andrey Fernandes de Oliveira Nunes,0.0,5,1.41,25,andrey-fernandes,6,0.0,,,,,,,,1.0,,1.0,,,,,,,,,,
Fredi Lippert,F. Lippert,141419,BAH,265,0,False,https://s3.glbimg.com/v1/AUTH_58d78b787ec34892b5aaa0c7a146155f/clubes_2026/silhuetas/BAH/FORMATO.png,0,0.0,Frederico Lippert Neto Gomes,0.0,3,2.0,25,fredi-lippert,6,0.0,,,,,,,,,,,,,,,,,,,,
Yuri Alves,Y. Alves,141536,RBB,280,0,True,https://s3.glbimg.com/v1/AUTH_58d78b787ec34892b5aaa0c7a146155f/clubes_2026/silhuetas/RBB/FORMATO.png,4,1.05,Yuri Alves de Aquino,1.2,4,1.55,25,yuri-alves,6,0.06,,,,,,2.0,2.0,,1.0,2.0,,,,,,,,,,
Índio,Índio,141551,CAM,282,0,False,https://s3.glbimg.com/v1/AUTH_58d78b787ec34892b5aaa0c7a146155f/clubes_2026/silhuetas/CAM/FORMATO.png,0,0.0,Hendel dos Santos Nascimento,0.0,4,1.0,25,indio,5,0.0,,,,,,,,,,,,,,,,,,,,
Pedro Gabriel,P. Gabriel,141594,GRE,284,0,True,https://s3.glbimg.com/v1/AUTH_58d78b787ec34892b5aaa0c7a146155f/clubes_2026/silhuetas/GRE/FORMATO.png,12,3.22,Pedro Gabriel Crisostomo Pinheiro,-0.3,2,4.42,25,pedro-gabriel,6,-0.67,1.0,4.0,,,,11.0,17.0,3.0,2.0,2.0,,,,,,,,,4.0,
Gabriel Mec,G. Mec,141595,GRE,284,0,False,https://s3.glbimg.com/v1/AUTH_58d78b787ec34892b5aaa0c7a146155f/clubes_2026/silhuetas/GRE/FORMATO.png,15,2.89,Gabriel Ferreira de Carvalho,0.0,5,3.17,25,gabriel-mec,6,0.0,,3.0,,,,12.0,9.0,1.0,6.0,18.0,,2.0,,,,,,,,
Lucca,Lucca,141609,SAO,276,0,False,https://s3.glbimg.com/v1/AUTH_58d78b787ec34892b5aaa0c7a146155f/clubes_2026/silhuetas/SAO/FORMATO.png,4,0.23,Lucca Marques Alencar,0.0,5,2.05,25,lucca,5,0.0,,,,,,1.0,2.0,,,,,,,,,,,,,
Maik,Maik,141611,SAO,276,0,False,https://s3.glbimg.com/v1/AUTH_58d78b787ec34892b5aaa0c7a146155f/clubes_2026/silhuetas/SAO/FORMATO.png,5,3.48,Maik Gomes Viegas,0.0,2,5.52,25,maik,6,0.0,,,,,,8.0,3.0,,1.0,1.0,,,,,,,,,1.0,
Pedro Ferreira,P. Ferreira,141615,SAO,276,0,False,https://s3.glbimg.com/v1/AUTH_58d78b787ec34892b5aaa0c7a146155f/clubes_2026/silhuetas/SAO/FORMATO.png,3,0.87,Pedro Henrique Ferreira da Silva,0.0,4,1.25,25,pedro-ferreira,6,0.0,,,,,,,2.0,1.0,,4.0,,,,,,,,,,
Pablo Lúcio,P. Lúcio,141628,FLA,262,0,False,https://s3.glbimg.com/v1/AUTH_58d78b787ec34892b5aaa0c7a146155f/clubes_2026/silhuetas/FLA/FORMATO.png,0,0.0,Pablo Lúcio,0.0,4,2.0,25,pablo-lucio,6,0.0,,,,,,,,,,,,,,,,,,,,
Caio Valle,C. Valle,141752,BOT,263,0,False,https://s3.glbimg.com/v1/AUTH_58d78b787ec34892b5aaa0c7a146155f/clubes_2026/silhuetas/BOT/FORMATO.png,0,0.0,Caio Ribeiro do Valle Silva,0.0,4,1.0,25,caio-valle,6,0.0,,,,,,,,,,,,,,,,,,,,
Gabriel Bontempo,G. Bontempo,141754,SAN,277,0,True,https://s3.glbimg.com/v1/AUTH_58d78b787ec34892b5aaa0c7a146155f/clubes_2026/silhuetas/SAN/FORMATO.png,19,3.82,Gabriel Morais Silva Bontempo,5.2,4,5.54,25,gabriel-bontempo,7,0.14,2.0,2.0,,,,32.0,8.0,1.0,6.0,24.0,,,,,,,,1.0,,
Fabiano Souza,F. Souza,141763,VIT,287,0,False,https://s3.glbimg.com/v1/AUTH_58d78b787ec34892b5aaa0c7a146155f/clubes_2026/silhuetas/VIT/FORMATO.png,3,0.23,Fabiano Josué de Souza Silva,0.0,2,3.85,25,fabiano-souza,6,0.0,,1.0,,,,2.0,2.0,,1.0,3.0,,,1.0,,,,,,,
Gustavo Henrique,G. Henrique,141776,SAN,277,0,True,https://s3.glbimg.com/v1/AUTH_58d78b787ec34892b5aaa0c7a146155f/clubes_2026/silhuetas/SAN/FORMATO.png,11,2.84,Gustavo Henrique Pereira,-0.3,4,3.13,25,gustavo-henrique,5,-2.08,,3.0,1.0,,,21.0,12.0,1.0,2.0,13.0,,,,,,,,,,
Kauan Coutinho,K. Coutinho,141795,VIT,287,0,False,https://s3.glbimg.com/v1/AUTH_58d78b787ec34892b5aaa0c7a146155f/clubes_2026/silhuetas/VIT/FORMATO.png,0,0.0,Kauan Santos Neves Coutinho,0.0,3,1.0,25,kauan-coutinho,6,0.0,,,,,,,,,,,,,,,,,,,,
Vini Lira,V. Lira,141868,SAN,277,0,False,https://s3.glbimg.com/v1/AUTH_58d78b787ec34892b5aaa0c7a146155f/clubes_2026/silhuetas/SAN/FORMATO.png,4,2.42,Vinicius Rodrigues Lira,0.0,2,3.79,25,vini-lira,5,0.0,,1.0,,,,7.0,6.0,1.0,1.0,,,,,,,,,,,
Jacaré,Jacaré,141873,COR,264,0,False,https://s3.glbimg.com/v1/AUTH_58d78b787ec34892b5aaa0c7a146155f/clubes_2026/silhuetas/COR/FORMATO.png,0,0.0,João Vitor Barros Silva,0.0,2,2.0,25,jacare,6,0.0,,,,,,,,,,,,,,,,,,,,
Khensane,Khensane,141954,CFC,294,0,False,https://s3.glbimg.com/v1/AUTH_58d78b787ec34892b5aaa0c7a146155f/clubes_2026/silhuetas/CFC/FORMATO.png,0,0.0,Khensane Mpusane Eustaquio Machel,0.0,4,1.0,25,khensane,6,0.0,,,,,,,,,,,,,,,,,,,,
Tico,Tico,141991,REM,364,0,False,https://s3.glbimg.com/v1/AUTH_58d78b787ec34892b5aaa0c7a146155f/clubes_2026/silhuetas/REM/FORMATO.png,1,0.5,Paulo Sérgio da Costa Evangelista Junior,0.0,5,1.1,25,tico,6,0.0,,,,,,,,,,1.0,,,,,,,,,,
Dieguinho,Dieguinho,141995,COR,264,0,True,https://s3.glbimg.com/v1/AUTH_58d78b787ec34892b5aaa0c7a146155f/clubes_2026/silhuetas/COR/FORMATO.png,13,1.43,Diego da Cruz Lopes,4.7,4,3.59,25,dieguinho,6,0.72,,,,,,4.0,2.0,1.0,2.0,5.0,,1.0,,,1.0,,,,,
Amuzu,Amuzu,142004,GRE,284,0,True,https://s3.glbimg.com/v1/AUTH_58d78b787ec34892b5aaa0c7a146155f/clubes_2026/silhuetas/GRE/FORMATO.png,21,3.76,Francis Amuzu,1.0,5,6.72,25,amuzu,7,-0.05,3.0,,,,,14.0,12.0,8.0,13.0,31.0,1.0,1.0,,,,,,,,
Kauan Toledo,K. Toledo,142086,BOT,263,0,False,https://s3.glbimg.com/v1/AUTH_58d78b787ec34892b5aaa0c7a146155f/clubes_2026/silhuetas/BOT/FORMATO.png,6,2.17,Kauan Almeida Toledo,0.0,5,2.53,25,kauan-toledo,6,0.0,,1.0,,,,6.0,8.0,2.0,2.0,7.0,,,,,1.0,,,,,
Marcelo Eráclito,M. Eráclito,142130,CRU,283,0,False,https://s3.glbimg.com/v1/AUTH_58d78b787ec34892b5aaa0c7a146155f/clubes_2026/silhuetas/CRU/FORMATO.png,0,0.0,Marcelo Eráclito de Souza Filho,0.0,1,1.0,25,marcelo-eraclito,6,0.0,,,,,,,,,,,,,,,,,,,,
Luis Eduardo,L. Eduardo,142257,GRE,284,0,False,https://s3.glbimg.com/v1/AUTH_58d78b787ec34892b5aaa0c7a146155f/clubes_2026/silhuetas/GRE/FORMATO.png,2,-0.3,Luis Eduardo Guedes de Souza,0.0,3,1.45,25,luis-eduardo,6,0.0,,,,,,,2.0,,,,,,,,,,,,,
Bernardo Zortea,B. Zortea,142260,GRE,284,0,True,https://s3.glbimg.com/v1/AUTH_58d78b787ec34892b5aaa0c7a146155f/clubes_2026/silhuetas/GRE/FORMATO.png,4,1.17,Bernardo Schons Zortea,4.3,4,1.72,25,bernardo-zortea,6,0.95,,,,,,3.0,3.0,,2.0,1.0,,,,,,1.0,,,,
Jeferson,Jeferson,142261,GRE,284,0,False,https://s3.glbimg.com/v1/AUTH_58d78b787ec34892b5aaa0c7a146155f/clubes_2026/silhuetas/GRE/FORMATO.png,0,0.0,Jeferson Borges dos Santos,0.0,5,1.0,25,jeferson,6,0.0,,,,,,,,,,,,,,,,,,,,
Dell,Dell,142265,BAH,265,0,False,https://s3.glbimg.com/v1/AUTH_58d78b787ec34892b5aaa0c7a146155f/clubes_2026/silhuetas/BAH/FORMATO.png,4,0.65,Wendeson Wanderley Santos de Melo,0.0,5,1.82,25,dell,6,0.0,,,1.0,,,2.0,3.0,1.0,1.0,3.0,,,,,,,,,,
Luiz Felipe,L. Felipe,142275,FLA,262,0,False,https://s3.glbimg.com/v1/AUTH_58d78b787ec34892b5aaa0c7a146155f/clubes_2026/silhuetas/FLA/FORMATO.png,0,0.0,Luiz Felipe Mariano dos Santos,0.0,4,1.0,25,luiz-felipe,6,0.0,,,,,,,,,,,,,,,,,,,,
Nuno Moreira,N. Moreira,142279,VAS,267,0,False,https://s3.glbimg.com/v1/AUTH_58d78b787ec34892b5aaa0c7a146155f/clubes_2026/silhuetas/VAS/FORMATO.png,18,2.06,Nuno Gonçalo Rocha Moreira,0.0,4,5.2,25,nuno-moreira,6,0.0,1.0,3.0,,,,11.0,12.0,4.0,7.0,8.0,,1.0,,,1.0,,,,,
Barrera,Barrera,142484,BOT,263,0,False,https://s3.glbimg.com/v1/AUTH_58d78b787ec34892b5aaa0c7a146155f/clubes_2026/silhuetas/BOT/FORMATO.png,11,2.46,Jordan Andrés Barrera Herrera,0.0,4,4.93,25,barrera,5,0.0,,,,,,5.0,9.0,6.0,2.0,5.0,1.0,1.0,,,,,,,,
João Victor,J. Victor,142638,INT,285,0,False,https://s3.glbimg.com/v1/AUTH_58d78b787ec34892b5aaa0c7a146155f/clubes_2026/silhuetas/INT/FORMATO.png,0,0.0,João Victor Alves de Morais Francisco,0.0,5,1.0,25,joao-victor,6,0.0,,,,,,,,,,,,,,,,,,,,
Franco Rossi,F. Rossi,142764,CHA,315,0,True,https://s3.glbimg.com/v1/AUTH_58d78b787ec34892b5aaa0c7a146155f/clubes_2026/silhuetas/CHA/FORMATO.png,4,2.4,Franco Andrés Rossi Donazar,4.6,5,3.91,25,franco-rossi,6,0.71,,,,,,1.0,3.0,3.0,3.0,6.0,,,,,,,,,,
Johnny,Johnny,142868,FLA,262,0,False,https://s3.glbimg.com/v1/AUTH_58d78b787ec34892b5aaa0c7a146155f/clubes_2026/silhuetas/FLA/FORMATO.png,1,0.0,Johnny Monteiro Góes,0.0,2,0.89,25,johnny,6,0.0,,,,,,,,,,,,,,,,,,,,
Villalba,Villalba,142877,BOT,263,0,True,https://s3.glbimg.com/v1/AUTH_58d78b787ec34892b5aaa0c7a146155f/clubes_2026/silhuetas/BOT/FORMATO.png,11,1.46,Lucas Martín Villalba Jaume,0.0,5,3.85,25,villalba,6,-0.48,,2.0,,,,6.0,6.0,1.0,1.0,2.0,,1.0,,,,,,,,
Montoro,Montoro,142890,BOT,263,0,True,https://s3.glbimg.com/v1/AUTH_58d78b787ec34892b5aaa0c7a146155f/clubes_2026/silhuetas/BOT/FORMATO.png,19,2.63,Álvaro Montoro,1.5,4,6.63,25,montoro,7,-0.28,3.0,4.0,,,,10.0,15.0,5.0,5.0,25.0,2.0,,,,,,,,,
Gabriel Abdias,G. Abdias,143072,BOT,263,0,False,https://s3.glbimg.com/v1/AUTH_58d78b787ec34892b5aaa0c7a146155f/clubes_2026/silhuetas/BOT/FORMATO.png,0,0.0,Gabriel da Silva Abdias,0.0,2,3.0,25,gabriel-abdias,6,0.0,,,,,,,,,,,,,,,,,,,,
Tarzia,Tarzia,143153,VIT,287,0,True,https://s3.glbimg.com/v1/AUTH_58d78b787ec34892b5aaa0c7a146155f/clubes_2026/silhuetas/VIT/FORMATO.png,18,2.91,Diego Tarzia,-1.1,5,3.34,25,tarzia,6,-0.34,1.0,2.0,,,,11.0,14.0,7.0,6.0,16.0,,2.0,,,1.0,,,,,
Viveros,Viveros,143193,CAP,293,0,True,https://s3.glbimg.com/v1/AUTH_58d78b787ec34892b5aaa0c7a146155f/clubes_2026/silhuetas/CAP/FORMATO.png,22,9.15,Kevin Stiven Viveros Rodallega,10.3,5,13.47,25,viveros,7,-0.81,3.0,4.0,,,,3.0,52.0,22.0,17.0,67.0,2.0,15.0,,,19.0,,,4.0,,
Gean,Gean,143252,VIT,287,0,False,https://s3.glbimg.com/v1/AUTH_58d78b787ec34892b5aaa0c7a146155f/clubes_2026/silhuetas/VIT/FORMATO.png,0,0.0,Gean de Jesus Soares,0.0,2,1.0,25,gean,6,0.0,,,,,,,,,,,,,,,,,,,,
Wendell,Wendell,143253,VIT,287,0,False,https://s3.glbimg.com/v1/AUTH_58d78b787ec34892b5aaa0c7a146155f/clubes_2026/silhuetas/VIT/FORMATO.png,0,0.0,Wendell dos Santos Sacramento,0.0,4,2.0,25,wendell,6,0.0,,,,,,,,,,,,,,,,,,,,
Kauan Vitor,K. Vitor,143255,VIT,287,0,False,https://s3.glbimg.com/v1/AUTH_58d78b787ec34892b5aaa0c7a146155f/clubes_2026/silhuetas/VIT/FORMATO.png,0,0.0,Kauan Vitor Silva Ferreira de Melo,0.0,2,1.0,25,kauan-vitor,6,0.0,,,,,,,,,,,,,,,,,,,,
Joshua,Joshua,143295,FLA,262,0,False,https://s3.glbimg.com/v1/AUTH_58d78b787ec34892b5aaa0c7a146155f/clubes_2026/silhuetas/FLA/FORMATO.png,1,-0.3,Caio Joshua Lana de Andrade,0.0,4,2.6,25,joshua,6,0.0,,,,,,,1.0,,,,,,,,,,,,,
PH Gama,P. Gama,143455,REM,364,0,False,https://s3.glbimg.com/v1/AUTH_58d78b787ec34892b5aaa0c7a146155f/clubes_2026/silhuetas/REM/FORMATO.png,0,0.0,Darilson Gama Amador,0.0,4,2.0,25,ph-gama,6,0.0,,,,,,,,,,,,,,,,,,,,
Wesley Natã,W. Natã,143463,FLU,266,0,False,https://s3.glbimg.com/v1/AUTH_58d78b787ec34892b5aaa0c7a146155f/clubes_2026/silhuetas/FLU/FORMATO.png,1,-0.3,Wesley Natã de Freitas Prado,0.0,5,0.8,25,wesley-nata,6,0.0,,,,,,,1.0,,,,,,,,,,,,,
Keven Samuel,K. Samuel,143465,FLU,266,0,False,https://s3.glbimg.com/v1/AUTH_58d78b787ec34892b5aaa0c7a146155f/clubes_2026/silhuetas/FLU/FORMATO.png,0,0.0,Keven Samuel Moreira dos Santos,0.0,5,1.0,25,keven-samuel,6,0.0,,,,,,,,,,,,,,,,,,,,
Raykkonen,Raykkonen,143488,INT,285,0,False,https://s3.glbimg.com/v1/AUTH_58d78b787ec34892b5aaa0c7a146155f/clubes_2026/silhuetas/INT/FORMATO.png,1,0.5,Raykkonen Pereira Soares,0.0,5,2.63,25,raykkonen,6,0.0,,,,,,,,,,1.0,,,,,,,,,,
Carlos Eduardo,C. Eduardo,143532,CAP,293,0,False,https://s3.glbimg.com/v1/AUTH_58d78b787ec34892b5aaa0c7a146155f/clubes_2026/silhuetas/CAP/FORMATO.png,0,0.0,Carlos Eduardo Souza de Barros,0.0,1,1.0,25,carlos-eduardo,6,0.0,,,,,,,,,,,,,,,,,,,,
Kauã Moraes,K. Moraes,143600,CRU,283,0,False,https://s3.glbimg.com/v1/AUTH_58d78b787ec34892b5aaa0c7a146155f/clubes_2026/silhuetas/CRU/FORMATO.png,10,4.83,Kauã Moraes da Silva,0.0,2,6.81,25,kaua-moraes,6,0.0,1.0,2.0,,,,10.0,14.0,1.0,1.0,13.0,,2.0,,,,,,,2.0,
João Alencar,J. Alencar,144255,SAN,277,0,False,https://s3.glbimg.com/v1/AUTH_58d78b787ec34892b5aaa0c7a146155f/clubes_2026/silhuetas/SAN/FORMATO.png,0,0.0,João Alencar Santos Paes da Costa,0.0,3,1.0,25,joao-alencar,6,0.0,,,,,,,,,,,,,,,,,,,,
Nicolas Pontes,N. Pontes,144423,CRU,283,0,False,https://s3.glbimg.com/v1/AUTH_58d78b787ec34892b5aaa0c7a146155f/clubes_2026/silhuetas/CRU/FORMATO.png,0,0.0,Nicolas Pontes de Souza Almeida,0.0,2,1.0,25,nicolas-pontes,6,0.0,,,,,,,,,,,,,,,,,,,,
Vitor Lamounier,V. Lamounier,144424,CRU,283,0,False,https://s3.glbimg.com/v1/AUTH_58d78b787ec34892b5aaa0c7a146155f/clubes_2026/silhuetas/CRU/FORMATO.png,0,0.0,Vitor Lamounier Rego,0.0,1,2.0,25,vitor-lamounier,6,0.0,,,,,,,,,,,,,,,,,,,,
Victor Gabriel,V. Gabriel,144889,PAL,275,0,False,https://s3.glbimg.com/v1/AUTH_58d78b787ec34892b5aaa0c7a146155f/clubes_2026/silhuetas/PAL/FORMATO.png,0,0.0,Victor Gabriel Leite dos Santos,0.0,4,1.0,25,victor-gabriel,6,0.0,,,,,,,,,,,,,,,,,,,,
Vitinho,Vitinho,144898,CAP,293,0,False,https://s3.glbimg.com/v1/AUTH_58d78b787ec34892b5aaa0c7a146155f/clubes_2026/silhuetas/CAP/FORMATO.png,0,0.0,Victor Vinicius Teodoro Ferraz,0.0,2,1.0,25,vitinho,6,0.0,,,,,,,,,,,,,,,,,,,,
Domingos Andrade,D. Andrade,144976,BOT,263,0,False,https://s3.glbimg.com/v1/AUTH_58d78b787ec34892b5aaa0c7a146155f/clubes_2026/silhuetas/BOT/FORMATO.png,1,1.5,Domingos Paulo Andrade,0.0,4,5.04,25,domingos-andrade,6,0.0,,,,,,1.0,,,,,,,,,,,,,,
Fernando Pradella,F. Pradella,145036,SAN,277,0,False,https://s3.glbimg.com/v1/AUTH_58d78b787ec34892b5aaa0c7a146155f/clubes_2026/silhuetas/SAN/FORMATO.png,1,0.0,Fernando Pradella Rocha,0.0,5,0.82,25,fernando-pradella,6,0.0,,,,,,,,,,,,,,,,,,,,
Kauê Furquim,K. Furquim,145379,BAH,265,0,False,https://s3.glbimg.com/v1/AUTH_58d78b787ec34892b5aaa0c7a146155f/clubes_2026/silhuetas/BAH/FORMATO.png,5,1.28,Kauê Junior Furquim da Silva,0.0,5,2.24,25,kaue-furquim,6,0.0,,,,,,2.0,2.0,,,8.0,,,,,,,,,,
Rúben Ismael,R. Ismael,145387,VIT,287,0,False,https://s3.glbimg.com/v1/AUTH_58d78b787ec34892b5aaa0c7a146155f/clubes_2026/silhuetas/VIT/FORMATO.png,0,0.0,Rúben Ismael Valente Ramos,0.0,4,4.0,25,ruben-ismael,5,0.0,,,,,,,,,,,,,,,,,,,,
Cauê,Cauê,145400,RBB,280,0,False,https://s3.glbimg.com/v1/AUTH_58d78b787ec34892b5aaa0c7a146155f/clubes_2026/silhuetas/RBB/FORMATO.png,3,3.47,Cauê Nascimento Santos,0.0,2,4.23,25,caue,6,0.0,,1.0,,,,4.0,4.0,,2.0,,,,,,,,,,1.0,
Arthur,Arthur,145404,PAL,275,0,True,https://s3.glbimg.com/v1/AUTH_58d78b787ec34892b5aaa0c7a146155f/clubes_2026/silhuetas/PAL/FORMATO.png,17,3.8,Arthur Gabriel Santana Marcolino,0.4,2,4.04,25,arthur,3,-0.45,,1.0,1.0,,,21.0,21.0,2.0,6.0,12.0,,,,,,,,,6.0,
Rafael Coutinho,R. Coutinho,145413,PAL,275,0,False,https://s3.glbimg.com/v1/AUTH_58d78b787ec34892b5aaa0c7a146155f/clubes_2026/silhuetas/PAL/FORMATO.png,0,0.0,Rafael Barbosa Coutinho,0.0,4,1.0,25,rafael-coutinho,6,0.0,,,,,,,,,,,,,,,,,,,,
Belé,Belé,145436,PAL,275,0,False,https://s3.glbimg.com/v1/AUTH_58d78b787ec34892b5aaa0c7a146155f/clubes_2026/silhuetas/PAL/FORMATO.png,0,0.0,Erick Machado Belé,0.0,5,3.0,25,bele,6,0.0,,,,,,,,,,,,,,,,,,,,
João Ananias,J. Ananias,145563,SAN,277,0,False,https://s3.glbimg.com/v1/AUTH_58d78b787ec34892b5aaa0c7a146155f/clubes_2026/silhuetas/SAN/FORMATO.png,6,2.5,João Paulo Ananias Bento,0.0,3,3.43,25,joao-ananias,7,0.0,,1.0,,,,9.0,6.0,,1.0,3.0,,,1.0,,,,,,1.0,
Élan Ricardo,E. Ricardo,145609,CAP,293,0,False,https://s3.glbimg.com/v1/AUTH_58d78b787ec34892b5aaa0c7a146155f/clubes_2026/silhuetas/CAP/FORMATO.png,0,0.0,Élan Joshep Ricardo Ochoa,0.0,4,3.0,25,elan-ricardo,6,0.0,,,,,,,,,,,,,,,,,,,,
Nicolas,Nicolas,145659,SAO,276,0,False,https://s3.glbimg.com/v1/AUTH_58d78b787ec34892b5aaa0c7a146155f/clubes_2026/silhuetas/SAO/FORMATO.png,1,5.0,Nicolas Bosshardt,0.0,2,2.79,25,nicolas,6,0.0,,,,,,,,,,,,,,,,,,,1.0,
Luiz Felipe,L. Felipe,145660,INT,285,0,False,https://s3.glbimg.com/v1/AUTH_58d78b787ec34892b5aaa0c7a146155f/clubes_2026/silhuetas/INT/FORMATO.png,2,1.45,Luiz Felipe de Morais Francisco,0.0,2,1.65,25,luiz-felipe,6,0.0,,,,,,2.0,,,,,,,,,1.0,,,,,
Kaio Nóbrega,K. Nóbrega,145703,FLA,262,0,False,https://s3.glbimg.com/v1/AUTH_58d78b787ec34892b5aaa0c7a146155f/clubes_2026/silhuetas/FLA/FORMATO.png,0,0.0,Kaio Nóbrega Siqueira,0.0,4,1.0,25,kaio-nobrega,6,0.0,,,,,,,,,,,,,,,,,,,,
Douglas Telles,D. Telles,145705,FLA,262,0,False,https://s3.glbimg.com/v1/AUTH_58d78b787ec34892b5aaa0c7a146155f/clubes_2026/silhuetas/FLA/FORMATO.png,0,0.0,Douglas Costa Telles,0.0,5,2.0,25,douglas-telles,6,0.0,,,,,,,,,,,,,,,,,,,,
André,André,145744,COR,264,0,False,https://s3.glbimg.com/v1/AUTH_58d78b787ec34892b5aaa0c7a146155f/clubes_2026/silhuetas/COR/FORMATO.png,16,4.07,André Luiz Santos Dias,0.0,4,6.15,25,andre,5,0.0,2.0,1.0,2.0,,,20.0,16.0,1.0,5.0,15.0,,3.0,,,,,,,,
Bruno André,B. André,145781,VAS,267,0,False,https://s3.glbimg.com/v1/AUTH_58d78b787ec34892b5aaa0c7a146155f/clubes_2026/silhuetas/VAS/FORMATO.png,0,0.0,Bruno André Azevedo Ribeiro,0.0,3,1.0,25,bruno-andre,6,0.0,,,,,,,,,,,,,,,,,,,,
Tassano,Tassano,145782,REM,364,0,False,https://s3.glbimg.com/v1/AUTH_58d78b787ec34892b5aaa0c7a146155f/clubes_2026/silhuetas/REM/FORMATO.png,0,0.0,Cristian Marcelo González Tassano,0.0,3,3.0,25,tassano,6,0.0,,,,,,,,,,,,,,,,,,,,
Gilberto Junior,G. Junior,146374,CAP,293,0,False,https://s3.glbimg.com/v1/AUTH_58d78b787ec34892b5aaa0c7a146155f/clubes_2026/silhuetas/CAP/FORMATO.png,6,4.62,Gilberto Junior Leite dos Santos,0.0,2,6.14,25,gilberto-junior,7,0.0,,,,,,11.0,3.0,1.0,,2.0,,,,,1.0,,,,2.0,
Kadir,Kadir,146375,BOT,263,0,False,https://s3.glbimg.com/v1/AUTH_58d78b787ec34892b5aaa0c7a146155f/clubes_2026/silhuetas/BOT/FORMATO.png,10,2.08,José Kadir Barría Rose,0.0,5,4.21,25,kadir,6,0.0,1.0,1.0,,,,5.0,16.0,4.0,8.0,6.0,,,,,1.0,,,,,
Marquinhos,Marquinhos,146410,BOT,263,0,False,https://s3.glbimg.com/v1/AUTH_58d78b787ec34892b5aaa0c7a146155f/clubes_2026/silhuetas/BOT/FORMATO.png,1,0.0,Marcos Felipe Vinagre Souza,0.0,4,0.85,25,marquinhos,6,0.0,,,,,,,,,,,,,,,,,,,,
Justino,Justino,146430,BOT,263,0,True,https://s3.glbimg.com/v1/AUTH_58d78b787ec34892b5aaa0c7a146155f/clubes_2026/silhuetas/BOT/FORMATO.png,10,2.75,Gabriel Pereira Justino,0.7,3,3.34,25,justino,7,-0.59,,4.0,,,,8.0,5.0,,,10.0,1.0,1.0,,,,,,,1.0,
Luis Pacheco,L. Pacheco,146623,PAL,275,0,False,https://s3.glbimg.com/v1/AUTH_58d78b787ec34892b5aaa0c7a146155f/clubes_2026/silhuetas/PAL/FORMATO.png,3,0.0,Luis Felipe Pacheco da Costa,0.0,4,1.98,25,luis-pacheco,6,0.0,,2.0,,,,1.0,1.0,,1.0,,,,,,,,,,,
Heittor,Heittor,146624,PAL,275,0,True,https://s3.glbimg.com/v1/AUTH_58d78b787ec34892b5aaa0c7a146155f/clubes_2026/silhuetas/PAL/FORMATO.png,3,0.53,Heittor Vinicius da Silva Nunes,0.5,5,1.15,25,heittor,6,-0.02,,,,,,1.0,1.0,,,1.0,,,,,1.0,,,,,
Alisson,Alisson,146632,INT,285,0,False,https://s3.glbimg.com/v1/AUTH_58d78b787ec34892b5aaa0c7a146155f/clubes_2026/silhuetas/INT/FORMATO.png,0,0.0,Alisson Rodrigues de Melo,0.0,2,1.0,25,alisson,6,0.0,,,,,,,,,,,,,,,,,,,,
Kauan Lima,K. Lima,146663,PAL,275,0,False,https://s3.glbimg.com/v1/AUTH_58d78b787ec34892b5aaa0c7a146155f/clubes_2026/silhuetas/PAL/FORMATO.png,0,0.0,Kauan Lima da Cunha,0.0,1,1.0,25,kauan-lima,6,0.0,,,,,,,,,,,,,,,,,,,,
Benjamin Arhin,B. Arhin,146701,INT,285,0,False,https://s3.glbimg.com/v1/AUTH_58d78b787ec34892b5aaa0c7a146155f/clubes_2026/silhuetas/INT/FORMATO.png,1,-0.3,Benjamin Arhin,0.0,4,1.73,25,benjamin-arhin,5,0.0,,,,,,,1.0,,,,,,,,,,,,,
Rayan Lelis,R. Lelis,146807,CRU,283,0,False,https://s3.glbimg.com/v1/AUTH_58d78b787ec34892b5aaa0c7a146155f/clubes_2026/silhuetas/CRU/FORMATO.png,0,0.0,Rayan Passaglia Lelis,0.0,5,2.0,25,rayan-lelis,6,0.0,,,,,,,,,,,,,,,,,,,,
Josmar,Josmar,146814,FLA,262,0,False,https://s3.glbimg.com/v1/AUTH_58d78b787ec34892b5aaa0c7a146155f/clubes_2026/silhuetas/FLA/FORMATO.png,0,0.0,Josmar Silva Miranda,0.0,5,2.0,25,josmar,6,0.0,,,,,,,,,,,,,,,,,,,,
Cléber Lucas,C. Lucas,146833,BOT,263,0,False,https://s3.glbimg.com/v1/AUTH_58d78b787ec34892b5aaa0c7a146155f/clubes_2026/silhuetas/BOT/FORMATO.png,0,0.0,Cléber Lucas Chieppe Chagas,0.0,1,1.0,25,cleber-lucas,6,0.0,,,,,,,,,,,,,,,,,,,,
Filipe Sirio,F. Sirio,146964,INT,285,0,False,https://s3.glbimg.com/v1/AUTH_58d78b787ec34892b5aaa0c7a146155f/clubes_2026/silhuetas/INT/FORMATO.png,0,0.0,Filipe Borba Sirio,0.0,1,1.0,25,filipe-sirio,6,0.0,,,,,,,,,,,,,,,,,,,,
Rhuan Gabriel,R. Gabriel,146991,CRU,283,0,False,https://s3.glbimg.com/v1/AUTH_58d78b787ec34892b5aaa0c7a146155f/clubes_2026/silhuetas/CRU/FORMATO.png,1,1.2,Rhuan Gabriel Rodrigues de Souza Silva,0.0,4,1.39,25,rhuan-gabriel,6,0.0,,,,,,,1.0,,,3.0,,,,,,,,,,
Cissé,Cissé,147088,CAM,282,0,True,https://s3.glbimg.com/v1/AUTH_58d78b787ec34892b5aaa0c7a146155f/clubes_2026/silhuetas/CAM/FORMATO.png,14,2.0,Mamady Cissé,4.9,4,2.91,25,cisse,7,0.42,,2.0,,,,8.0,11.0,1.0,4.0,18.0,,1.0,,,1.0,,,,,
Cauã Soares,C. Soares,147089,CAM,282,0,True,https://s3.glbimg.com/v1/AUTH_58d78b787ec34892b5aaa0c7a146155f/clubes_2026/silhuetas/CAM/FORMATO.png,6,0.73,Cauã Campos Soares,1.2,5,1.39,25,caua-soares,6,0.15,,,,,,1.0,,2.0,,1.0,,,,,,,,,,
Kauã Pascini,K. Pascini,147090,CAM,282,0,True,https://s3.glbimg.com/v1/AUTH_58d78b787ec34892b5aaa0c7a146155f/clubes_2026/silhuetas/CAM/FORMATO.png,7,3.76,Kauã Pascini Resende,2.9,2,4.22,25,kaua-pascini,7,-0.46,,1.0,,,,8.0,6.0,,2.0,1.0,,,,,,,,,3.0,
Claudinho,Claudinho,147192,CAP,293,0,False,https://s3.glbimg.com/v1/AUTH_58d78b787ec34892b5aaa0c7a146155f/clubes_2026/silhuetas/CAP/FORMATO.png,6,7.52,Claudio Henrique de Jesus Passos,0.0,2,7.84,25,claudinho,5,0.0,1.0,,,,,13.0,8.0,1.0,1.0,6.0,1.0,,,,,,,,3.0,
João Kempes,J. Kempes,147201,INT,285,0,False,https://s3.glbimg.com/v1/AUTH_58d78b787ec34892b5aaa0c7a146155f/clubes_2026/silhuetas/INT/FORMATO.png,0,0.0,João Gabriel Kempes Gonçalves,0.0,4,2.0,25,joao-kempes,6,0.0,,,,,,,,,,,,,,,,,,,,
João Bezerra,J. Bezerra,147202,INT,285,0,False,https://s3.glbimg.com/v1/AUTH_58d78b787ec34892b5aaa0c7a146155f/clubes_2026/silhuetas/INT/FORMATO.png,2,0.6,João Pedro Bezerra de Oliveira Lo,0.0,5,1.19,25,joao-bezerra,6,0.0,,,,,,,,1.0,,,,,,,,,,,,
Anderson Pato,A. Pato,147268,VIT,287,0,False,https://s3.glbimg.com/v1/AUTH_58d78b787ec34892b5aaa0c7a146155f/clubes_2026/silhuetas/VIT/FORMATO.png,4,1.38,Anderson Bispo dos Santos,0.0,5,3.12,25,anderson-pato,5,0.0,,1.0,,,,4.0,1.0,,1.0,,,,,,,,,,,
Wellington,Wellington,147468,CHA,315,0,False,https://s3.glbimg.com/v1/AUTH_58d78b787ec34892b5aaa0c7a146155f/clubes_2026/silhuetas/CHA/FORMATO.png,0,0.0,Wellington Felipe Pradeiczuk,0.0,1,1.0,25,wellington,6,0.0,,,,,,,,,,,,,,,,,,,,
Gabriel Menegon,G. Menegon,147544,GRE,284,0,False,https://s3.glbimg.com/v1/AUTH_58d78b787ec34892b5aaa0c7a146155f/clubes_2026/silhuetas/GRE/FORMATO.png,1,0.0,Gabriel Otávio Menegon,0.0,1,1.81,25,gabriel-menegon,6,0.0,,,,,,,,,,,,,,,,,,,,
Jefinho,Jefinho,147545,GRE,284,0,False,https://s3.glbimg.com/v1/AUTH_58d78b787ec34892b5aaa0c7a146155f/clubes_2026/silhuetas/GRE/FORMATO.png,1,1.5,Jéferson Forneck,0.0,4,1.46,25,jefinho,6,0.0,,,,,,1.0,,,,,,,,,,,,,,
Roger,Roger,147546,GRE,284,0,False,https://s3.glbimg.com/v1/AUTH_58d78b787ec34892b5aaa0c7a146155f/clubes_2026/silhuetas/GRE/FORMATO.png,2,1.2,Roger Dias Fernandes,0.0,4,1.5,25,roger,6,0.0,,,,,,1.0,1.0,1.0,,,,,,,,,,,,
Caio Suassuna,C. Suassuna,147560,BAH,265,0,False,https://s3.glbimg.com/v1/AUTH_58d78b787ec34892b5aaa0c7a146155f/clubes_2026/silhuetas/BAH/FORMATO.png,1,2.0,Caio Suassuna Gonçalves Ferreira,0.0,5,2.64,25,caio-suassuna,6,0.0,,,,,,1.0,,,,1.0,,,,,,,,,,
Pepê Fermino,P. Fermino,147736,SAN,277,0,False,https://s3.glbimg.com/v1/AUTH_58d78b787ec34892b5aaa0c7a146155f/clubes_2026/silhuetas/SAN/FORMATO.png,0,0.0,Pedro Paulo Manoel Fermino,0.0,4,1.0,25,pepe-fermino,5,0.0,,,,,,,,,,,,,,,,,,,,
Arthur Novaes,A. Novaes,147782,BOT,263,0,False,https://s3.glbimg.com/v1/AUTH_58d78b787ec34892b5aaa0c7a146155f/clubes_2026/silhuetas/BOT/FORMATO.png,0,0.0,Arthur Alves Novaes,0.0,4,1.0,25,arthur-novaes,6,0.0,,,,,,,,,,,,,,,,,,,,
Arthur Izaque,A. Izaque,147788,BOT,263,0,False,https://s3.glbimg.com/v1/AUTH_58d78b787ec34892b5aaa0c7a146155f/clubes_2026/silhuetas/BOT/FORMATO.png,0,0.0,Arthur Izaque Bendayan de Castro Silva,0.0,5,1.0,25,arthur-izaque,6,0.0,,,,,,,,,,,,,,,,,,,,
Koné,Koné,147792,PAL,275,0,False,https://s3.glbimg.com/v1/AUTH_58d78b787ec34892b5aaa0c7a146155f/clubes_2026/silhuetas/PAL/FORMATO.png,0,0.0,Koné Zie Mohamed,0.0,3,2.0,25,kone,6,0.0,,,,,,,,,,,,,,,,,,,,
Rodrigo Bellão,R. Bellão,147850,BOT,263,0,True,https://s3.glbimg.com/v1/AUTH_58d78b787ec34892b5aaa0c7a146155f/clubes_2026/silhuetas/BOT/FORMATO.png,4,5.5,Rodrigo Dias Bellão,2.57,6,10.21,25,rodrigo-bellao,7,-1.01,,,,,,,,,,,,,,,,,,,,2.0
Daniel Silva,D. Silva,147875,FLA,262,0,False,https://s3.glbimg.com/v1/AUTH_58d78b787ec34892b5aaa0c7a146155f/clubes_2026/silhuetas/FLA/FORMATO.png,0,0.0,Daniel Carvalho Marinho da Silva,0.0,3,1.0,25,daniel-silva,6,0.0,,,,,,,,,,,,,,,,,,,,
Cauan Farias,C. Farias,147877,VIT,287,0,False,https://s3.glbimg.com/v1/AUTH_58d78b787ec34892b5aaa0c7a146155f/clubes_2026/silhuetas/VIT/FORMATO.png,0,0.0,Cauan de Jesus Farias,0.0,3,1.0,25,cauan-farias,6,0.0,,,,,,,,,,,,,,,,,,,,
Alejandro,Alejandro,147878,VIT,287,0,False,https://s3.glbimg.com/v1/AUTH_58d78b787ec34892b5aaa0c7a146155f/clubes_2026/silhuetas/VIT/FORMATO.png,0,0.0,Alejandro Ariel Almaraz,0.0,4,2.0,25,alejandro,6,0.0,,,,,,,,,,,,,,,,,,,,
João Vitor,J. Vitor,147883,VAS,267,0,False,https://s3.glbimg.com/v1/AUTH_58d78b787ec34892b5aaa0c7a146155f/clubes_2026/silhuetas/VAS/FORMATO.png,4,3.13,João Vitor Fonseca da Silva - JV Mutano,0.0,5,3.49,25,joao-vitor,6,0.0,,,,,,8.0,,,,1.0,,,,,,,,,,
Vitor Ramon,V. Ramon,148092,GRE,284,0,False,https://s3.glbimg.com/v1/AUTH_58d78b787ec34892b5aaa0c7a146155f/clubes_2026/silhuetas/GRE/FORMATO.png,1,0.2,Vitor Ramon Ribeiro de Oliveira,0.0,2,1.0,25,vitor-ramon,6,0.0,,1.0,,,,1.0,1.0,,,,,,,,,,,,,
Rafael Soares,R. Soares,148103,REM,364,0,False,https://s3.glbimg.com/v1/AUTH_58d78b787ec34892b5aaa0c7a146155f/clubes_2026/silhuetas/REM/FORMATO.png,0,0.0,Rafael Soares de Sousa,0.0,4,1.0,25,rafael-soares,6,0.0,,,,,,,,,,,,,,,,,,,,
Filipe Lima,F. Lima,148109,REM,364,0,False,https://s3.glbimg.com/v1/AUTH_58d78b787ec34892b5aaa0c7a146155f/clubes_2026/silhuetas/REM/FORMATO.png,0,0.0,Filipe Lima de Oliveira,0.0,5,1.0,25,filipe-lima,6,0.0,,,,,,,,,,,,,,,,,,,,
Vinicius,Vinicius,148124,CHA,315,0,False,https://s3.glbimg.com/v1/AUTH_58d78b787ec34892b5aaa0c7a146155f/clubes_2026/silhuetas/CHA/FORMATO.png,2,0.1,Vinicius Eduardo de Almeida Gomes da Silva,0.0,3,1.63,25,vinicius,5,0.0,,1.0,,,,1.0,1.0,,,,,,,,,,,,,
Ryan Augusto,R. Augusto,148125,RBB,280,0,False,https://s3.glbimg.com/v1/AUTH_58d78b787ec34892b5aaa0c7a146155f/clubes_2026/silhuetas/RBB/FORMATO.png,5,3.7,Ryan Augusto Tavares da Silva,0.0,2,3.78,25,ryan-augusto,6,0.0,,,,,,7.0,3.0,1.0,1.0,4.0,,,,,1.0,,,,1.0,
Weimar Palacios,W. Palacios,148126,RBB,280,0,False,https://s3.glbimg.com/v1/AUTH_58d78b787ec34892b5aaa0c7a146155f/clubes_2026/silhuetas/RBB/FORMATO.png,0,0.0,Weimar Enrique Vivas Palacios,0.0,3,1.0,25,weimar-palacios,6,0.0,,,,,,,,,,,,,,,,,,,,
Ararat,Ararat,148152,CFC,294,0,False,https://s3.glbimg.com/v1/AUTH_58d78b787ec34892b5aaa0c7a146155f/clubes_2026/silhuetas/CFC/FORMATO.png,0,0.0,Alejandro Ararat Díaz,0.0,4,4.0,25,ararat,6,0.0,,,,,,,,,,,,,,,,,,,,
Nadson,Nadson,148206,SAN,277,0,False,https://s3.glbimg.com/v1/AUTH_58d78b787ec34892b5aaa0c7a146155f/clubes_2026/silhuetas/SAN/FORMATO.png,0,0.0,Nadson Juan Maia da Silva de Souza,0.0,5,1.0,25,nadson,6,0.0,,,,,,,,,,,,,,,,,,,,
Djhordney,Djhordney,148215,SAO,276,0,True,https://s3.glbimg.com/v1/AUTH_58d78b787ec34892b5aaa0c7a146155f/clubes_2026/silhuetas/SAO/FORMATO.png,3,-0.17,Djhordney Ferreira,-0.1,4,0.63,25,djhordney,6,-0.16,,1.0,,,,1.0,5.0,,,1.0,,,,,,,,,,
Tetê,Tetê,148717,SAO,276,0,False,https://s3.glbimg.com/v1/AUTH_58d78b787ec34892b5aaa0c7a146155f/clubes_2026/silhuetas/SAO/FORMATO.png,4,-0.4,Perivan dos Santos,0.0,5,0.65,25,tete,6,0.0,,1.0,,,,,2.0,,,,,,,,,,,,,
Rafael Gonzaga,R. Gonzaga,149715,SAN,277,0,False,https://s3.glbimg.com/v1/AUTH_58d78b787ec34892b5aaa0c7a146155f/clubes_2026/silhuetas/SAN/FORMATO.png,1,2.4,Rafael de Andrade Gonzaga,0.0,2,2.79,25,rafael-gonzaga,6,0.0,,,,,,2.0,2.0,,,,,,,,,,,,,
David,David,149991,CFC,294,0,False,https://s3.glbimg.com/v1/AUTH_58d78b787ec34892b5aaa0c7a146155f/clubes_2026/silhuetas/CFC/FORMATO.png,1,0.0,David Alves França,0.0,5,0.92,25,david,6,0.0,,,,,,,,,,,,,,,,,,,,
Iago Machado,I. Machado,149993,COR,264,0,False,https://s3.glbimg.com/v1/AUTH_58d78b787ec34892b5aaa0c7a146155f/clubes_2026/silhuetas/COR/FORMATO.png,0,0.0,Iago da Silva Machado,0.0,3,1.0,25,iago-machado,6,0.0,,,,,,,,,,,,,,,,,,,,
Jhuan Nunes,J. Nunes,149994,RBB,280,0,False,https://s3.glbimg.com/v1/AUTH_58d78b787ec34892b5aaa0c7a146155f/clubes_2026/silhuetas/RBB/FORMATO.png,1,2.3,Jhuan Nunes Coelho,0.0,5,1.83,25,jhuan-nunes,6,0.0,,,,,,1.0,,,1.0,,,,,,,,,,,
Ramon Rique,R. Rique,150180,VAS,267,0,True,https://s3.glbimg.com/v1/AUTH_58d78b787ec34892b5aaa0c7a146155f/clubes_2026/silhuetas/VAS/FORMATO.png,6,2.57,Ramon Rique Santos de Souza Barros,4.7,4,3.35,25,ramon-rique,6,0.9,2.0,,,,,4.0,6.0,1.0,,,,,,,,,,,,
Osorio,Osorio,150197,SAO,276,0,False,https://s3.glbimg.com/v1/AUTH_58d78b787ec34892b5aaa0c7a146155f/clubes_2026/silhuetas/SAO/FORMATO.png,5,2.32,Luís Osório Messias de Oliveira,0.0,3,2.24,25,osorio,6,0.0,1.0,1.0,,,,6.0,8.0,,,2.0,,,,,,,,,,
Joaquín Freitas,J. Freitas,150251,FLA,262,0,False,https://s3.glbimg.com/v1/AUTH_58d78b787ec34892b5aaa0c7a146155f/clubes_2026/silhuetas/FLA/FORMATO.png,0,0.0,Joaquín Freitas,0.0,5,4.0,25,joaquin-freitas,6,0.0,,,,,,,,,,,,,,,,,,,,
Samuel Pierri,S. Pierri,150757,SAN,277,0,False,https://s3.glbimg.com/v1/AUTH_58d78b787ec34892b5aaa0c7a146155f/clubes_2026/silhuetas/SAN/FORMATO.png,2,0.45,Samuel Pierri Mendes e Silva,0.0,4,1.88,25,samuel-pierri,6,0.0,,,,,,1.0,2.0,,,,,,,,,,,,,
Breno,Breno,150825,RBB,280,0,False,https://s3.glbimg.com/v1/AUTH_58d78b787ec34892b5aaa0c7a146155f/clubes_2026/silhuetas/RBB/FORMATO.png,2,3.35,Breno de Moraes Souza,0.0,3,2.8,25,breno,6,0.0,,,,,,1.0,1.0,,,1.0,,,,,,,,,1.0,
Nícollas,Nícollas,150826,COR,264,0,False,https://s3.glbimg.com/v1/AUTH_58d78b787ec34892b5aaa0c7a146155f/clubes_2026/silhuetas/COR/FORMATO.png,0,0.0,Nícollas Vitor Pascoal Melo,0.0,5,1.0,25,nicollas,6,0.0,,,,,,,,,,,,,,,,,,,,
Fabricio Prado,F. Prado,150841,INT,285,0,False,https://s3.glbimg.com/v1/AUTH_58d78b787ec34892b5aaa0c7a146155f/clubes_2026/silhuetas/INT/FORMATO.png,0,0.0,Fabricio Zechmeister do Prado,0.0,5,1.0,25,fabricio-prado,6,0.0,,,,,,,,,,,,,,,,,,,,
Gabriel Vinicius,G. Vinicius,150842,INT,285,0,False,https://s3.glbimg.com/v1/AUTH_58d78b787ec34892b5aaa0c7a146155f/clubes_2026/silhuetas/INT/FORMATO.png,0,0.0,Gabriel Vinicius Oliveira da Silva,0.0,4,1.0,25,gabriel-vinicius,6,0.0,,,,,,,,,,,,,,,,,,,,
Arthur Monteiro,A. Monteiro,150952,CAP,293,0,False,https://s3.glbimg.com/v1/AUTH_58d78b787ec34892b5aaa0c7a146155f/clubes_2026/silhuetas/CAP/FORMATO.png,0,0.0,Arthur Rodrigues Monteiro,0.0,2,1.0,25,arthur-monteiro,6,0.0,,,,,,,,,,,,,,,,,,,,
Davizinho,Davizinho,150959,SAN,277,0,True,https://s3.glbimg.com/v1/AUTH_58d78b787ec34892b5aaa0c7a146155f/clubes_2026/silhuetas/SAN/FORMATO.png,4,1.62,Davi Fernandes Cavalcante Ribeiro,5.0,2,2.01,25,davizinho,6,0.94,,,,,,1.0,,,,,,,,,,,,,1.0,
Sayago,Sayago,150995,FLA,262,0,False,https://s3.glbimg.com/v1/AUTH_58d78b787ec34892b5aaa0c7a146155f/clubes_2026/silhuetas/FLA/FORMATO.png,0,0.0,Juan Gabriel Sayago,0.0,4,2.0,25,sayago,6,0.0,,,,,,,,,,,,,,,,,,,,
Eduardo,Eduardo,151003,PAL,275,0,False,https://s3.glbimg.com/v1/AUTH_58d78b787ec34892b5aaa0c7a146155f/clubes_2026/silhuetas/PAL/FORMATO.png,0,0.0,Eduardo Conceição Silva,0.0,5,1.0,25,eduardo,6,0.0,,,,,,,,,,,,,,,,,,,,
Jorge Rivaldo,J. Rivaldo,151120,CAP,293,0,True,https://s3.glbimg.com/v1/AUTH_58d78b787ec34892b5aaa0c7a146155f/clubes_2026/silhuetas/CAP/FORMATO.png,3,0.17,Jorge Luis Rivaldo Pinto,0.8,5,3.52,25,jorge-rivaldo,6,-0.34,,,,,,,2.0,1.0,,,,,,,1.0,,,,,
Kelvin,Kelvin,151289,CRU,283,0,False,https://s3.glbimg.com/v1/AUTH_58d78b787ec34892b5aaa0c7a146155f/clubes_2026/silhuetas/CRU/FORMATO.png,0,0.0,Kelvin Vinicius Barbosa Coutinho,0.0,3,1.0,25,kelvin,6,0.0,,,,,,,,,,,,,,,,,,,,
Felipe Morais,F. Morais,151292,CRU,283,0,True,https://s3.glbimg.com/v1/AUTH_58d78b787ec34892b5aaa0c7a146155f/clubes_2026/silhuetas/CRU/FORMATO.png,3,4.7,Felipe de Morais Barbosa Penna dos Santos,9.3,4,4.28,25,felipe-morais,6,2.02,,1.0,,,,3.0,6.0,,3.0,4.0,,1.0,,,,,,,,
Juan Ferreira,J. Ferreira,151294,CHA,315,0,False,https://s3.glbimg.com/v1/AUTH_58d78b787ec34892b5aaa0c7a146155f/clubes_2026/silhuetas/CHA/FORMATO.png,0,0.0,Juan Ferreira Leite,0.0,4,1.0,25,juan-ferreira,6,0.0,,,,,,,,,,,,,,,,,,,,
Lucas Emanuel,L. Emanuel,151404,BOT,263,0,False,https://s3.glbimg.com/v1/AUTH_58d78b787ec34892b5aaa0c7a146155f/clubes_2026/silhuetas/BOT/FORMATO.png,1,1.4,Lucas Emanuel Jales do Nascimento,0.0,5,1.45,25,lucas-emanuel,6,0.0,,,,,,,1.0,1.0,,1.0,,,,,,,,,,
Victor Hugo,V. Hugo,151405,BOT,263,0,False,https://s3.glbimg.com/v1/AUTH_58d78b787ec34892b5aaa0c7a146155f/clubes_2026/silhuetas/BOT/FORMATO.png,0,0.0,Victor Hugo Gonçalves dos Santos,0.0,4,1.0,25,victor-hugo,6,0.0,,,,,,,,,,,,,,,,,,,,
Herick,Herick,151406,BOT,263,0,False,https://s3.glbimg.com/v1/AUTH_58d78b787ec34892b5aaa0c7a146155f/clubes_2026/silhuetas/BOT/FORMATO.png,0,0.0,Herick Garcia da Silva Neves,0.0,3,1.0,25,herick,6,0.0,,,,,,,,,,,,,,,,,,,,
Kássio,Kássio,151412,CHA,315,0,False,https://s3.glbimg.com/v1/AUTH_58d78b787ec34892b5aaa0c7a146155f/clubes_2026/silhuetas/CHA/FORMATO.png,1,1.5,Kássio da Silva de Jesus,0.0,5,1.49,25,kassio,6,0.0,,,,,,1.0,,,,,,,,,,,,,,
Miguel Bilong,M. Bilong,151436,PAL,275,0,False,https://s3.glbimg.com/v1/AUTH_58d78b787ec34892b5aaa0c7a146155f/clubes_2026/silhuetas/PAL/FORMATO.png,0,0.0,Miguel Cinoncelli Bilong,0.0,5,2.0,25,miguel-bilong,6,0.0,,,,,,,,,,,,,,,,,,,,
Gutte,Gutte,151440,CAM,282,0,False,https://s3.glbimg.com/v1/AUTH_58d78b787ec34892b5aaa0c7a146155f/clubes_2026/silhuetas/CAM/FORMATO.png,0,0.0,João Pedro Porto Lucrécio,0.0,4,1.0,25,gutte,6,0.0,,,,,,,,,,,,,,,,,,,,
Marquinhos,Marquinhos,151492,RBB,280,0,False,https://s3.glbimg.com/v1/AUTH_58d78b787ec34892b5aaa0c7a146155f/clubes_2026/silhuetas/RBB/FORMATO.png,0,0.0,Marcos Vinicius Krygsman Monteiro,0.0,2,1.0,25,marquinhos,6,0.0,,,,,,,,,,,,,,,,,,,,
Miguel Carvalho,M. Carvalho,151600,CHA,315,0,True,https://s3.glbimg.com/v1/AUTH_58d78b787ec34892b5aaa0c7a146155f/clubes_2026/silhuetas/CHA/FORMATO.png,1,3.1,Miguel Carvalho Vianna,3.1,4,4.71,25,miguel-carvalho,6,0.71,,,,,,1.0,,,2.0,,,,,,,,,,,
Lemos,Lemos,151632,CAM,282,0,False,https://s3.glbimg.com/v1/AUTH_58d78b787ec34892b5aaa0c7a146155f/clubes_2026/silhuetas/CAM/FORMATO.png,0,0.0,Pedro Henrique Lemos Barbosa,0.0,3,1.0,25,lemos,6,0.0,,,,,,,,,,,,,,,,,,,,
André Lucas,A. Lucas,151742,PAL,275,0,False,https://s3.glbimg.com/v1/AUTH_58d78b787ec34892b5aaa0c7a146155f/clubes_2026/silhuetas/PAL/FORMATO.png,0,0.0,André Lucas Ribeiro Domingos,0.0,2,1.0,25,andre-lucas,6,0.0,,,,,,,,,,,,,,,,,,,,
