atletas.apelido,atletas.apelido_abreviado,atletas.atleta_id,atletas.clube.id.full.name,atletas.clube_id,atletas.craque,atletas.entrou_em_campo,atletas.foto,atletas.jogos_num,atletas.media_num,atletas.nome,atletas.pontos_num,atletas.posicao_id,atletas.preco_num,atletas.rodada_id,atletas.slug,atletas.status_id,atletas.variacao_num,A,CA,CV,DE,DP,DS,FC,FD,FF,FS,FT,G,GC,GS,I,PC,PP,PS,SG,V
Léo Condé,L. Condé,37457,REM,364,0,True,https://s3.glbimg.com/v1/AUTH_58d78b787ec34892b5aaa0c7a146155f/clubes_2026/silhuetas/REM/FORMATO.png,15,4.53,Leonardo Rodrigues Condé,2.26,6,7.63,19,leo-conde,7,-0.92,,,,,,,,,,,,,,,,,,,,4.0
Fábio,Fábio,37656,FLU,266,0,False,https://s3.glbimg.com/v1/AUTH_58d78b787ec34892b5aaa0c7a146155f/clubes_2026/silhuetas/FLU/FORMATO.png,18,4.39,Fábio Deivson Lopes Maciel,0.0,1,9.11,19,fabio,7,0.0,,1.0,,67.0,,,,,,4.0,,,,23.0,,1.0,,,3.0,
Thiago Silva,T. Silva,37715,FLU,266,0,False,https://s3.glbimg.com/v1/AUTH_58d78b787ec34892b5aaa0c7a146155f/clubes_2026/silhuetas/FLU/FORMATO.png,0,0.0,Thiago Emiliano da Silva,0.0,3,7.0,19,thiago-silva,7,0.0,,,,,,,,,,,,,,,,,,,,
Hulk,Hulk,39148,FLU,266,0,False,https://s3.glbimg.com/v1/AUTH_58d78b787ec34892b5aaa0c7a146155f/clubes_2026/silhuetas/FLU/FORMATO.png,12,4.55,Givanildo Vieira de Souza,0.0,5,11.8,19,hulk,7,0.0,3.0,1.0,,,,4.0,9.0,6.0,8.0,32.0,,1.0,,,3.0,,,,,
Alan Franco,A. Franco,39656,CAM,282,0,False,https://s3.glbimg.com/v1/AUTH_58d78b787ec34892b5aaa0c7a146155f/clubes_2026/silhuetas/CAM/FORMATO.png,15,2.42,Alan Steven Franco Palma,0.0,4,4.99,19,alan-franco,6,0.0,1.0,3.0,,,,23.0,23.0,2.0,3.0,4.0,,,,,1.0,,,,,
Vagner Mancini,V. Mancini,39850,RBB,280,0,False,https://s3.glbimg.com/v1/AUTH_58d78b787ec34892b5aaa0c7a146155f/clubes_2026/silhuetas/RBB/FORMATO.png,18,5.58,Vagner Carmo Mancini,0.0,6,8.78,19,vagner-mancini,7,0.0,,,,,,,,,,,,,,,,,,,,9.0
Dorival Júnior,D. Júnior,40990,SAO,276,0,True,https://s3.glbimg.com/v1/AUTH_58d78b787ec34892b5aaa0c7a146155f/clubes_2026/silhuetas/SAO/FORMATO.png,12,4.17,Dorival Silvestre Júnior,4.17,6,9.6,19,dorival-junior,7,0.24,,,,,,,,,,,,,,,,,,,,1.0
Willian,Willian,42135,GRE,284,0,False,https://s3.glbimg.com/v1/AUTH_58d78b787ec34892b5aaa0c7a146155f/clubes_2026/silhuetas/GRE/FORMATO.png,8,1.06,Willian Borges da Silva,0.0,4,3.74,19,willian,6,0.0,,,,,,2.0,1.0,1.0,2.0,6.0,,,,,,,,,,
Osvaldo,Osvaldo,42222,VIT,287,0,False,https://s3.glbimg.com/v1/AUTH_58d78b787ec34892b5aaa0c7a146155f/clubes_2026/silhuetas/VIT/FORMATO.png,2,0.4,Osvaldo Lourenço Filho,0.0,5,4.07,19,osvaldo,6,0.0,,,,,,,,,1.0,,,,,,,,,,,
Cássio,Cássio,42234,CRU,283,0,False,https://s3.glbimg.com/v1/AUTH_58d78b787ec34892b5aaa0c7a146155f/clubes_2026/silhuetas/CRU/FORMATO.png,5,1.32,Cássio Roberto Ramos,0.0,1,6.89,19,cassio,5,0.0,,,,12.0,,,,,,2.0,,,,10.0,,,,,,
Cuca,Cuca,42411,SAN,277,0,False,https://s3.glbimg.com/v1/AUTH_58d78b787ec34892b5aaa0c7a146155f/clubes_2026/silhuetas/SAN/FORMATO.png,11,5.62,Alexi Stival,0.0,6,10.35,19,cuca,7,0.0,,,,,,,,,,,,,,,,,,,,4.0
Fagner,Fagner,42500,CRU,283,0,True,https://s3.glbimg.com/v1/AUTH_58d78b787ec34892b5aaa0c7a146155f/clubes_2026/silhuetas/CRU/FORMATO.png,13,3.3,Fagner Conserva Lemos,13.4,2,7.08,19,fagner,7,1.8,3.0,2.0,,,,15.0,17.0,,,5.0,,,,,,,,,2.0,
Gabriel Leite,G. Leite,50742,CFC,294,0,False,https://s3.glbimg.com/v1/AUTH_58d78b787ec34892b5aaa0c7a146155f/clubes_2026/silhuetas/CFC/FORMATO.png,0,0.0,Gabriel Christoni Leite,0.0,1,3.0,19,gabriel-leite,6,0.0,,,,,,,,,,,,,,,,,,,,
Walter,Walter,51413,MIR,2305,0,False,https://s3.glbimg.com/v1/AUTH_58d78b787ec34892b5aaa0c7a146155f/clubes_2026/silhuetas/MIR/FORMATO.png,16,2.89,Walter Leandro Capeloza Artune,0.0,1,5.18,19,walter,6,0.0,,2.0,,51.0,,,,,,,,,,22.0,,1.0,,,1.0,
Everton Ribeiro,E. Ribeiro,51772,BAH,265,0,True,https://s3.glbimg.com/v1/AUTH_58d78b787ec34892b5aaa0c7a146155f/clubes_2026/silhuetas/BAH/FORMATO.png,14,4.9,Everton Augusto de Barros Ribeiro,0.5,4,8.75,19,everton-ribeiro,6,-0.52,4.0,1.0,,,,20.0,10.0,4.0,5.0,28.0,,,,,,,,,,
Alex Sandro,A. Sandro,61987,FLA,262,0,True,https://s3.glbimg.com/v1/AUTH_58d78b787ec34892b5aaa0c7a146155f/clubes_2026/silhuetas/FLA/FORMATO.png,13,3.91,Alex Sandro Lobo Silva,5.9,2,9.28,19,alex-sandro,2,0.48,,2.0,,,,14.0,17.0,,1.0,12.0,,,,,,,,,6.0,
Ganso,Ganso,62977,FLU,266,0,False,https://s3.glbimg.com/v1/AUTH_58d78b787ec34892b5aaa0c7a146155f/clubes_2026/silhuetas/FLU/FORMATO.png,12,0.85,Paulo Henrique Chagas de Lima,0.0,4,3.27,19,ganso,6,0.0,,1.0,,,,4.0,5.0,1.0,,5.0,1.0,,,,,,,,,
Neymar,Neymar,63007,SAN,277,0,False,https://s3.glbimg.com/v1/AUTH_58d78b787ec34892b5aaa0c7a146155f/clubes_2026/silhuetas/SAN/FORMATO.png,8,8.42,Neymar da Silva Santos Júnior,0.0,4,18.96,19,neymar,7,0.0,1.0,5.0,,,,5.0,12.0,5.0,10.0,36.0,,4.0,,,6.0,,,,,
Rafael Tolói,R. Tolói,63008,SAO,276,0,True,https://s3.glbimg.com/v1/AUTH_58d78b787ec34892b5aaa0c7a146155f/clubes_2026/silhuetas/SAO/FORMATO.png,6,4.1,Rafael Toloi,0.5,3,6.92,19,rafael-toloi,5,-1.32,,3.0,,,,11.0,8.0,1.0,1.0,3.0,,,,,,,,,2.0,
Marcos Rocha,M. Rocha,63013,GRE,284,0,False,https://s3.glbimg.com/v1/AUTH_58d78b787ec34892b5aaa0c7a146155f/clubes_2026/silhuetas/GRE/FORMATO.png,4,0.8,Marcos Luis Rocha Aquino,0.0,2,5.95,19,marcos-rocha,6,0.0,,,,,,2.0,1.0,,,1.0,,,,,,,,,,
Edenílson,Edenílson,63289,BOT,263,0,False,https://s3.glbimg.com/v1/AUTH_58d78b787ec34892b5aaa0c7a146155f/clubes_2026/silhuetas/BOT/FORMATO.png,14,3.2,Edenílson Andrade dos Santos,0.0,4,6.15,19,edenilson,6,0.0,2.0,1.0,,,,6.0,10.0,2.0,2.0,4.0,,3.0,,,1.0,,,,,
Rodrigo Moledo,R. Moledo,63354,CFC,294,0,False,https://s3.glbimg.com/v1/AUTH_58d78b787ec34892b5aaa0c7a146155f/clubes_2026/silhuetas/CFC/FORMATO.png,2,7.75,Rodrigo Modesto da Silva Moledo,0.0,3,7.4,19,rodrigo-moledo,6,0.0,,,,,,1.0,,,,2.0,,1.0,,,,,,,1.0,
Alan Patrick,A. Patrick,68685,INT,285,0,False,https://s3.glbimg.com/v1/AUTH_58d78b787ec34892b5aaa0c7a146155f/clubes_2026/silhuetas/INT/FORMATO.png,14,4.02,Alan Patrick Lourenço,0.0,4,7.43,19,alan-patrick,6,0.0,,1.0,,,,9.0,5.0,2.0,10.0,22.0,,3.0,,,,,,,,
Eduardo,Eduardo,68708,MIR,2305,0,False,https://s3.glbimg.com/v1/AUTH_58d78b787ec34892b5aaa0c7a146155f/clubes_2026/silhuetas/MIR/FORMATO.png,11,2.78,Carlos Eduardo de Oliveira Alves,0.0,4,5.57,19,eduardo,6,0.0,,1.0,1.0,,,8.0,9.0,2.0,3.0,9.0,,2.0,,,,,,,,
Rafael Santos,R. Santos,68822,CHA,315,0,False,https://s3.glbimg.com/v1/AUTH_58d78b787ec34892b5aaa0c7a146155f/clubes_2026/silhuetas/CHA/FORMATO.png,4,3.75,Rafael de Carvalho Santos,0.0,1,4.94,19,rafael-santos,6,0.0,,,,20.0,,,,,,,,,,11.0,,,,,,
Marcelo Lomba,M. Lomba,68872,PAL,275,0,False,https://s3.glbimg.com/v1/AUTH_58d78b787ec34892b5aaa0c7a146155f/clubes_2026/silhuetas/PAL/FORMATO.png,1,8.9,Marcelo Lomba do Nascimento,0.0,1,7.08,19,marcelo-lomba,6,0.0,,,,3.0,,,,,,,,,,,,,,,1.0,
Dudu,Dudu,68920,CAM,282,0,True,https://s3.glbimg.com/v1/AUTH_58d78b787ec34892b5aaa0c7a146155f/clubes_2026/silhuetas/CAM/FORMATO.png,13,2.57,Eduardo Pereira Rodrigues,0.0,5,6.16,19,dudu,6,-0.42,,,,,,2.0,2.0,6.0,4.0,9.0,,2.0,,,,,,,,
Rafael,Rafael,68928,SAO,276,0,True,https://s3.glbimg.com/v1/AUTH_58d78b787ec34892b5aaa0c7a146155f/clubes_2026/silhuetas/SAO/FORMATO.png,19,3.39,Rafael Pires Monteiro,0.6,1,7.3,19,rafael,7,-0.08,,1.0,,51.0,,,,,,2.0,,,,22.0,,,,,4.0,
Giovanni Augusto,G. Augusto,68938,CHA,315,0,True,https://s3.glbimg.com/v1/AUTH_58d78b787ec34892b5aaa0c7a146155f/clubes_2026/silhuetas/CHA/FORMATO.png,11,1.49,Giovanni Augusto Oliveira Cardoso,4.4,4,3.87,19,giovanni-augusto,7,0.43,,1.0,,,,7.0,5.0,2.0,,12.0,,,,,,,,,,
Marinho,Marinho,68952,VIT,287,0,False,https://s3.glbimg.com/v1/AUTH_58d78b787ec34892b5aaa0c7a146155f/clubes_2026/silhuetas/VIT/FORMATO.png,6,1.75,Mário Sérgio Santos Costa,0.0,5,4.73,19,marinho,6,0.0,,,,,,4.0,2.0,1.0,2.0,5.0,,,,,2.0,,,,,
Willian José,W. José,68996,BAH,265,0,True,https://s3.glbimg.com/v1/AUTH_58d78b787ec34892b5aaa0c7a146155f/clubes_2026/silhuetas/BAH/FORMATO.png,17,2.85,Willian José da Silva,3.0,5,8.02,19,willian-jose,7,-0.02,2.0,,,,,3.0,12.0,5.0,7.0,4.0,1.0,3.0,,,,,1.0,1.0,,
Santos,Santos,69012,CAP,293,0,True,https://s3.glbimg.com/v1/AUTH_58d78b787ec34892b5aaa0c7a146155f/clubes_2026/silhuetas/CAP/FORMATO.png,17,3.58,Aderbar Melo dos Santos Neto,1.6,1,7.84,19,santos,7,-1.01,,1.0,,41.0,,,,,,1.0,,,,17.0,,,,,5.0,
Allan,Allan,69140,BOT,263,0,False,https://s3.glbimg.com/v1/AUTH_58d78b787ec34892b5aaa0c7a146155f/clubes_2026/silhuetas/BOT/FORMATO.png,10,2.03,Allan Marques Loureiro,0.0,4,4.48,19,allan,5,0.0,,3.0,,,,15.0,11.0,,2.0,5.0,,,,,,,,,,
Gabriel Paulista,G. Paulista,69208,COR,264,0,True,https://s3.glbimg.com/v1/AUTH_58d78b787ec34892b5aaa0c7a146155f/clubes_2026/silhuetas/COR/FORMATO.png,14,4.79,Gabriel Armando de Abreu,5.2,3,9.6,19,gabriel-paulista,7,0.3,,3.0,,,,16.0,13.0,1.0,9.0,7.0,,1.0,,,,,,,6.0,
Danilo,Danilo,69783,FLA,262,0,True,https://s3.glbimg.com/v1/AUTH_58d78b787ec34892b5aaa0c7a146155f/clubes_2026/silhuetas/FLA/FORMATO.png,5,1.38,Danilo Luiz da Silva,5.0,3,5.86,19,danilo,2,0.29,,,1.0,,,3.0,3.0,,1.0,1.0,,,,,,,,,1.0,
Lucas Moura,L. Moura,70164,SAO,276,0,False,https://s3.glbimg.com/v1/AUTH_58d78b787ec34892b5aaa0c7a146155f/clubes_2026/silhuetas/SAO/FORMATO.png,8,2.32,Lucas Rodrigues Moura da Silva,0.0,4,7.5,19,lucas-moura,5,0.0,1.0,,,,,,5.0,2.0,2.0,6.0,,1.0,,,,,,,,
Eduardo Sasha,E. Sasha,70360,RBB,280,0,False,https://s3.glbimg.com/v1/AUTH_58d78b787ec34892b5aaa0c7a146155f/clubes_2026/silhuetas/RBB/FORMATO.png,14,1.06,Eduardo Colcenti Antunes,0.0,5,4.14,19,eduardo-sasha,7,0.0,,,,,,5.0,1.0,6.0,4.0,11.0,,,,,3.0,,2.0,,,
Gabriel,Gabriel,70449,VIT,287,0,False,https://s3.glbimg.com/v1/AUTH_58d78b787ec34892b5aaa0c7a146155f/clubes_2026/silhuetas/VIT/FORMATO.png,3,0.9,Gabriel Vasconcelos Ferreira,0.0,1,5.02,19,gabriel,6,0.0,,,,4.0,,,,,,1.0,,,,8.0,,,,,1.0,
Felipe Anderson,F. Anderson,70592,PAL,275,0,False,https://s3.glbimg.com/v1/AUTH_58d78b787ec34892b5aaa0c7a146155f/clubes_2026/silhuetas/PAL/FORMATO.png,13,2.74,Felipe Anderson Pereira Gomes,0.0,4,6.97,19,felipe-anderson,6,0.0,1.0,1.0,,,,13.0,8.0,1.0,4.0,4.0,,1.0,,,,,,,,
Marllon,Marllon,70666,REM,364,0,True,https://s3.glbimg.com/v1/AUTH_58d78b787ec34892b5aaa0c7a146155f/clubes_2026/silhuetas/REM/FORMATO.png,19,2.97,Marllon Gonçalves Jerônimo Borges,1.0,3,5.3,19,marllon,3,-0.85,,3.0,,,,25.0,11.0,,2.0,11.0,,1.0,,,,,,,2.0,
Bruno Henrique,B. Henrique,70944,INT,285,0,True,https://s3.glbimg.com/v1/AUTH_58d78b787ec34892b5aaa0c7a146155f/clubes_2026/silhuetas/INT/FORMATO.png,16,1.93,Bruno Henrique Corsini,2.3,4,4.16,19,bruno-henrique,7,-0.36,1.0,,,,,11.0,18.0,4.0,9.0,6.0,,,,,1.0,,,,,
Léo Vieira,L. Vieira,71043,BAH,265,0,False,https://s3.glbimg.com/v1/AUTH_58d78b787ec34892b5aaa0c7a146155f/clubes_2026/silhuetas/BAH/FORMATO.png,16,5.02,Leonardo da Silva Vieira,0.0,1,6.82,19,leo-vieira,5,0.0,,1.0,,71.0,,,,,,4.0,,,,23.0,,,,,2.0,
Thiago Mendes,T. Mendes,71123,VAS,267,0,False,https://s3.glbimg.com/v1/AUTH_58d78b787ec34892b5aaa0c7a146155f/clubes_2026/silhuetas/VAS/FORMATO.png,16,4.39,Thiago Henrique Mendes Ribeiro,0.0,4,7.83,19,thiago-mendes,7,0.0,1.0,6.0,,,,11.0,13.0,3.0,5.0,38.0,,4.0,,,1.0,,,,,
Maicon,Maicon,71227,CFC,294,0,False,https://s3.glbimg.com/v1/AUTH_58d78b787ec34892b5aaa0c7a146155f/clubes_2026/silhuetas/CFC/FORMATO.png,13,2.08,Maicon Pereira Roque,0.0,3,4.14,19,maicon,6,0.0,,,1.0,,,7.0,5.0,,,4.0,,,,,,1.0,,,4.0,
Luiz Gustavo,L. Gustavo,71536,CAP,293,0,True,https://s3.glbimg.com/v1/AUTH_58d78b787ec34892b5aaa0c7a146155f/clubes_2026/silhuetas/CAP/FORMATO.png,12,3.51,Luiz Gustavo Dias,0.9,4,5.98,19,luiz-gustavo,7,-0.8,,2.0,,,,8.0,12.0,5.0,2.0,18.0,1.0,2.0,,,,,,,,
Weverton,Weverton,71631,GRE,284,0,False,https://s3.glbimg.com/v1/AUTH_58d78b787ec34892b5aaa0c7a146155f/clubes_2026/silhuetas/GRE/FORMATO.png,17,4.89,Weverton Pereira da Silva,0.0,1,7.67,19,weverton,7,0.0,1.0,1.0,,45.0,2.0,,,,,5.0,,,,20.0,,1.0,,,5.0,
Gustavo Gómez,G. Gómez,71684,PAL,275,0,True,https://s3.glbimg.com/v1/AUTH_58d78b787ec34892b5aaa0c7a146155f/clubes_2026/silhuetas/PAL/FORMATO.png,17,4.7,Gustavo Raúl Gómez Portillo,2.7,3,10.14,19,gustavo-gomez,7,-0.72,1.0,,,,,12.0,16.0,1.0,7.0,3.0,,3.0,,,6.0,,,,6.0,
Gabriel Pires,G. Pires,71898,MIR,2305,0,False,https://s3.glbimg.com/v1/AUTH_58d78b787ec34892b5aaa0c7a146155f/clubes_2026/silhuetas/MIR/FORMATO.png,6,3.63,Gabriel Appelt Pires,0.0,4,5.77,19,gabriel-pires,6,0.0,1.0,1.0,,,,4.0,5.0,3.0,4.0,7.0,1.0,,,,,,,,,
Tiago Volpi,T. Volpi,72018,RBB,280,0,False,https://s3.glbimg.com/v1/AUTH_58d78b787ec34892b5aaa0c7a146155f/clubes_2026/silhuetas/RBB/FORMATO.png,11,5.95,Tiago Luis Volpi,0.0,1,10.45,19,tiago-volpi,7,0.0,,,,31.0,,,,,,,,2.0,,11.0,,,,,4.0,
Thomazella,Thomazella,72279,MIR,2305,0,False,https://s3.glbimg.com/v1/AUTH_58d78b787ec34892b5aaa0c7a146155f/clubes_2026/silhuetas/MIR/FORMATO.png,0,0.0,Carlos Eduardo Lecciolle Thomazella,0.0,1,2.0,19,thomazella,6,0.0,,,,,,,,,,,,,,,,,,,,
Everson,Everson,72294,CAM,282,0,True,https://s3.glbimg.com/v1/AUTH_58d78b787ec34892b5aaa0c7a146155f/clubes_2026/silhuetas/CAM/FORMATO.png,19,4.39,Everson Felipe Marques Pires,2.9,1,9.14,19,everson,7,-1.53,1.0,,,61.0,,,,,,6.0,,,,24.0,,,,,4.0,
Fernando Diniz,F. Diniz,72391,COR,264,0,True,https://s3.glbimg.com/v1/AUTH_58d78b787ec34892b5aaa0c7a146155f/clubes_2026/silhuetas/COR/FORMATO.png,12,5.81,Fernando Diniz Silva,10.48,6,9.89,19,fernando-diniz,7,0.63,,,,,,,,,,,,,,,,,,,,5.0
Bernard,Bernard,72460,CAM,282,0,True,https://s3.glbimg.com/v1/AUTH_58d78b787ec34892b5aaa0c7a146155f/clubes_2026/silhuetas/CAM/FORMATO.png,16,3.1,Bernard Anício Caldeira Duarte,9.7,4,5.77,19,bernard,7,0.48,3.0,,,,,13.0,10.0,1.0,3.0,14.0,,1.0,,,3.0,,,,,
Alex Telles,A. Telles,72493,BOT,263,0,False,https://s3.glbimg.com/v1/AUTH_58d78b787ec34892b5aaa0c7a146155f/clubes_2026/silhuetas/BOT/FORMATO.png,14,3.72,Alex Nicolao Telles,0.0,2,9.08,19,alex-telles,7,0.0,2.0,3.0,,,,16.0,18.0,,5.0,5.0,,2.0,,,,1.0,,,1.0,
Vitor Hugo,V. Hugo,72605,CAM,282,0,False,https://s3.glbimg.com/v1/AUTH_58d78b787ec34892b5aaa0c7a146155f/clubes_2026/silhuetas/CAM/FORMATO.png,6,4.5,Vitor Hugo Franchescoli de Souza,0.0,3,8.67,19,vitor-hugo,6,0.0,,1.0,,,,5.0,2.0,,2.0,3.0,,1.0,,,,,,,2.0,
Mercado,Mercado,72951,INT,285,0,True,https://s3.glbimg.com/v1/AUTH_58d78b787ec34892b5aaa0c7a146155f/clubes_2026/silhuetas/INT/FORMATO.png,12,3.83,Gabriel Iván Mercado,3.0,3,6.22,19,mercado,7,0.57,,4.0,,,,17.0,14.0,1.0,2.0,6.0,,1.0,,,1.0,,,,3.0,
Daniel Borges,D. Borges,73318,MIR,2305,0,False,https://s3.glbimg.com/v1/AUTH_58d78b787ec34892b5aaa0c7a146155f/clubes_2026/silhuetas/MIR/FORMATO.png,5,4.04,Daniel Fortunato Borges,0.0,2,5.75,19,daniel-borges,6,0.0,,,,,,6.0,3.0,1.0,3.0,7.0,,,,,,,,,1.0,
Samuel Xavier,S. Xavier,73384,FLU,266,0,False,https://s3.glbimg.com/v1/AUTH_58d78b787ec34892b5aaa0c7a146155f/clubes_2026/silhuetas/FLU/FORMATO.png,12,3.33,Samuel Xavier Brito,0.0,2,7.21,19,samuel-xavier,6,0.0,,3.0,,,,16.0,14.0,1.0,2.0,21.0,,,,,1.0,,,,2.0,
Carrillo,Carrillo,77485,COR,264,0,True,https://s3.glbimg.com/v1/AUTH_58d78b787ec34892b5aaa0c7a146155f/clubes_2026/silhuetas/COR/FORMATO.png,14,1.22,André Martín Carrillo Díaz,-0.1,4,4.11,19,carrillo,6,-0.13,1.0,3.0,,,,12.0,23.0,,2.0,5.0,,,,,1.0,,,,,
Cédric Soares,C. Soares,77656,SAO,276,0,False,https://s3.glbimg.com/v1/AUTH_58d78b787ec34892b5aaa0c7a146155f/clubes_2026/silhuetas/SAO/FORMATO.png,8,0.94,Cédric Ricardo Alves Soares,0.0,2,3.73,19,cedric-soares,6,0.0,,1.0,,,,5.0,2.0,,2.0,,,,,,,,,,,
João Schmidt,J. Schmidt,77777,SAN,277,0,False,https://s3.glbimg.com/v1/AUTH_58d78b787ec34892b5aaa0c7a146155f/clubes_2026/silhuetas/SAN/FORMATO.png,9,1.52,João Felipe Schmidt Urbano,0.0,4,4.61,19,joao-schmidt,6,0.0,,1.0,,,,10.0,13.0,,2.0,4.0,,,,,,,,,,
Everaldo,Everaldo,78117,BAH,265,0,False,https://s3.glbimg.com/v1/AUTH_58d78b787ec34892b5aaa0c7a146155f/clubes_2026/silhuetas/BAH/FORMATO.png,15,4.04,Everaldo Stum,0.0,5,6.29,19,everaldo,6,0.0,,2.0,,,,10.0,13.0,3.0,6.0,16.0,1.0,4.0,,,1.0,,,,,
Gustavo Henrique,G. Henrique,78248,COR,264,0,True,https://s3.glbimg.com/v1/AUTH_58d78b787ec34892b5aaa0c7a146155f/clubes_2026/silhuetas/COR/FORMATO.png,15,3.74,Gustavo Henrique Vernes,6.2,3,8.81,19,gustavo-henrique,7,0.8,,3.0,,,,13.0,17.0,4.0,9.0,7.0,,,,,,1.0,,,6.0,
Vitinho,Vitinho,78435,COR,264,0,False,https://s3.glbimg.com/v1/AUTH_58d78b787ec34892b5aaa0c7a146155f/clubes_2026/silhuetas/COR/FORMATO.png,7,2.13,Victor Vinícius Coelho dos Santos,0.0,5,5.06,19,vitinho,5,0.0,,,,,,5.0,5.0,2.0,5.0,5.0,,,,,,,,,,
Renê,Renê,78445,FLU,266,0,False,https://s3.glbimg.com/v1/AUTH_58d78b787ec34892b5aaa0c7a146155f/clubes_2026/silhuetas/FLU/FORMATO.png,11,5.9,Renê Rodrigues Martins,0.0,2,9.88,19,rene,7,0.0,2.0,1.0,,,,26.0,8.0,3.0,2.0,8.0,,,,,,,,,2.0,
Willian Arão,W. Arão,78478,SAN,277,0,False,https://s3.glbimg.com/v1/AUTH_58d78b787ec34892b5aaa0c7a146155f/clubes_2026/silhuetas/SAN/FORMATO.png,12,2.7,Willian Souza Arão da Silva,0.0,4,6.08,19,willian-arao,7,0.0,,1.0,,,,20.0,5.0,,,4.0,1.0,,,,,,,,,
Gabriel,Gabriel,78605,RBB,280,0,False,https://s3.glbimg.com/v1/AUTH_58d78b787ec34892b5aaa0c7a146155f/clubes_2026/silhuetas/RBB/FORMATO.png,16,3.17,Gabriel Girotto Franco,0.0,4,5.17,19,gabriel,6,0.0,,5.0,,,,22.0,13.0,5.0,2.0,8.0,,2.0,,,,1.0,,,,
Reinaldo,Reinaldo,78850,MIR,2305,0,False,https://s3.glbimg.com/v1/AUTH_58d78b787ec34892b5aaa0c7a146155f/clubes_2026/silhuetas/MIR/FORMATO.png,13,2.2,Reinaldo Manoel da Silva,0.0,2,7.76,19,reinaldo,6,0.0,1.0,5.0,,,,8.0,10.0,2.0,9.0,10.0,,,,,,,,,1.0,
Thiago Santos,T. Santos,78855,CFC,294,0,True,https://s3.glbimg.com/v1/AUTH_58d78b787ec34892b5aaa0c7a146155f/clubes_2026/silhuetas/CFC/FORMATO.png,12,3.15,Thiago dos Santos,2.6,3,4.29,19,thiago-santos,7,-0.06,,4.0,,,,12.0,10.0,2.0,,9.0,,,,,,,,,4.0,
Alex Muralha,A. Muralha,79066,MIR,2305,0,False,https://s3.glbimg.com/v1/AUTH_58d78b787ec34892b5aaa0c7a146155f/clubes_2026/silhuetas/MIR/FORMATO.png,0,-1.0,Alex Roberto Santana Rafael,0.0,1,2.64,19,alex-muralha,5,0.0,,1.0,,,,,,,,,,,,,,,,,,
Cano,Cano,79631,FLU,266,0,False,https://s3.glbimg.com/v1/AUTH_58d78b787ec34892b5aaa0c7a146155f/clubes_2026/silhuetas/FLU/FORMATO.png,4,0.7,Germán Ezequiel Cano,0.0,5,4.29,19,cano,6,0.0,,,,,,,,1.0,2.0,,,,,,,,,,,
Lucas Silva,L. Silva,79701,CRU,283,0,True,https://s3.glbimg.com/v1/AUTH_58d78b787ec34892b5aaa0c7a146155f/clubes_2026/silhuetas/CRU/FORMATO.png,14,0.19,Lucas Silva Borges,-1.3,4,3.22,19,lucas-silva,7,-0.4,,5.0,,,,5.0,8.0,,2.0,2.0,,,,,,,,,,
Saúl,Saúl,80061,FLA,262,0,False,https://s3.glbimg.com/v1/AUTH_58d78b787ec34892b5aaa0c7a146155f/clubes_2026/silhuetas/FLA/FORMATO.png,6,2.43,Saúl Ñíguez Esclapez,0.0,4,6.28,19,saul,6,0.0,1.0,,,,,7.0,3.0,,,,,,,,,,,,,
Jadson,Jadson,80129,CAP,293,0,True,https://s3.glbimg.com/v1/AUTH_58d78b787ec34892b5aaa0c7a146155f/clubes_2026/silhuetas/CAP/FORMATO.png,12,2.63,Jadson Alves dos Santos,-0.6,4,4.37,19,jadson,7,-0.58,1.0,4.0,,,,19.0,16.0,,1.0,12.0,,,,,,,,,,
Yago Pikachu,Y. Pikachu,80196,REM,364,0,True,https://s3.glbimg.com/v1/AUTH_58d78b787ec34892b5aaa0c7a146155f/clubes_2026/silhuetas/REM/FORMATO.png,18,2.42,Glaybson Yago Souza Lisboa,2.0,4,5.18,19,yago-pikachu,7,-0.07,1.0,,1.0,,,7.0,8.0,5.0,4.0,15.0,,2.0,,,1.0,,,1.0,,
Luciano,Luciano,80287,SAO,276,0,True,https://s3.glbimg.com/v1/AUTH_58d78b787ec34892b5aaa0c7a146155f/clubes_2026/silhuetas/SAO/FORMATO.png,15,5.32,Luciano da Rocha Neves,3.7,5,13.39,19,luciano,7,-0.75,1.0,3.0,,,,8.0,17.0,6.0,9.0,24.0,,6.0,,,4.0,,1.0,1.0,,
Gilberto,Gilberto,80313,CAP,293,0,True,https://s3.glbimg.com/v1/AUTH_58d78b787ec34892b5aaa0c7a146155f/clubes_2026/silhuetas/CAP/FORMATO.png,8,3.39,Gilberto Moraes Júnior,6.5,2,6.97,19,gilberto,7,0.26,1.0,,,,,11.0,3.0,1.0,1.0,3.0,1.0,,,,,,,,,
Wendell,Wendell,80570,SAO,276,0,True,https://s3.glbimg.com/v1/AUTH_58d78b787ec34892b5aaa0c7a146155f/clubes_2026/silhuetas/SAO/FORMATO.png,13,4.26,Wendell Nascimento Borges,4.6,2,8.5,19,wendell,7,0.24,3.0,3.0,,,,20.0,29.0,1.0,3.0,7.0,,,,,1.0,,,,3.0,
André Luis,A. Luis,81005,MIR,2305,0,False,https://s3.glbimg.com/v1/AUTH_58d78b787ec34892b5aaa0c7a146155f/clubes_2026/silhuetas/MIR/FORMATO.png,10,1.13,André Luis Silva de Aguiar,0.0,5,3.24,19,andre-luis,6,0.0,,2.0,,,,,6.0,,2.0,11.0,,1.0,,,,,,,,
Jair,Jair,81091,VAS,267,0,False,https://s3.glbimg.com/v1/AUTH_58d78b787ec34892b5aaa0c7a146155f/clubes_2026/silhuetas/VAS/FORMATO.png,0,0.0,Jair Rodrigues Júnior,0.0,4,6.0,19,jair,6,0.0,,,,,,,,,,,,,,,,,,,,
Mayke,Mayke,81150,SAN,277,0,False,https://s3.glbimg.com/v1/AUTH_58d78b787ec34892b5aaa0c7a146155f/clubes_2026/silhuetas/SAN/FORMATO.png,3,2.33,Mayke Rocha de Oliveira,0.0,2,5.16,19,mayke,6,0.0,,1.0,,,,4.0,4.0,1.0,,4.0,,,,,,,,,,
Lingard,Lingard,81720,COR,264,0,True,https://s3.glbimg.com/v1/AUTH_58d78b787ec34892b5aaa0c7a146155f/clubes_2026/silhuetas/COR/FORMATO.png,10,1.78,Jesse Ellis Lingard,0.2,5,4.05,19,lingard,6,-0.58,1.0,2.0,,,,7.0,9.0,2.0,4.0,3.0,,,,,1.0,,,,,
Alisson,Alisson,81845,FLU,266,0,False,https://s3.glbimg.com/v1/AUTH_58d78b787ec34892b5aaa0c7a146155f/clubes_2026/silhuetas/FLU/FORMATO.png,8,0.96,Alisson Euler de Freitas Castro,0.0,4,3.52,19,alisson,6,0.0,1.0,3.0,,,,3.0,5.0,1.0,,5.0,,,,,,1.0,,,,
Willian Oliveira,W. Oliveira,81952,CFC,294,0,False,https://s3.glbimg.com/v1/AUTH_58d78b787ec34892b5aaa0c7a146155f/clubes_2026/silhuetas/CFC/FORMATO.png,10,1.84,Willian Osmar de Oliveira Silva,0.0,4,4.62,19,willian-oliveira,6,0.0,,,,,,12.0,9.0,,2.0,3.0,,,,,,,,,,
Chico Kim,C. Kim,82407,MIR,2305,0,False,https://s3.glbimg.com/v1/AUTH_58d78b787ec34892b5aaa0c7a146155f/clubes_2026/silhuetas/MIR/FORMATO.png,2,0.6,Francisco Hyun-Sol Kim,0.0,4,3.63,19,chico-kim,6,0.0,,,,,,1.0,1.0,,,,,,,,,,,,,
Zé Rafael,Z. Rafael,82455,SAN,277,0,False,https://s3.glbimg.com/v1/AUTH_58d78b787ec34892b5aaa0c7a146155f/clubes_2026/silhuetas/SAN/FORMATO.png,5,4.28,José Rafael Vivian,0.0,4,8.07,19,ze-rafael,6,0.0,1.0,1.0,,,,4.0,5.0,,3.0,5.0,,1.0,,,,,,,,
Otávio,Otávio,82463,FLU,266,0,False,https://s3.glbimg.com/v1/AUTH_58d78b787ec34892b5aaa0c7a146155f/clubes_2026/silhuetas/FLU/FORMATO.png,5,0.32,Otávio Henrique Passos Santos,0.0,4,2.51,19,otavio,6,0.0,,1.0,,,,1.0,2.0,1.0,,1.0,,,,,,,,,,
Luiz Araújo,L. Araújo,82627,FLA,262,0,False,https://s3.glbimg.com/v1/AUTH_58d78b787ec34892b5aaa0c7a146155f/clubes_2026/silhuetas/FLA/FORMATO.png,11,2.99,Luiz de Araújo Guimarães Neto,0.0,5,7.88,19,luiz-araujo,5,0.0,1.0,2.0,,,,11.0,6.0,2.0,3.0,5.0,,1.0,,,1.0,,,,,
Tinga,Tinga,82628,CFC,294,0,True,https://s3.glbimg.com/v1/AUTH_58d78b787ec34892b5aaa0c7a146155f/clubes_2026/silhuetas/CFC/FORMATO.png,12,3.36,Guilherme de Jesus da Silva,0.0,2,5.43,19,tinga,7,-1.1,2.0,,,,,14.0,2.0,1.0,1.0,6.0,,,,,,,,,1.0,
Marcelo Rangel,M. Rangel,82730,REM,364,0,True,https://s3.glbimg.com/v1/AUTH_58d78b787ec34892b5aaa0c7a146155f/clubes_2026/silhuetas/REM/FORMATO.png,18,3.87,Marcelo Rangel da Rosa,2.2,1,5.58,19,marcelo-rangel,6,-1.28,,2.0,,69.0,1.0,,,,,4.0,,,,32.0,,,,,1.0,
Lucas Ramon,L. Ramon,82775,SAO,276,0,True,https://s3.glbimg.com/v1/AUTH_58d78b787ec34892b5aaa0c7a146155f/clubes_2026/silhuetas/SAO/FORMATO.png,13,5.82,Lucas Ramon Batista Silva,5.0,2,10.75,19,lucas-ramon,7,0.32,1.0,,1.0,,,30.0,7.0,3.0,4.0,18.0,,,,,1.0,,,,3.0,
Rafael Thyere,R. Thyere,83048,CHA,315,0,True,https://s3.glbimg.com/v1/AUTH_58d78b787ec34892b5aaa0c7a146155f/clubes_2026/silhuetas/CHA/FORMATO.png,3,-0.1,Rafael Thyere de Albuquerque Marques,0.0,3,2.75,19,rafael-thyere,7,-0.45,,,,,,2.0,1.0,,,,,,1.0,,,,,,,
Ygor Vinhas,Y. Vinhas,83074,REM,364,0,False,https://s3.glbimg.com/v1/AUTH_58d78b787ec34892b5aaa0c7a146155f/clubes_2026/silhuetas/REM/FORMATO.png,0,0.0,Ygor Vinhas Oliveira Lima,0.0,1,3.0,19,ygor-vinhas,6,0.0,,,,,,,,,,,,,,,,,,,,
Gabriel,Gabriel,83257,SAN,277,0,False,https://s3.glbimg.com/v1/AUTH_58d78b787ec34892b5aaa0c7a146155f/clubes_2026/silhuetas/SAN/FORMATO.png,11,5.04,Gabriel Barbosa Almeida,0.0,5,9.26,19,gabriel,6,0.0,2.0,4.0,1.0,,,3.0,5.0,,9.0,6.0,,5.0,,,8.0,,,,,
Patrick,Patrick,83433,REM,364,0,True,https://s3.glbimg.com/v1/AUTH_58d78b787ec34892b5aaa0c7a146155f/clubes_2026/silhuetas/REM/FORMATO.png,16,3.66,Patrick Bezerra do Nascimento,5.5,4,5.61,19,patrick,7,-0.38,,,,,,28.0,10.0,2.0,6.0,15.0,2.0,,,,1.0,1.0,,,,
Léo Pereira,L. Pereira,83528,FLA,262,0,True,https://s3.glbimg.com/v1/AUTH_58d78b787ec34892b5aaa0c7a146155f/clubes_2026/silhuetas/FLA/FORMATO.png,14,4.23,Leonardo Pereira,5.0,3,9.46,19,leo-pereira,7,0.15,,5.0,,,,9.0,13.0,2.0,7.0,7.0,,1.0,,,,,,,7.0,
Georgemy,Georgemy,84268,MIR,2305,0,False,https://s3.glbimg.com/v1/AUTH_58d78b787ec34892b5aaa0c7a146155f/clubes_2026/silhuetas/MIR/FORMATO.png,0,0.0,Georgemy Gonçalves,0.0,1,3.0,19,georgemy,6,0.0,,,,,,,,,,,,,,,,,,,,
Bruno Melo,B. Melo,84339,CFC,294,0,True,https://s3.glbimg.com/v1/AUTH_58d78b787ec34892b5aaa0c7a146155f/clubes_2026/silhuetas/CFC/FORMATO.png,17,3.63,Bruno Ferreira Melo,0.5,2,5.52,19,bruno-melo,7,-0.1,1.0,1.0,1.0,,,15.0,9.0,,4.0,10.0,,1.0,,,2.0,,,,5.0,
Fernando Sobral,F. Sobral,84428,CFC,294,0,False,https://s3.glbimg.com/v1/AUTH_58d78b787ec34892b5aaa0c7a146155f/clubes_2026/silhuetas/CFC/FORMATO.png,3,1.0,Fernando Pereira do Nascimento,0.0,4,4.34,19,fernando-sobral,6,0.0,,,,,,2.0,,,,,,,,,,,,,,
Lucas Romero,L. Romero,84558,CRU,283,0,False,https://s3.glbimg.com/v1/AUTH_58d78b787ec34892b5aaa0c7a146155f/clubes_2026/silhuetas/CRU/FORMATO.png,12,4.09,Lucas Daniel Romero,0.0,4,8.33,19,lucas-romero,7,0.0,3.0,3.0,,,,15.0,15.0,4.0,1.0,11.0,,1.0,,,,,,,,
Josué,Josué,84626,CFC,294,0,True,https://s3.glbimg.com/v1/AUTH_58d78b787ec34892b5aaa0c7a146155f/clubes_2026/silhuetas/CFC/FORMATO.png,18,4.05,Josué Filipe Soares Pesqueira,12.3,4,7.14,19,josue,7,1.72,8.0,2.0,1.0,,,8.0,18.0,5.0,6.0,25.0,,1.0,,,,,,,,
Lucas Evangelista,L. Evangelista,84674,PAL,275,0,True,https://s3.glbimg.com/v1/AUTH_58d78b787ec34892b5aaa0c7a146155f/clubes_2026/silhuetas/PAL/FORMATO.png,17,1.22,Lucas Evangelista Santana de Oliveira,0.0,4,4.09,19,lucas-evangelista,7,-0.24,1.0,,,,,6.0,5.0,,3.0,12.0,,,,,,,,,,
Jorginho,Jorginho,84735,FLA,262,0,True,https://s3.glbimg.com/v1/AUTH_58d78b787ec34892b5aaa0c7a146155f/clubes_2026/silhuetas/FLA/FORMATO.png,12,4.15,Jorge Luiz Frello Filho,2.5,4,9.27,19,jorginho,7,-0.75,,3.0,1.0,,,22.0,10.0,,1.0,18.0,,2.0,,,,,,,,
Varela,Varela,84816,FLA,262,0,False,https://s3.glbimg.com/v1/AUTH_58d78b787ec34892b5aaa0c7a146155f/clubes_2026/silhuetas/FLA/FORMATO.png,14,4.94,Guillermo Varela Olivera,0.0,2,8.29,19,varela,7,0.0,2.0,3.0,,,,18.0,6.0,,2.0,9.0,,,,,1.0,,,1.0,6.0,
Luan Peres,L. Peres,84847,SAN,277,0,False,https://s3.glbimg.com/v1/AUTH_58d78b787ec34892b5aaa0c7a146155f/clubes_2026/silhuetas/SAN/FORMATO.png,14,1.99,Luan Peres Petroni,0.0,3,4.07,19,luan-peres,7,0.0,,2.0,1.0,,,10.0,15.0,,1.0,13.0,,,,,,,,,3.0,
Memphis Depay,M. Depay,85048,COR,264,0,False,https://s3.glbimg.com/v1/AUTH_58d78b787ec34892b5aaa0c7a146155f/clubes_2026/silhuetas/COR/FORMATO.png,7,1.99,Memphis Depay,0.0,5,9.56,19,memphis-depay,6,0.0,,,,,,1.0,4.0,1.0,2.0,6.0,,1.0,,,2.0,,,,,
Danielzinho,Danielzinho,85403,SAO,276,0,True,https://s3.glbimg.com/v1/AUTH_58d78b787ec34892b5aaa0c7a146155f/clubes_2026/silhuetas/SAO/FORMATO.png,17,2.73,Daniel de Oliveira Sertanejo,1.5,4,6.49,19,danielzinho,7,0.15,1.0,1.0,,,,12.0,13.0,1.0,4.0,30.0,,1.0,,,,,,1.0,,
João Paulo,J. Paulo,85425,SAN,277,0,False,https://s3.glbimg.com/v1/AUTH_58d78b787ec34892b5aaa0c7a146155f/clubes_2026/silhuetas/SAN/FORMATO.png,2,0.15,João Paulo Silva Martins,0.0,1,5.2,19,joao-paulo,6,0.0,,1.0,,6.0,,,,,,1.0,,,,7.0,,,,,,
Alex Santana,A. Santana,85465,COR,264,0,False,https://s3.glbimg.com/v1/AUTH_58d78b787ec34892b5aaa0c7a146155f/clubes_2026/silhuetas/COR/FORMATO.png,1,0.8,Alex Paulo Menezes Santana,0.0,4,4.02,19,alex-santana,6,0.0,,,,,,,,,1.0,,,,,,,,,,,
Léo,Léo,85626,CAP,293,0,False,https://s3.glbimg.com/v1/AUTH_58d78b787ec34892b5aaa0c7a146155f/clubes_2026/silhuetas/CAP/FORMATO.png,2,4.9,Leonardo Pinheiro da Conceição,0.0,3,6.77,19,leo,6,0.0,,,,,,4.0,4.0,,,,,,,,,,,,1.0,
Bolasie,Bolasie,86292,CHA,315,0,True,https://s3.glbimg.com/v1/AUTH_58d78b787ec34892b5aaa0c7a146155f/clubes_2026/silhuetas/CHA/FORMATO.png,15,2.13,Yannick Bolasie,2.8,5,4.35,19,bolasie,7,-0.18,1.0,3.0,,,,3.0,17.0,6.0,12.0,12.0,1.0,1.0,,,3.0,,1.0,1.0,,
Victor Luis,V. Luis,86410,MIR,2305,0,False,https://s3.glbimg.com/v1/AUTH_58d78b787ec34892b5aaa0c7a146155f/clubes_2026/silhuetas/MIR/FORMATO.png,7,1.2,Victor Luis Chuab Zamblauskas,0.0,2,3.65,19,victor-luis,6,0.0,,2.0,,,,4.0,7.0,,2.0,2.0,,,,,1.0,1.0,,,1.0,
Keno,Keno,86485,CFC,294,0,False,https://s3.glbimg.com/v1/AUTH_58d78b787ec34892b5aaa0c7a146155f/clubes_2026/silhuetas/CFC/FORMATO.png,4,0.73,Marcos da Silva França,0.0,5,4.12,19,keno,6,0.0,,,,,,,2.0,1.0,1.0,3.0,,,,,,,,,,
Tchê Tchê,T. Tchê,86686,VAS,267,0,False,https://s3.glbimg.com/v1/AUTH_58d78b787ec34892b5aaa0c7a146155f/clubes_2026/silhuetas/VAS/FORMATO.png,12,1.78,Danilo das Neves Pinheiro,0.0,4,4.21,19,tche-tche,6,0.0,,2.0,,,,7.0,9.0,1.0,3.0,8.0,,1.0,,,1.0,,,,,
Richard,Richard,86711,INT,285,0,False,https://s3.glbimg.com/v1/AUTH_58d78b787ec34892b5aaa0c7a146155f/clubes_2026/silhuetas/INT/FORMATO.png,0,0.0,Richard Cândido Coelho,0.0,4,4.0,19,richard,6,0.0,,,,,,,,,,,,,,,,,,,,
Everton,Everton,86757,FLA,262,0,False,https://s3.glbimg.com/v1/AUTH_58d78b787ec34892b5aaa0c7a146155f/clubes_2026/silhuetas/FLA/FORMATO.png,8,1.35,Everton Sousa Soares,0.0,5,5.52,19,everton,6,0.0,,1.0,,,,3.0,6.0,1.0,8.0,3.0,,,,,,,,,,
José Welison,J. Welison,86859,REM,364,0,True,https://s3.glbimg.com/v1/AUTH_58d78b787ec34892b5aaa0c7a146155f/clubes_2026/silhuetas/REM/FORMATO.png,16,2.51,José Welison da Silva - Zé,3.1,4,3.68,19,jose-welison,7,-0.75,,3.0,,,,24.0,19.0,,9.0,11.0,,,,,,,,,,
Léo Jardim,L. Jardim,87008,VAS,267,0,False,https://s3.glbimg.com/v1/AUTH_58d78b787ec34892b5aaa0c7a146155f/clubes_2026/silhuetas/VAS/FORMATO.png,18,2.76,Leonardo César Jardim,0.0,1,6.5,19,leo-jardim,7,0.0,,1.0,,56.0,,1.0,1.0,,,2.0,,,,29.0,,,,,1.0,
Pedro Henrique,P. Henrique,87225,RBB,280,0,False,https://s3.glbimg.com/v1/AUTH_58d78b787ec34892b5aaa0c7a146155f/clubes_2026/silhuetas/RBB/FORMATO.png,11,3.21,Pedro Henrique Ribeiro Gonçalves,0.0,3,6.71,19,pedro-henrique,6,0.0,,3.0,,,,9.0,6.0,,2.0,10.0,,,,,1.0,,,,4.0,
Guilherme Arana,G. Arana,87228,FLU,266,0,False,https://s3.glbimg.com/v1/AUTH_58d78b787ec34892b5aaa0c7a146155f/clubes_2026/silhuetas/FLU/FORMATO.png,13,3.5,Guilherme Antonio Arana Lopes,0.0,2,7.52,19,guilherme-arana,6,0.0,,2.0,,,,13.0,9.0,4.0,7.0,5.0,,1.0,,,1.0,,,,2.0,
Soteldo,Soteldo,87258,FLU,266,0,False,https://s3.glbimg.com/v1/AUTH_58d78b787ec34892b5aaa0c7a146155f/clubes_2026/silhuetas/FLU/FORMATO.png,12,1.05,Yeferson Julio Soteldo Martínez,0.0,5,3.59,19,soteldo,6,0.0,,,,,,1.0,1.0,3.0,3.0,11.0,,,,,1.0,,,,,
Kannemann,Kannemann,87342,GRE,284,0,False,https://s3.glbimg.com/v1/AUTH_58d78b787ec34892b5aaa0c7a146155f/clubes_2026/silhuetas/GRE/FORMATO.png,0,0.0,Walter Kannemann,0.0,3,5.0,19,kannemann,7,0.0,,,,,,,,,,,,,,,,,,,,
Thaciano,Thaciano,87470,SAN,277,0,False,https://s3.glbimg.com/v1/AUTH_58d78b787ec34892b5aaa0c7a146155f/clubes_2026/silhuetas/SAN/FORMATO.png,10,2.95,Thaciano Mickael da Silva,0.0,4,6.63,19,thaciano,6,0.0,,1.0,,,,5.0,2.0,1.0,4.0,7.0,,2.0,,,3.0,,,,,
Vitor Bueno,V. Bueno,87552,REM,364,0,True,https://s3.glbimg.com/v1/AUTH_58d78b787ec34892b5aaa0c7a146155f/clubes_2026/silhuetas/REM/FORMATO.png,12,3.78,Vitor Frezarin Bueno,1.2,4,7.1,19,vitor-bueno,7,-0.16,2.0,,,,,3.0,9.0,5.0,5.0,9.0,1.0,2.0,,,,,,,,
Neto Moura,N. Moura,87742,MIR,2305,0,False,https://s3.glbimg.com/v1/AUTH_58d78b787ec34892b5aaa0c7a146155f/clubes_2026/silhuetas/MIR/FORMATO.png,11,1.56,Antônio Francisco Moura Neto,0.0,4,3.31,19,neto-moura,6,0.0,,3.0,,,,9.0,10.0,2.0,6.0,5.0,,,,,,,,,,
Arrascaeta,Arrascaeta,87863,FLA,262,0,True,https://s3.glbimg.com/v1/AUTH_58d78b787ec34892b5aaa0c7a146155f/clubes_2026/silhuetas/FLA/FORMATO.png,10,5.82,Giorgian Daniel de Arrascaeta Benedetti,0.5,4,14.72,19,arrascaeta,6,-1.9,1.0,1.0,,,,4.0,4.0,4.0,7.0,10.0,3.0,3.0,,,,,,1.0,,
Balbuena,Balbuena,87887,GRE,284,0,False,https://s3.glbimg.com/v1/AUTH_58d78b787ec34892b5aaa0c7a146155f/clubes_2026/silhuetas/GRE/FORMATO.png,7,3.94,Fabián Cornelio Balbuena González,0.0,3,6.98,19,balbuena,6,0.0,,,,,,11.0,2.0,,1.0,2.0,,,,,1.0,,,,2.0,
Gustavo Scarpa,G. Scarpa,87999,CAM,282,0,False,https://s3.glbimg.com/v1/AUTH_58d78b787ec34892b5aaa0c7a146155f/clubes_2026/silhuetas/CAM/FORMATO.png,10,3.09,Gustavo Henrique Furtado Scarpa,0.0,4,7.06,19,gustavo-scarpa,6,0.0,1.0,,,,,3.0,2.0,2.0,7.0,6.0,1.0,1.0,,,,,,,,
Luís Castro,L. Castro,88037,GRE,284,0,False,https://s3.glbimg.com/v1/AUTH_58d78b787ec34892b5aaa0c7a146155f/clubes_2026/silhuetas/GRE/FORMATO.png,18,4.76,Luís Manuel Ribeiro de Castro,0.0,6,9.22,19,luis-castro,7,0.0,,,,,,,,,,,,,,,,,,,,5.0
Ivan,Ivan,88136,REM,364,0,False,https://s3.glbimg.com/v1/AUTH_58d78b787ec34892b5aaa0c7a146155f/clubes_2026/silhuetas/REM/FORMATO.png,1,10.2,Ivan Quaresma da Silva,0.0,1,7.58,19,ivan,7,0.0,,,,4.0,,,,,,,,,,,,,,,1.0,
Neto Pessoa,N. Pessoa,88293,CHA,315,0,True,https://s3.glbimg.com/v1/AUTH_58d78b787ec34892b5aaa0c7a146155f/clubes_2026/silhuetas/CHA/FORMATO.png,9,3.49,Altemir Cordeiro Pessôa Neto,1.6,5,4.74,19,neto-pessoa,6,0.04,1.0,1.0,,,,3.0,5.0,2.0,5.0,2.0,,2.0,,,,,,1.0,,
Ayrton Lucas,A. Lucas,88393,FLA,262,0,True,https://s3.glbimg.com/v1/AUTH_58d78b787ec34892b5aaa0c7a146155f/clubes_2026/silhuetas/FLA/FORMATO.png,10,4.8,Ayrton Lucas Dantas de Medeiros,7.3,2,9.09,19,ayrton-lucas,2,-0.45,1.0,,,,,6.0,7.0,2.0,4.0,1.0,,,,,,,,,6.0,
Walace,Walace,88479,VIT,287,0,False,https://s3.glbimg.com/v1/AUTH_58d78b787ec34892b5aaa0c7a146155f/clubes_2026/silhuetas/VIT/FORMATO.png,0,0.0,Walace Souza Silva,0.0,4,4.0,19,walace,6,0.0,,,,,,,,,,,,,,,,,,,,
Leonardo Jardim,L. Jardim,88963,FLA,262,0,True,https://s3.glbimg.com/v1/AUTH_58d78b787ec34892b5aaa0c7a146155f/clubes_2026/silhuetas/FLA/FORMATO.png,15,7.37,José Leonardo Nunes Alves Sousa Jardim,10.98,6,14.01,19,leonardo-jardim,7,0.25,,,,,,,,,,,,,,,,,,,,10.0
Gerson,Gerson,89256,CRU,283,0,True,https://s3.glbimg.com/v1/AUTH_58d78b787ec34892b5aaa0c7a146155f/clubes_2026/silhuetas/CRU/FORMATO.png,18,4.26,Gerson Santos da Silva,5.1,4,8.84,19,gerson,3,-0.14,1.0,3.0,,,,32.0,18.0,7.0,5.0,40.0,,,,,3.0,,,,,
João Pedro,J. Pedro,89273,GRE,284,0,False,https://s3.glbimg.com/v1/AUTH_58d78b787ec34892b5aaa0c7a146155f/clubes_2026/silhuetas/GRE/FORMATO.png,5,0.72,João Pedro Maturano dos Santos,0.0,2,3.11,19,joao-pedro,6,0.0,,,,,,3.0,6.0,,,2.0,,,,,1.0,,,,,
Andreas Pereira,A. Pereira,89274,PAL,275,0,True,https://s3.glbimg.com/v1/AUTH_58d78b787ec34892b5aaa0c7a146155f/clubes_2026/silhuetas/PAL/FORMATO.png,18,5.15,Andreas Hugo Hoelgebaum Pereira,3.0,4,12.53,19,andreas-pereira,7,-0.25,9.0,3.0,,,,18.0,20.0,4.0,13.0,13.0,,1.0,,,,,,,,
William,William,89275,CRU,283,0,True,https://s3.glbimg.com/v1/AUTH_58d78b787ec34892b5aaa0c7a146155f/clubes_2026/silhuetas/CRU/FORMATO.png,9,3.34,Willian de Asevedo Furtado,1.5,2,8.06,19,william,6,-0.45,,1.0,1.0,,,14.0,9.0,3.0,1.0,3.0,,,,,1.0,,,,2.0,
Braithwaite,Braithwaite,89368,GRE,284,0,False,https://s3.glbimg.com/v1/AUTH_58d78b787ec34892b5aaa0c7a146155f/clubes_2026/silhuetas/GRE/FORMATO.png,11,0.35,Martin Christensen Braithwaite,0.0,5,5.91,19,braithwaite,6,0.0,,,,,,1.0,6.0,1.0,1.0,5.0,,,,,3.0,,,,,
Igor Rabello,I. Rabello,89493,FLU,266,0,False,https://s3.glbimg.com/v1/AUTH_58d78b787ec34892b5aaa0c7a146155f/clubes_2026/silhuetas/FLU/FORMATO.png,0,0.0,Igor Rabello da Costa,0.0,3,5.0,19,igor-rabello,6,0.0,,,,,,,,,,,,,,,,,,,,
Thiago Maia,T. Maia,89637,INT,285,0,False,https://s3.glbimg.com/v1/AUTH_58d78b787ec34892b5aaa0c7a146155f/clubes_2026/silhuetas/INT/FORMATO.png,10,0.92,Thiago Maia Alencar,0.0,4,3.6,19,thiago-maia,5,0.0,,,,,,5.0,1.0,1.0,,2.0,,,,,1.0,,,,,
Lucho Acosta,L. Acosta,89837,FLU,266,0,False,https://s3.glbimg.com/v1/AUTH_58d78b787ec34892b5aaa0c7a146155f/clubes_2026/silhuetas/FLU/FORMATO.png,14,5.76,Luciano Federico Acosta,0.0,4,11.02,19,lucho-acosta,7,0.0,4.0,4.0,,,,16.0,15.0,4.0,11.0,15.0,,3.0,,,,,,,,
Calleri,Calleri,89840,SAO,276,0,True,https://s3.glbimg.com/v1/AUTH_58d78b787ec34892b5aaa0c7a146155f/clubes_2026/silhuetas/SAO/FORMATO.png,17,5.68,Jonathan Calleri,2.6,5,11.68,19,calleri,7,-0.02,1.0,3.0,,,,11.0,25.0,6.0,17.0,37.0,,6.0,,,7.0,1.0,,,,
Dodi,Dodi,89883,GRE,284,0,False,https://s3.glbimg.com/v1/AUTH_58d78b787ec34892b5aaa0c7a146155f/clubes_2026/silhuetas/GRE/FORMATO.png,6,0.13,Douglas Moreira Fagundes,0.0,4,3.04,19,dodi,6,0.0,,2.0,,,,2.0,5.0,,1.0,1.0,,,,,,,,,,
Everton Galdino,E. Galdino,89918,MIR,2305,0,False,https://s3.glbimg.com/v1/AUTH_58d78b787ec34892b5aaa0c7a146155f/clubes_2026/silhuetas/MIR/FORMATO.png,7,1.2,Everton Galdino Moreira,0.0,5,2.73,19,everton-galdino,6,0.0,,,,,,1.0,1.0,1.0,5.0,4.0,,,,,,,,,,
Mendoza,Mendoza,90031,CAP,293,0,True,https://s3.glbimg.com/v1/AUTH_58d78b787ec34892b5aaa0c7a146155f/clubes_2026/silhuetas/CAP/FORMATO.png,17,4.99,John Stiven Mendoza Valencia,4.0,5,8.5,19,mendoza,7,-0.11,,,,,,14.0,9.0,5.0,10.0,13.0,2.0,5.0,,,1.0,,,,,
Bruno Pacheco,B. Pacheco,90061,CHA,315,0,True,https://s3.glbimg.com/v1/AUTH_58d78b787ec34892b5aaa0c7a146155f/clubes_2026/silhuetas/CHA/FORMATO.png,10,4.31,Bruno de Jesus Pacheco,2.7,2,6.51,19,bruno-pacheco,7,0.09,3.0,2.0,,,,18.0,7.0,,1.0,9.0,,,,,1.0,,,,,
Bruno Henrique,B. Henrique,90285,FLA,262,0,True,https://s3.glbimg.com/v1/AUTH_58d78b787ec34892b5aaa0c7a146155f/clubes_2026/silhuetas/FLA/FORMATO.png,12,2.07,Bruno Henrique Pinto,7.2,5,6.0,19,bruno-henrique,7,0.55,2.0,2.0,,,,6.0,9.0,2.0,6.0,7.0,,,,,2.0,,,,,
Pedro Rocha,P. Rocha,90302,CFC,294,0,False,https://s3.glbimg.com/v1/AUTH_58d78b787ec34892b5aaa0c7a146155f/clubes_2026/silhuetas/CFC/FORMATO.png,18,3.63,Pedro Rocha Neves,0.0,5,6.33,19,pedro-rocha,7,0.0,1.0,1.0,1.0,,,5.0,19.0,7.0,15.0,22.0,,4.0,,,7.0,,,,,
David,David,90309,VAS,267,0,False,https://s3.glbimg.com/v1/AUTH_58d78b787ec34892b5aaa0c7a146155f/clubes_2026/silhuetas/VAS/FORMATO.png,15,2.36,David Corrêa da Fonseca,0.0,5,4.48,19,david,6,0.0,1.0,,,,,4.0,9.0,4.0,5.0,6.0,,2.0,,,7.0,,,,,
Matheus Pereira,M. Pereira,90370,COR,264,0,True,https://s3.glbimg.com/v1/AUTH_58d78b787ec34892b5aaa0c7a146155f/clubes_2026/silhuetas/COR/FORMATO.png,11,1.02,Matheus Pereira da Silva,0.0,4,3.35,19,matheus-pereira,6,-0.11,,1.0,,,,5.0,9.0,2.0,5.0,2.0,,,,,,,,,,
Caíque,Caíque,90588,VIT,287,0,False,https://s3.glbimg.com/v1/AUTH_58d78b787ec34892b5aaa0c7a146155f/clubes_2026/silhuetas/VIT/FORMATO.png,14,2.1,Caique de Jesus Gonçalves,0.0,4,4.29,19,caique,7,0.0,,3.0,,,,19.0,17.0,1.0,1.0,16.0,,,,,,1.0,,,,
Chico da Costa,C. Costa,90608,CRU,283,0,False,https://s3.glbimg.com/v1/AUTH_58d78b787ec34892b5aaa0c7a146155f/clubes_2026/silhuetas/CRU/FORMATO.png,7,1.24,Francisco da Costa Aragão,0.0,5,3.81,19,chico-da-costa,6,0.0,1.0,,,,,1.0,5.0,2.0,1.0,1.0,,,,,,,,,,
Matheuzinho,Matheuzinho,90703,VIT,287,0,False,https://s3.glbimg.com/v1/AUTH_58d78b787ec34892b5aaa0c7a146155f/clubes_2026/silhuetas/VIT/FORMATO.png,15,3.46,Matheus Martins Fogaça de Paulo,0.0,4,6.68,19,matheuzinho,6,0.0,1.0,2.0,,,,8.0,6.0,10.0,8.0,23.0,,1.0,,,,,,1.0,,
Fabrício Bruno,F. Bruno,90768,CRU,283,0,True,https://s3.glbimg.com/v1/AUTH_58d78b787ec34892b5aaa0c7a146155f/clubes_2026/silhuetas/CRU/FORMATO.png,18,2.12,Fabrício Bruno Soares de Faria,2.7,3,6.39,19,fabricio-bruno,7,0.47,,5.0,,,,14.0,8.0,4.0,4.0,5.0,,,,,,1.0,,,3.0,
Carlos Eduardo,C. Eduardo,90917,MIR,2305,0,False,https://s3.glbimg.com/v1/AUTH_58d78b787ec34892b5aaa0c7a146155f/clubes_2026/silhuetas/MIR/FORMATO.png,10,3.39,Carlos Eduardo Ferreira de Souza,0.0,5,5.18,19,carlos-eduardo,6,0.0,1.0,1.0,,,,8.0,9.0,1.0,6.0,12.0,,1.0,,,5.0,,,1.0,,
Ronaldo,Ronaldo,91101,BAH,265,0,True,https://s3.glbimg.com/v1/AUTH_58d78b787ec34892b5aaa0c7a146155f/clubes_2026/silhuetas/BAH/FORMATO.png,9,4.7,Ronaldo de Oliveira Strada,2.9,1,7.42,19,ronaldo,7,-0.24,,2.0,,26.0,,,,,,1.0,,,,5.0,,,,,3.0,
Fernandinho,Fernandinho,91130,MIR,2305,0,False,https://s3.glbimg.com/v1/AUTH_58d78b787ec34892b5aaa0c7a146155f/clubes_2026/silhuetas/MIR/FORMATO.png,0,0.0,Fernando José Marques Maciel,0.0,5,3.0,19,fernandinho,6,0.0,,,,,,,,,,,,,,,,,,,,
Kaio,Kaio,91158,BOT,263,0,False,https://s3.glbimg.com/v1/AUTH_58d78b787ec34892b5aaa0c7a146155f/clubes_2026/silhuetas/BOT/FORMATO.png,0,0.0,Kaio Fernando da Silva Pantaleão,0.0,3,7.0,19,kaio,5,0.0,,,,,,,,,,,,,,,,,,,,
Warleson,Warleson,91204,BOT,263,0,False,https://s3.glbimg.com/v1/AUTH_58d78b787ec34892b5aaa0c7a146155f/clubes_2026/silhuetas/BOT/FORMATO.png,0,0.0,Warleson Steillon Lisboa Oliveira - Stellion,0.0,1,2.0,19,warleson,6,0.0,,,,,,,,,,,,,,,,,,,,
Erick Pulgar,E. Pulgar,91473,FLA,262,0,True,https://s3.glbimg.com/v1/AUTH_58d78b787ec34892b5aaa0c7a146155f/clubes_2026/silhuetas/FLA/FORMATO.png,8,1.49,Erick Antonio Pulgar Farfán,2.5,4,6.05,19,erick-pulgar,7,0.21,,4.0,1.0,,,12.0,11.0,1.0,,6.0,,,,,,,,,,
Arboleda,Arboleda,91573,SAO,276,0,True,https://s3.glbimg.com/v1/AUTH_58d78b787ec34892b5aaa0c7a146155f/clubes_2026/silhuetas/SAO/FORMATO.png,7,4.05,Robert Abel Arboleda Escobar,4.5,3,9.21,19,arboleda,7,0.26,,,,,,13.0,5.0,,,1.0,,,,,1.0,,,,2.0,
Rony,Rony,91607,SAN,277,0,False,https://s3.glbimg.com/v1/AUTH_58d78b787ec34892b5aaa0c7a146155f/clubes_2026/silhuetas/SAN/FORMATO.png,13,2.22,Ronielson da Silva Barbosa,0.0,5,5.55,19,rony,7,0.0,,3.0,,,,13.0,18.0,2.0,5.0,24.0,,,,,5.0,,,,,
Paulinho,Paulinho,91626,BOT,263,0,False,https://s3.glbimg.com/v1/AUTH_58d78b787ec34892b5aaa0c7a146155f/clubes_2026/silhuetas/BOT/FORMATO.png,0,0.0,Paulo Victor da Silva,0.0,2,5.0,19,paulinho,6,0.0,,,,,,,,,,,,,,,,,,,,
Marlon,Marlon,91706,GRE,284,0,False,https://s3.glbimg.com/v1/AUTH_58d78b787ec34892b5aaa0c7a146155f/clubes_2026/silhuetas/GRE/FORMATO.png,6,6.62,Marlon Rodrigues Xavier,0.0,2,10.32,19,marlon,5,0.0,1.0,1.0,,,,11.0,9.0,2.0,2.0,10.0,,1.0,,,1.0,,,,1.0,
David Duarte,D. Duarte,91772,BAH,265,0,True,https://s3.glbimg.com/v1/AUTH_58d78b787ec34892b5aaa0c7a146155f/clubes_2026/silhuetas/BAH/FORMATO.png,12,3.69,David de Duarte Macedo,4.2,3,6.11,19,david-duarte,7,-0.9,,2.0,,,,14.0,9.0,3.0,2.0,4.0,1.0,2.0,1.0,,2.0,,,,1.0,
Zé Ivaldo,Z. Ivaldo,91866,REM,364,0,True,https://s3.glbimg.com/v1/AUTH_58d78b787ec34892b5aaa0c7a146155f/clubes_2026/silhuetas/REM/FORMATO.png,5,1.98,José Ivaldo Almeida Silva,2.3,3,5.58,19,ze-ivaldo,6,-0.17,,1.0,,,,7.0,1.0,2.0,1.0,3.0,,,1.0,,,1.0,,,,
Pavón,Pavón,91908,GRE,284,0,False,https://s3.glbimg.com/v1/AUTH_58d78b787ec34892b5aaa0c7a146155f/clubes_2026/silhuetas/GRE/FORMATO.png,16,3.91,Cristian David Pavón,0.0,5,7.76,19,pavon,7,0.0,2.0,4.0,,,,32.0,12.0,3.0,4.0,5.0,1.0,,,,2.0,,,,,
Lyanco,Lyanco,92087,CAM,282,0,True,https://s3.glbimg.com/v1/AUTH_58d78b787ec34892b5aaa0c7a146155f/clubes_2026/silhuetas/CAM/FORMATO.png,8,3.32,Lyanco Evangelista Silveira Neves Vojnovic,0.0,3,7.9,19,lyanco,7,-1.6,,2.0,1.0,,,10.0,10.0,,2.0,6.0,,,,,,,,,3.0,
Arthur Cabral,A. Cabral,92171,BOT,263,0,False,https://s3.glbimg.com/v1/AUTH_58d78b787ec34892b5aaa0c7a146155f/clubes_2026/silhuetas/BOT/FORMATO.png,14,6.69,Arthur Mendonça Cabral,0.0,5,10.58,19,arthur-cabral,6,0.0,1.0,2.0,,,,9.0,24.0,7.0,14.0,18.0,,7.0,,,3.0,,,,,
Jair Ventura,J. Ventura,92180,VIT,287,0,False,https://s3.glbimg.com/v1/AUTH_58d78b787ec34892b5aaa0c7a146155f/clubes_2026/silhuetas/VIT/FORMATO.png,16,5.46,Jair Ventura,0.0,6,8.87,19,jair-ventura,7,0.0,,,,,,,,,,,,,,,,,,,,6.0
Juninho,Juninho,92182,INT,285,0,False,https://s3.glbimg.com/v1/AUTH_58d78b787ec34892b5aaa0c7a146155f/clubes_2026/silhuetas/INT/FORMATO.png,3,2.67,José Carlos Ferreira Júnior,0.0,3,5.92,19,juninho,6,0.0,,,,,,2.0,,,,,,,,,,,,,1.0,
Odair Hellmann,O. Hellmann,92273,CAP,293,0,True,https://s3.glbimg.com/v1/AUTH_58d78b787ec34892b5aaa0c7a146155f/clubes_2026/silhuetas/CAP/FORMATO.png,17,5.5,Odair Hellmann,6.1,6,8.86,19,odair-hellmann,7,-0.42,,,,,,,,,,,,,,,,,,,,9.0
André Ramalho,A. Ramalho,92440,COR,264,0,False,https://s3.glbimg.com/v1/AUTH_58d78b787ec34892b5aaa0c7a146155f/clubes_2026/silhuetas/COR/FORMATO.png,5,2.16,André Ramalho Silva,0.0,3,5.3,19,andre-ramalho,6,0.0,,3.0,,,,4.0,5.0,,1.0,7.0,,,,,,,,,1.0,
Renato Kayzer,R. Kayzer,92696,VIT,287,0,False,https://s3.glbimg.com/v1/AUTH_58d78b787ec34892b5aaa0c7a146155f/clubes_2026/silhuetas/VIT/FORMATO.png,11,3.52,Renato Kayzer de Souza,0.0,5,7.01,19,renato-kayzer,6,0.0,1.0,2.0,,,,5.0,12.0,2.0,3.0,8.0,,3.0,,,10.0,,,,,
Eduardo Domínguez,E. Domínguez,92747,CAM,282,0,True,https://s3.glbimg.com/v1/AUTH_58d78b787ec34892b5aaa0c7a146155f/clubes_2026/silhuetas/CAM/FORMATO.png,15,5.27,Eduardo Rodrigo Domínguez,3.88,6,10.29,19,eduardo-dominguez,7,-0.74,,,,,,,,,,,,,,,,,,,,7.0
Bruno Rodrigues,B. Rodrigues,92811,CRU,283,0,True,https://s3.glbimg.com/v1/AUTH_58d78b787ec34892b5aaa0c7a146155f/clubes_2026/silhuetas/CRU/FORMATO.png,11,1.6,Bruno Rafael Rodrigues do Nascimento,0.8,5,2.99,19,bruno-rodrigues,7,-0.01,1.0,,,,,4.0,5.0,1.0,2.0,11.0,,,,,1.0,,,,,
Ronaldo,Ronaldo,92981,INT,285,0,False,https://s3.glbimg.com/v1/AUTH_58d78b787ec34892b5aaa0c7a146155f/clubes_2026/silhuetas/INT/FORMATO.png,8,2.49,Ronaldo da Silva Souza Guerrero,0.0,4,3.83,19,ronaldo,6,0.0,,1.0,,,,8.0,10.0,,3.0,3.0,,1.0,,,,,,,,
Lucas Veríssimo,L. Veríssimo,93368,SAN,277,0,False,https://s3.glbimg.com/v1/AUTH_58d78b787ec34892b5aaa0c7a146155f/clubes_2026/silhuetas/SAN/FORMATO.png,11,4.2,Lucas Veríssimo da Silva,0.0,3,8.84,19,lucas-verissimo,7,0.0,,1.0,,,,16.0,13.0,1.0,4.0,6.0,,,,,2.0,,,,4.0,
Rodrigo Rodrigues,R. Rodrigues,93371,CFC,294,0,False,https://s3.glbimg.com/v1/AUTH_58d78b787ec34892b5aaa0c7a146155f/clubes_2026/silhuetas/CFC/FORMATO.png,0,0.0,Rodrigo Rodrigues Silva,0.0,5,4.0,19,rodrigo-rodrigues,6,0.0,,,,,,,,,,,,,,,,,,,,
Cantalapiedra,Cantalapiedra,93411,VIT,287,0,False,https://s3.glbimg.com/v1/AUTH_58d78b787ec34892b5aaa0c7a146155f/clubes_2026/silhuetas/VIT/FORMATO.png,7,1.09,Aitor Cantalapiedra Fernández,0.0,4,4.26,19,cantalapiedra,6,0.0,,1.0,,,,3.0,4.0,1.0,1.0,7.0,,,,,2.0,,,,,
Wanderson,Wanderson,93478,CRU,283,0,True,https://s3.glbimg.com/v1/AUTH_58d78b787ec34892b5aaa0c7a146155f/clubes_2026/silhuetas/CRU/FORMATO.png,15,1.2,Wanderson Maciel Sousa Campos,0.0,5,3.71,19,wanderson,6,-0.36,,,,,,3.0,7.0,2.0,5.0,3.0,,1.0,,,3.0,,,,,
Bruno Tubarão,B. Tubarão,93637,CHA,315,0,False,https://s3.glbimg.com/v1/AUTH_58d78b787ec34892b5aaa0c7a146155f/clubes_2026/silhuetas/CHA/FORMATO.png,0,0.0,Bruno Nunes de Barros,0.0,2,3.0,19,bruno-tubarao,6,0.0,,,,,,,,,,,,,,,,,,,,
Paulo Henrique,P. Henrique,93716,VAS,267,0,False,https://s3.glbimg.com/v1/AUTH_58d78b787ec34892b5aaa0c7a146155f/clubes_2026/silhuetas/VAS/FORMATO.png,12,2.94,Paulo Henrique de Oliveira Alves,0.0,2,7.25,19,paulo-henrique,6,0.0,2.0,3.0,,,,14.0,10.0,1.0,2.0,17.0,,,,,,1.0,,,,
Marlon Freitas,M. Freitas,93790,PAL,275,0,True,https://s3.glbimg.com/v1/AUTH_58d78b787ec34892b5aaa0c7a146155f/clubes_2026/silhuetas/PAL/FORMATO.png,18,2.92,Marlon Rodrigues Freitas,6.4,4,6.63,19,marlon-freitas,7,0.61,1.0,3.0,,,,22.0,19.0,1.0,7.0,1.0,,2.0,,,1.0,,,,,
Keiller,Keiller,93834,CFC,294,0,False,https://s3.glbimg.com/v1/AUTH_58d78b787ec34892b5aaa0c7a146155f/clubes_2026/silhuetas/CFC/FORMATO.png,0,0.0,Keiller da Silva Nunes,0.0,1,4.0,19,keiller,6,0.0,,,,,,,,,,,,,,,,,,,,
Cleiton,Cleiton,93882,RBB,280,0,False,https://s3.glbimg.com/v1/AUTH_58d78b787ec34892b5aaa0c7a146155f/clubes_2026/silhuetas/RBB/FORMATO.png,7,2.56,Cleiton Schwengber,0.0,1,6.19,19,cleiton,6,0.0,,1.0,,13.0,,,,,,,,,,8.0,,,,,2.0,
Breno Lopes,B. Lopes,93988,CFC,294,0,True,https://s3.glbimg.com/v1/AUTH_58d78b787ec34892b5aaa0c7a146155f/clubes_2026/silhuetas/CFC/FORMATO.png,16,5.89,Breno Henrique Vasconcelos Lopes,1.5,5,9.24,19,breno-lopes,7,-0.23,,3.0,,,,10.0,8.0,5.0,4.0,22.0,,8.0,,,6.0,,,1.0,,
Kevin Ramírez,K. Ramírez,94034,CHA,315,0,False,https://s3.glbimg.com/v1/AUTH_58d78b787ec34892b5aaa0c7a146155f/clubes_2026/silhuetas/CHA/FORMATO.png,2,0.85,Kevin Federik Ramírez Dutra,0.0,5,3.0,19,kevin-ramirez,6,0.0,,,,,,,,1.0,,1.0,,,,,,,,,,
Matheus Fernandes,M. Fernandes,94067,RBB,280,0,False,https://s3.glbimg.com/v1/AUTH_58d78b787ec34892b5aaa0c7a146155f/clubes_2026/silhuetas/RBB/FORMATO.png,11,2.54,Matheus Fernandes Siqueira,0.0,4,4.32,19,matheus-fernandes,6,0.0,1.0,2.0,,,,12.0,13.0,1.0,9.0,5.0,,,,,1.0,,,,,
Maycon,Maycon,94154,CAM,282,0,True,https://s3.glbimg.com/v1/AUTH_58d78b787ec34892b5aaa0c7a146155f/clubes_2026/silhuetas/CAM/FORMATO.png,11,3.08,Maycon de Andrade Barberan,1.5,4,5.77,19,maycon,7,-0.33,,,,,,10.0,8.0,1.0,2.0,5.0,,2.0,,,,,,,,
Léo Duarte,L. Duarte,94214,CAM,282,0,False,https://s3.glbimg.com/v1/AUTH_58d78b787ec34892b5aaa0c7a146155f/clubes_2026/silhuetas/CAM/FORMATO.png,0,0.0,Leonardo Campos Duarte da Silva,0.0,3,5.0,19,leo-duarte,5,0.0,,,,,,,,,,,,,,,,,,,,
Lucas Oliveira,L. Oliveira,94514,MIR,2305,0,False,https://s3.glbimg.com/v1/AUTH_58d78b787ec34892b5aaa0c7a146155f/clubes_2026/silhuetas/MIR/FORMATO.png,7,3.41,Lucas da Cruz Oliveira,0.0,3,5.2,19,lucas-oliveira,6,0.0,,2.0,,,,8.0,1.0,,1.0,1.0,,1.0,,,1.0,,,,1.0,
Pedro,Pedro,94583,FLA,262,0,True,https://s3.glbimg.com/v1/AUTH_58d78b787ec34892b5aaa0c7a146155f/clubes_2026/silhuetas/FLA/FORMATO.png,17,9.41,Pedro Guilherme Abreu dos Santos,18.8,5,18.63,19,pedro,7,0.13,4.0,1.0,,,,11.0,9.0,9.0,10.0,17.0,1.0,12.0,,,3.0,,,1.0,,
Lucas Paquetá,L. Paquetá,94930,FLA,262,0,False,https://s3.glbimg.com/v1/AUTH_58d78b787ec34892b5aaa0c7a146155f/clubes_2026/silhuetas/FLA/FORMATO.png,11,6.46,Lucas Tolentino Coelho de Lima,0.0,4,14.86,19,lucas-paqueta,5,0.0,,2.0,,,,18.0,18.0,4.0,13.0,25.0,,3.0,,,2.0,,,,,
Juninho Capixaba,J. Capixaba,94968,RBB,280,0,False,https://s3.glbimg.com/v1/AUTH_58d78b787ec34892b5aaa0c7a146155f/clubes_2026/silhuetas/RBB/FORMATO.png,16,7.52,Luis Antônio da Rocha Júnior,0.0,2,13.92,19,juninho-capixaba,7,0.0,2.0,9.0,,,,31.0,32.0,3.0,10.0,22.0,2.0,3.0,,,2.0,,,,6.0,
Gabriel Taliari,G. Taliari,95131,REM,364,0,True,https://s3.glbimg.com/v1/AUTH_58d78b787ec34892b5aaa0c7a146155f/clubes_2026/silhuetas/REM/FORMATO.png,7,6.33,Gabriel Pereira Taliari,0.5,5,9.18,19,gabriel-taliari,6,-1.7,,,,,,5.0,9.0,4.0,5.0,14.0,,3.0,,,3.0,,,,,
Marcinho,Marcinho,95332,CHA,315,0,True,https://s3.glbimg.com/v1/AUTH_58d78b787ec34892b5aaa0c7a146155f/clubes_2026/silhuetas/CHA/FORMATO.png,17,3.02,Márcio Antônio de Sousa Júnior,4.9,5,4.58,19,marcinho,7,-0.13,1.0,,,,,15.0,7.0,5.0,7.0,13.0,,1.0,,,3.0,,,,,
Cassierra,Cassierra,95362,CAM,282,0,True,https://s3.glbimg.com/v1/AUTH_58d78b787ec34892b5aaa0c7a146155f/clubes_2026/silhuetas/CAM/FORMATO.png,15,2.33,Zander Mateo Casierra Cabezas,5.8,5,6.19,19,cassierra,7,0.79,1.0,1.0,,,,2.0,10.0,3.0,6.0,8.0,1.0,2.0,,,4.0,,,,,
Igor Vinícius,I. Vinícius,95466,SAN,277,0,False,https://s3.glbimg.com/v1/AUTH_58d78b787ec34892b5aaa0c7a146155f/clubes_2026/silhuetas/SAN/FORMATO.png,12,6.19,Igor Vinícius de Souza,0.0,2,9.34,19,igor-vinicius,7,0.0,1.0,4.0,,,,32.0,12.0,2.0,,13.0,,,,,,,,,4.0,
Gustavo Cazonatti,G. Cazonatti,95541,MIR,2305,0,False,https://s3.glbimg.com/v1/AUTH_58d78b787ec34892b5aaa0c7a146155f/clubes_2026/silhuetas/MIR/FORMATO.png,0,0.0,Gustavo Cazonatti,0.0,4,3.0,19,gustavo-cazonatti,6,0.0,,,,,,,,,,,,,,,,,,,,
Raniele,Raniele,95556,COR,264,0,False,https://s3.glbimg.com/v1/AUTH_58d78b787ec34892b5aaa0c7a146155f/clubes_2026/silhuetas/COR/FORMATO.png,15,4.17,Raniele Almeida Melo,0.0,4,7.72,19,raniele,7,0.0,,4.0,,,,30.0,26.0,1.0,8.0,22.0,1.0,1.0,,,1.0,,,,,
Bruno Leonardo,B. Leonardo,95620,CHA,315,0,False,https://s3.glbimg.com/v1/AUTH_58d78b787ec34892b5aaa0c7a146155f/clubes_2026/silhuetas/CHA/FORMATO.png,14,1.33,Bruno Leonardo dos Santos Covas,0.0,3,2.74,19,bruno-leonardo,6,0.0,,3.0,,,,12.0,14.0,1.0,1.0,10.0,,,1.0,,1.0,1.0,,,1.0,
Artur,Artur,95799,SAO,276,0,True,https://s3.glbimg.com/v1/AUTH_58d78b787ec34892b5aaa0c7a146155f/clubes_2026/silhuetas/SAO/FORMATO.png,15,5.81,Artur Victor Guimarães,8.5,5,9.97,19,artur,7,0.73,2.0,1.0,,,,14.0,5.0,13.0,11.0,19.0,,3.0,,,1.0,,,1.0,,
Daniel Fuzato,D. Fuzato,95936,VAS,267,0,False,https://s3.glbimg.com/v1/AUTH_58d78b787ec34892b5aaa0c7a146155f/clubes_2026/silhuetas/VAS/FORMATO.png,0,0.0,Daniel Cerântula Fuzato,0.0,1,2.0,19,daniel-fuzato,6,0.0,,,,,,,,,,,,,,,,,,,,
Charles,Charles,96342,COR,264,0,False,https://s3.glbimg.com/v1/AUTH_58d78b787ec34892b5aaa0c7a146155f/clubes_2026/silhuetas/COR/FORMATO.png,3,1.03,Charles Rigon Mattos,0.0,4,3.53,19,charles,6,0.0,,,,,,2.0,1.0,,,1.0,,,,,1.0,,,,,
Joaquín Correa,J. Correa,96353,BOT,263,0,False,https://s3.glbimg.com/v1/AUTH_58d78b787ec34892b5aaa0c7a146155f/clubes_2026/silhuetas/BOT/FORMATO.png,6,1.17,Carlos Joaquín Correa,0.0,5,5.11,19,joaquin-correa,6,0.0,1.0,3.0,,,,1.0,2.0,,2.0,3.0,,,,,,,,1.0,,
Renan Lodi,R. Lodi,96591,CAM,282,0,True,https://s3.glbimg.com/v1/AUTH_58d78b787ec34892b5aaa0c7a146155f/clubes_2026/silhuetas/CAM/FORMATO.png,18,5.12,Renan Augusto Lodi dos Santos,3.4,2,10.09,19,renan-lodi,7,-1.13,2.0,2.0,1.0,,,23.0,29.0,5.0,13.0,43.0,1.0,,,,6.0,,,1.0,4.0,
Matheus Pereira,M. Pereira,96610,CRU,283,0,True,https://s3.glbimg.com/v1/AUTH_58d78b787ec34892b5aaa0c7a146155f/clubes_2026/silhuetas/CRU/FORMATO.png,17,6.53,Matheus Fellipe Costa Pereira,13.9,4,15.25,19,matheus-pereira,3,-0.02,2.0,9.0,,,,17.0,33.0,9.0,22.0,65.0,,4.0,,,5.0,,,2.0,,
Allan,Allan,96652,COR,264,0,True,https://s3.glbimg.com/v1/AUTH_58d78b787ec34892b5aaa0c7a146155f/clubes_2026/silhuetas/COR/FORMATO.png,13,0.89,Allan Rodrigues de Souza,1.6,4,2.99,19,allan,6,0.01,,3.0,1.0,,,8.0,12.0,2.0,3.0,9.0,,,,,,,,,,
Camutanga,Camutanga,96793,VIT,287,0,False,https://s3.glbimg.com/v1/AUTH_58d78b787ec34892b5aaa0c7a146155f/clubes_2026/silhuetas/VIT/FORMATO.png,7,3.95,Cleidson Andrade de Souza Silva,0.0,3,6.71,19,camutanga,5,0.0,,,,,,8.0,2.0,1.0,2.0,3.0,,,1.0,,,,,,3.0,
Emerson Royal,E. Royal,96870,FLA,262,0,True,https://s3.glbimg.com/v1/AUTH_58d78b787ec34892b5aaa0c7a146155f/clubes_2026/silhuetas/FLA/FORMATO.png,8,5.73,Emerson Aparecido Leite de Souza Júnior,11.5,2,8.53,19,emerson-royal,6,0.92,1.0,,,,,10.0,7.0,1.0,1.0,2.0,,,,,1.0,,,,5.0,
Carlos Cuesta,C. Cuesta,97095,VAS,267,0,False,https://s3.glbimg.com/v1/AUTH_58d78b787ec34892b5aaa0c7a146155f/clubes_2026/silhuetas/VAS/FORMATO.png,8,1.88,Carlos Eccehomo Cuesta Figueroa,0.0,3,5.11,19,carlos-cuesta,7,0.0,1.0,1.0,1.0,,,6.0,12.0,,2.0,4.0,1.0,,1.0,,,,,,1.0,
Gabriel Rojas,G. Rojas,97101,CRU,283,0,True,https://s3.glbimg.com/v1/AUTH_58d78b787ec34892b5aaa0c7a146155f/clubes_2026/silhuetas/CRU/FORMATO.png,1,4.4,Gabriel Hernán Rojas,4.4,2,7.15,19,gabriel-rojas,7,1.15,,,,,,3.0,2.0,,,1.0,,,,,,,,,,
Villasanti,Villasanti,97145,GRE,284,0,False,https://s3.glbimg.com/v1/AUTH_58d78b787ec34892b5aaa0c7a146155f/clubes_2026/silhuetas/GRE/FORMATO.png,0,0.0,Mathías Adalberto Villasanti Rolón,0.0,4,7.0,19,villasanti,7,0.0,,,,,,,,,,,,,,,,,,,,
Alesson,Alesson,97321,MIR,2305,0,False,https://s3.glbimg.com/v1/AUTH_58d78b787ec34892b5aaa0c7a146155f/clubes_2026/silhuetas/MIR/FORMATO.png,16,5.13,Alesson dos Santos Batista,0.0,5,9.29,19,alesson,6,0.0,3.0,1.0,,,,25.0,14.0,12.0,7.0,25.0,1.0,,,,7.0,,,,,
Rogério Ceni,R. Ceni,97341,BAH,265,0,True,https://s3.glbimg.com/v1/AUTH_58d78b787ec34892b5aaa0c7a146155f/clubes_2026/silhuetas/BAH/FORMATO.png,18,5.48,Rogério Mücke Ceni,4.75,6,10.53,19,rogerio-ceni,7,-0.22,,,,,,,,,,,,,,,,,,,,7.0
Victor Caetano,V. Caetano,97432,CHA,315,0,False,https://s3.glbimg.com/v1/AUTH_58d78b787ec34892b5aaa0c7a146155f/clubes_2026/silhuetas/CHA/FORMATO.png,8,1.6,Victor Henrique Carvalho Caetano,0.0,3,3.19,19,victor-caetano,5,0.0,,2.0,,,,11.0,7.0,,,1.0,,,,,1.0,,,,,
Gustavo Mosquito,G. Mosquito,97450,MIR,2305,0,False,https://s3.glbimg.com/v1/AUTH_58d78b787ec34892b5aaa0c7a146155f/clubes_2026/silhuetas/MIR/FORMATO.png,0,0.0,Gustavo Henric da Silva,0.0,5,5.0,19,gustavo-mosquito,6,0.0,,,,,,,,,,,,,,,,,,,,
João Victor,J. Victor,97460,MIR,2305,0,False,https://s3.glbimg.com/v1/AUTH_58d78b787ec34892b5aaa0c7a146155f/clubes_2026/silhuetas/MIR/FORMATO.png,16,2.0,João Victor Carroll Santana - Caroll,0.0,3,4.48,19,joao-victor,6,0.0,1.0,1.0,,,,15.0,10.0,2.0,2.0,5.0,,,1.0,,1.0,,,,1.0,
Marçal,Marçal,97468,BOT,263,0,False,https://s3.glbimg.com/v1/AUTH_58d78b787ec34892b5aaa0c7a146155f/clubes_2026/silhuetas/BOT/FORMATO.png,4,2.77,Fernando Marçal de Oliveira,0.0,2,6.79,19,marcal,7,0.0,,1.0,,,,4.0,7.0,2.0,1.0,,,,,,,,,,1.0,
Shaylon,Shaylon,97520,MIR,2305,0,False,https://s3.glbimg.com/v1/AUTH_58d78b787ec34892b5aaa0c7a146155f/clubes_2026/silhuetas/MIR/FORMATO.png,13,1.85,Shaylon Kallyson Cardozo - Cardoso,0.0,4,4.23,19,shaylon,6,0.0,,,,,,10.0,12.0,2.0,2.0,1.0,,1.0,,,,,,,,
Félix Torres,F. Torres,97642,INT,285,0,True,https://s3.glbimg.com/v1/AUTH_58d78b787ec34892b5aaa0c7a146155f/clubes_2026/silhuetas/INT/FORMATO.png,13,3.45,Félix Eduardo Torres Caicedo,3.7,3,4.71,19,felix-torres,7,-0.87,,3.0,,,,14.0,12.0,1.0,5.0,5.0,,1.0,,,1.0,,,,3.0,
Thiago Couto,T. Couto,97645,VIT,287,0,False,https://s3.glbimg.com/v1/AUTH_58d78b787ec34892b5aaa0c7a146155f/clubes_2026/silhuetas/VIT/FORMATO.png,0,0.0,Thiago Couto Wenceslau,0.0,1,3.0,19,thiago-couto,6,0.0,,,,,,,,,,,,,,,,,,,,
Murilo,Murilo,97653,PAL,275,0,True,https://s3.glbimg.com/v1/AUTH_58d78b787ec34892b5aaa0c7a146155f/clubes_2026/silhuetas/PAL/FORMATO.png,16,3.37,Murilo Cerqueira Paim,1.2,3,6.58,19,murilo,7,-0.6,1.0,1.0,1.0,,,13.0,21.0,3.0,2.0,3.0,,1.0,,,,,,,5.0,
Marcelinho,Marcelinho,97795,REM,364,0,True,https://s3.glbimg.com/v1/AUTH_58d78b787ec34892b5aaa0c7a146155f/clubes_2026/silhuetas/REM/FORMATO.png,16,5.13,Marcelo Rodrigues Souza,0.4,2,5.58,19,marcelinho,7,-2.13,1.0,2.0,,,,19.0,7.0,5.0,8.0,23.0,1.0,2.0,,,1.0,,,,2.0,
Erick,Erick,97810,VIT,287,0,False,https://s3.glbimg.com/v1/AUTH_58d78b787ec34892b5aaa0c7a146155f/clubes_2026/silhuetas/VIT/FORMATO.png,15,4.68,Erick de Arruda Serafim,0.0,5,8.67,19,erick,7,0.0,4.0,1.0,,,,4.0,5.0,6.0,7.0,30.0,1.0,2.0,,,1.0,,,,,
Léo Ortiz,L. Ortiz,97867,FLA,262,0,False,https://s3.glbimg.com/v1/AUTH_58d78b787ec34892b5aaa0c7a146155f/clubes_2026/silhuetas/FLA/FORMATO.png,16,4.11,Leonardo Rech Ortiz,0.0,3,9.12,19,leo-ortiz,5,0.0,,,,,,12.0,11.0,,,4.0,2.0,1.0,,,1.0,,,,7.0,
Iago,Iago,97868,BAH,265,0,True,https://s3.glbimg.com/v1/AUTH_58d78b787ec34892b5aaa0c7a146155f/clubes_2026/silhuetas/BAH/FORMATO.png,4,2.2,Iago Amaral Borduchi,-0.3,2,4.5,19,iago,6,-1.07,,,,,,1.0,4.0,,,1.0,1.0,,,,,,,,1.0,
Jacy,Jacy,97878,CFC,294,0,True,https://s3.glbimg.com/v1/AUTH_58d78b787ec34892b5aaa0c7a146155f/clubes_2026/silhuetas/CFC/FORMATO.png,16,4.07,Jacy Maranhão Oliveira,4.9,3,5.73,19,jacy,7,0.29,,2.0,1.0,,,26.0,13.0,,6.0,15.0,,1.0,,,,,,,3.0,
Matheus Bahia,M. Bahia,97899,INT,285,0,True,https://s3.glbimg.com/v1/AUTH_58d78b787ec34892b5aaa0c7a146155f/clubes_2026/silhuetas/INT/FORMATO.png,11,4.13,Matheus Bahia Santos,9.5,2,7.66,19,matheus-bahia,7,1.25,1.0,2.0,,,,15.0,13.0,1.0,1.0,14.0,,,,,2.0,,,,3.0,
Vitão,Vitão,97900,FLA,262,0,True,https://s3.glbimg.com/v1/AUTH_58d78b787ec34892b5aaa0c7a146155f/clubes_2026/silhuetas/FLA/FORMATO.png,7,3.03,Vitor Eduardo da Silva Matos,5.0,3,7.8,19,vitao,2,0.02,,1.0,,,,1.0,2.0,,1.0,1.0,,,,,,,,,4.0,
Matheus Aurélio,M. Aurélio,97905,CHA,315,0,True,https://s3.glbimg.com/v1/AUTH_58d78b787ec34892b5aaa0c7a146155f/clubes_2026/silhuetas/CHA/FORMATO.png,1,-0.1,Matheus Aurélio Palhares Guimarães,-0.1,1,1.77,19,matheus-aurelio,7,-0.23,,,,3.0,,,,,,,,,,4.0,,,,,,
Lucas Silva,L. Silva,97911,VIT,287,0,False,https://s3.glbimg.com/v1/AUTH_58d78b787ec34892b5aaa0c7a146155f/clubes_2026/silhuetas/VIT/FORMATO.png,3,-0.17,Lucas Rodrigues da Silva,0.0,5,2.8,19,lucas-silva,6,0.0,,1.0,,,,,,,,1.0,,,,,,,,,,
Marcos Vinícius,M. Vinícius,97969,CHA,315,0,False,https://s3.glbimg.com/v1/AUTH_58d78b787ec34892b5aaa0c7a146155f/clubes_2026/silhuetas/CHA/FORMATO.png,9,1.48,Marcos Vinícius da Silva Santos,0.0,2,2.78,19,marcos-vinicius,6,0.0,1.0,2.0,,,,5.0,9.0,,2.0,2.0,1.0,,,,1.0,,,,,
Erick,Erick,98022,BAH,265,0,True,https://s3.glbimg.com/v1/AUTH_58d78b787ec34892b5aaa0c7a146155f/clubes_2026/silhuetas/BAH/FORMATO.png,15,3.71,Erick Luis Conrado de Carvalho,1.5,4,6.04,19,erick,7,-0.43,,5.0,,,,21.0,19.0,2.0,4.0,15.0,2.0,2.0,,,1.0,,,,,
Jáderson,Jáderson,98224,REM,364,0,False,https://s3.glbimg.com/v1/AUTH_58d78b787ec34892b5aaa0c7a146155f/clubes_2026/silhuetas/REM/FORMATO.png,10,0.97,Jaderson Flores dos Reis,0.0,4,2.64,19,jaderson,6,0.0,,,,,,4.0,2.0,,1.0,7.0,,,,,,,,,,
Pedro Raul,P. Raul,98225,COR,264,0,False,https://s3.glbimg.com/v1/AUTH_58d78b787ec34892b5aaa0c7a146155f/clubes_2026/silhuetas/COR/FORMATO.png,8,0.01,Pedro Raul Garay da Silva,0.0,5,2.63,19,pedro-raul,6,0.0,,1.0,,,,,5.0,,1.0,4.0,,,,,2.0,,,,,
Bastos,Bastos,98280,BOT,263,0,False,https://s3.glbimg.com/v1/AUTH_58d78b787ec34892b5aaa0c7a146155f/clubes_2026/silhuetas/BOT/FORMATO.png,5,0.78,Bartolomeu Jacinto Quissanga,0.0,3,3.75,19,bastos,5,0.0,,1.0,,,,4.0,7.0,,,2.0,,,,,,,,,,
Gabriel Batista,G. Batista,98333,BOT,263,0,False,https://s3.glbimg.com/v1/AUTH_58d78b787ec34892b5aaa0c7a146155f/clubes_2026/silhuetas/BOT/FORMATO.png,0,0.0,Gabriel Batista de Souza,0.0,1,3.0,19,gabriel-batista,6,0.0,,,,,,,,,,,,,,,,,,,,
Negueba,Negueba,98384,MIR,2305,0,False,https://s3.glbimg.com/v1/AUTH_58d78b787ec34892b5aaa0c7a146155f/clubes_2026/silhuetas/MIR/FORMATO.png,8,5.23,Luiz Henrique Soares Firmino,0.0,5,8.57,19,negueba,5,0.0,,4.0,,,,15.0,5.0,3.0,6.0,17.0,,1.0,,,,,,,,
Kanu,Kanu,98484,BAH,265,0,False,https://s3.glbimg.com/v1/AUTH_58d78b787ec34892b5aaa0c7a146155f/clubes_2026/silhuetas/BAH/FORMATO.png,3,0.83,Victor Hugo Soares dos Santos,0.0,3,3.68,19,kanu,6,0.0,,2.0,,,,,3.0,,,1.0,,,,,1.0,,,,1.0,
Jean Lucas,J. Lucas,98517,BAH,265,0,False,https://s3.glbimg.com/v1/AUTH_58d78b787ec34892b5aaa0c7a146155f/clubes_2026/silhuetas/BAH/FORMATO.png,15,5.58,Jean Lucas de Souza Oliveira,0.0,4,9.55,19,jean-lucas,6,0.0,2.0,2.0,,,,31.0,26.0,3.0,8.0,16.0,1.0,2.0,,,1.0,,,,,
Maripán,Maripán,98617,INT,285,0,True,https://s3.glbimg.com/v1/AUTH_58d78b787ec34892b5aaa0c7a146155f/clubes_2026/silhuetas/INT/FORMATO.png,1,0.7,Guillermo Alfonso Maripán Loaysa,0.7,3,4.8,19,maripan,7,-0.2,,,,,,,2.0,,1.0,1.0,,,,,,,,,,
Savarino,Savarino,98672,FLU,266,0,False,https://s3.glbimg.com/v1/AUTH_58d78b787ec34892b5aaa0c7a146155f/clubes_2026/silhuetas/FLU/FORMATO.png,15,5.0,Jefferson David Savarino Quintero,0.0,4,9.0,19,savarino,7,0.0,2.0,2.0,,,,5.0,6.0,10.0,13.0,13.0,3.0,3.0,,,6.0,,,,,
Angileri,Angileri,98720,COR,264,0,True,https://s3.glbimg.com/v1/AUTH_58d78b787ec34892b5aaa0c7a146155f/clubes_2026/silhuetas/COR/FORMATO.png,7,3.36,Fabrizio Germán Angileri - Fabricio,8.8,2,5.67,19,angileri,6,0.94,,2.0,,,,5.0,2.0,,2.0,4.0,,,,,,,,,3.0,
Samuel Lino,S. Lino,98873,FLA,262,0,True,https://s3.glbimg.com/v1/AUTH_58d78b787ec34892b5aaa0c7a146155f/clubes_2026/silhuetas/FLA/FORMATO.png,17,7.35,Samuel Dias Lino,11.6,5,12.0,19,samuel-lino,7,-1.59,7.0,2.0,,,,25.0,16.0,8.0,6.0,26.0,,4.0,,,2.0,,,,,
Cuello,Cuello,98909,CAM,282,0,True,https://s3.glbimg.com/v1/AUTH_58d78b787ec34892b5aaa0c7a146155f/clubes_2026/silhuetas/CAM/FORMATO.png,18,5.95,Tomás Esteban Cuello,5.3,5,9.41,19,cuello,7,0.53,1.0,1.0,,,,29.0,16.0,7.0,18.0,30.0,4.0,2.0,,,13.0,,,,,
Elias,Elias,99034,MIR,2305,0,False,https://s3.glbimg.com/v1/AUTH_58d78b787ec34892b5aaa0c7a146155f/clubes_2026/silhuetas/MIR/FORMATO.png,0,0.0,Elias Lira Nogueira Júnior,0.0,2,3.0,19,elias,6,0.0,,,,,,,,,,,,,,,,,,,,
Puma Rodríguez,P. Rodríguez,99213,VAS,267,0,False,https://s3.glbimg.com/v1/AUTH_58d78b787ec34892b5aaa0c7a146155f/clubes_2026/silhuetas/VAS/FORMATO.png,12,5.35,José Luis Rodríguez Bebanz,0.0,2,8.19,19,puma-rodriguez,7,0.0,4.0,3.0,,,,10.0,4.0,6.0,6.0,1.0,,2.0,,,1.0,,,,1.0,
De la Cruz,D. Cruz,99228,FLA,262,0,False,https://s3.glbimg.com/v1/AUTH_58d78b787ec34892b5aaa0c7a146155f/clubes_2026/silhuetas/FLA/FORMATO.png,9,1.06,Diego Nicolás de la Cruz Arcosa,0.0,4,4.77,19,de-la-cruz,6,0.0,,2.0,,,,4.0,7.0,,2.0,12.0,,,,,,,,,,
Pochettino,Pochettino,99267,VIT,287,0,False,https://s3.glbimg.com/v1/AUTH_58d78b787ec34892b5aaa0c7a146155f/clubes_2026/silhuetas/VIT/FORMATO.png,0,0.0,Tomás Pochettino,0.0,4,6.0,19,pochettino,6,0.0,,,,,,,,,,,,,,,,,,,,
Alexander Barboza,A. Barboza,99274,PAL,275,0,True,https://s3.glbimg.com/v1/AUTH_58d78b787ec34892b5aaa0c7a146155f/clubes_2026/silhuetas/PAL/FORMATO.png,12,4.78,Alexander Nahuel Barboza Ullúa,1.1,3,9.8,19,alexander-barboza,3,-0.88,2.0,5.0,1.0,,,26.0,22.0,5.0,5.0,,,1.0,,,,,,,1.0,
Luis Zubeldía,L. Zubeldía,99366,FLU,266,0,False,https://s3.glbimg.com/v1/AUTH_58d78b787ec34892b5aaa0c7a146155f/clubes_2026/silhuetas/FLU/FORMATO.png,18,5.56,Luis Francisco Zubeldía,0.0,6,10.0,19,luis-zubeldia,7,0.0,,,,,,,,,,,,,,,,,,,,9.0
Baralhas,Baralhas,99440,VIT,287,0,False,https://s3.glbimg.com/v1/AUTH_58d78b787ec34892b5aaa0c7a146155f/clubes_2026/silhuetas/VIT/FORMATO.png,13,5.37,Gabriel Baralhas dos Santos,0.0,4,9.16,19,baralhas,7,0.0,2.0,4.0,,,,27.0,24.0,,8.0,16.0,,2.0,,,,,,,,
Rossi,Rossi,99552,FLA,262,0,True,https://s3.glbimg.com/v1/AUTH_58d78b787ec34892b5aaa0c7a146155f/clubes_2026/silhuetas/FLA/FORMATO.png,17,5.29,Agustín Daniel Rossi,8.9,1,9.48,19,rossi,7,0.31,,,,49.0,,,,,,2.0,,,,15.0,,,,,8.0,
Brenner,Brenner,99789,VAS,267,0,False,https://s3.glbimg.com/v1/AUTH_58d78b787ec34892b5aaa0c7a146155f/clubes_2026/silhuetas/VAS/FORMATO.png,13,2.98,Brenner Souza da Silva,0.0,5,7.07,19,brenner,6,0.0,,1.0,,,,7.0,4.0,5.0,7.0,10.0,2.0,1.0,,,1.0,,,,,
Arias,Arias,99815,PAL,275,0,True,https://s3.glbimg.com/v1/AUTH_58d78b787ec34892b5aaa0c7a146155f/clubes_2026/silhuetas/PAL/FORMATO.png,14,6.41,Jhon Adolfo Arias Andrade,5.4,4,14.1,19,arias,7,0.33,,4.0,,,,33.0,18.0,6.0,8.0,19.0,1.0,3.0,,,4.0,,,,,
Paulinho,Paulinho,99818,PAL,275,0,False,https://s3.glbimg.com/v1/AUTH_58d78b787ec34892b5aaa0c7a146155f/clubes_2026/silhuetas/PAL/FORMATO.png,5,3.44,Paulo Henrique Sampaio Filho,0.0,5,11.1,19,paulinho,2,0.0,,1.0,,,,,,,1.0,3.0,,2.0,,,1.0,,,,,
Igor Gomes,I. Gomes,100084,CAM,282,0,False,https://s3.glbimg.com/v1/AUTH_58d78b787ec34892b5aaa0c7a146155f/clubes_2026/silhuetas/CAM/FORMATO.png,5,-0.14,Igor Silveira Gomes,0.0,4,3.72,19,igor-gomes,6,0.0,,1.0,,,,,4.0,,,3.0,,,,,,,,,,
Léo Andrade,L. Andrade,100342,REM,364,0,False,https://s3.glbimg.com/v1/AUTH_58d78b787ec34892b5aaa0c7a146155f/clubes_2026/silhuetas/REM/FORMATO.png,4,2.95,Leonardo de Andrade Silva,0.0,3,4.79,19,leo-andrade,7,0.0,,1.0,,,,9.0,4.0,,,1.0,,,,,,,,,,
Yuri Alberto,Y. Alberto,100652,COR,264,0,True,https://s3.glbimg.com/v1/AUTH_58d78b787ec34892b5aaa0c7a146155f/clubes_2026/silhuetas/COR/FORMATO.png,15,4.46,Yuri Alberto Monteiro da Silva,19.9,5,12.95,19,yuri-alberto,7,1.24,2.0,2.0,,,,7.0,20.0,12.0,14.0,12.0,,3.0,,,12.0,,,,,
Fernando,Fernando,100695,RBB,280,0,False,https://s3.glbimg.com/v1/AUTH_58d78b787ec34892b5aaa0c7a146155f/clubes_2026/silhuetas/RBB/FORMATO.png,8,5.0,Fernando dos Santos Pedro,0.0,5,6.69,19,fernando,7,0.0,1.0,,,,,7.0,5.0,2.0,1.0,8.0,1.0,2.0,,,2.0,,,,,
Matheus Henrique,M. Henrique,100742,CRU,283,0,True,https://s3.glbimg.com/v1/AUTH_58d78b787ec34892b5aaa0c7a146155f/clubes_2026/silhuetas/CRU/FORMATO.png,18,2.04,Matheus Henrique de Souza,6.0,4,5.6,19,matheus-henrique,7,0.4,,2.0,,,,20.0,11.0,,5.0,18.0,,,,,,1.0,,,,
Tchamba,Tchamba,100804,REM,364,0,False,https://s3.glbimg.com/v1/AUTH_58d78b787ec34892b5aaa0c7a146155f/clubes_2026/silhuetas/REM/FORMATO.png,14,2.08,Duplexe Tchamba Bangou,0.0,3,5.11,19,tchamba,7,0.0,,1.0,,,,15.0,8.0,1.0,3.0,5.0,,,2.0,,1.0,,,,2.0,
Ruan,Ruan,100842,CAM,282,0,True,https://s3.glbimg.com/v1/AUTH_58d78b787ec34892b5aaa0c7a146155f/clubes_2026/silhuetas/CAM/FORMATO.png,16,3.1,Ruan Tressoldi Netto,9.5,3,6.2,19,ruan,7,1.41,,6.0,,,,17.0,15.0,,2.0,14.0,,2.0,,,1.0,,,,2.0,
Luan Cândido,L. Cândido,100848,VIT,287,0,False,https://s3.glbimg.com/v1/AUTH_58d78b787ec34892b5aaa0c7a146155f/clubes_2026/silhuetas/VIT/FORMATO.png,9,4.45,Luan Cândido de Almeida,0.0,2,6.49,19,luan-candido,7,0.0,2.0,1.0,,,,7.0,7.0,2.0,3.0,4.0,,,,,2.0,,,1.0,3.0,
Vitinho,Vitinho,100898,BOT,263,0,False,https://s3.glbimg.com/v1/AUTH_58d78b787ec34892b5aaa0c7a146155f/clubes_2026/silhuetas/BOT/FORMATO.png,14,4.9,Victor Alexander da Silva,0.0,2,9.63,19,vitinho,7,0.0,2.0,3.0,,,,33.0,15.0,,2.0,14.0,1.0,,,,1.0,,,,1.0,
Nonato,Nonato,100987,FLU,266,0,False,https://s3.glbimg.com/v1/AUTH_58d78b787ec34892b5aaa0c7a146155f/clubes_2026/silhuetas/FLU/FORMATO.png,6,2.78,Gustavo Nonato Santana,0.0,4,5.96,19,nonato,6,0.0,1.0,3.0,,,,4.0,7.0,,1.0,4.0,,1.0,,,,,,,,
Júnior Santos,J. Santos,101002,BOT,263,0,False,https://s3.glbimg.com/v1/AUTH_58d78b787ec34892b5aaa0c7a146155f/clubes_2026/silhuetas/BOT/FORMATO.png,8,2.24,José Antonio dos Santos Júnior,0.0,5,4.55,19,junior-santos,5,0.0,,1.0,,,,3.0,4.0,3.0,1.0,7.0,,1.0,,,2.0,,,,,
Alef Manga,A. Manga,101254,REM,364,0,True,https://s3.glbimg.com/v1/AUTH_58d78b787ec34892b5aaa0c7a146155f/clubes_2026/silhuetas/REM/FORMATO.png,19,4.6,Alef Mangueira Severino Pereira,2.4,5,8.01,19,alef-manga,7,-0.45,3.0,1.0,,,,16.0,16.0,8.0,13.0,16.0,,4.0,,,18.0,,1.0,,,
Ferreira,Ferreira,101290,SAO,276,0,True,https://s3.glbimg.com/v1/AUTH_58d78b787ec34892b5aaa0c7a146155f/clubes_2026/silhuetas/SAO/FORMATO.png,14,4.09,Aldemir dos Santos Ferreira,1.3,5,6.81,19,ferreira,7,-0.6,,2.0,,,,8.0,4.0,3.0,8.0,13.0,,4.0,,,,,,,,
Ademir,Ademir,101314,BAH,265,0,True,https://s3.glbimg.com/v1/AUTH_58d78b787ec34892b5aaa0c7a146155f/clubes_2026/silhuetas/BAH/FORMATO.png,18,2.29,Ademir da Silva Santos Júnior,13.2,5,7.04,19,ademir,7,1.46,1.0,2.0,,,,9.0,16.0,5.0,4.0,21.0,,1.0,,,3.0,,,2.0,,
Guga,Guga,101319,FLU,266,0,False,https://s3.glbimg.com/v1/AUTH_58d78b787ec34892b5aaa0c7a146155f/clubes_2026/silhuetas/FLU/FORMATO.png,11,3.27,Cláudio Rodrigues Gomes,0.0,2,6.01,19,guga,7,0.0,2.0,1.0,,,,9.0,6.0,,3.0,6.0,,,,,1.0,,,,2.0,
Bruno Matias,B. Matias,101352,CHA,315,0,True,https://s3.glbimg.com/v1/AUTH_58d78b787ec34892b5aaa0c7a146155f/clubes_2026/silhuetas/CHA/FORMATO.png,1,1.0,Bruno Matias dos Santos,1.0,4,3.11,19,bruno-matias,6,0.11,,,,,,,2.0,,2.0,,,,,,,,,,,
Eduardo Doma,E. Doma,101393,CHA,315,0,True,https://s3.glbimg.com/v1/AUTH_58d78b787ec34892b5aaa0c7a146155f/clubes_2026/silhuetas/CHA/FORMATO.png,16,2.45,Eduardo Vinícius Domachowski,4.3,3,4.44,19,eduardo-doma,7,0.5,,3.0,1.0,,,19.0,13.0,2.0,6.0,3.0,,1.0,,,,1.0,,,1.0,
Wallisson,Wallisson,101405,CFC,294,0,False,https://s3.glbimg.com/v1/AUTH_58d78b787ec34892b5aaa0c7a146155f/clubes_2026/silhuetas/CFC/FORMATO.png,12,2.33,Wallisson Luiz Alves Máximo,0.0,4,4.36,19,wallisson,6,0.0,,3.0,,,,20.0,15.0,,2.0,8.0,,,,,1.0,,,,,
Marcelo Pitaluga,M. Pitaluga,101478,FLU,266,0,False,https://s3.glbimg.com/v1/AUTH_58d78b787ec34892b5aaa0c7a146155f/clubes_2026/silhuetas/FLU/FORMATO.png,0,0.0,Marcelo de Araújo Pitaluga Filho,0.0,1,3.0,19,marcelo-pitaluga,6,0.0,,,,,,,,,,,,,,,,,,,,
Hugo Souza,H. Souza,101574,COR,264,0,True,https://s3.glbimg.com/v1/AUTH_58d78b787ec34892b5aaa0c7a146155f/clubes_2026/silhuetas/COR/FORMATO.png,16,4.07,Hugo de Souza Nogueira,5.0,1,9.37,19,hugo-souza,7,0.58,,1.0,,35.0,1.0,,,,,1.0,,,,16.0,,1.0,,,6.0,
Ramon,Ramon,101597,VIT,287,0,False,https://s3.glbimg.com/v1/AUTH_58d78b787ec34892b5aaa0c7a146155f/clubes_2026/silhuetas/VIT/FORMATO.png,13,5.41,Ramon Ramos Lima,0.0,2,8.73,19,ramon,7,0.0,,2.0,,,,18.0,21.0,2.0,4.0,10.0,,2.0,,,,,,,5.0,
Felipe Jonatan,F. Jonatan,101708,CFC,294,0,True,https://s3.glbimg.com/v1/AUTH_58d78b787ec34892b5aaa0c7a146155f/clubes_2026/silhuetas/CFC/FORMATO.png,12,2.5,Felipe Jonatan Rocha Andrade,1.5,2,4.87,19,felipe-jonatan,6,-0.01,,,,,,10.0,3.0,2.0,2.0,4.0,,,,,1.0,,,,2.0,
Alerrandro,Alerrandro,101715,INT,285,0,True,https://s3.glbimg.com/v1/AUTH_58d78b787ec34892b5aaa0c7a146155f/clubes_2026/silhuetas/INT/FORMATO.png,18,3.79,Alerrandro Barra Mansa Realino de Souza,2.7,5,6.77,19,alerrandro,7,0.34,3.0,1.0,,,,7.0,18.0,7.0,10.0,18.0,,3.0,,,5.0,,,,,
Matheuzinho,Matheuzinho,101727,COR,264,0,True,https://s3.glbimg.com/v1/AUTH_58d78b787ec34892b5aaa0c7a146155f/clubes_2026/silhuetas/COR/FORMATO.png,14,5.5,Matheus França Silva,11.6,2,11.25,19,matheuzinho,7,1.05,1.0,2.0,1.0,,,28.0,18.0,2.0,5.0,9.0,,1.0,1.0,,4.0,,,,5.0,
Fabinho,Fabinho,101729,CFC,294,0,False,https://s3.glbimg.com/v1/AUTH_58d78b787ec34892b5aaa0c7a146155f/clubes_2026/silhuetas/CFC/FORMATO.png,7,-0.03,Fabio Augusto Luciano da Silva,0.0,5,1.43,19,fabinho,5,0.0,,1.0,,,,,4.0,1.0,1.0,,,,,,,,,,,
Oliva,Oliva,101807,SAN,277,0,False,https://s3.glbimg.com/v1/AUTH_58d78b787ec34892b5aaa0c7a146155f/clubes_2026/silhuetas/SAN/FORMATO.png,11,3.44,Christian Gabriel Oliva Giménez,0.0,4,7.03,19,oliva,6,0.0,2.0,,,,,16.0,17.0,1.0,4.0,9.0,,,,,,,,,,
Mayk,Mayk,101820,REM,364,0,True,https://s3.glbimg.com/v1/AUTH_58d78b787ec34892b5aaa0c7a146155f/clubes_2026/silhuetas/REM/FORMATO.png,11,3.05,Mayksilvan da Silva Ferreira,2.0,2,5.92,19,mayk,7,-0.62,,,,,,13.0,2.0,,2.0,6.0,,,,,,,,,2.0,
Willian Machado,W. Machado,101908,MIR,2305,0,False,https://s3.glbimg.com/v1/AUTH_58d78b787ec34892b5aaa0c7a146155f/clubes_2026/silhuetas/MIR/FORMATO.png,14,3.73,Willian Estefani Machado,0.0,3,5.36,19,willian-machado,3,0.0,1.0,2.0,,,,19.0,9.0,2.0,3.0,11.0,,1.0,,,,,,,1.0,
Vitinho,Vitinho,101960,INT,285,0,True,https://s3.glbimg.com/v1/AUTH_58d78b787ec34892b5aaa0c7a146155f/clubes_2026/silhuetas/INT/FORMATO.png,18,4.39,Vitor Hugo Naum dos Santos,2.5,5,7.27,19,vitinho,7,-0.11,3.0,4.0,,,,27.0,25.0,10.0,12.0,29.0,,,,,1.0,1.0,,,,
Brítez,Brítez,101995,VIT,287,0,False,https://s3.glbimg.com/v1/AUTH_58d78b787ec34892b5aaa0c7a146155f/clubes_2026/silhuetas/VIT/FORMATO.png,0,0.0,Emanuel Fermín Brítez,0.0,3,5.0,19,britez,6,0.0,,,,,,,,,,,,,,,,,,,,
Piquerez,Piquerez,102130,PAL,275,0,True,https://s3.glbimg.com/v1/AUTH_58d78b787ec34892b5aaa0c7a146155f/clubes_2026/silhuetas/PAL/FORMATO.png,7,6.58,Joaquín Piquerez Moreira,7.5,2,11.52,19,piquerez,7,0.09,2.0,,,,,10.0,4.0,2.0,3.0,9.0,1.0,,,,,,,,2.0,
Vitor Eudes,V. Eudes,102137,FLU,266,0,False,https://s3.glbimg.com/v1/AUTH_58d78b787ec34892b5aaa0c7a146155f/clubes_2026/silhuetas/FLU/FORMATO.png,0,0.0,Vitor Eudes de Souza Costa,0.0,1,2.0,19,vitor-eudes,6,0.0,,,,,,,,,,,,,,,,,,,,
Rollheiser,Rollheiser,102256,SAN,277,0,False,https://s3.glbimg.com/v1/AUTH_58d78b787ec34892b5aaa0c7a146155f/clubes_2026/silhuetas/SAN/FORMATO.png,13,2.71,Benjamín Rollheiser,0.0,4,5.6,19,rollheiser,7,0.0,,1.0,,,,4.0,8.0,4.0,3.0,3.0,,3.0,,,1.0,,,,,
Matheus Felipe,M. Felipe,102310,REM,364,0,False,https://s3.glbimg.com/v1/AUTH_58d78b787ec34892b5aaa0c7a146155f/clubes_2026/silhuetas/REM/FORMATO.png,0,0.0,Matheus Felipe Santos Nascimento,0.0,3,3.0,19,matheus-felipe,6,0.0,,,,,,,,,,,,,,,,,,,,
Caio Paulista,C. Paulista,102318,GRE,284,0,False,https://s3.glbimg.com/v1/AUTH_58d78b787ec34892b5aaa0c7a146155f/clubes_2026/silhuetas/GRE/FORMATO.png,7,3.43,Caio Fernando de Oliveira,0.0,2,5.62,19,caio-paulista,7,0.0,,,,,,8.0,2.0,,2.0,2.0,,,,,,,,,2.0,
Cacá,Cacá,102340,VIT,287,0,False,https://s3.glbimg.com/v1/AUTH_58d78b787ec34892b5aaa0c7a146155f/clubes_2026/silhuetas/VIT/FORMATO.png,12,3.09,Carlos de Menezes Júnior,0.0,3,6.06,19,caca,7,0.0,,3.0,,,,4.0,5.0,1.0,1.0,3.0,,1.0,,,,1.0,,,5.0,
Gabriel Poveda,G. Poveda,102877,REM,364,0,False,https://s3.glbimg.com/v1/AUTH_58d78b787ec34892b5aaa0c7a146155f/clubes_2026/silhuetas/REM/FORMATO.png,10,0.73,Gabriel Buscariol Poveda,0.0,5,3.01,19,gabriel-poveda,6,0.0,,,,,,3.0,4.0,1.0,1.0,4.0,,,,,,,,,,
Anderson,Anderson,102906,CHA,315,0,False,https://s3.glbimg.com/v1/AUTH_58d78b787ec34892b5aaa0c7a146155f/clubes_2026/silhuetas/CHA/FORMATO.png,6,3.45,Anderson Silva da Paixão,0.0,1,5.87,19,anderson,5,0.0,,,,24.0,,,,,,1.0,,,,11.0,,,,,,
Luan,Luan,102909,SAO,276,0,False,https://s3.glbimg.com/v1/AUTH_58d78b787ec34892b5aaa0c7a146155f/clubes_2026/silhuetas/SAO/FORMATO.png,7,0.96,Luan Vinícius da Silva Santos,0.0,4,2.69,19,luan,6,0.0,,1.0,,,,5.0,2.0,,1.0,,,,,,,,,,,
Zé Ricardo,Z. Ricardo,102911,REM,364,0,True,https://s3.glbimg.com/v1/AUTH_58d78b787ec34892b5aaa0c7a146155f/clubes_2026/silhuetas/REM/FORMATO.png,17,2.39,José Ricardo Araújo Fernandes,0.7,4,4.1,19,ze-ricardo,6,-0.62,,4.0,1.0,,,27.0,25.0,4.0,2.0,17.0,,,,,,,,,,
Canobbio,Canobbio,102928,FLU,266,0,False,https://s3.glbimg.com/v1/AUTH_58d78b787ec34892b5aaa0c7a146155f/clubes_2026/silhuetas/FLU/FORMATO.png,11,7.94,Agustín Canobbio Graviz,0.0,5,12.77,19,canobbio,6,0.0,2.0,3.0,1.0,,,20.0,17.0,6.0,6.0,17.0,2.0,4.0,,,1.0,,,,,
Escobar,Escobar,102975,SAN,277,0,False,https://s3.glbimg.com/v1/AUTH_58d78b787ec34892b5aaa0c7a146155f/clubes_2026/silhuetas/SAN/FORMATO.png,12,6.44,Gonzalo Daniel Escobar,0.0,2,10.22,19,escobar,7,0.0,1.0,5.0,,,,33.0,12.0,1.0,4.0,10.0,1.0,,,,1.0,1.0,,,4.0,
Gabriel Brazão,G. Brazão,103056,SAN,277,0,False,https://s3.glbimg.com/v1/AUTH_58d78b787ec34892b5aaa0c7a146155f/clubes_2026/silhuetas/SAN/FORMATO.png,15,2.62,Gabriel Nascimento Rezende Brazão - Resende,0.0,1,6.33,19,gabriel-brazao,7,0.0,,4.0,,40.0,,,,1.0,,2.0,,,,25.0,,1.0,,,3.0,
Andrew,Andrew,103183,FLA,262,0,False,https://s3.glbimg.com/v1/AUTH_58d78b787ec34892b5aaa0c7a146155f/clubes_2026/silhuetas/FLA/FORMATO.png,0,0.0,Andrew da Silva Ventura,0.0,1,3.0,19,andrew,6,0.0,,,,,,,,,,,,,,,,,,,,
Eric Ramires,E. Ramires,103295,RBB,280,0,False,https://s3.glbimg.com/v1/AUTH_58d78b787ec34892b5aaa0c7a146155f/clubes_2026/silhuetas/RBB/FORMATO.png,11,0.47,Eric dos Santos Rodrigues,0.0,4,2.32,19,eric-ramires,7,0.0,,1.0,,,,3.0,7.0,,1.0,4.0,,,,,,,,1.0,,
Matheus Alexandre,M. Alexandre,103347,REM,364,0,True,https://s3.glbimg.com/v1/AUTH_58d78b787ec34892b5aaa0c7a146155f/clubes_2026/silhuetas/REM/FORMATO.png,8,1.76,Matheus Alexandre Anastácio de Souza,1.5,2,4.19,19,matheus-alexandre,6,-0.48,,,,,,3.0,4.0,,1.0,,,,,,,,,,2.0,
Emmanuel Martínez,E. Martínez,103388,VIT,287,0,False,https://s3.glbimg.com/v1/AUTH_58d78b787ec34892b5aaa0c7a146155f/clubes_2026/silhuetas/VIT/FORMATO.png,13,3.48,Leandro Emmanuel Martínez,0.0,4,6.16,19,emmanuel-martinez,3,0.0,,4.0,,,,26.0,21.0,1.0,3.0,26.0,,,,,1.0,,,,,
Kaio Jorge,K. Jorge,103445,CRU,283,0,True,https://s3.glbimg.com/v1/AUTH_58d78b787ec34892b5aaa0c7a146155f/clubes_2026/silhuetas/CRU/FORMATO.png,13,5.08,Kaio Jorge Pinto Ramos,10.9,5,12.44,19,kaio-jorge,7,0.2,,,,,,3.0,5.0,5.0,14.0,11.0,,5.0,,,6.0,,,1.0,,
Ignácio,Ignácio,103523,FLU,266,0,False,https://s3.glbimg.com/v1/AUTH_58d78b787ec34892b5aaa0c7a146155f/clubes_2026/silhuetas/FLU/FORMATO.png,7,2.23,Ignácio da Silva Oliveira,0.0,3,5.58,19,ignacio,6,0.0,,1.0,,,,7.0,6.0,,3.0,5.0,1.0,,,,,,,,,
Guido Herrera,G. Herrera,103562,BAH,265,0,False,https://s3.glbimg.com/v1/AUTH_58d78b787ec34892b5aaa0c7a146155f/clubes_2026/silhuetas/BAH/FORMATO.png,0,0.0,Guido Gabriel Herrera,0.0,1,6.0,19,guido-herrera,6,0.0,,,,,,,,,,,,,,,,,,,,
Ocampo,Ocampo,103626,CFC,294,0,True,https://s3.glbimg.com/v1/AUTH_58d78b787ec34892b5aaa0c7a146155f/clubes_2026/silhuetas/CFC/FORMATO.png,1,3.1,Brian Alexis Ocampo Ferreira,3.1,5,5.73,19,ocampo,6,0.73,,,,,,1.0,,,2.0,,,,,,,,,,,
Gabriel Menino,G. Menino,103767,SAN,277,0,False,https://s3.glbimg.com/v1/AUTH_58d78b787ec34892b5aaa0c7a146155f/clubes_2026/silhuetas/SAN/FORMATO.png,7,5.24,Gabriel Vinícius Menino,0.0,4,9.21,19,gabriel-menino,6,0.0,,2.0,,,,13.0,5.0,3.0,4.0,12.0,,1.0,,,1.0,,,,,
Bruno Santos,B. Santos,103967,MIR,2305,0,False,https://s3.glbimg.com/v1/AUTH_58d78b787ec34892b5aaa0c7a146155f/clubes_2026/silhuetas/MIR/FORMATO.png,0,0.0,Bruno Santos de Oliveira,0.0,5,4.0,19,bruno-santos,6,0.0,,,,,,,,,,,,,,,,,,,,
Rafael Guanaes,R. Guanaes,104027,MIR,2305,0,False,https://s3.glbimg.com/v1/AUTH_58d78b787ec34892b5aaa0c7a146155f/clubes_2026/silhuetas/MIR/FORMATO.png,16,4.16,Rafael Silva Guanaes,0.0,6,7.04,19,rafael-guanaes,6,0.0,,,,,,,,,,,,,,,,,,,,4.0
Labyad,Labyad,104036,COR,264,0,True,https://s3.glbimg.com/v1/AUTH_58d78b787ec34892b5aaa0c7a146155f/clubes_2026/silhuetas/COR/FORMATO.png,9,2.38,Zakaria Labyad,5.5,4,5.3,19,labyad,6,0.86,2.0,1.0,,,,2.0,3.0,,1.0,3.0,,1.0,,,,,,,,
Sabino,Sabino,104075,SAO,276,0,False,https://s3.glbimg.com/v1/AUTH_58d78b787ec34892b5aaa0c7a146155f/clubes_2026/silhuetas/SAO/FORMATO.png,15,4.05,José Sabino Chagas Monteiro,0.0,3,6.95,19,sabino,6,0.0,,1.0,,,,23.0,22.0,1.0,2.0,10.0,1.0,1.0,,,,,,,3.0,
Carlos Miguel,C. Miguel,104084,PAL,275,0,True,https://s3.glbimg.com/v1/AUTH_58d78b787ec34892b5aaa0c7a146155f/clubes_2026/silhuetas/PAL/FORMATO.png,18,5.11,Carlos Miguel dos Santos Pereira,6.0,1,8.56,19,carlos-miguel,7,-0.3,,3.0,,57.0,,,,,,10.0,,,,14.0,,,,,6.0,
Bruno Fuchs,B. Fuchs,104085,PAL,275,0,False,https://s3.glbimg.com/v1/AUTH_58d78b787ec34892b5aaa0c7a146155f/clubes_2026/silhuetas/PAL/FORMATO.png,7,4.21,Bruno de Lara Fuchs,0.0,3,8.5,19,bruno-fuchs,7,0.0,,,,,,7.0,5.0,,,1.0,,,,,,,,,4.0,
Lucas Arcanjo,L. Arcanjo,104118,VIT,287,0,False,https://s3.glbimg.com/v1/AUTH_58d78b787ec34892b5aaa0c7a146155f/clubes_2026/silhuetas/VIT/FORMATO.png,13,5.99,Lucas Willians Assis Arcanjo,0.0,1,9.99,19,lucas-arcanjo,7,0.0,,1.0,,43.0,2.0,,,,,,,,,15.0,,1.0,,,5.0,
Fabri,Fabri,104134,VIT,287,0,False,https://s3.glbimg.com/v1/AUTH_58d78b787ec34892b5aaa0c7a146155f/clubes_2026/silhuetas/VIT/FORMATO.png,7,2.66,Fabrício do Rosário dos Santos,0.0,5,5.27,19,fabri,6,0.0,1.0,,,,,4.0,3.0,2.0,2.0,3.0,1.0,,,,,,,,,
Raul,Raul,104191,BOT,263,0,False,https://s3.glbimg.com/v1/AUTH_58d78b787ec34892b5aaa0c7a146155f/clubes_2026/silhuetas/BOT/FORMATO.png,7,3.71,Raul Jonas Steffens,0.0,1,5.49,19,raul,6,0.0,,1.0,,30.0,,,,,,2.0,,,,13.0,,,,,,
Edson Carioca,E. Carioca,104204,MIR,2305,0,False,https://s3.glbimg.com/v1/AUTH_58d78b787ec34892b5aaa0c7a146155f/clubes_2026/silhuetas/MIR/FORMATO.png,10,2.08,Edson Guilherme Mendes dos Santos,0.0,5,4.2,19,edson-carioca,6,0.0,,4.0,,,,7.0,12.0,1.0,8.0,5.0,,1.0,,,1.0,,,,,
João Lucas,J. Lucas,104257,REM,364,0,False,https://s3.glbimg.com/v1/AUTH_58d78b787ec34892b5aaa0c7a146155f/clubes_2026/silhuetas/REM/FORMATO.png,6,2.82,João Lucas de Almeida Carvalho,0.0,2,4.59,19,joao-lucas,6,0.0,,3.0,,,,11.0,8.0,1.0,2.0,6.0,,,,,,,,,,
Dudu,Dudu,104330,VIT,287,0,False,https://s3.glbimg.com/v1/AUTH_58d78b787ec34892b5aaa0c7a146155f/clubes_2026/silhuetas/VIT/FORMATO.png,2,3.95,Eduardo Marcelo Rodrigues Nunes,0.0,4,5.01,19,dudu,5,0.0,,,,,,,2.0,,,1.0,,1.0,,,,,,,,
Everton,Everton,104470,CHA,315,0,True,https://s3.glbimg.com/v1/AUTH_58d78b787ec34892b5aaa0c7a146155f/clubes_2026/silhuetas/CHA/FORMATO.png,15,2.01,Everton Souza da Cruz,3.9,2,4.1,19,everton,7,0.5,1.0,4.0,1.0,,,11.0,13.0,2.0,5.0,16.0,,,,,,,,,1.0,
Camilo,Camilo,104519,CHA,315,0,True,https://s3.glbimg.com/v1/AUTH_58d78b787ec34892b5aaa0c7a146155f/clubes_2026/silhuetas/CHA/FORMATO.png,15,3.22,Camilo Reijers de Oliveira,4.5,4,5.39,19,camilo,7,-0.23,,3.0,,,,31.0,24.0,2.0,5.0,11.0,,,,,,,,,,
Fabrício,Fabrício,104588,RBB,280,0,False,https://s3.glbimg.com/v1/AUTH_58d78b787ec34892b5aaa0c7a146155f/clubes_2026/silhuetas/RBB/FORMATO.png,0,0.0,Fabrício Oliveira de Souza,0.0,1,2.0,19,fabricio,6,0.0,,,,,,,,,,,,,,,,,,,,
Moisés,Moisés,104666,SAN,277,0,False,https://s3.glbimg.com/v1/AUTH_58d78b787ec34892b5aaa0c7a146155f/clubes_2026/silhuetas/SAN/FORMATO.png,13,2.35,Moisés Vieira da Veiga,0.0,5,4.78,19,moises,6,0.0,1.0,,,,,2.0,5.0,4.0,,5.0,,2.0,,,,,,1.0,,
Newton,Newton,104693,SAO,276,0,False,https://s3.glbimg.com/v1/AUTH_58d78b787ec34892b5aaa0c7a146155f/clubes_2026/silhuetas/SAO/FORMATO.png,7,1.94,Newton Araújo da Costa Júnior,0.0,4,4.18,19,newton,6,0.0,,2.0,,,,8.0,3.0,1.0,1.0,5.0,,,,,,,,,,
Enzo Díaz,E. Díaz,104758,SAO,276,0,False,https://s3.glbimg.com/v1/AUTH_58d78b787ec34892b5aaa0c7a146155f/clubes_2026/silhuetas/SAO/FORMATO.png,13,3.9,Enzo Hernán Díaz,0.0,2,9.04,19,enzo-diaz,6,0.0,1.0,7.0,,,,28.0,23.0,2.0,3.0,16.0,,,,,2.0,,,,1.0,
Acevedo,Acevedo,104783,BAH,265,0,True,https://s3.glbimg.com/v1/AUTH_58d78b787ec34892b5aaa0c7a146155f/clubes_2026/silhuetas/BAH/FORMATO.png,16,4.63,Nicolás Brian Acevedo Tabárez,3.7,4,7.16,19,acevedo,7,0.61,,6.0,,,,42.0,37.0,6.0,6.0,20.0,2.0,,,,,,,,,
Sebastián Gómez,S. Gómez,104811,CFC,294,0,True,https://s3.glbimg.com/v1/AUTH_58d78b787ec34892b5aaa0c7a146155f/clubes_2026/silhuetas/CFC/FORMATO.png,16,2.57,Sebastián Gómez Londoño,3.2,4,4.34,19,sebastian-gomez,2,0.05,,3.0,,,,22.0,25.0,4.0,6.0,18.0,,,,,,,,,,
Wagner Leonardo,W. Leonardo,104994,GRE,284,0,False,https://s3.glbimg.com/v1/AUTH_58d78b787ec34892b5aaa0c7a146155f/clubes_2026/silhuetas/GRE/FORMATO.png,9,2.78,Wagner Leonardo Calvelo de Souza,0.0,3,5.36,19,wagner-leonardo,6,0.0,,1.0,1.0,,,13.0,10.0,,2.0,2.0,,,,,1.0,,,,2.0,
João Marcelo,J. Marcelo,105047,CRU,283,0,False,https://s3.glbimg.com/v1/AUTH_58d78b787ec34892b5aaa0c7a146155f/clubes_2026/silhuetas/CRU/FORMATO.png,5,1.92,João Marcelo Messias Ferreira,0.0,3,3.81,19,joao-marcelo,6,0.0,,,,,,3.0,3.0,,,2.0,,,,,,,,,1.0,
Jajá,Jajá,105048,REM,364,0,True,https://s3.glbimg.com/v1/AUTH_58d78b787ec34892b5aaa0c7a146155f/clubes_2026/silhuetas/REM/FORMATO.png,15,4.92,Jandir Breno Souza Silva,-0.4,5,5.75,19,jaja,7,-0.91,1.0,1.0,1.0,,,14.0,12.0,7.0,8.0,18.0,,4.0,,,4.0,,,,,
Reinier,Reinier,105068,CAM,282,0,True,https://s3.glbimg.com/v1/AUTH_58d78b787ec34892b5aaa0c7a146155f/clubes_2026/silhuetas/CAM/FORMATO.png,15,2.54,Reinier Jesus Carvalho,0.2,4,3.99,19,reinier,6,-0.53,1.0,1.0,,,,6.0,9.0,8.0,4.0,8.0,1.0,1.0,,,,,,,,
Tetê,Tetê,105089,GRE,284,0,False,https://s3.glbimg.com/v1/AUTH_58d78b787ec34892b5aaa0c7a146155f/clubes_2026/silhuetas/GRE/FORMATO.png,14,3.83,Mateus Cardoso Lemos Martins,0.0,5,9.01,19,tete,7,0.0,,,,,,10.0,5.0,5.0,11.0,13.0,1.0,2.0,,,,,,,,
Villagra,Villagra,105157,INT,285,0,True,https://s3.glbimg.com/v1/AUTH_58d78b787ec34892b5aaa0c7a146155f/clubes_2026/silhuetas/INT/FORMATO.png,14,1.94,Rodrigo Román Villagra,0.1,4,5.01,19,villagra,7,-0.17,,1.0,,,,12.0,18.0,3.0,5.0,16.0,,,,,,,,,,
Khellven,Khellven,105175,PAL,275,0,True,https://s3.glbimg.com/v1/AUTH_58d78b787ec34892b5aaa0c7a146155f/clubes_2026/silhuetas/PAL/FORMATO.png,14,2.75,Khellven Douglas Silva Oliveira,3.2,2,5.38,19,khellven,3,-0.48,,3.0,,,,18.0,15.0,,2.0,7.0,1.0,,1.0,,,1.0,,,3.0,
Sant'Anna,Sant'Anna,105213,RBB,280,0,False,https://s3.glbimg.com/v1/AUTH_58d78b787ec34892b5aaa0c7a146155f/clubes_2026/silhuetas/RBB/FORMATO.png,7,6.23,Ariel Agustín Sant'Anna Quintero,0.0,2,8.88,19,sant-anna,3,0.0,1.0,1.0,,,,7.0,7.0,3.0,1.0,4.0,,,,,2.0,,,,5.0,
Santi Rodríguez,S. Rodríguez,105214,BOT,263,0,False,https://s3.glbimg.com/v1/AUTH_58d78b787ec34892b5aaa0c7a146155f/clubes_2026/silhuetas/BOT/FORMATO.png,9,2.4,Santiago Mariano Rodríguez Molina,0.0,4,6.04,19,santi-rodriguez,6,0.0,,1.0,,,,10.0,8.0,,,14.0,1.0,,,,,,,,,
Ferraresi,Ferraresi,105300,BOT,263,0,False,https://s3.glbimg.com/v1/AUTH_58d78b787ec34892b5aaa0c7a146155f/clubes_2026/silhuetas/BOT/FORMATO.png,14,2.5,Nahuel Adolfo Ferraresi Hernández,0.0,3,5.26,19,ferraresi,3,0.0,,2.0,,,,17.0,14.0,,3.0,7.0,,1.0,1.0,,1.0,,,,1.0,
Carrascal,Carrascal,105436,FLA,262,0,False,https://s3.glbimg.com/v1/AUTH_58d78b787ec34892b5aaa0c7a146155f/clubes_2026/silhuetas/FLA/FORMATO.png,12,4.23,Jorge Andrés Carrascal Guardo,0.0,4,9.1,19,carrascal,3,0.0,1.0,1.0,2.0,,,12.0,8.0,3.0,7.0,12.0,2.0,2.0,,,,,,,,
Renan Peixoto,R. Peixoto,105518,CAP,293,0,False,https://s3.glbimg.com/v1/AUTH_58d78b787ec34892b5aaa0c7a146155f/clubes_2026/silhuetas/CAP/FORMATO.png,7,0.9,Renan Peixoto Nepomuceno,0.0,5,2.73,19,renan-peixoto,6,0.0,,,,,,1.0,3.0,,1.0,4.0,1.0,,,,1.0,,,,,
Matheus Bidu,M. Bidu,105531,COR,264,0,True,https://s3.glbimg.com/v1/AUTH_58d78b787ec34892b5aaa0c7a146155f/clubes_2026/silhuetas/COR/FORMATO.png,15,7.86,Matheus Lima Beltrão Oliveira Valin,9.7,2,13.3,19,matheus-bidu,7,0.47,1.0,4.0,,,,34.0,18.0,1.0,5.0,43.0,,2.0,,,4.0,1.0,,,6.0,
Carlos Vinícius,C. Vinícius,105563,GRE,284,0,False,https://s3.glbimg.com/v1/AUTH_58d78b787ec34892b5aaa0c7a146155f/clubes_2026/silhuetas/GRE/FORMATO.png,17,5.61,Carlos Vinícius Alves Morais,0.0,5,13.93,19,carlos-vinicius,7,0.0,,3.0,,,,5.0,23.0,9.0,6.0,18.0,1.0,9.0,,,16.0,,,,,
Lucas Piton,L. Piton,105584,VAS,267,0,False,https://s3.glbimg.com/v1/AUTH_58d78b787ec34892b5aaa0c7a146155f/clubes_2026/silhuetas/VAS/FORMATO.png,13,2.14,Lucas Piton Crivellaro,0.0,2,5.08,19,lucas-piton,6,0.0,,,,,,13.0,8.0,2.0,3.0,2.0,,,,,1.0,,,,1.0,
Maurício,Maurício,105647,PAL,275,0,True,https://s3.glbimg.com/v1/AUTH_58d78b787ec34892b5aaa0c7a146155f/clubes_2026/silhuetas/PAL/FORMATO.png,16,3.77,Maurício Magalhães Prado,21.4,4,9.28,19,mauricio,2,3.14,1.0,1.0,,,,10.0,13.0,7.0,9.0,12.0,,3.0,,,2.0,,,,,
Edu,Edu,105842,VIT,287,0,False,https://s3.glbimg.com/v1/AUTH_58d78b787ec34892b5aaa0c7a146155f/clubes_2026/silhuetas/VIT/FORMATO.png,1,1.5,Lucas Eduardo Ribeiro de Souza,0.0,3,4.13,19,edu,5,0.0,,,,,,1.0,,,,,,,,,,,,,,
Edson Fernando,E. Fernando,105901,REM,364,0,False,https://s3.glbimg.com/v1/AUTH_58d78b787ec34892b5aaa0c7a146155f/clubes_2026/silhuetas/REM/FORMATO.png,0,0.0,Edson Fernando da Silva Gomes,0.0,4,3.0,19,edson-fernando,6,0.0,,,,,,,,,,,,,,,,,,,,
Aldo Filho,A. Filho,105903,MIR,2305,0,False,https://s3.glbimg.com/v1/AUTH_58d78b787ec34892b5aaa0c7a146155f/clubes_2026/silhuetas/MIR/FORMATO.png,14,2.26,José Aldo Soares de Oliveira Filho,0.0,4,4.17,19,aldo-filho,6,0.0,1.0,7.0,,,,18.0,19.0,3.0,6.0,8.0,,,,,1.0,,,,,
Rochet,Rochet,105949,INT,285,0,False,https://s3.glbimg.com/v1/AUTH_58d78b787ec34892b5aaa0c7a146155f/clubes_2026/silhuetas/INT/FORMATO.png,11,3.33,Sergio Ramón Rochet Álvarez,0.0,1,6.28,19,rochet,5,0.0,,1.0,,22.0,,3.0,,,,1.0,,,,11.0,,,,,3.0,
Santiago Mingo,S. Mingo,105990,BAH,265,0,True,https://s3.glbimg.com/v1/AUTH_58d78b787ec34892b5aaa0c7a146155f/clubes_2026/silhuetas/BAH/FORMATO.png,16,1.89,Santiago Martín Ramos Mingo,0.8,3,4.2,19,santiago-mingo,2,-0.78,,3.0,,,,5.0,10.0,3.0,1.0,11.0,1.0,,1.0,,1.0,1.0,,,4.0,
Coronel,Coronel,106028,SAO,276,0,False,https://s3.glbimg.com/v1/AUTH_58d78b787ec34892b5aaa0c7a146155f/clubes_2026/silhuetas/SAO/FORMATO.png,0,0.0,Carlos Miguel Coronel,0.0,1,5.0,19,coronel,6,0.0,,,,,,,,,,,,,,,,,,,,
Enamorado,Enamorado,106104,GRE,284,0,False,https://s3.glbimg.com/v1/AUTH_58d78b787ec34892b5aaa0c7a146155f/clubes_2026/silhuetas/GRE/FORMATO.png,17,3.5,José David Enamorado Gómez,0.0,5,6.81,19,enamorado,6,0.0,2.0,3.0,,,,21.0,15.0,3.0,8.0,25.0,1.0,,,,2.0,,,,,
Gabriel Pec,G. Pec,106199,CRU,283,0,True,https://s3.glbimg.com/v1/AUTH_58d78b787ec34892b5aaa0c7a146155f/clubes_2026/silhuetas/CRU/FORMATO.png,1,4.1,Gabriel Fortes Chaves,4.1,5,7.94,19,gabriel-pec,5,0.94,,,,,,1.0,1.0,1.0,1.0,2.0,,,,,1.0,,,,,
Bruno Gomes,B. Gomes,106202,INT,285,0,True,https://s3.glbimg.com/v1/AUTH_58d78b787ec34892b5aaa0c7a146155f/clubes_2026/silhuetas/INT/FORMATO.png,19,3.46,Bruno Gomes da Silva Clevelário,0.1,4,6.24,19,bruno-gomes,7,-0.59,,2.0,,,,33.0,20.0,1.0,5.0,32.0,1.0,,,,,,,,,
Marcos Antônio,M. Antônio,106294,SAO,276,0,True,https://s3.glbimg.com/v1/AUTH_58d78b787ec34892b5aaa0c7a146155f/clubes_2026/silhuetas/SAO/FORMATO.png,13,2.68,Marcos Antônio Silva Santos,3.6,4,6.58,19,marcos-antonio,6,0.44,2.0,1.0,,,,12.0,11.0,2.0,4.0,11.0,,,,,1.0,,,,,
Preciado,Preciado,106302,CAM,282,0,False,https://s3.glbimg.com/v1/AUTH_58d78b787ec34892b5aaa0c7a146155f/clubes_2026/silhuetas/CAM/FORMATO.png,7,4.0,Ángelo Smit Preciado Quiñónez,0.0,2,7.2,19,preciado,6,0.0,,1.0,,,,9.0,8.0,,3.0,11.0,,,,,,,,,2.0,
Caio Alexandre,C. Alexandre,106323,BAH,265,0,False,https://s3.glbimg.com/v1/AUTH_58d78b787ec34892b5aaa0c7a146155f/clubes_2026/silhuetas/BAH/FORMATO.png,11,1.19,Caio Alexandre Souza e Silva,0.0,4,3.97,19,caio-alexandre,5,0.0,,1.0,,,,7.0,12.0,,1.0,13.0,,,,,,,,,,
Eduardo Santos,E. Santos,106434,RBB,280,0,False,https://s3.glbimg.com/v1/AUTH_58d78b787ec34892b5aaa0c7a146155f/clubes_2026/silhuetas/RBB/FORMATO.png,3,1.4,Eduardo Gonzaga Mendes Santos,0.0,3,4.6,19,eduardo-santos,6,0.0,,,,,,1.0,1.0,,,,1.0,,,,,,,,,
Villalba,Villalba,106593,CRU,283,0,False,https://s3.glbimg.com/v1/AUTH_58d78b787ec34892b5aaa0c7a146155f/clubes_2026/silhuetas/CRU/FORMATO.png,9,2.21,Lucas Hernán Villalba,0.0,3,6.65,19,villalba,6,0.0,,1.0,,,,7.0,11.0,1.0,2.0,4.0,,,,,1.0,1.0,,,2.0,
Igor Formiga,I. Formiga,106708,MIR,2305,0,False,https://s3.glbimg.com/v1/AUTH_58d78b787ec34892b5aaa0c7a146155f/clubes_2026/silhuetas/MIR/FORMATO.png,13,4.52,Igor Marques Paciência Cardoso,0.0,2,7.89,19,igor-formiga,6,0.0,,,,,,26.0,21.0,1.0,8.0,5.0,,2.0,,,,,,,,
Rodrigo Nestor,R. Nestor,106822,BAH,265,0,True,https://s3.glbimg.com/v1/AUTH_58d78b787ec34892b5aaa0c7a146155f/clubes_2026/silhuetas/BAH/FORMATO.png,11,2.34,Rodrigo Nestor Bertalia,14.1,4,6.33,19,rodrigo-nestor,7,1.83,1.0,3.0,,,,9.0,11.0,2.0,12.0,3.0,,,,,,,,,,
Rafael Lacerda,R. Lacerda,106907,CHA,315,0,True,https://s3.glbimg.com/v1/AUTH_58d78b787ec34892b5aaa0c7a146155f/clubes_2026/silhuetas/CHA/FORMATO.png,1,3.52,Rafael dos Santos Lacerda,3.52,6,7.99,19,rafael-lacerda,7,0.68,,,,,,,,,,,,,,,,,,,,
Yuri Sena,Y. Sena,107075,VIT,287,0,False,https://s3.glbimg.com/v1/AUTH_58d78b787ec34892b5aaa0c7a146155f/clubes_2026/silhuetas/VIT/FORMATO.png,0,0.0,Yuri Sena dos Reis Batista,0.0,1,1.0,19,yuri-sena,6,0.0,,,,,,,,,,,,,,,,,,,,
Luciano Juba,L. Juba,107093,BAH,265,0,False,https://s3.glbimg.com/v1/AUTH_58d78b787ec34892b5aaa0c7a146155f/clubes_2026/silhuetas/BAH/FORMATO.png,15,7.73,Luciano Batista da Silva Júnior,0.0,2,11.65,19,luciano-juba,7,0.0,1.0,2.0,,,,16.0,12.0,5.0,7.0,12.0,1.0,7.0,,,,,1.0,,4.0,
Michel Araújo,M. Araújo,107173,BAH,265,0,False,https://s3.glbimg.com/v1/AUTH_58d78b787ec34892b5aaa0c7a146155f/clubes_2026/silhuetas/BAH/FORMATO.png,12,0.91,Michel Daryl Araújo Villar,0.0,4,2.93,19,michel-araujo,6,0.0,,,1.0,,,7.0,8.0,1.0,3.0,5.0,,,,,3.0,,,,,
Matheus Donelli,M. Donelli,107179,COR,264,0,False,https://s3.glbimg.com/v1/AUTH_58d78b787ec34892b5aaa0c7a146155f/clubes_2026/silhuetas/COR/FORMATO.png,0,0.0,Matheus Planelles Donelli,0.0,1,3.0,19,matheus-donelli,6,0.0,,,,,,,,,,,,,,,,,,,,
Léo Linck,L. Linck,107183,BOT,263,0,False,https://s3.glbimg.com/v1/AUTH_58d78b787ec34892b5aaa0c7a146155f/clubes_2026/silhuetas/BOT/FORMATO.png,0,0.0,Leonardo Matias Baiersdorf Linck,0.0,1,6.0,19,leo-linck,7,0.0,,,,,,,,,,,,,,,,,,,,
Max,Max,107203,CHA,315,0,False,https://s3.glbimg.com/v1/AUTH_58d78b787ec34892b5aaa0c7a146155f/clubes_2026/silhuetas/CHA/FORMATO.png,0,0.0,Max Alves da Silva,0.0,4,4.0,19,max,5,0.0,,,,,,,,,,,,,,,,,,,,
Danilo,Danilo,107231,BOT,263,0,False,https://s3.glbimg.com/v1/AUTH_58d78b787ec34892b5aaa0c7a146155f/clubes_2026/silhuetas/BOT/FORMATO.png,12,9.08,Danilo dos Santos de Oliveira,0.0,4,15.14,19,danilo,6,0.0,2.0,1.0,,,,19.0,8.0,5.0,8.0,5.0,1.0,7.0,,,,,,,,
Vanderlan,Vanderlan,107236,RBB,280,0,False,https://s3.glbimg.com/v1/AUTH_58d78b787ec34892b5aaa0c7a146155f/clubes_2026/silhuetas/RBB/FORMATO.png,1,-0.3,Vanderlan Barbosa da Silva,0.0,2,4.41,19,vanderlan,5,0.0,,1.0,,,,,1.0,,,,,,,,,,,,,
Zé Vitor,Z. Vitor,107256,VIT,287,0,False,https://s3.glbimg.com/v1/AUTH_58d78b787ec34892b5aaa0c7a146155f/clubes_2026/silhuetas/VIT/FORMATO.png,9,4.07,Jose Vitor Silva Neves,0.0,4,6.35,19,ze-vitor,7,0.0,,3.0,,,,16.0,20.0,1.0,8.0,14.0,,1.0,,,,1.0,,,,
João Paulo,J. Paulo,107453,CHA,315,0,False,https://s3.glbimg.com/v1/AUTH_58d78b787ec34892b5aaa0c7a146155f/clubes_2026/silhuetas/CHA/FORMATO.png,6,3.3,João Paulo Silveira dos Santos,0.0,3,4.8,19,joao-paulo,5,0.0,1.0,2.0,,,,6.0,11.0,,2.0,3.0,,1.0,,,,,,,,
Ênio,Ênio,107516,CHA,315,0,True,https://s3.glbimg.com/v1/AUTH_58d78b787ec34892b5aaa0c7a146155f/clubes_2026/silhuetas/CHA/FORMATO.png,10,3.44,Sebastião Ênio Santos de Almeida,1.8,5,5.45,19,enio,6,-0.16,,2.0,,,,4.0,7.0,4.0,5.0,26.0,1.0,1.0,,,3.0,,,,,
Natanael,Natanael,107554,CAM,282,0,True,https://s3.glbimg.com/v1/AUTH_58d78b787ec34892b5aaa0c7a146155f/clubes_2026/silhuetas/CAM/FORMATO.png,12,5.07,Natanael Moreira Milouski,4.2,2,8.79,19,natanael,7,-0.54,2.0,,1.0,,,21.0,13.0,2.0,4.0,22.0,,,,,4.0,,,,2.0,
Eduardo Melo,E. Melo,107700,REM,364,0,False,https://s3.glbimg.com/v1/AUTH_58d78b787ec34892b5aaa0c7a146155f/clubes_2026/silhuetas/REM/FORMATO.png,1,1.4,Eduardo de Queiroz Melo,0.0,5,2.13,19,eduardo-melo,6,0.0,,,,,,1.0,,,,,,,,,1.0,,,,,
Praxedes,Praxedes,107744,RBB,280,0,False,https://s3.glbimg.com/v1/AUTH_58d78b787ec34892b5aaa0c7a146155f/clubes_2026/silhuetas/RBB/FORMATO.png,0,0.0,Bruno Conceição Praxedes,0.0,4,4.0,19,praxedes,6,0.0,,,,,,,,,,,,,,,,,,,,
Fintelman,Fintelman,107859,VIT,287,0,False,https://s3.glbimg.com/v1/AUTH_58d78b787ec34892b5aaa0c7a146155f/clubes_2026/silhuetas/VIT/FORMATO.png,0,0.0,Alexandre Fintelman de Mello Ribeiro da Silva,0.0,1,2.0,19,fintelman,6,0.0,,,,,,,,,,,,,,,,,,,,
Bobadilla,Bobadilla,107873,SAO,276,0,True,https://s3.glbimg.com/v1/AUTH_58d78b787ec34892b5aaa0c7a146155f/clubes_2026/silhuetas/SAO/FORMATO.png,15,4.12,Damián Josué Bobadilla Benítez,1.2,4,8.22,19,bobadilla,7,-0.93,2.0,3.0,,,,31.0,20.0,5.0,3.0,6.0,1.0,,,,1.0,,,,,
Hugo,Hugo,107908,COR,264,0,False,https://s3.glbimg.com/v1/AUTH_58d78b787ec34892b5aaa0c7a146155f/clubes_2026/silhuetas/COR/FORMATO.png,0,0.0,Hugo Ferreira de Farias,0.0,2,4.0,19,hugo,5,0.0,,,,,,,,,,,,,,,,,,,,
Terán,Terán,107985,CAP,293,0,True,https://s3.glbimg.com/v1/AUTH_58d78b787ec34892b5aaa0c7a146155f/clubes_2026/silhuetas/CAP/FORMATO.png,11,3.32,Carlos Terán Díaz,1.5,3,5.37,19,teran,7,-0.51,,,,,,11.0,9.0,3.0,2.0,5.0,,,,,,,,,3.0,
Carbonero,Carbonero,107989,INT,285,0,True,https://s3.glbimg.com/v1/AUTH_58d78b787ec34892b5aaa0c7a146155f/clubes_2026/silhuetas/INT/FORMATO.png,18,5.44,Johan Stiven Carbonero Balanta,10.8,5,9.84,19,carbonero,7,1.31,3.0,3.0,,,,7.0,19.0,10.0,16.0,34.0,,5.0,,,8.0,,,,,
Garcez,Garcez,108131,CHA,315,0,False,https://s3.glbimg.com/v1/AUTH_58d78b787ec34892b5aaa0c7a146155f/clubes_2026/silhuetas/CHA/FORMATO.png,8,1.22,Maurício Garcez de Jesus,0.0,5,3.12,19,garcez,5,0.0,,,,,,2.0,6.0,1.0,5.0,7.0,,,,,1.0,,,,,
Isidro Pitta,I. Pitta,108133,RBB,280,0,False,https://s3.glbimg.com/v1/AUTH_58d78b787ec34892b5aaa0c7a146155f/clubes_2026/silhuetas/RBB/FORMATO.png,17,4.2,Isidro Miguel Pitta Saldívar,0.0,5,6.22,19,isidro-pitta,6,0.0,2.0,2.0,,,,2.0,19.0,6.0,22.0,10.0,,5.0,,,8.0,,1.0,1.0,,
Nardoni,Nardoni,108162,GRE,284,0,False,https://s3.glbimg.com/v1/AUTH_58d78b787ec34892b5aaa0c7a146155f/clubes_2026/silhuetas/GRE/FORMATO.png,11,2.04,Juan Ignacio Martín Nardoni,0.0,4,6.42,19,nardoni,7,0.0,,1.0,,,,8.0,13.0,,3.0,10.0,,1.0,,,1.0,,,,,
Adonis Frías,A. Frías,108469,SAN,277,0,False,https://s3.glbimg.com/v1/AUTH_58d78b787ec34892b5aaa0c7a146155f/clubes_2026/silhuetas/SAN/FORMATO.png,7,3.59,Adonis Uriel Frías,0.0,3,5.66,19,adonis-frias,6,0.0,,1.0,,,,7.0,3.0,1.0,1.0,3.0,,1.0,,,,,,,1.0,
Tapia,Tapia,108588,SAO,276,0,False,https://s3.glbimg.com/v1/AUTH_58d78b787ec34892b5aaa0c7a146155f/clubes_2026/silhuetas/SAO/FORMATO.png,11,1.46,Gonzalo Andrés Tapia Dubournais,0.0,5,4.06,19,tapia,6,0.0,,1.0,,,,4.0,6.0,1.0,6.0,6.0,1.0,,,,1.0,,,1.0,,
Emiliano Martínez,E. Martínez,108683,PAL,275,0,True,https://s3.glbimg.com/v1/AUTH_58d78b787ec34892b5aaa0c7a146155f/clubes_2026/silhuetas/PAL/FORMATO.png,7,1.95,Emiliano Martínez Toranza,1.5,4,4.16,19,emiliano-martinez,6,-0.48,,1.0,,,,8.0,1.0,1.0,1.0,2.0,,,,,,,,,,
Galeano,Galeano,108713,MIR,2305,0,False,https://s3.glbimg.com/v1/AUTH_58d78b787ec34892b5aaa0c7a146155f/clubes_2026/silhuetas/MIR/FORMATO.png,10,1.19,Antonio Javier Galeano Ferreira,0.0,5,4.42,19,galeano,6,0.0,,1.0,,,,3.0,2.0,4.0,1.0,7.0,,,,,1.0,,,,,
Victor Sá,V. Sá,108946,SAO,276,0,True,https://s3.glbimg.com/v1/AUTH_58d78b787ec34892b5aaa0c7a146155f/clubes_2026/silhuetas/SAO/FORMATO.png,1,-0.6,João Victor Santos Sá,-0.6,5,5.2,19,victor-sa,6,-0.8,,,,,,,2.0,,,,,,,,,,,,,
Plata,Plata,109096,FLA,262,0,True,https://s3.glbimg.com/v1/AUTH_58d78b787ec34892b5aaa0c7a146155f/clubes_2026/silhuetas/FLA/FORMATO.png,10,7.01,Gonzalo Jordy Plata Jiménez,3.5,5,10.96,19,plata,6,-0.04,1.0,1.0,,,,17.0,6.0,10.0,3.0,12.0,2.0,2.0,,,,,,,,
Jovane Cabral,J. Cabral,109097,GRE,284,0,False,https://s3.glbimg.com/v1/AUTH_58d78b787ec34892b5aaa0c7a146155f/clubes_2026/silhuetas/GRE/FORMATO.png,0,0.0,Jovane Eduardo Borges Cabral,0.0,5,7.0,19,jovane-cabral,6,0.0,,,,,,,,,,,,,,,,,,,,
Matheus Nascimento,M. Nascimento,109114,GRE,284,0,False,https://s3.glbimg.com/v1/AUTH_58d78b787ec34892b5aaa0c7a146155f/clubes_2026/silhuetas/GRE/FORMATO.png,0,0.0,Matheus Nascimento de Paula,0.0,5,4.0,19,matheus-nascimento,6,0.0,,,,,,,,,,,,,,,,,,,,
Tiago Cóser,T. Cóser,109127,CFC,294,0,True,https://s3.glbimg.com/v1/AUTH_58d78b787ec34892b5aaa0c7a146155f/clubes_2026/silhuetas/CFC/FORMATO.png,16,2.23,Tiago Cóser,0.2,3,3.1,19,tiago-coser,7,-0.18,,1.0,1.0,,,6.0,17.0,,1.0,4.0,,1.0,,,,,,,5.0,
Rafael Carvalheira,R. Carvalheira,109336,CHA,315,0,False,https://s3.glbimg.com/v1/AUTH_58d78b787ec34892b5aaa0c7a146155f/clubes_2026/silhuetas/CHA/FORMATO.png,14,2.72,Rafael dos Santos Carvalheira Natividade,0.0,4,5.7,19,rafael-carvalheira,5,0.0,,2.0,,,,15.0,19.0,2.0,5.0,4.0,,2.0,,,1.0,1.0,,,,
Erick Pulga,E. Pulga,109401,BAH,265,0,True,https://s3.glbimg.com/v1/AUTH_58d78b787ec34892b5aaa0c7a146155f/clubes_2026/silhuetas/BAH/FORMATO.png,18,3.91,Erick da Costa Farias,1.4,5,7.37,19,erick-pulga,7,-0.18,1.0,2.0,,,,20.0,18.0,9.0,3.0,37.0,1.0,1.0,,,10.0,1.0,,2.0,,
Martinelli,Martinelli,109573,FLU,266,0,False,https://s3.glbimg.com/v1/AUTH_58d78b787ec34892b5aaa0c7a146155f/clubes_2026/silhuetas/FLU/FORMATO.png,12,1.95,Matheus Martinelli Lima,0.0,4,5.53,19,martinelli,7,0.0,1.0,3.0,,,,9.0,19.0,4.0,6.0,8.0,,,,,,,,,,
Monsalve,Monsalve,109966,GRE,284,0,False,https://s3.glbimg.com/v1/AUTH_58d78b787ec34892b5aaa0c7a146155f/clubes_2026/silhuetas/GRE/FORMATO.png,7,0.64,Miguel Ángel Monsalve Gonzáles - González,0.0,4,3.12,19,monsalve,6,0.0,,1.0,,,,1.0,7.0,,2.0,9.0,,,,,,,,,,
Medina,Medina,109987,BOT,263,0,False,https://s3.glbimg.com/v1/AUTH_58d78b787ec34892b5aaa0c7a146155f/clubes_2026/silhuetas/BOT/FORMATO.png,10,4.13,Cristian Nicolás Medina,0.0,4,7.74,19,medina,7,0.0,,3.0,1.0,,,19.0,12.0,1.0,4.0,18.0,,1.0,,,,,,1.0,,
Spinelli,Spinelli,110144,VAS,267,0,False,https://s3.glbimg.com/v1/AUTH_58d78b787ec34892b5aaa0c7a146155f/clubes_2026/silhuetas/VAS/FORMATO.png,12,3.16,Claudio Paul Spinelli,0.0,5,6.18,19,spinelli,7,0.0,,,,,,7.0,13.0,7.0,10.0,8.0,1.0,1.0,,,,,,,,
Bernabei,Bernabei,110426,INT,285,0,True,https://s3.glbimg.com/v1/AUTH_58d78b787ec34892b5aaa0c7a146155f/clubes_2026/silhuetas/INT/FORMATO.png,16,6.42,Alexandro Ezequiel Bernabei,3.1,2,9.84,19,bernabei,6,0.18,1.0,5.0,1.0,,,20.0,38.0,8.0,19.0,18.0,1.0,4.0,,,6.0,1.0,,,4.0,
Abel Ferreira,A. Ferreira,110506,PAL,275,0,True,https://s3.glbimg.com/v1/AUTH_58d78b787ec34892b5aaa0c7a146155f/clubes_2026/silhuetas/PAL/FORMATO.png,19,6.57,Abel Fernando Moreira Ferreira,7.74,6,12.27,19,abel-ferreira,7,0.05,,,,,,,,,,,,,,,,,,,,13.0
Aguirre,Aguirre,110510,INT,285,0,True,https://s3.glbimg.com/v1/AUTH_58d78b787ec34892b5aaa0c7a146155f/clubes_2026/silhuetas/INT/FORMATO.png,13,3.6,Braian Nahuel Aguirre,1.5,2,5.4,19,aguirre,6,-0.88,1.0,1.0,,,,14.0,9.0,2.0,4.0,2.0,,1.0,,,,,,,2.0,
Marino Hinestroza,M. Hinestroza,110598,VAS,267,0,False,https://s3.glbimg.com/v1/AUTH_58d78b787ec34892b5aaa0c7a146155f/clubes_2026/silhuetas/VAS/FORMATO.png,8,1.93,Marino Hinestroza Angulo,0.0,5,5.76,19,marino-hinestroza,6,0.0,,,,,,5.0,5.0,,3.0,8.0,1.0,,,,,,,,,
Vinícius Balieiro,V. Balieiro,110605,CHA,315,0,True,https://s3.glbimg.com/v1/AUTH_58d78b787ec34892b5aaa0c7a146155f/clubes_2026/silhuetas/CHA/FORMATO.png,4,2.3,Vinícius Balieiro Lourenço de Carvalho,4.2,4,4.43,19,vinicius-balieiro,7,0.48,,,,,,5.0,1.0,,,4.0,,,,,,,,,,
Gustavo,Gustavo,110633,CFC,294,0,False,https://s3.glbimg.com/v1/AUTH_58d78b787ec34892b5aaa0c7a146155f/clubes_2026/silhuetas/CFC/FORMATO.png,4,0.9,Gustavo Silva de Oliveira,0.0,4,3.3,19,gustavo,6,0.0,,,,,,1.0,,,2.0,1.0,,,,,,,,,,
Esquivel,Esquivel,110668,CAP,293,0,True,https://s3.glbimg.com/v1/AUTH_58d78b787ec34892b5aaa0c7a146155f/clubes_2026/silhuetas/CAP/FORMATO.png,13,4.67,Lucas Ángel Esquivel,4.7,2,7.33,19,esquivel,7,-0.18,3.0,1.0,1.0,,,17.0,24.0,1.0,6.0,11.0,,,,,,,,,4.0,
Mycael,Mycael,110698,CAP,293,0,False,https://s3.glbimg.com/v1/AUTH_58d78b787ec34892b5aaa0c7a146155f/clubes_2026/silhuetas/CAP/FORMATO.png,0,-1.0,Mycael Pontes Moreira,0.0,1,4.6,19,mycael,5,0.0,,1.0,,,,,,,,,,,,,,,,,,
Pedro Rangel,P. Rangel,110708,CFC,294,0,True,https://s3.glbimg.com/v1/AUTH_58d78b787ec34892b5aaa0c7a146155f/clubes_2026/silhuetas/CFC/FORMATO.png,16,4.41,Pedro Felipe de Faria Rangel,0.9,1,6.24,19,pedro-rangel,7,-0.77,,1.0,,50.0,,1.0,,,,4.0,,,,22.0,,,,,5.0,
Andrés Hurtado,A. Hurtado,110715,RBB,280,0,False,https://s3.glbimg.com/v1/AUTH_58d78b787ec34892b5aaa0c7a146155f/clubes_2026/silhuetas/RBB/FORMATO.png,12,3.45,José Andrés Hurtado Cheme,0.0,2,5.62,19,andres-hurtado,7,0.0,,2.0,,,,9.0,8.0,1.0,7.0,5.0,,1.0,,,,,,,3.0,
Gustavo Marques,G. Marques,110750,RBB,280,0,False,https://s3.glbimg.com/v1/AUTH_58d78b787ec34892b5aaa0c7a146155f/clubes_2026/silhuetas/RBB/FORMATO.png,16,4.33,Gustavo Marques Alves dos Santos,0.0,3,6.8,19,gustavo-marques,7,0.0,,2.0,,,,20.0,12.0,4.0,6.0,11.0,,,,,1.0,,,,6.0,
John Kennedy,J. Kennedy,110759,FLU,266,0,False,https://s3.glbimg.com/v1/AUTH_58d78b787ec34892b5aaa0c7a146155f/clubes_2026/silhuetas/FLU/FORMATO.png,17,7.3,John Kennedy Batista de Souza,0.0,5,10.92,19,john-kennedy,3,0.0,1.0,,,,,13.0,19.0,16.0,9.0,8.0,1.0,9.0,,,2.0,,,,,
Alix Vinicius,A. Vinicius,111246,RBB,280,0,False,https://s3.glbimg.com/v1/AUTH_58d78b787ec34892b5aaa0c7a146155f/clubes_2026/silhuetas/RBB/FORMATO.png,15,2.9,Alix Vinicius de Souza Sampaio,0.0,3,5.18,19,alix-vinicius,7,0.0,,4.0,1.0,,,14.0,28.0,2.0,3.0,6.0,,,,,,,,,6.0,
Mancha,Mancha,111279,CHA,315,0,False,https://s3.glbimg.com/v1/AUTH_58d78b787ec34892b5aaa0c7a146155f/clubes_2026/silhuetas/CHA/FORMATO.png,0,0.0,Gianluca Piola Minozzo,0.0,2,3.0,19,mancha,6,0.0,,,,,,,,,,,,,,,,,,,,
Gustavo Martins,G. Martins,111309,GRE,284,0,False,https://s3.glbimg.com/v1/AUTH_58d78b787ec34892b5aaa0c7a146155f/clubes_2026/silhuetas/GRE/FORMATO.png,11,3.25,Gustavo Martins de Souza Santos,0.0,3,6.29,19,gustavo-martins,7,0.0,2.0,3.0,,,,8.0,13.0,1.0,5.0,3.0,,,,,1.0,1.0,,,3.0,
Victor Gabriel,V. Gabriel,111466,INT,285,0,True,https://s3.glbimg.com/v1/AUTH_58d78b787ec34892b5aaa0c7a146155f/clubes_2026/silhuetas/INT/FORMATO.png,16,2.16,Victor Gabriel da Conceição Ribeiro,-3.6,3,3.51,19,victor-gabriel,3,-0.88,,6.0,1.0,,,20.0,22.0,,2.0,9.0,,,,,,1.0,,,3.0,
Adson,Adson,111682,VAS,267,0,False,https://s3.glbimg.com/v1/AUTH_58d78b787ec34892b5aaa0c7a146155f/clubes_2026/silhuetas/VAS/FORMATO.png,8,3.51,Adson Ferreira Soares,0.0,4,6.45,19,adson,7,0.0,,,,,,10.0,4.0,5.0,6.0,7.0,,,,,,,,,,
Anthoni,Anthoni,111683,INT,285,0,True,https://s3.glbimg.com/v1/AUTH_58d78b787ec34892b5aaa0c7a146155f/clubes_2026/silhuetas/INT/FORMATO.png,8,2.96,Anthoni Spier Souza,0.6,1,4.25,19,anthoni,7,-0.49,,,,24.0,,,,,,1.0,,,,13.0,,,,,1.0,
Matheus Cunha,M. Cunha,111690,INT,285,0,False,https://s3.glbimg.com/v1/AUTH_58d78b787ec34892b5aaa0c7a146155f/clubes_2026/silhuetas/INT/FORMATO.png,9,3.23,Matheus Cunha Queiroz,0.0,1,4.64,19,matheus-cunha,6,0.0,1.0,1.0,,12.0,,,,,,1.0,,,,11.0,,,,,4.0,
Fabinho,Fabinho,111760,RBB,280,0,False,https://s3.glbimg.com/v1/AUTH_58d78b787ec34892b5aaa0c7a146155f/clubes_2026/silhuetas/RBB/FORMATO.png,5,-0.08,Fábio Silva de Freitas,0.0,4,2.04,19,fabinho,3,0.0,,,1.0,,,2.0,8.0,,,4.0,,,,,,,,,,
Kayky,Kayky,111829,INT,285,0,False,https://s3.glbimg.com/v1/AUTH_58d78b787ec34892b5aaa0c7a146155f/clubes_2026/silhuetas/INT/FORMATO.png,6,1.27,Kayky da Silva Chagas,0.0,5,3.63,19,kayky,5,0.0,,,,,,2.0,,3.0,,2.0,,,,,,,,,,
Matheus Martins,M. Martins,111831,BOT,263,0,False,https://s3.glbimg.com/v1/AUTH_58d78b787ec34892b5aaa0c7a146155f/clubes_2026/silhuetas/BOT/FORMATO.png,14,4.88,Matheus Martins Silva dos Santos,0.0,5,7.2,19,matheus-martins,7,0.0,,1.0,,,,10.0,7.0,9.0,5.0,13.0,1.0,4.0,,,,,,,,
Jefté,Jefté,111832,PAL,275,0,False,https://s3.glbimg.com/v1/AUTH_58d78b787ec34892b5aaa0c7a146155f/clubes_2026/silhuetas/PAL/FORMATO.png,7,2.47,Jefté Vital da Silva Dias,0.0,2,4.16,19,jefte,5,0.0,1.0,1.0,,,,3.0,5.0,,,1.0,,,,,2.0,,,,2.0,
Mateus Silva,M. Silva,111879,VIT,287,0,False,https://s3.glbimg.com/v1/AUTH_58d78b787ec34892b5aaa0c7a146155f/clubes_2026/silhuetas/VIT/FORMATO.png,2,4.85,Mateus da Silva Duarte,0.0,2,4.95,19,mateus-silva,6,0.0,,,,,,2.0,2.0,,1.0,3.0,,,,,,,,,1.0,
Felipinho,Felipinho,112017,CAP,293,0,False,https://s3.glbimg.com/v1/AUTH_58d78b787ec34892b5aaa0c7a146155f/clubes_2026/silhuetas/CAP/FORMATO.png,7,3.17,Antonio Feliphe Costa Silva,0.0,4,5.57,19,felipinho,5,0.0,,2.0,,,,15.0,7.0,,1.0,,1.0,,,,,,,,,
Thalisson Gabriel,T. Gabriel,112367,REM,364,0,False,https://s3.glbimg.com/v1/AUTH_58d78b787ec34892b5aaa0c7a146155f/clubes_2026/silhuetas/REM/FORMATO.png,0,0.0,Thalisson Gabriel Pereira Moreira,0.0,3,3.0,19,thalisson-gabriel,6,0.0,,,,,,,,,,,,,,,,,,,,
Vini Paulista,V. Paulista,112576,CFC,294,0,True,https://s3.glbimg.com/v1/AUTH_58d78b787ec34892b5aaa0c7a146155f/clubes_2026/silhuetas/CFC/FORMATO.png,19,2.42,Vinicius Romualdo dos Santos,2.7,4,3.97,19,vini-paulista,2,0.17,,2.0,,,,27.0,9.0,1.0,5.0,10.0,,,,,1.0,,,,,
Gabriel Grando,G. Grando,112616,GRE,284,0,False,https://s3.glbimg.com/v1/AUTH_58d78b787ec34892b5aaa0c7a146155f/clubes_2026/silhuetas/GRE/FORMATO.png,0,0.0,Gabriel Hamester Grando,0.0,1,4.0,19,gabriel-grando,6,0.0,,,,,,,,,,,,,,,,,,,,
Ramón Sosa,R. Sosa,112863,PAL,275,0,True,https://s3.glbimg.com/v1/AUTH_58d78b787ec34892b5aaa0c7a146155f/clubes_2026/silhuetas/PAL/FORMATO.png,16,3.24,Ramón Sosa Acosta,13.9,5,7.4,19,ramon-sosa,3,1.68,2.0,3.0,,,,4.0,15.0,3.0,6.0,17.0,1.0,3.0,,,7.0,,,,,
Lucas Barbosa,L. Barbosa,112886,RBB,280,0,False,https://s3.glbimg.com/v1/AUTH_58d78b787ec34892b5aaa0c7a146155f/clubes_2026/silhuetas/RBB/FORMATO.png,16,6.67,Lucas Henrique Barbosa,0.0,5,10.4,19,lucas-barbosa,7,0.0,2.0,4.0,,,,22.0,32.0,12.0,20.0,31.0,,4.0,,,6.0,,,,,
Catarozzi,Catarozzi,112939,REM,364,0,False,https://s3.glbimg.com/v1/AUTH_58d78b787ec34892b5aaa0c7a146155f/clubes_2026/silhuetas/REM/FORMATO.png,1,0.9,Franco Catarozzi Parafita,0.0,4,5.41,19,catarozzi,6,0.0,,,,,,1.0,2.0,,,,,,,,,,,,,
Peralta,Peralta,112985,CRU,283,0,False,https://s3.glbimg.com/v1/AUTH_58d78b787ec34892b5aaa0c7a146155f/clubes_2026/silhuetas/CRU/FORMATO.png,0,0.0,Fabrizio José Peralta Ramírez,0.0,4,4.0,19,peralta,5,0.0,,,,,,,,,,,,,,,,,,,,
Freytes,Freytes,113034,FLU,266,0,False,https://s3.glbimg.com/v1/AUTH_58d78b787ec34892b5aaa0c7a146155f/clubes_2026/silhuetas/FLU/FORMATO.png,15,2.5,Juan Pablo Freytes,0.0,3,4.63,19,freytes,7,0.0,,3.0,,,,14.0,14.0,,6.0,8.0,,,,,,,,,3.0,
Flaco López,F. López,113103,PAL,275,0,False,https://s3.glbimg.com/v1/AUTH_58d78b787ec34892b5aaa0c7a146155f/clubes_2026/silhuetas/PAL/FORMATO.png,17,6.74,José Manuel Alberto López,0.0,5,14.91,19,flaco-lopez,6,0.0,2.0,2.0,,,,19.0,28.0,8.0,15.0,37.0,,6.0,,,14.0,,,,,
Benavídez,Benavídez,113113,CAP,293,0,False,https://s3.glbimg.com/v1/AUTH_58d78b787ec34892b5aaa0c7a146155f/clubes_2026/silhuetas/CAP/FORMATO.png,13,4.42,Gastón Américo Benavídez,0.0,2,7.23,19,benavidez,5,0.0,4.0,4.0,,,,10.0,14.0,2.0,3.0,12.0,,,,,1.0,,,,4.0,
Picco,Picco,113125,REM,364,0,True,https://s3.glbimg.com/v1/AUTH_58d78b787ec34892b5aaa0c7a146155f/clubes_2026/silhuetas/REM/FORMATO.png,16,3.07,Leonel Marcelo Picco,0.0,4,5.9,19,picco,6,-0.13,,2.0,,,,28.0,18.0,1.0,6.0,1.0,,1.0,,,,,,,,
Nathan Mendes,N. Mendes,113157,VIT,287,0,False,https://s3.glbimg.com/v1/AUTH_58d78b787ec34892b5aaa0c7a146155f/clubes_2026/silhuetas/VIT/FORMATO.png,12,5.02,Nathan Gabriel de Souza Mendes,0.0,2,7.52,19,nathan-mendes,5,0.0,1.0,3.0,,,,21.0,14.0,,1.0,10.0,,,,,,,,,5.0,
Marquinhos,Marquinhos,113158,CRU,283,0,False,https://s3.glbimg.com/v1/AUTH_58d78b787ec34892b5aaa0c7a146155f/clubes_2026/silhuetas/CRU/FORMATO.png,0,0.0,Marcus Vinícius Oliveira Alencar,0.0,5,4.0,19,marquinhos,6,0.0,,,,,,,,,,,,,,,,,,,,
Pablo Maia,P. Maia,113359,SAO,276,0,True,https://s3.glbimg.com/v1/AUTH_58d78b787ec34892b5aaa0c7a146155f/clubes_2026/silhuetas/SAO/FORMATO.png,11,1.4,Pablo Gonçalves Maia Fortunato,2.7,4,4.4,19,pablo-maia,6,0.26,,1.0,,,,8.0,15.0,1.0,4.0,9.0,,,,,,,,,,
Cristian Olivera,C. Olivera,113397,BAH,265,0,False,https://s3.glbimg.com/v1/AUTH_58d78b787ec34892b5aaa0c7a146155f/clubes_2026/silhuetas/BAH/FORMATO.png,16,4.1,Cristian Gonzalo Olivera Ibarra - Kike,0.0,5,7.16,19,cristian-olivera,5,0.0,1.0,1.0,,,,12.0,12.0,12.0,6.0,35.0,1.0,1.0,,,6.0,,,,,
Bruninho,Bruninho,113558,RBB,280,0,False,https://s3.glbimg.com/v1/AUTH_58d78b787ec34892b5aaa0c7a146155f/clubes_2026/silhuetas/RBB/FORMATO.png,0,0.0,Bruno Gonçalves de Jesus,0.0,4,4.0,19,bruninho,6,0.0,,,,,,,,,,,,,,,,,,,,
Diógenes,Diógenes,113690,SAN,277,0,False,https://s3.glbimg.com/v1/AUTH_58d78b787ec34892b5aaa0c7a146155f/clubes_2026/silhuetas/SAN/FORMATO.png,2,5.55,Diógenes Vinícius da Silva,0.0,1,5.0,19,diogenes,6,0.0,,1.0,,7.0,,,,,,,,,,2.0,,,,,1.0,
Minda,Minda,114040,CAM,282,0,False,https://s3.glbimg.com/v1/AUTH_58d78b787ec34892b5aaa0c7a146155f/clubes_2026/silhuetas/CAM/FORMATO.png,9,4.04,Alan Steve Minda García,0.0,5,7.36,19,minda,6,0.0,,,,,,5.0,2.0,2.0,2.0,5.0,2.0,2.0,,,1.0,,,1.0,,
Alejo Véliz,A. Véliz,114208,BAH,265,0,False,https://s3.glbimg.com/v1/AUTH_58d78b787ec34892b5aaa0c7a146155f/clubes_2026/silhuetas/BAH/FORMATO.png,0,0.0,Alejo Véliz,0.0,5,5.0,19,alejo-veliz,6,0.0,,,,,,,,,,,,,,,,,,,,
Cufré,Cufré,114308,REM,364,0,False,https://s3.glbimg.com/v1/AUTH_58d78b787ec34892b5aaa0c7a146155f/clubes_2026/silhuetas/REM/FORMATO.png,1,-0.3,Braian Ezequiel Cufré,0.0,2,3.45,19,cufre,6,0.0,,,,,,,1.0,,,,,,,,,,,,,
Sinisterra,Sinisterra,114405,CRU,283,0,True,https://s3.glbimg.com/v1/AUTH_58d78b787ec34892b5aaa0c7a146155f/clubes_2026/silhuetas/CRU/FORMATO.png,7,3.39,Luis Fernando Sinisterra Lucumí,5.1,5,6.19,19,sinisterra,7,0.58,,,,,,6.0,6.0,2.0,7.0,1.0,,1.0,,,,,,,,
Vitor Roque,V. Roque,114802,PAL,275,0,False,https://s3.glbimg.com/v1/AUTH_58d78b787ec34892b5aaa0c7a146155f/clubes_2026/silhuetas/PAL/FORMATO.png,7,7.6,Vitor Hugo Roque Ferreira,0.0,5,17.01,19,vitor-roque,2,0.0,,1.0,,,,8.0,6.0,3.0,4.0,19.0,1.0,3.0,,,3.0,,,1.0,,
Miguelito,Miguelito,115025,SAN,277,0,False,https://s3.glbimg.com/v1/AUTH_58d78b787ec34892b5aaa0c7a146155f/clubes_2026/silhuetas/SAN/FORMATO.png,8,4.88,Miguel Àngel Terceros,0.0,4,7.41,19,miguelito,6,0.0,2.0,1.0,,,,12.0,8.0,1.0,4.0,4.0,,1.0,,,,,,,,
Lucas Freitas,L. Freitas,115141,VAS,267,0,False,https://s3.glbimg.com/v1/AUTH_58d78b787ec34892b5aaa0c7a146155f/clubes_2026/silhuetas/VAS/FORMATO.png,2,2.5,Lucas de Freitas Molarinho Chagas,0.0,3,4.77,19,lucas-freitas,6,0.0,,,,,,,,,,,,,,,,,,,1.0,
Kaique,Kaique,115247,PAL,275,0,False,https://s3.glbimg.com/v1/AUTH_58d78b787ec34892b5aaa0c7a146155f/clubes_2026/silhuetas/PAL/FORMATO.png,0,0.0,Kaique Pereira Azarias,0.0,1,1.0,19,kaique,6,0.0,,,,,,,,,,,,,,,,,,,,
Renan Viana,R. Viana,115266,CAP,293,0,False,https://s3.glbimg.com/v1/AUTH_58d78b787ec34892b5aaa0c7a146155f/clubes_2026/silhuetas/CAP/FORMATO.png,0,0.0,Renan Rodrigues Fonseca Viana,0.0,5,2.0,19,renan-viana,6,0.0,,,,,,,,,,,,,,,,,,,,
Paulo Pezzolano,P. Pezzolano,115479,INT,285,0,True,https://s3.glbimg.com/v1/AUTH_58d78b787ec34892b5aaa0c7a146155f/clubes_2026/silhuetas/INT/FORMATO.png,19,4.84,Paulo César Pezzolano Suárez,3.6,6,7.56,19,paulo-pezzolano,7,0.09,,,,,,,,,,,,,,,,,,,,5.0
Marcos Victor,M. Victor,115537,BAH,265,0,True,https://s3.glbimg.com/v1/AUTH_58d78b787ec34892b5aaa0c7a146155f/clubes_2026/silhuetas/BAH/FORMATO.png,2,0.0,Marcos Victor Ferreira da Silva,0.0,3,2.41,19,marcos-victor,2,-0.31,,,,,,,,,,,,,,,,,,,,
Gabriel Delfim,G. Delfim,115674,CAM,282,0,False,https://s3.glbimg.com/v1/AUTH_58d78b787ec34892b5aaa0c7a146155f/clubes_2026/silhuetas/CAM/FORMATO.png,0,0.0,Gabriel Delfim Ferreira,0.0,1,2.0,19,gabriel-delfim,6,0.0,,,,,,,,,,,,,,,,,,,,
Benassi,Benassi,115840,CFC,294,0,False,https://s3.glbimg.com/v1/AUTH_58d78b787ec34892b5aaa0c7a146155f/clubes_2026/silhuetas/CFC/FORMATO.png,0,0.0,João Victor Silva Benassi,0.0,1,1.0,19,benassi,6,0.0,,,,,,,,,,,,,,,,,,,,
Evertton Araújo,E. Araújo,115914,FLA,262,0,True,https://s3.glbimg.com/v1/AUTH_58d78b787ec34892b5aaa0c7a146155f/clubes_2026/silhuetas/FLA/FORMATO.png,13,1.38,Everton Gustavo Fernandes Araújo,0.0,4,2.83,19,evertton-araujo,6,0.08,1.0,3.0,1.0,,,7.0,16.0,,11.0,3.0,1.0,,,,,,,,,
Denilson,Denilson,115986,MIR,2305,0,False,https://s3.glbimg.com/v1/AUTH_58d78b787ec34892b5aaa0c7a146155f/clubes_2026/silhuetas/MIR/FORMATO.png,10,3.04,Denilson Alves Borges,0.0,4,5.21,19,denilson,6,0.0,,1.0,,,,14.0,13.0,1.0,2.0,9.0,,1.0,,,,1.0,,,,
Victor Hugo,V. Hugo,116034,CAM,282,0,True,https://s3.glbimg.com/v1/AUTH_58d78b787ec34892b5aaa0c7a146155f/clubes_2026/silhuetas/CAM/FORMATO.png,16,3.59,Victor Hugo Gomes Silva,0.5,4,6.36,19,victor-hugo,7,-0.24,1.0,,,,,8.0,3.0,6.0,4.0,14.0,,3.0,,,,,,,,
Cuiabano,Cuiabano,116065,VAS,267,0,False,https://s3.glbimg.com/v1/AUTH_58d78b787ec34892b5aaa0c7a146155f/clubes_2026/silhuetas/VAS/FORMATO.png,11,7.47,Luís Eduardo Soares da Silva,0.0,2,13.25,19,cuiabano,7,0.0,4.0,2.0,,,,27.0,9.0,6.0,6.0,13.0,,1.0,,,,,,,,
Rubens,Rubens,116066,CHA,315,0,True,https://s3.glbimg.com/v1/AUTH_58d78b787ec34892b5aaa0c7a146155f/clubes_2026/silhuetas/CHA/FORMATO.png,8,1.58,Rubens Tadeu Hartmann Ricoldi,1.2,5,2.77,19,rubens,6,0.11,,1.0,,,,2.0,3.0,1.0,1.0,3.0,,1.0,,,,,,,,
Thiago Beltrame,T. Beltrame,116067,GRE,284,0,False,https://s3.glbimg.com/v1/AUTH_58d78b787ec34892b5aaa0c7a146155f/clubes_2026/silhuetas/GRE/FORMATO.png,1,0.7,Thiago Beltrame Stallbaum,0.0,1,2.08,19,thiago-beltrame,3,0.0,,,1.0,5.0,,,1.0,,,1.0,,,,3.0,,,,,,
João Moreira,J. Moreira,116137,SAO,276,0,False,https://s3.glbimg.com/v1/AUTH_58d78b787ec34892b5aaa0c7a146155f/clubes_2026/silhuetas/SAO/FORMATO.png,0,0.0,João Moreira Sanmartin Souza,0.0,2,4.0,19,joao-moreira,6,0.0,,,,,,,,,,,,,,,,,,,,
Hércules,Hércules,116447,FLU,266,0,False,https://s3.glbimg.com/v1/AUTH_58d78b787ec34892b5aaa0c7a146155f/clubes_2026/silhuetas/FLU/FORMATO.png,16,4.01,Hércules Pereira do Nascimento,0.0,4,6.85,19,hercules,7,0.0,,1.0,,,,23.0,26.0,4.0,9.0,5.0,,3.0,,,1.0,,,,,
Jamerson,Jamerson,116461,VIT,287,0,False,https://s3.glbimg.com/v1/AUTH_58d78b787ec34892b5aaa0c7a146155f/clubes_2026/silhuetas/VIT/FORMATO.png,6,4.17,Jamerson Santos de Jesus,0.0,2,6.14,19,jamerson,7,0.0,,1.0,,,,5.0,2.0,,2.0,5.0,,,,,,,,,3.0,
Andrés Gómez,A. Gómez,116706,VAS,267,0,False,https://s3.glbimg.com/v1/AUTH_58d78b787ec34892b5aaa0c7a146155f/clubes_2026/silhuetas/VAS/FORMATO.png,16,7.3,Carlos Andrés Gómez Hinestroza,0.0,5,11.97,19,andres-gomez,6,0.0,2.0,6.0,,,,27.0,22.0,13.0,21.0,28.0,3.0,3.0,,,5.0,,,,,
Gabriel Knesowitsch,G. Knesowitsch,117061,MIR,2305,0,False,https://s3.glbimg.com/v1/AUTH_58d78b787ec34892b5aaa0c7a146155f/clubes_2026/silhuetas/MIR/FORMATO.png,0,0.0,Gabriel Knesowitsch,0.0,3,3.0,19,gabriel-knesowitsch,6,0.0,,,,,,,,,,,,,,,,,,,,
Robert Renan,R. Renan,117330,VAS,267,0,False,https://s3.glbimg.com/v1/AUTH_58d78b787ec34892b5aaa0c7a146155f/clubes_2026/silhuetas/VAS/FORMATO.png,18,2.06,Robert Renan Alves Barbosa,0.0,3,4.65,19,robert-renan,7,0.0,,1.0,,,,17.0,17.0,1.0,2.0,4.0,,1.0,,,,,,,1.0,
Yago Ferreira,Y. Ferreira,117338,REM,364,0,False,https://s3.glbimg.com/v1/AUTH_58d78b787ec34892b5aaa0c7a146155f/clubes_2026/silhuetas/REM/FORMATO.png,0,0.0,Yago de Paula Ferreira,0.0,4,2.0,19,yago-ferreira,6,0.0,,,,,,,,,,,,,,,,,,,,
Renato Marques,R. Marques,117403,CFC,294,0,True,https://s3.glbimg.com/v1/AUTH_58d78b787ec34892b5aaa0c7a146155f/clubes_2026/silhuetas/CFC/FORMATO.png,7,0.74,Renato Marques de Oliveira Júnior,1.3,5,2.73,19,renato-marques,6,0.09,,,1.0,,,,3.0,1.0,3.0,5.0,1.0,,,,,,,,,
Otávio,Otávio,117404,CRU,283,0,True,https://s3.glbimg.com/v1/AUTH_58d78b787ec34892b5aaa0c7a146155f/clubes_2026/silhuetas/CRU/FORMATO.png,6,1.23,Otávio Eleodoro Rezende Costa,1.6,1,1.84,19,otavio,7,-0.23,,2.0,,13.0,,,,,,1.0,,,,8.0,,,,,,
Garro,Garro,117632,COR,264,0,False,https://s3.glbimg.com/v1/AUTH_58d78b787ec34892b5aaa0c7a146155f/clubes_2026/silhuetas/COR/FORMATO.png,17,5.27,Rodrigo Garro,0.0,4,10.78,19,garro,7,0.0,6.0,3.0,,,,7.0,14.0,11.0,11.0,47.0,1.0,1.0,,,1.0,,,,,
Young,Young,117818,SAO,276,0,False,https://s3.glbimg.com/v1/AUTH_58d78b787ec34892b5aaa0c7a146155f/clubes_2026/silhuetas/SAO/FORMATO.png,0,0.0,Young Navarro Moraes,0.0,1,3.0,19,young,6,0.0,,,,,,,,,,,,,,,,,,,,
Breno Bidon,B. Bidon,117910,COR,264,0,True,https://s3.glbimg.com/v1/AUTH_58d78b787ec34892b5aaa0c7a146155f/clubes_2026/silhuetas/COR/FORMATO.png,17,4.17,Breno de Souza Bidon,7.0,4,9.54,19,breno-bidon,7,0.36,1.0,1.0,,,,16.0,22.0,1.0,6.0,49.0,1.0,2.0,,,2.0,,,,,
Lavega,Lavega,117930,CFC,294,0,True,https://s3.glbimg.com/v1/AUTH_58d78b787ec34892b5aaa0c7a146155f/clubes_2026/silhuetas/CFC/FORMATO.png,18,3.43,Joaquín Lavega Colzada,0.0,5,4.93,19,lavega,6,-0.29,1.0,3.0,,,,9.0,8.0,2.0,5.0,5.0,,5.0,,,4.0,,,,,
Ronald,Ronald,118238,GRE,284,0,False,https://s3.glbimg.com/v1/AUTH_58d78b787ec34892b5aaa0c7a146155f/clubes_2026/silhuetas/GRE/FORMATO.png,0,0.0,Ronald Cardoso Falkoski,0.0,4,3.0,19,ronald,6,0.0,,,,,,,,,,,,,,,,,,,,
Rodriguinho,Rodriguinho,118563,RBB,280,0,False,https://s3.glbimg.com/v1/AUTH_58d78b787ec34892b5aaa0c7a146155f/clubes_2026/silhuetas/RBB/FORMATO.png,9,3.18,Rodrigo Huendra Almeida Mendonça,0.0,4,6.55,19,rodriguinho,7,0.0,,3.0,,,,8.0,12.0,,1.0,5.0,1.0,2.0,,,1.0,,,1.0,,
Saldivia,Saldivia,118655,VAS,267,0,False,https://s3.glbimg.com/v1/AUTH_58d78b787ec34892b5aaa0c7a146155f/clubes_2026/silhuetas/VAS/FORMATO.png,10,2.01,Alan Gabriel Saldivia Vázquez,0.0,3,4.79,19,saldivia,6,0.0,,3.0,,,,14.0,11.0,1.0,4.0,8.0,,,1.0,,,,,,,
Mateus Carvalho,M. Carvalho,118752,VAS,267,0,False,https://s3.glbimg.com/v1/AUTH_58d78b787ec34892b5aaa0c7a146155f/clubes_2026/silhuetas/VAS/FORMATO.png,0,0.0,Mateus Carvalho dos Santos,0.0,4,4.0,19,mateus-carvalho,5,0.0,,,,,,,,,,,,,,,,,,,,
Alexsander,Alexsander,118774,CAM,282,0,False,https://s3.glbimg.com/v1/AUTH_58d78b787ec34892b5aaa0c7a146155f/clubes_2026/silhuetas/CAM/FORMATO.png,4,1.05,Alexsander Cristhian Gomes da Costa - Christian,0.0,4,5.7,19,alexsander,6,0.0,,1.0,,,,2.0,2.0,,1.0,4.0,,,,,,,,,,
Lautaro Díaz,L. Díaz,118775,SAN,277,0,False,https://s3.glbimg.com/v1/AUTH_58d78b787ec34892b5aaa0c7a146155f/clubes_2026/silhuetas/SAN/FORMATO.png,8,2.28,Lautaro Ariel Díaz,0.0,5,5.26,19,lautaro-diaz,6,0.0,,,,,,2.0,2.0,1.0,4.0,1.0,1.0,1.0,,,,,,,,
Buta,Buta,118806,SAO,276,0,False,https://s3.glbimg.com/v1/AUTH_58d78b787ec34892b5aaa0c7a146155f/clubes_2026/silhuetas/SAO/FORMATO.png,0,0.0,Aurélio Gabriel Ulineia Buta,0.0,2,5.0,19,buta,6,0.0,,,,,,,,,,,,,,,,,,,,
Kaio César,K. César,118844,COR,264,0,True,https://s3.glbimg.com/v1/AUTH_58d78b787ec34892b5aaa0c7a146155f/clubes_2026/silhuetas/COR/FORMATO.png,7,7.04,Kaio César Andrade Lima,16.7,5,12.03,19,kaio-cesar,7,1.7,1.0,2.0,,,,12.0,4.0,4.0,1.0,16.0,,2.0,,,1.0,,,,,
Léo Derik,L. Derik,120433,CAP,293,0,False,https://s3.glbimg.com/v1/AUTH_58d78b787ec34892b5aaa0c7a146155f/clubes_2026/silhuetas/CAP/FORMATO.png,8,3.11,Leonardo Derik Dias Gonçalves,0.0,2,4.57,19,leo-derik,6,0.0,,,,,,9.0,1.0,1.0,,1.0,,,,,,,,,2.0,
Marco Moreno,M. Moreno,120681,BAH,265,0,False,https://s3.glbimg.com/v1/AUTH_58d78b787ec34892b5aaa0c7a146155f/clubes_2026/silhuetas/BAH/FORMATO.png,0,0.0,Marco Moreno Ojeda,0.0,3,4.0,19,marco-moreno,6,0.0,,,,,,,,,,,,,,,,,,,,
Da Silva,D. Silva,121811,CHA,315,0,False,https://s3.glbimg.com/v1/AUTH_58d78b787ec34892b5aaa0c7a146155f/clubes_2026/silhuetas/CHA/FORMATO.png,0,0.0,Fernando Carlos da Silva Filho,0.0,4,3.0,19,da-silva,6,0.0,,,,,,,,,,,,,,,,,,,,
Kauê,Kauê,121823,COR,264,0,False,https://s3.glbimg.com/v1/AUTH_58d78b787ec34892b5aaa0c7a146155f/clubes_2026/silhuetas/COR/FORMATO.png,2,9.2,Kauê Vinicius de Souza Camargo,0.0,1,6.41,19,kaue,6,0.0,,1.0,,13.0,,,,,,1.0,,,,3.0,,,,,1.0,
Kayke,Kayke,121824,COR,264,0,False,https://s3.glbimg.com/v1/AUTH_58d78b787ec34892b5aaa0c7a146155f/clubes_2026/silhuetas/COR/FORMATO.png,6,1.65,Kayke Ferrari Guimarães,0.0,5,3.64,19,kayke,5,0.0,,,,,,5.0,1.0,1.0,,3.0,,,,,,,,,,
Gustavo Talles,G. Talles,121870,CHA,315,0,False,https://s3.glbimg.com/v1/AUTH_58d78b787ec34892b5aaa0c7a146155f/clubes_2026/silhuetas/CHA/FORMATO.png,0,0.0,Gustavo Talles da Silva,0.0,2,2.0,19,gustavo-talles,6,0.0,,,,,,,,,,,,,,,,,,,,
Túlio Eduardo,T. Eduardo,122121,CHA,315,0,False,https://s3.glbimg.com/v1/AUTH_58d78b787ec34892b5aaa0c7a146155f/clubes_2026/silhuetas/CHA/FORMATO.png,0,0.0,Túlio Eduardo Silva de Oliveira,0.0,5,3.0,19,tulio-eduardo,6,0.0,,,,,,,,,,,,,,,,,,,,
Batata,Batata,122316,CAP,293,0,False,https://s3.glbimg.com/v1/AUTH_58d78b787ec34892b5aaa0c7a146155f/clubes_2026/silhuetas/CAP/FORMATO.png,0,0.0,João Vitor Vigolo Gomes,0.0,2,1.0,19,batata,6,0.0,,,,,,,,,,,,,,,,,,,,
Dyogo Alves,D. Alves,122318,FLA,262,0,False,https://s3.glbimg.com/v1/AUTH_58d78b787ec34892b5aaa0c7a146155f/clubes_2026/silhuetas/FLA/FORMATO.png,0,0.0,Francisco Dyogo Bento Alves,0.0,1,3.0,19,dyogo-alves,6,0.0,,,,,,,,,,,,,,,,,,,,
Daniel Sales,D. Sales,122320,FLA,262,0,False,https://s3.glbimg.com/v1/AUTH_58d78b787ec34892b5aaa0c7a146155f/clubes_2026/silhuetas/FLA/FORMATO.png,0,0.0,Daniel dos Santos Salles,0.0,2,2.0,19,daniel-sales,5,0.0,,,,,,,,,,,,,,,,,,,,
Lorran,Lorran,122321,FLA,262,0,True,https://s3.glbimg.com/v1/AUTH_58d78b787ec34892b5aaa0c7a146155f/clubes_2026/silhuetas/FLA/FORMATO.png,1,14.6,Lorran Lucas Pereira de Sousa,14.6,4,9.29,19,lorran,7,5.29,,,,,,4.0,2.0,1.0,,,,1.0,,,,,,,,
Gustavinho,Gustavinho,122394,RBB,280,0,False,https://s3.glbimg.com/v1/AUTH_58d78b787ec34892b5aaa0c7a146155f/clubes_2026/silhuetas/RBB/FORMATO.png,14,2.78,Gustavo Ribeiro Neves,0.0,4,5.7,19,gustavinho,6,0.0,1.0,1.0,,,,15.0,15.0,4.0,2.0,5.0,,1.0,,,,,,,,
Ryan,Ryan,122396,COR,264,0,False,https://s3.glbimg.com/v1/AUTH_58d78b787ec34892b5aaa0c7a146155f/clubes_2026/silhuetas/COR/FORMATO.png,0,0.0,Ryan Gustavo de Lima,0.0,4,3.0,19,ryan,6,0.0,,,,,,,,,,,,,,,,,,,,
Isaac,Isaac,122439,CAP,293,0,True,https://s3.glbimg.com/v1/AUTH_58d78b787ec34892b5aaa0c7a146155f/clubes_2026/silhuetas/CAP/FORMATO.png,2,0.75,Isaac Rodrigues de Lima,1.5,5,2.06,19,isaac,6,0.2,,,,,,1.0,,,,,,,,,,,,,,
Barros,Barros,122485,VAS,267,0,False,https://s3.glbimg.com/v1/AUTH_58d78b787ec34892b5aaa0c7a146155f/clubes_2026/silhuetas/VAS/FORMATO.png,15,4.96,Cauan Lucas Barros da Luz,0.0,4,8.85,19,barros,7,0.0,,4.0,1.0,,,25.0,27.0,,10.0,42.0,,3.0,,,,1.0,,,,
Wallace Yan,W. Yan,122573,FLA,262,0,False,https://s3.glbimg.com/v1/AUTH_58d78b787ec34892b5aaa0c7a146155f/clubes_2026/silhuetas/FLA/FORMATO.png,6,0.13,Wallace Yan de Souza Barreto,0.0,5,2.57,19,wallace-yan,6,0.0,,1.0,,,,,2.0,,,5.0,,,,,1.0,,,,,
Japa,Japa,122660,MIR,2305,0,False,https://s3.glbimg.com/v1/AUTH_58d78b787ec34892b5aaa0c7a146155f/clubes_2026/silhuetas/MIR/FORMATO.png,3,5.2,João Wellington Gadelha Melo de Oliveira,0.0,4,5.93,19,japa,6,0.0,,,,,,2.0,1.0,,3.0,5.0,,1.0,,,,,,,,
Lucas Cunha,L. Cunha,122755,RBB,280,0,False,https://s3.glbimg.com/v1/AUTH_58d78b787ec34892b5aaa0c7a146155f/clubes_2026/silhuetas/RBB/FORMATO.png,0,0.0,Lucas de Souza Cunha,0.0,3,3.0,19,lucas-cunha,6,0.0,,,,,,,,,,,,,,,,,,,,
Caballero,Caballero,122781,SAN,277,0,False,https://s3.glbimg.com/v1/AUTH_58d78b787ec34892b5aaa0c7a146155f/clubes_2026/silhuetas/SAN/FORMATO.png,1,1.6,Gustavo Rubén Caballero González,0.0,5,3.83,19,caballero,6,0.0,,,,,,,,,2.0,,,,,,,,,,,
Guzmán Rodríguez,G. Rodríguez,122897,RBB,280,0,False,https://s3.glbimg.com/v1/AUTH_58d78b787ec34892b5aaa0c7a146155f/clubes_2026/silhuetas/RBB/FORMATO.png,0,0.0,Guzmán Rodríguez Ferrari,0.0,3,6.0,19,guzman-rodriguez,6,0.0,,,,,,,,,,,,,,,,,,,,
Patrick,Patrick,122990,CAM,282,0,False,https://s3.glbimg.com/v1/AUTH_58d78b787ec34892b5aaa0c7a146155f/clubes_2026/silhuetas/CAM/FORMATO.png,0,0.0,Patrick Roberto da Silva Campos,0.0,4,4.0,19,patrick,5,0.0,,,,,,,,,,,,,,,,,,,,
Victor Nascimento,V. Nascimento,122994,BAH,265,0,False,https://s3.glbimg.com/v1/AUTH_58d78b787ec34892b5aaa0c7a146155f/clubes_2026/silhuetas/BAH/FORMATO.png,0,0.0,Victor dos Santos Nascimento,0.0,1,1.0,19,victor-nascimento,6,0.0,,,,,,,,,,,,,,,,,,,,
Sidney,Sidney,123005,BAH,265,0,False,https://s3.glbimg.com/v1/AUTH_58d78b787ec34892b5aaa0c7a146155f/clubes_2026/silhuetas/BAH/FORMATO.png,0,0.0,Sidney de Carvalho Duarte,0.0,4,1.0,19,sidney,6,0.0,,,,,,,,,,,,,,,,,,,,
David Braga,D. Braga,123016,REM,364,0,False,https://s3.glbimg.com/v1/AUTH_58d78b787ec34892b5aaa0c7a146155f/clubes_2026/silhuetas/REM/FORMATO.png,6,1.52,David Francisco Trindade Braga,0.0,4,3.11,19,david-braga,6,0.0,,2.0,,,,6.0,3.0,,,6.0,,,,,,,,,,
Leozinho,Leozinho,123101,CAP,293,0,True,https://s3.glbimg.com/v1/AUTH_58d78b787ec34892b5aaa0c7a146155f/clubes_2026/silhuetas/CAP/FORMATO.png,6,5.18,Leonardo Caetano Silva,27.6,5,7.83,19,leozinho,7,5.67,,1.0,,,,6.0,3.0,2.0,2.0,2.0,1.0,2.0,,,,,,,,
Cauly,Cauly,123360,SAO,276,0,False,https://s3.glbimg.com/v1/AUTH_58d78b787ec34892b5aaa0c7a146155f/clubes_2026/silhuetas/SAO/FORMATO.png,12,2.91,Cauly Oliveira Souza,0.0,4,6.58,19,cauly,6,0.0,,,,,,13.0,11.0,2.0,3.0,12.0,,1.0,,,,,,,,
Dantas,Dantas,123445,CAP,293,0,False,https://s3.glbimg.com/v1/AUTH_58d78b787ec34892b5aaa0c7a146155f/clubes_2026/silhuetas/CAP/FORMATO.png,0,0.0,João Vitor Silva Dantas de Oliveira,0.0,4,5.0,19,dantas,3,0.0,,,,,,,,,,,,,,,,,,,,
Ítalo,Ítalo,123625,CHA,315,0,False,https://s3.glbimg.com/v1/AUTH_58d78b787ec34892b5aaa0c7a146155f/clubes_2026/silhuetas/CHA/FORMATO.png,15,1.71,Italo de Vargas da Rosa,0.0,5,2.71,19,italo,6,0.0,,1.0,,,,10.0,6.0,1.0,9.0,9.0,,,,,5.0,,,1.0,,
Lucas Ronier,L. Ronier,123648,CFC,294,0,True,https://s3.glbimg.com/v1/AUTH_58d78b787ec34892b5aaa0c7a146155f/clubes_2026/silhuetas/CFC/FORMATO.png,16,6.91,Lucas Ronier Vieira Pires,5.0,5,10.51,19,lucas-ronier,7,-0.22,3.0,3.0,,,,34.0,19.0,6.0,15.0,40.0,2.0,1.0,,,1.0,,,,,
Milans,Milans,123689,COR,264,0,False,https://s3.glbimg.com/v1/AUTH_58d78b787ec34892b5aaa0c7a146155f/clubes_2026/silhuetas/COR/FORMATO.png,3,6.03,Pedro Milans Carámbula,0.0,2,8.96,19,milans,6,0.0,,,,,,5.0,3.0,,,3.0,,,,,,,,,2.0,
Zé Guilherme,Z. Guilherme,123717,BAH,265,0,True,https://s3.glbimg.com/v1/AUTH_58d78b787ec34892b5aaa0c7a146155f/clubes_2026/silhuetas/BAH/FORMATO.png,2,1.95,José Guilherme de Lima Costa,-0.1,2,3.68,19,ze-guilherme,6,-0.59,,1.0,,,,3.0,3.0,,1.0,1.0,,,,,,,,,,
Herrera,Herrera,123738,RBB,280,0,False,https://s3.glbimg.com/v1/AUTH_58d78b787ec34892b5aaa0c7a146155f/clubes_2026/silhuetas/RBB/FORMATO.png,14,2.17,José María Herrera Ares,0.0,5,4.31,19,herrera,7,0.0,,3.0,,,,11.0,19.0,5.0,6.0,8.0,,1.0,,,2.0,,,,,
Alan Rodríguez,A. Rodríguez,123744,INT,285,0,False,https://s3.glbimg.com/v1/AUTH_58d78b787ec34892b5aaa0c7a146155f/clubes_2026/silhuetas/INT/FORMATO.png,7,0.58,Alan Jesús Rodríguez Guaglianoni,0.0,4,3.27,19,alan-rodriguez,6,0.0,,,,,,2.0,5.0,,2.0,2.0,,,,,,,,,,
Aguirre,Aguirre,123869,CAP,293,0,True,https://s3.glbimg.com/v1/AUTH_58d78b787ec34892b5aaa0c7a146155f/clubes_2026/silhuetas/CAP/FORMATO.png,14,3.47,Juan Felipe Aguirre Tabares,4.2,3,5.86,19,aguirre,7,-0.71,,1.0,,,,15.0,16.0,4.0,2.0,5.0,1.0,,,,1.0,,,,4.0,
Millán,Millán,124219,FLU,266,0,False,https://s3.glbimg.com/v1/AUTH_58d78b787ec34892b5aaa0c7a146155f/clubes_2026/silhuetas/FLU/FORMATO.png,3,1.0,Julián Camilo Millán Díaz,0.0,3,4.86,19,millan,5,0.0,,1.0,,,,2.0,6.0,1.0,2.0,,,,,,,,,,,
Henry Mosquera,H. Mosquera,124239,RBB,280,0,False,https://s3.glbimg.com/v1/AUTH_58d78b787ec34892b5aaa0c7a146155f/clubes_2026/silhuetas/RBB/FORMATO.png,14,3.84,Henry David Mosquera Sánchez,0.0,5,6.33,19,henry-mosquera,6,0.0,3.0,3.0,,,,12.0,14.0,9.0,14.0,13.0,,,,,5.0,,,,,
Kauan Jesus,K. Jesus,124264,INT,285,0,False,https://s3.glbimg.com/v1/AUTH_58d78b787ec34892b5aaa0c7a146155f/clubes_2026/silhuetas/INT/FORMATO.png,0,0.0,Kauan Jesus Santos Oliveira,0.0,1,1.0,19,kauan-jesus,6,0.0,,,,,,,,,,,,,,,,,,,,
Allex,Allex,124270,INT,285,0,False,https://s3.glbimg.com/v1/AUTH_58d78b787ec34892b5aaa0c7a146155f/clubes_2026/silhuetas/INT/FORMATO.png,8,1.55,Allex Rodrigues Pereira da Silva,0.0,4,2.38,19,allex,6,0.0,,1.0,,,,5.0,3.0,1.0,2.0,8.0,,,,,,,,,,
João Almeida,J. Almeida,124358,CFC,294,0,False,https://s3.glbimg.com/v1/AUTH_58d78b787ec34892b5aaa0c7a146155f/clubes_2026/silhuetas/CFC/FORMATO.png,1,0.0,João Vitor da Silva Almeida,0.0,2,0.92,19,joao-almeida,6,0.0,,,,,,,,,,,,,,,,,,,,
Léo Aragão,L. Aragão,124369,CRU,283,0,False,https://s3.glbimg.com/v1/AUTH_58d78b787ec34892b5aaa0c7a146155f/clubes_2026/silhuetas/CRU/FORMATO.png,0,0.0,Leonardo de Aragão Carvalho,0.0,1,2.0,19,leo-aragao,6,0.0,,,,,,,,,,,,,,,,,,,,
Kainã,Kainã,124386,CHA,315,0,False,https://s3.glbimg.com/v1/AUTH_58d78b787ec34892b5aaa0c7a146155f/clubes_2026/silhuetas/CHA/FORMATO.png,0,0.0,Kainã Correa Dal Magro,0.0,1,1.0,19,kaina,6,0.0,,,,,,,,,,,,,,,,,,,,
Rodrigo Castillo,R. Castillo,124424,FLU,266,0,False,https://s3.glbimg.com/v1/AUTH_58d78b787ec34892b5aaa0c7a146155f/clubes_2026/silhuetas/FLU/FORMATO.png,12,3.65,Rodrigo Castillo,0.0,5,6.98,19,rodrigo-castillo,6,0.0,1.0,1.0,,,,4.0,20.0,4.0,6.0,13.0,,3.0,,,3.0,,,,,
Mateo Ponte,M. Ponte,124481,BOT,263,0,False,https://s3.glbimg.com/v1/AUTH_58d78b787ec34892b5aaa0c7a146155f/clubes_2026/silhuetas/BOT/FORMATO.png,8,2.8,Mateo Ponte Costa,0.0,2,5.53,19,mateo-ponte,6,0.0,1.0,3.0,,,,7.0,5.0,,,7.0,1.0,,,,1.0,,,,1.0,
Lucas Monzón,L. Monzón,124483,BOT,263,0,False,https://s3.glbimg.com/v1/AUTH_58d78b787ec34892b5aaa0c7a146155f/clubes_2026/silhuetas/BOT/FORMATO.png,0,0.0,Lucas Gabriel Monzón Lemos,0.0,3,4.0,19,lucas-monzon,6,0.0,,,,,,,,,,,,,,,,,,,,
Giay,Giay,124526,PAL,275,0,False,https://s3.glbimg.com/v1/AUTH_58d78b787ec34892b5aaa0c7a146155f/clubes_2026/silhuetas/PAL/FORMATO.png,15,4.71,Agustín Giay,0.0,2,7.52,19,giay,5,0.0,,3.0,,,,26.0,19.0,1.0,1.0,17.0,,,,,1.0,,,,6.0,
Iván Román,I. Román,124661,CAM,282,0,False,https://s3.glbimg.com/v1/AUTH_58d78b787ec34892b5aaa0c7a146155f/clubes_2026/silhuetas/CAM/FORMATO.png,6,5.92,Ivan Ramiro Román Hurtado,0.0,3,8.96,19,ivan-roman,6,0.0,,3.0,,,,11.0,12.0,,2.0,2.0,,1.0,,,,,,,3.0,
Ruan Assis,R. Assis,124834,CFC,294,0,False,https://s3.glbimg.com/v1/AUTH_58d78b787ec34892b5aaa0c7a146155f/clubes_2026/silhuetas/CFC/FORMATO.png,0,0.0,Ruan Lucas de Assis,0.0,5,1.0,19,ruan-assis,6,0.0,,,,,,,,,,,,,,,,,,,,
Jonathan Jesus,J. Jesus,124912,CRU,283,0,True,https://s3.glbimg.com/v1/AUTH_58d78b787ec34892b5aaa0c7a146155f/clubes_2026/silhuetas/CRU/FORMATO.png,11,4.18,Jonathan de Jesus Alves,2.6,3,6.18,19,jonathan-jesus,7,-0.56,,1.0,,,,22.0,9.0,,6.0,4.0,,,,,1.0,,,,2.0,
João Pedro,J. Pedro,125488,COR,264,0,False,https://s3.glbimg.com/v1/AUTH_58d78b787ec34892b5aaa0c7a146155f/clubes_2026/silhuetas/COR/FORMATO.png,2,7.7,João Pedro de Sousa Rodrigues - Tchoca,0.0,3,8.84,19,joao-pedro,6,0.0,,1.0,,,,2.0,3.0,,1.0,1.0,,1.0,,,,,,,1.0,
Dudu,Dudu,125746,CAP,293,0,False,https://s3.glbimg.com/v1/AUTH_58d78b787ec34892b5aaa0c7a146155f/clubes_2026/silhuetas/CAP/FORMATO.png,11,1.84,Eduardo Kogitzki Anastacio,0.0,4,2.12,19,dudu,6,0.0,,,,,,6.0,7.0,1.0,2.0,5.0,,1.0,,,,,,,,
Pedro Morisco,P. Morisco,125803,CFC,294,0,False,https://s3.glbimg.com/v1/AUTH_58d78b787ec34892b5aaa0c7a146155f/clubes_2026/silhuetas/CFC/FORMATO.png,4,5.0,Pedro Luccas Morisco da Silva,0.0,1,8.04,19,pedro-morisco,6,0.0,,1.0,,20.0,,,,,,2.0,,,,5.0,,1.0,,,,
Zapelli,Zapelli,125926,CAP,293,0,False,https://s3.glbimg.com/v1/AUTH_58d78b787ec34892b5aaa0c7a146155f/clubes_2026/silhuetas/CAP/FORMATO.png,13,1.37,Bruno Zapelli,0.0,4,4.23,19,zapelli,5,0.0,1.0,4.0,1.0,,,9.0,8.0,1.0,5.0,7.0,,,,,,,,,,
Ythallo,Ythallo,126013,BOT,263,0,False,https://s3.glbimg.com/v1/AUTH_58d78b787ec34892b5aaa0c7a146155f/clubes_2026/silhuetas/BOT/FORMATO.png,1,0.2,Ythallo Ryckelm Rodrigues de Oliveira - Rycklem,0.0,3,3.5,19,ythallo,6,0.0,,1.0,,,,1.0,1.0,,,,,,,,,,,,,
Marcelinho,Marcelinho,126120,RBB,280,0,False,https://s3.glbimg.com/v1/AUTH_58d78b787ec34892b5aaa0c7a146155f/clubes_2026/silhuetas/RBB/FORMATO.png,4,2.22,Marcelo Braz da Silva,0.0,4,2.95,19,marcelinho,6,0.0,1.0,,,,,1.0,4.0,1.0,2.0,2.0,,,,,2.0,,,,,
Paulinho,Paulinho,126182,INT,285,0,True,https://s3.glbimg.com/v1/AUTH_58d78b787ec34892b5aaa0c7a146155f/clubes_2026/silhuetas/INT/FORMATO.png,14,2.14,Paulo Lucas Santos de Paula,-0.3,4,3.97,19,paulinho,6,-0.3,,4.0,,,,17.0,20.0,3.0,5.0,14.0,,,,,1.0,,,,,
Tomás Pérez,T. Pérez,126189,CAM,282,0,True,https://s3.glbimg.com/v1/AUTH_58d78b787ec34892b5aaa0c7a146155f/clubes_2026/silhuetas/CAM/FORMATO.png,11,1.27,Tomás Pérez,-0.3,4,3.39,19,tomas-perez,7,-0.64,,2.0,,,,10.0,12.0,2.0,1.0,3.0,,,,,,,,,,
Barreal,Barreal,126471,SAN,277,0,False,https://s3.glbimg.com/v1/AUTH_58d78b787ec34892b5aaa0c7a146155f/clubes_2026/silhuetas/SAN/FORMATO.png,14,4.55,Álvaro Martín Barreal,0.0,4,11.27,19,barreal,7,0.0,,3.0,1.0,,,22.0,17.0,4.0,9.0,14.0,,3.0,,,3.0,1.0,,,,
Fernando Seabra,F. Seabra,126977,CFC,294,0,True,https://s3.glbimg.com/v1/AUTH_58d78b787ec34892b5aaa0c7a146155f/clubes_2026/silhuetas/CFC/FORMATO.png,19,5.18,Fernando Seabra,4.47,6,7.88,19,fernando-seabra,7,0.25,,,,,,,,,,,,,,,,,,,,7.0
Paulinho,Paulinho,126996,VAS,267,0,False,https://s3.glbimg.com/v1/AUTH_58d78b787ec34892b5aaa0c7a146155f/clubes_2026/silhuetas/VAS/FORMATO.png,0,0.0,Paulo Ricardo Alves Ibelli,0.0,2,4.0,19,paulinho,6,0.0,,,,,,,,,,,,,,,,,,,,
Bahia,Bahia,127242,COR,264,0,False,https://s3.glbimg.com/v1/AUTH_58d78b787ec34892b5aaa0c7a146155f/clubes_2026/silhuetas/COR/FORMATO.png,0,0.0,Luiz Gustavo Lemos Carvalho,0.0,4,2.0,19,bahia,6,0.0,,,,,,,,,,,,,,,,,,,,
Artur Jorge,A. Jorge,127273,CRU,283,0,True,https://s3.glbimg.com/v1/AUTH_58d78b787ec34892b5aaa0c7a146155f/clubes_2026/silhuetas/CRU/FORMATO.png,11,6.44,Artur Jorge Torres Gomes Araújo Amorim,7.65,6,12.2,19,artur-jorge,7,0.33,,,,,,,,,,,,,,,,,,,,7.0
Júlio Fidelis,J. Fidelis,127932,FLU,266,0,False,https://s3.glbimg.com/v1/AUTH_58d78b787ec34892b5aaa0c7a146155f/clubes_2026/silhuetas/FLU/FORMATO.png,0,0.0,Julio Cesar Lima Fidelis,0.0,2,2.0,19,julio-fidelis,6,0.0,,,,,,,,,,,,,,,,,,,,
Matheus Reis,M. Reis,127969,FLU,266,0,False,https://s3.glbimg.com/v1/AUTH_58d78b787ec34892b5aaa0c7a146155f/clubes_2026/silhuetas/FLU/FORMATO.png,0,0.0,Matheus dos Reis Francisco,0.0,5,1.0,19,matheus-reis,5,0.0,,,,,,,,,,,,,,,,,,,,
Felipe Chiqueti,F. Chiqueti,127970,CAP,293,0,False,https://s3.glbimg.com/v1/AUTH_58d78b787ec34892b5aaa0c7a146155f/clubes_2026/silhuetas/CAP/FORMATO.png,7,1.35,Felipe Chiqueti Bandeira,0.0,4,2.07,19,felipe-chiqueti,6,0.0,,1.0,,,,4.0,8.0,1.0,2.0,8.0,,,,,,,,,,
Pedro Emanuel,P. Emanuel,128177,VAS,267,0,False,https://s3.glbimg.com/v1/AUTH_58d78b787ec34892b5aaa0c7a146155f/clubes_2026/silhuetas/VAS/FORMATO.png,0,0.0,Pedro Emanuel dos Santos Martins Silva,0.0,6,9.79,19,pedro-emanuel,7,0.0,,,,,,,,,,,,,,,,,,,,
Alejandro García,A. García,128427,CAP,293,0,False,https://s3.glbimg.com/v1/AUTH_58d78b787ec34892b5aaa0c7a146155f/clubes_2026/silhuetas/CAP/FORMATO.png,0,0.0,Alejandro García Castillo,0.0,4,4.0,19,alejandro-garcia,6,0.0,,,,,,,,,,,,,,,,,,,,
João Cruz,J. Cruz,128431,CAP,293,0,True,https://s3.glbimg.com/v1/AUTH_58d78b787ec34892b5aaa0c7a146155f/clubes_2026/silhuetas/CAP/FORMATO.png,12,3.16,João Victor Machado Cruz,-0.3,4,4.88,19,joao-cruz,7,-1.57,3.0,1.0,,,,10.0,9.0,4.0,6.0,4.0,,,,,1.0,,,,,
Johan Rojas,J. Rojas,128433,VAS,267,0,False,https://s3.glbimg.com/v1/AUTH_58d78b787ec34892b5aaa0c7a146155f/clubes_2026/silhuetas/VAS/FORMATO.png,15,1.63,Johan Rojas Echavarría,0.0,4,4.09,19,johan-rojas,7,0.0,1.0,3.0,,,,5.0,13.0,8.0,6.0,3.0,1.0,,,,3.0,,,,,
Wendel,Wendel,129661,BAH,265,0,False,https://s3.glbimg.com/v1/AUTH_58d78b787ec34892b5aaa0c7a146155f/clubes_2026/silhuetas/BAH/FORMATO.png,0,0.0,Wendel Silva Passos,0.0,4,1.0,19,wendel,6,0.0,,,,,,,,,,,,,,,,,,,,
Ruan Pablo,R. Pablo,129663,BAH,265,0,True,https://s3.glbimg.com/v1/AUTH_58d78b787ec34892b5aaa0c7a146155f/clubes_2026/silhuetas/BAH/FORMATO.png,1,0.0,Ruan Pablo Barbosa Sousa,0.0,5,1.81,19,ruan-pablo,6,-0.19,,,,,,,,,,,,,,,,,,,,
Pablo,Pablo,129665,VAS,267,0,False,https://s3.glbimg.com/v1/AUTH_58d78b787ec34892b5aaa0c7a146155f/clubes_2026/silhuetas/VAS/FORMATO.png,0,0.0,Pablo de Paula Cardoso,0.0,1,1.0,19,pablo,6,0.0,,,,,,,,,,,,,,,,,,,,
JP,JP,129666,VAS,267,0,False,https://s3.glbimg.com/v1/AUTH_58d78b787ec34892b5aaa0c7a146155f/clubes_2026/silhuetas/VAS/FORMATO.png,2,0.95,João Pedro Murilo de Paula Morais,0.0,4,1.41,19,jp,6,0.0,,,,,,1.0,3.0,,1.0,1.0,,,,,,,,,,
Cristhian Loor,C. Loor,129930,BOT,263,0,False,https://s3.glbimg.com/v1/AUTH_58d78b787ec34892b5aaa0c7a146155f/clubes_2026/silhuetas/BOT/FORMATO.png,0,0.0,Cristhian Joel Loor Santamaría - Christian,0.0,1,2.0,19,cristhian-loor,6,0.0,,,,,,,,,,,,,,,,,,,,
Noriega,Noriega,130048,GRE,284,0,False,https://s3.glbimg.com/v1/AUTH_58d78b787ec34892b5aaa0c7a146155f/clubes_2026/silhuetas/GRE/FORMATO.png,13,4.31,Erick Carlos Noriega Loret de Mola,0.0,3,7.6,19,noriega,6,0.0,1.0,2.0,,,,15.0,16.0,2.0,3.0,15.0,,1.0,,,,,,,3.0,
Léo Nannetti,L. Nannetti,130189,FLA,262,0,False,https://s3.glbimg.com/v1/AUTH_58d78b787ec34892b5aaa0c7a146155f/clubes_2026/silhuetas/FLA/FORMATO.png,0,0.0,Leonardo Nannetti Lopes,0.0,1,2.0,19,leo-nannetti,6,0.0,,,,,,,,,,,,,,,,,,,,
Renê,Renê,130209,VIT,287,0,False,https://s3.glbimg.com/v1/AUTH_58d78b787ec34892b5aaa0c7a146155f/clubes_2026/silhuetas/VIT/FORMATO.png,10,8.04,Carlos Renê de Sousa Ferreira - Souza,0.0,5,11.11,19,rene,7,0.0,1.0,2.0,,,,8.0,10.0,9.0,4.0,23.0,1.0,5.0,,,1.0,,,,,
Caio Roque,C. Roque,130232,BOT,263,0,False,https://s3.glbimg.com/v1/AUTH_58d78b787ec34892b5aaa0c7a146155f/clubes_2026/silhuetas/BOT/FORMATO.png,3,4.0,Caio Alves Roque Gomes,0.0,2,5.72,19,caio-roque,6,0.0,1.0,,,,,4.0,,,,2.0,,,,,,,,,,
Iuri,Iuri,130233,BAH,265,0,False,https://s3.glbimg.com/v1/AUTH_58d78b787ec34892b5aaa0c7a146155f/clubes_2026/silhuetas/BAH/FORMATO.png,0,0.0,Iuri Jean Carlo Neres dos Santos,0.0,1,1.0,19,iuri,6,0.0,,,,,,,,,,,,,,,,,,,,
Lukas Zuccarello,L. Zuccarello,130279,VAS,267,0,False,https://s3.glbimg.com/v1/AUTH_58d78b787ec34892b5aaa0c7a146155f/clubes_2026/silhuetas/VAS/FORMATO.png,1,1.3,Lukas Rocha Zuccarello,0.0,4,2.32,19,lukas-zuccarello,6,0.0,,,,,,,,,1.0,1.0,,,,,,,,,,
Phillipe Gabriel,P. Gabriel,130280,VAS,267,0,False,https://s3.glbimg.com/v1/AUTH_58d78b787ec34892b5aaa0c7a146155f/clubes_2026/silhuetas/VAS/FORMATO.png,0,0.0,Phillipe Gabriel Pires de Oliveira,0.0,1,1.0,19,phillipe-gabriel,6,0.0,,,,,,,,,,,,,,,,,,,,
Anthony,Anthony,130282,BOT,263,0,False,https://s3.glbimg.com/v1/AUTH_58d78b787ec34892b5aaa0c7a146155f/clubes_2026/silhuetas/BOT/FORMATO.png,0,0.0,Anthony Wesley Ciriano Oliveira,0.0,3,3.0,19,anthony,6,0.0,,,,,,,,,,,,,,,,,,,,
Matheus Dias,M. Dias,130283,CFC,294,0,False,https://s3.glbimg.com/v1/AUTH_58d78b787ec34892b5aaa0c7a146155f/clubes_2026/silhuetas/CFC/FORMATO.png,0,0.0,Matheus Dalsasso Dias,0.0,4,1.0,19,matheus-dias,6,0.0,,,,,,,,,,,,,,,,,,,,
Wallace,Wallace,130307,GRE,284,0,False,https://s3.glbimg.com/v1/AUTH_58d78b787ec34892b5aaa0c7a146155f/clubes_2026/silhuetas/GRE/FORMATO.png,0,0.0,Wallace Gomes da Silva Santos,0.0,3,3.0,19,wallace,6,0.0,,,,,,,,,,,,,,,,,,,,
Rodrigo Falcão,R. Falcão,130309,SAN,277,0,False,https://s3.glbimg.com/v1/AUTH_58d78b787ec34892b5aaa0c7a146155f/clubes_2026/silhuetas/SAN/FORMATO.png,0,0.0,Rodrigo Plazezwski Falcão,0.0,1,1.0,19,rodrigo-falcao,6,0.0,,,,,,,,,,,,,,,,,,,,
Guilherme Gomes,G. Gomes,130382,FLA,262,0,False,https://s3.glbimg.com/v1/AUTH_58d78b787ec34892b5aaa0c7a146155f/clubes_2026/silhuetas/FLA/FORMATO.png,0,0.0,Guilherme Henrique Bernardineli Gomes,0.0,4,3.0,19,guilherme-gomes,6,0.0,,,,,,,,,,,,,,,,,,,,
Luiz Gustavo,L. Gustavo,130393,BAH,265,0,False,https://s3.glbimg.com/v1/AUTH_58d78b787ec34892b5aaa0c7a146155f/clubes_2026/silhuetas/BAH/FORMATO.png,0,0.0,Luiz Gustavo Marinho Ribeiro dos Santos,0.0,3,1.0,19,luiz-gustavo,6,0.0,,,,,,,,,,,,,,,,,,,,
Igor Felisberto,I. Felisberto,130399,SAO,276,0,False,https://s3.glbimg.com/v1/AUTH_58d78b787ec34892b5aaa0c7a146155f/clubes_2026/silhuetas/SAO/FORMATO.png,0,0.0,Igor Teixeira Felisberto,0.0,2,1.0,19,igor-felisberto,6,0.0,,,,,,,,,,,,,,,,,,,,
Robert,Robert,130414,CHA,315,0,False,https://s3.glbimg.com/v1/AUTH_58d78b787ec34892b5aaa0c7a146155f/clubes_2026/silhuetas/CHA/FORMATO.png,1,3.0,Robert dos Santos Conceição,0.0,4,3.51,19,robert,5,0.0,,,,,,2.0,,,,,,,,,,,,,,
Diego,Diego,130438,INT,285,0,False,https://s3.glbimg.com/v1/AUTH_58d78b787ec34892b5aaa0c7a146155f/clubes_2026/silhuetas/INT/FORMATO.png,0,0.0,Diego Esser Pereira,0.0,1,1.0,19,diego,6,0.0,,,,,,,,,,,,,,,,,,,,
Luciano,Luciano,130443,CHA,315,0,False,https://s3.glbimg.com/v1/AUTH_58d78b787ec34892b5aaa0c7a146155f/clubes_2026/silhuetas/CHA/FORMATO.png,0,0.0,Luciano Bertolo Ludwig,0.0,3,1.0,19,luciano,6,0.0,,,,,,,,,,,,,,,,,,,,
Riquelme Fillipi,R. Fillipi,130608,PAL,275,0,True,https://s3.glbimg.com/v1/AUTH_58d78b787ec34892b5aaa0c7a146155f/clubes_2026/silhuetas/PAL/FORMATO.png,3,1.37,Riquelme Fillipi Marinho de Souza,-0.3,5,1.46,19,riquelme-fillipi,6,-0.58,,,,,,2.0,2.0,1.0,,1.0,,,,,,,,,,
Luighi,Luighi,130612,PAL,275,0,False,https://s3.glbimg.com/v1/AUTH_58d78b787ec34892b5aaa0c7a146155f/clubes_2026/silhuetas/PAL/FORMATO.png,7,1.32,Luighi Hanri Sousa Santos,0.0,5,3.06,19,luighi,6,0.0,,2.0,,,,5.0,7.0,1.0,2.0,6.0,,,,,,,,,,
Edenílson,Edenílson,130620,VIT,287,0,False,https://s3.glbimg.com/v1/AUTH_58d78b787ec34892b5aaa0c7a146155f/clubes_2026/silhuetas/VIT/FORMATO.png,8,1.74,Edenílson Santos Nascimento Filho,0.0,4,3.28,19,edenilson,6,0.0,,1.0,1.0,,,13.0,7.0,,,1.0,,,,,,,,,,
Kadu,Kadu,130698,BOT,263,0,False,https://s3.glbimg.com/v1/AUTH_58d78b787ec34892b5aaa0c7a146155f/clubes_2026/silhuetas/BOT/FORMATO.png,0,0.0,Carlos Eduardo da Silva Santos,0.0,2,1.0,19,kadu,6,0.0,,,,,,,,,,,,,,,,,,,,
Kauan,Kauan,130806,CHA,315,0,False,https://s3.glbimg.com/v1/AUTH_58d78b787ec34892b5aaa0c7a146155f/clubes_2026/silhuetas/CHA/FORMATO.png,0,0.0,Kauan Faria Gomes,0.0,3,1.0,19,kauan,6,0.0,,,,,,,,,,,,,,,,,,,,
Matheus Soares,M. Soares,130842,CAP,293,0,False,https://s3.glbimg.com/v1/AUTH_58d78b787ec34892b5aaa0c7a146155f/clubes_2026/silhuetas/CAP/FORMATO.png,0,0.0,Matheus Soares Rocha,0.0,1,1.0,19,matheus-soares,6,0.0,,,,,,,,,,,,,,,,,,,,
Arthur Dias,A. Dias,130843,CAP,293,0,True,https://s3.glbimg.com/v1/AUTH_58d78b787ec34892b5aaa0c7a146155f/clubes_2026/silhuetas/CAP/FORMATO.png,16,3.49,Arthur dos Santos Barbosa Dias,-0.4,3,5.39,19,arthur-dias,3,-0.65,,5.0,,,,21.0,11.0,,4.0,9.0,,,,,1.0,,,,5.0,
Zé Breno,Z. Breno,130847,VIT,287,0,False,https://s3.glbimg.com/v1/AUTH_58d78b787ec34892b5aaa0c7a146155f/clubes_2026/silhuetas/VIT/FORMATO.png,2,0.6,José Breno Silva Costa,0.0,4,2.04,19,ze-breno,6,0.0,,,,,,1.0,1.0,,,,,,,,,,,,,
Riquelme,Riquelme,130889,GRE,284,0,False,https://s3.glbimg.com/v1/AUTH_58d78b787ec34892b5aaa0c7a146155f/clubes_2026/silhuetas/GRE/FORMATO.png,2,-1.45,Riquelme Freitas dos Santos,0.0,4,2.42,19,riquelme,6,0.0,,,1.0,,,,3.0,,,2.0,,,,,,,,,,
Riquelme,Riquelme,130906,CAP,293,0,False,https://s3.glbimg.com/v1/AUTH_58d78b787ec34892b5aaa0c7a146155f/clubes_2026/silhuetas/CAP/FORMATO.png,4,0.58,Diogo Riquelme Rivas do Nascimento,0.0,4,0.91,19,riquelme,6,0.0,,1.0,,,,2.0,3.0,1.0,,,,,,,,,,,,
Thiago Azaf,T. Azaf,131279,CFC,294,0,False,https://s3.glbimg.com/v1/AUTH_58d78b787ec34892b5aaa0c7a146155f/clubes_2026/silhuetas/CFC/FORMATO.png,0,0.0,Thiago Azaf Siqueira Soares,0.0,5,1.0,19,thiago-azaf,6,0.0,,,,,,,,,,,,,,,,,,,,
JP Chermont,J. Chermont,131516,CFC,294,0,True,https://s3.glbimg.com/v1/AUTH_58d78b787ec34892b5aaa0c7a146155f/clubes_2026/silhuetas/CFC/FORMATO.png,12,2.7,João Pedro Chermont Crema,0.0,2,4.51,19,jp-chermont,6,-0.38,1.0,,,,,6.0,3.0,2.0,,4.0,,,,,,,,,3.0,
André Silva,A. Silva,131617,SAO,276,0,True,https://s3.glbimg.com/v1/AUTH_58d78b787ec34892b5aaa0c7a146155f/clubes_2026/silhuetas/SAO/FORMATO.png,11,0.38,André Oliveira e Silva,0.0,5,3.62,19,andre-silva,6,-0.04,,3.0,,,,1.0,10.0,4.0,1.0,6.0,,,,,,,,,,
Felipe Longo,F. Longo,131753,COR,264,0,False,https://s3.glbimg.com/v1/AUTH_58d78b787ec34892b5aaa0c7a146155f/clubes_2026/silhuetas/COR/FORMATO.png,0,0.0,Felipe Longo Fernandes da Silva,0.0,1,2.0,19,felipe-longo,6,0.0,,,,,,,,,,,,,,,,,,,,
Isac,Isac,131762,SAO,276,0,False,https://s3.glbimg.com/v1/AUTH_58d78b787ec34892b5aaa0c7a146155f/clubes_2026/silhuetas/SAO/FORMATO.png,0,0.0,Isac Silvestre da Silva,0.0,3,1.0,19,isac,6,0.0,,,,,,,,,,,,,,,,,,,,
Filipinho,Filipinho,131766,RBB,280,0,False,https://s3.glbimg.com/v1/AUTH_58d78b787ec34892b5aaa0c7a146155f/clubes_2026/silhuetas/RBB/FORMATO.png,0,0.0,Filipe Gabriel Rios Rodrigues,0.0,5,1.0,19,filipinho,6,0.0,,,,,,,,,,,,,,,,,,,,
Portilla,Portilla,131832,CAP,293,0,False,https://s3.glbimg.com/v1/AUTH_58d78b787ec34892b5aaa0c7a146155f/clubes_2026/silhuetas/CAP/FORMATO.png,13,1.22,Juan Camilo Portilla Orozco,0.0,4,2.62,19,portilla,6,0.0,,3.0,,,,11.0,19.0,1.0,3.0,9.0,,,,,,,,,,
Jhoan Hernández,J. Hernández,131964,BOT,263,0,False,https://s3.glbimg.com/v1/AUTH_58d78b787ec34892b5aaa0c7a146155f/clubes_2026/silhuetas/BOT/FORMATO.png,1,0.0,Jhoan Hernández Mejía,0.0,2,3.69,19,jhoan-hernandez,6,0.0,,,,,,,,,,,,,,,,,,,,
Villarreal,Villarreal,131967,CRU,283,0,True,https://s3.glbimg.com/v1/AUTH_58d78b787ec34892b5aaa0c7a146155f/clubes_2026/silhuetas/CRU/FORMATO.png,12,5.65,Neyser Villarreal - Neiser,2.4,5,8.62,19,villarreal,6,-0.62,1.0,,,,,11.0,9.0,5.0,11.0,15.0,1.0,3.0,,,2.0,,,,,
Serna,Serna,132071,FLU,266,0,False,https://s3.glbimg.com/v1/AUTH_58d78b787ec34892b5aaa0c7a146155f/clubes_2026/silhuetas/FLU/FORMATO.png,18,2.96,Kevin Steven Serna Jaramillo,0.0,5,6.92,19,serna,7,0.0,1.0,1.0,,,,13.0,16.0,5.0,9.0,22.0,1.0,1.0,,,6.0,,,,,
Arroyo,Arroyo,132264,CRU,283,0,False,https://s3.glbimg.com/v1/AUTH_58d78b787ec34892b5aaa0c7a146155f/clubes_2026/silhuetas/CRU/FORMATO.png,15,3.31,Keny Alexander Arroyo Alvarado,0.0,5,5.26,19,arroyo,5,0.0,1.0,3.0,1.0,,,8.0,15.0,8.0,9.0,21.0,,2.0,,,2.0,,,,,
Ignacio Sosa,I. Sosa,132274,RBB,280,0,False,https://s3.glbimg.com/v1/AUTH_58d78b787ec34892b5aaa0c7a146155f/clubes_2026/silhuetas/RBB/FORMATO.png,14,1.58,Ignacio Sosa Ospital,0.0,4,3.65,19,ignacio-sosa,6,0.0,,4.0,,,,13.0,15.0,1.0,1.0,18.0,,,,,,,,,,
Román Gómez,R. Gómez,132412,BAH,265,0,True,https://s3.glbimg.com/v1/AUTH_58d78b787ec34892b5aaa0c7a146155f/clubes_2026/silhuetas/BAH/FORMATO.png,4,5.43,Román Agustín Gómez,7.4,2,8.77,19,roman-gomez,7,1.02,,1.0,,,,10.0,5.0,,4.0,2.0,,,,,,,,,1.0,
Jemmes,Jemmes,132553,FLU,266,0,False,https://s3.glbimg.com/v1/AUTH_58d78b787ec34892b5aaa0c7a146155f/clubes_2026/silhuetas/FLU/FORMATO.png,14,3.63,Jemmes Bruno Ribeiro da Silva,0.0,3,7.38,19,jemmes,5,0.0,1.0,3.0,,,,21.0,10.0,,2.0,8.0,,,,,1.0,,,,3.0,
Vinicinho,Vinicinho,132580,RBB,280,0,False,https://s3.glbimg.com/v1/AUTH_58d78b787ec34892b5aaa0c7a146155f/clubes_2026/silhuetas/RBB/FORMATO.png,8,2.48,Vinicius Mendonça Pereira,0.0,5,4.27,19,vinicinho,6,0.0,,,,,,8.0,1.0,1.0,,14.0,,,,,1.0,,,,,
João Pedro,J. Pedro,132750,SAN,277,0,False,https://s3.glbimg.com/v1/AUTH_58d78b787ec34892b5aaa0c7a146155f/clubes_2026/silhuetas/SAN/FORMATO.png,0,0.0,João Pedro Lucio da Silva,0.0,1,1.0,19,joao-pedro,6,0.0,,,,,,,,,,,,,,,,,,,,
Gui Negão,G. Negão,133543,COR,264,0,False,https://s3.glbimg.com/v1/AUTH_58d78b787ec34892b5aaa0c7a146155f/clubes_2026/silhuetas/COR/FORMATO.png,4,1.35,Guilherme William Silva Inácio,0.0,5,3.97,19,gui-negao,6,0.0,,,,,,4.0,2.0,,,,,,,,,,,,,
Gustavo Reis,G. Reis,133671,RBB,280,0,False,https://s3.glbimg.com/v1/AUTH_58d78b787ec34892b5aaa0c7a146155f/clubes_2026/silhuetas/RBB/FORMATO.png,0,0.0,Gustavo Reis de Alcântara,0.0,1,1.0,19,gustavo-reis,6,0.0,,,,,,,,,,,,,,,,,,,,
Mateus Xavier,M. Xavier,133673,SAN,277,0,False,https://s3.glbimg.com/v1/AUTH_58d78b787ec34892b5aaa0c7a146155f/clubes_2026/silhuetas/SAN/FORMATO.png,1,1.2,Mateus Xavier de Sousa,0.0,5,2.33,19,mateus-xavier,6,0.0,,,,,,1.0,1.0,,,,,,,,,,,,,
Benedetti,Benedetti,133679,PAL,275,0,False,https://s3.glbimg.com/v1/AUTH_58d78b787ec34892b5aaa0c7a146155f/clubes_2026/silhuetas/PAL/FORMATO.png,2,4.85,Luis Gustavo Roncholeta Benedetti - Luiz,0.0,3,5.42,19,benedetti,6,0.0,,,,,,,1.0,,,,,,,,,,,,2.0,
Bruno Lopes,B. Lopes,133690,VAS,267,0,False,https://s3.glbimg.com/v1/AUTH_58d78b787ec34892b5aaa0c7a146155f/clubes_2026/silhuetas/VAS/FORMATO.png,1,1.7,Bruno Lopes Ferreira,0.0,5,1.57,19,bruno-lopes,6,0.0,,,,,,,1.0,1.0,1.0,,,,,,,,,,,
Wallace Davi,W. Davi,133696,BOT,263,0,False,https://s3.glbimg.com/v1/AUTH_58d78b787ec34892b5aaa0c7a146155f/clubes_2026/silhuetas/BOT/FORMATO.png,0,0.0,Wallace Davi Nunes da Silva Dias,0.0,4,4.0,19,wallace-davi,6,0.0,,,,,,,,,,,,,,,,,,,,
Larson,Larson,136156,PAL,275,0,False,https://s3.glbimg.com/v1/AUTH_58d78b787ec34892b5aaa0c7a146155f/clubes_2026/silhuetas/PAL/FORMATO.png,4,0.48,Larson Torna Ferreira dos Santos,0.0,4,2.1,19,larson,6,0.0,,,,,,,2.0,1.0,1.0,1.0,,,,,,,,,,
Sanabria,Sanabria,136955,BAH,265,0,False,https://s3.glbimg.com/v1/AUTH_58d78b787ec34892b5aaa0c7a146155f/clubes_2026/silhuetas/BAH/FORMATO.png,11,3.04,Mateo Naín Sanabria Doracio,0.0,5,6.07,19,sanabria,6,0.0,1.0,1.0,,,,3.0,9.0,2.0,6.0,9.0,,2.0,,,1.0,,,,,
Kaique Kenji,K. Kenji,137542,CRU,283,0,False,https://s3.glbimg.com/v1/AUTH_58d78b787ec34892b5aaa0c7a146155f/clubes_2026/silhuetas/CRU/FORMATO.png,7,1.44,Kaique Kenji Takamura Correa,0.0,5,2.43,19,kaique-kenji,6,0.0,,2.0,,,,,3.0,2.0,2.0,2.0,,1.0,,,,,,,,
Tevis,Tevis,137543,CRU,283,0,False,https://s3.glbimg.com/v1/AUTH_58d78b787ec34892b5aaa0c7a146155f/clubes_2026/silhuetas/CRU/FORMATO.png,0,0.0,Tevis Gabriel Alves Santos,0.0,5,2.0,19,tevis,6,0.0,,,,,,,,,,,,,,,,,,,,
Clayton Sampaio,C. Sampaio,137618,INT,285,0,False,https://s3.glbimg.com/v1/AUTH_58d78b787ec34892b5aaa0c7a146155f/clubes_2026/silhuetas/INT/FORMATO.png,0,-1.0,Clayton Sampaio Pereira,0.0,3,2.63,19,clayton-sampaio,6,0.0,,1.0,,,,,,,,,,,,,,,,,,
Palacios,Palacios,138021,RBB,280,0,False,https://s3.glbimg.com/v1/AUTH_58d78b787ec34892b5aaa0c7a146155f/clubes_2026/silhuetas/RBB/FORMATO.png,0,0.0,Sergio Stevan Palacios Zapata,0.0,3,3.0,19,palacios,6,0.0,,,,,,,,,,,,,,,,,,,,
Pedro Kauã,P. Kauã,139200,INT,285,0,False,https://s3.glbimg.com/v1/AUTH_58d78b787ec34892b5aaa0c7a146155f/clubes_2026/silhuetas/INT/FORMATO.png,0,0.0,Pedro Kauã Rodrigues Machado,0.0,3,1.0,19,pedro-kaua,6,0.0,,,,,,,,,,,,,,,,,,,,
David,David,140438,CHA,315,0,True,https://s3.glbimg.com/v1/AUTH_58d78b787ec34892b5aaa0c7a146155f/clubes_2026/silhuetas/CHA/FORMATO.png,5,0.86,David Antunes da Silva,0.0,4,1.13,19,david,7,-0.33,,,,,,2.0,2.0,,3.0,1.0,,,,,,1.0,,,,
Riquelme Felipe,R. Felipe,140484,FLU,266,0,False,https://s3.glbimg.com/v1/AUTH_58d78b787ec34892b5aaa0c7a146155f/clubes_2026/silhuetas/FLU/FORMATO.png,3,0.7,Riquelme Felipe Silva de Almeida,0.0,5,3.53,19,riquelme-felipe,6,0.0,,1.0,,,,2.0,3.0,,,2.0,,,,,,,,,,
João Victor,J. Victor,140492,FLA,262,0,False,https://s3.glbimg.com/v1/AUTH_58d78b787ec34892b5aaa0c7a146155f/clubes_2026/silhuetas/FLA/FORMATO.png,1,6.5,João Victor de Souza Cunha,0.0,3,4.34,19,joao-victor,6,0.0,,,,,,1.0,,,,,,,,,,,,,1.0,
Tiaguinho,Tiaguinho,140496,GRE,284,0,False,https://s3.glbimg.com/v1/AUTH_58d78b787ec34892b5aaa0c7a146155f/clubes_2026/silhuetas/GRE/FORMATO.png,1,0.0,Tiago Augusto Gonçalves,0.0,4,0.93,19,tiaguinho,6,0.0,,,,,,,,,,,,,,,,,,,,
Ryan Francisco,R. Francisco,140542,SAO,276,0,False,https://s3.glbimg.com/v1/AUTH_58d78b787ec34892b5aaa0c7a146155f/clubes_2026/silhuetas/SAO/FORMATO.png,0,0.0,Ryan Francisco Rodrigues dos Santos Silva,0.0,5,5.0,19,ryan-francisco,6,0.0,,,,,,,,,,,,,,,,,,,,
David Martins,D. Martins,140726,BAH,265,0,False,https://s3.glbimg.com/v1/AUTH_58d78b787ec34892b5aaa0c7a146155f/clubes_2026/silhuetas/BAH/FORMATO.png,2,-0.15,David Martins Almeida de Lira,0.0,4,0.72,19,david-martins,6,0.0,,,,,,,1.0,,,,,,,,,,,,,
Davi Gomes,D. Gomes,140906,RBB,280,0,False,https://s3.glbimg.com/v1/AUTH_58d78b787ec34892b5aaa0c7a146155f/clubes_2026/silhuetas/RBB/FORMATO.png,2,4.25,Davi Gomes de Alvarenga,0.0,5,5.19,19,davi-gomes,5,0.0,,,,,,1.0,,2.0,2.0,,1.0,,,,,,,,,
Robert,Robert,141125,CAM,282,0,False,https://s3.glbimg.com/v1/AUTH_58d78b787ec34892b5aaa0c7a146155f/clubes_2026/silhuetas/CAM/FORMATO.png,0,0.0,Robert Pinto Alves Assunção,0.0,1,1.0,19,robert,6,0.0,,,,,,,,,,,,,,,,,,,,
Pedro Cobra,P. Cobra,141126,CAM,282,0,False,https://s3.glbimg.com/v1/AUTH_58d78b787ec34892b5aaa0c7a146155f/clubes_2026/silhuetas/CAM/FORMATO.png,0,0.0,Pedro Cobra Rodrigues,0.0,1,1.0,19,pedro-cobra,6,0.0,,,,,,,,,,,,,,,,,,,,
Vitão,Vitão,141131,CAM,282,0,False,https://s3.glbimg.com/v1/AUTH_58d78b787ec34892b5aaa0c7a146155f/clubes_2026/silhuetas/CAM/FORMATO.png,0,0.0,Vitor Fernandes Chaves Teixeira,0.0,3,1.0,19,vitao,6,0.0,,,,,,,,,,,,,,,,,,,,
Enzo Vagner,E. Vagner,141165,CFC,294,0,False,https://s3.glbimg.com/v1/AUTH_58d78b787ec34892b5aaa0c7a146155f/clubes_2026/silhuetas/CFC/FORMATO.png,1,0.5,Enzo Vágner Moraes de Souza,0.0,5,1.04,19,enzo-vagner,6,0.0,,,,,,,1.0,,1.0,,,,,,,,,,,
Walace Falcão,W. Falcão,141184,VAS,267,0,False,https://s3.glbimg.com/v1/AUTH_58d78b787ec34892b5aaa0c7a146155f/clubes_2026/silhuetas/VAS/FORMATO.png,0,0.0,Wallace Fernandes Alves Falcão,0.0,3,1.0,19,walace-falcao,6,0.0,,,,,,,,,,,,,,,,,,,,
Lucas Taverna,L. Taverna,141337,CFC,294,0,False,https://s3.glbimg.com/v1/AUTH_58d78b787ec34892b5aaa0c7a146155f/clubes_2026/silhuetas/CFC/FORMATO.png,3,2.1,Lucas Taverna,0.0,2,2.58,19,lucas-taverna,6,0.0,,1.0,,,,2.0,4.0,,,1.0,,,,,,,,,1.0,
Paulo Roberto,P. Roberto,141339,CFC,294,0,True,https://s3.glbimg.com/v1/AUTH_58d78b787ec34892b5aaa0c7a146155f/clubes_2026/silhuetas/CFC/FORMATO.png,1,9.5,Paulo Roberto da Silva Souza,9.5,5,4.6,19,paulo-roberto,6,3.6,,,,,,1.0,,,,,,1.0,,,,,,,,
Gustavo Santana,G. Santana,141382,SAO,276,0,False,https://s3.glbimg.com/v1/AUTH_58d78b787ec34892b5aaa0c7a146155f/clubes_2026/silhuetas/SAO/FORMATO.png,0,0.0,Gustavo Domingos Santana,0.0,5,2.0,19,gustavo-santana,6,0.0,,,,,,,,,,,,,,,,,,,,
João Victor,J. Victor,141385,REM,364,0,False,https://s3.glbimg.com/v1/AUTH_58d78b787ec34892b5aaa0c7a146155f/clubes_2026/silhuetas/REM/FORMATO.png,0,0.0,João Victor Ferreira da Silva,0.0,1,1.0,19,joao-victor,6,0.0,,,,,,,,,,,,,,,,,,,,
Marcos Alexandre,M. Alexandre,141386,REM,364,0,False,https://s3.glbimg.com/v1/AUTH_58d78b787ec34892b5aaa0c7a146155f/clubes_2026/silhuetas/REM/FORMATO.png,0,0.0,Marcos Alexandre Ferreira Campos Filho,0.0,1,1.0,19,marcos-alexandre,6,0.0,,,,,,,,,,,,,,,,,,,,
Huguinho,Huguinho,141400,BOT,263,0,False,https://s3.glbimg.com/v1/AUTH_58d78b787ec34892b5aaa0c7a146155f/clubes_2026/silhuetas/BOT/FORMATO.png,3,5.13,Victor Hugo Custódio de Melo Moura,0.0,4,6.02,19,huguinho,7,0.0,,1.0,,,,5.0,7.0,,,6.0,,1.0,,,,,,,,
Avellar,Avellar,141405,VAS,267,0,False,https://s3.glbimg.com/v1/AUTH_58d78b787ec34892b5aaa0c7a146155f/clubes_2026/silhuetas/VAS/FORMATO.png,1,1.5,Riquelme Avellar da Silva Fortes,0.0,2,1.49,19,avellar,6,0.0,,,,,,1.0,,,,,,,,,,,,,,
Andrey Fernandes,A. Fernandes,141406,VAS,267,0,False,https://s3.glbimg.com/v1/AUTH_58d78b787ec34892b5aaa0c7a146155f/clubes_2026/silhuetas/VAS/FORMATO.png,1,1.7,Andrey Fernandes de Oliveira Nunes,0.0,5,1.41,19,andrey-fernandes,6,0.0,,,,,,,,1.0,,1.0,,,,,,,,,,
Fredi Lippert,F. Lippert,141419,BAH,265,0,False,https://s3.glbimg.com/v1/AUTH_58d78b787ec34892b5aaa0c7a146155f/clubes_2026/silhuetas/BAH/FORMATO.png,0,0.0,Frederico Lippert Neto Gomes,0.0,3,2.0,19,fredi-lippert,6,0.0,,,,,,,,,,,,,,,,,,,,
Allan,Allan,141451,PAL,275,0,False,https://s3.glbimg.com/v1/AUTH_58d78b787ec34892b5aaa0c7a146155f/clubes_2026/silhuetas/PAL/FORMATO.png,17,6.2,Allan Andrade Elias,0.0,4,12.0,19,allan,3,0.0,2.0,3.0,1.0,,,31.0,20.0,8.0,5.0,31.0,,4.0,,,1.0,,,,,
Yuri Alves,Y. Alves,141536,RBB,280,0,False,https://s3.glbimg.com/v1/AUTH_58d78b787ec34892b5aaa0c7a146155f/clubes_2026/silhuetas/RBB/FORMATO.png,0,0.0,Yuri Alves de Aquino,0.0,4,1.0,19,yuri-alves,6,0.0,,,,,,,,,,,,,,,,,,,,
Índio,Índio,141551,CAM,282,0,False,https://s3.glbimg.com/v1/AUTH_58d78b787ec34892b5aaa0c7a146155f/clubes_2026/silhuetas/CAM/FORMATO.png,0,0.0,Hendel dos Santos Nascimento,0.0,4,1.0,19,indio,6,0.0,,,,,,,,,,,,,,,,,,,,
Pedro Gabriel,P. Gabriel,141594,GRE,284,0,False,https://s3.glbimg.com/v1/AUTH_58d78b787ec34892b5aaa0c7a146155f/clubes_2026/silhuetas/GRE/FORMATO.png,9,3.91,Pedro Gabriel Crisostomo Pinheiro,0.0,2,5.12,19,pedro-gabriel,6,0.0,1.0,3.0,,,,8.0,14.0,3.0,1.0,2.0,,,,,,,,,4.0,
Gabriel Mec,G. Mec,141595,GRE,284,0,False,https://s3.glbimg.com/v1/AUTH_58d78b787ec34892b5aaa0c7a146155f/clubes_2026/silhuetas/GRE/FORMATO.png,14,2.82,Gabriel Ferreira de Carvalho,0.0,5,4.45,19,gabriel-mec,7,0.0,,3.0,,,,10.0,9.0,1.0,5.0,18.0,,2.0,,,,,,,,
Hugo Leonardo,H. Leonardo,141606,SAO,276,0,False,https://s3.glbimg.com/v1/AUTH_58d78b787ec34892b5aaa0c7a146155f/clubes_2026/silhuetas/SAO/FORMATO.png,1,0.0,Hugo Leonardo Nunes Fernandes Santos,0.0,4,0.91,19,hugo-leonardo,6,0.0,,,,,,,,,,,,,,,,,,,,
Lucca,Lucca,141609,SAO,276,0,False,https://s3.glbimg.com/v1/AUTH_58d78b787ec34892b5aaa0c7a146155f/clubes_2026/silhuetas/SAO/FORMATO.png,4,0.23,Lucca Marques Alencar,0.0,5,2.05,19,lucca,6,0.0,,,,,,1.0,2.0,,,,,,,,,,,,,
Maik,Maik,141611,SAO,276,0,False,https://s3.glbimg.com/v1/AUTH_58d78b787ec34892b5aaa0c7a146155f/clubes_2026/silhuetas/SAO/FORMATO.png,5,3.48,Maik Gomes Viegas,0.0,2,5.52,19,maik,6,0.0,,,,,,8.0,3.0,,1.0,1.0,,,,,,,,,1.0,
Paulinho,Paulinho,141614,SAO,276,0,False,https://s3.glbimg.com/v1/AUTH_58d78b787ec34892b5aaa0c7a146155f/clubes_2026/silhuetas/SAO/FORMATO.png,0,0.0,Paulo Sérgio Venuto Bezerra,0.0,5,2.0,19,paulinho,6,0.0,,,,,,,,,,,,,,,,,,,,
Pedro Ferreira,P. Ferreira,141615,SAO,276,0,False,https://s3.glbimg.com/v1/AUTH_58d78b787ec34892b5aaa0c7a146155f/clubes_2026/silhuetas/SAO/FORMATO.png,2,1.2,Pedro Henrique Ferreira da Silva,0.0,4,1.51,19,pedro-ferreira,6,0.0,,,,,,,1.0,1.0,,3.0,,,,,,,,,,
Pablo Lúcio,P. Lúcio,141628,FLA,262,0,False,https://s3.glbimg.com/v1/AUTH_58d78b787ec34892b5aaa0c7a146155f/clubes_2026/silhuetas/FLA/FORMATO.png,0,0.0,Pablo Lúcio,0.0,4,2.0,19,pablo-lucio,6,0.0,,,,,,,,,,,,,,,,,,,,
Caio Valle,C. Valle,141752,BOT,263,0,False,https://s3.glbimg.com/v1/AUTH_58d78b787ec34892b5aaa0c7a146155f/clubes_2026/silhuetas/BOT/FORMATO.png,0,0.0,Caio Ribeiro do Valle Silva,0.0,4,1.0,19,caio-valle,6,0.0,,,,,,,,,,,,,,,,,,,,
Gabriel Bontempo,G. Bontempo,141754,SAN,277,0,False,https://s3.glbimg.com/v1/AUTH_58d78b787ec34892b5aaa0c7a146155f/clubes_2026/silhuetas/SAN/FORMATO.png,15,3.54,Gabriel Morais Silva Bontempo,0.0,4,4.71,19,gabriel-bontempo,7,0.0,2.0,2.0,,,,22.0,7.0,1.0,5.0,16.0,,,,,,,,1.0,,
Fabiano Souza,F. Souza,141763,VIT,287,0,False,https://s3.glbimg.com/v1/AUTH_58d78b787ec34892b5aaa0c7a146155f/clubes_2026/silhuetas/VIT/FORMATO.png,0,0.0,Fabiano Josué de Souza Silva,0.0,2,5.0,19,fabiano-souza,6,0.0,,,,,,,,,,,,,,,,,,,,
Gustavo Henrique,G. Henrique,141776,SAN,277,0,False,https://s3.glbimg.com/v1/AUTH_58d78b787ec34892b5aaa0c7a146155f/clubes_2026/silhuetas/SAN/FORMATO.png,8,1.5,Gustavo Henrique Pereira,0.0,4,2.48,19,gustavo-henrique,5,0.0,,3.0,1.0,,,10.0,11.0,,1.0,11.0,,,,,,,,,,
Kauan Coutinho,K. Coutinho,141795,VIT,287,0,False,https://s3.glbimg.com/v1/AUTH_58d78b787ec34892b5aaa0c7a146155f/clubes_2026/silhuetas/VIT/FORMATO.png,0,0.0,Kauan Santos Neves Coutinho,0.0,3,1.0,19,kauan-coutinho,6,0.0,,,,,,,,,,,,,,,,,,,,
Vini Lira,V. Lira,141868,SAN,277,0,False,https://s3.glbimg.com/v1/AUTH_58d78b787ec34892b5aaa0c7a146155f/clubes_2026/silhuetas/SAN/FORMATO.png,4,2.42,Vinicius Rodrigues Lira,0.0,2,3.79,19,vini-lira,6,0.0,,1.0,,,,7.0,6.0,1.0,1.0,,,,,,,,,,,
Jacaré,Jacaré,141873,COR,264,0,False,https://s3.glbimg.com/v1/AUTH_58d78b787ec34892b5aaa0c7a146155f/clubes_2026/silhuetas/COR/FORMATO.png,0,0.0,João Vitor Barros Silva,0.0,2,2.0,19,jacare,6,0.0,,,,,,,,,,,,,,,,,,,,
Tico,Tico,141991,REM,364,0,True,https://s3.glbimg.com/v1/AUTH_58d78b787ec34892b5aaa0c7a146155f/clubes_2026/silhuetas/REM/FORMATO.png,1,0.5,Paulo Sérgio da Costa Evangelista Junior,0.5,5,1.1,19,tico,6,0.1,,,,,,,,,,1.0,,,,,,,,,,
Dieguinho,Dieguinho,141995,COR,264,0,True,https://s3.glbimg.com/v1/AUTH_58d78b787ec34892b5aaa0c7a146155f/clubes_2026/silhuetas/COR/FORMATO.png,9,1.52,Diego da Cruz Lopes,2.0,4,3.5,19,dieguinho,6,0.24,,,,,,2.0,1.0,,2.0,3.0,,1.0,,,1.0,,,,,
Amuzu,Amuzu,142004,GRE,284,0,False,https://s3.glbimg.com/v1/AUTH_58d78b787ec34892b5aaa0c7a146155f/clubes_2026/silhuetas/GRE/FORMATO.png,16,4.16,Francis Amuzu,0.0,5,7.07,19,amuzu,7,0.0,3.0,,,,,11.0,12.0,7.0,12.0,19.0,1.0,1.0,,,,,,,,
Kauan Toledo,K. Toledo,142086,BOT,263,0,False,https://s3.glbimg.com/v1/AUTH_58d78b787ec34892b5aaa0c7a146155f/clubes_2026/silhuetas/BOT/FORMATO.png,3,1.77,Kauan Almeida Toledo,0.0,5,1.95,19,kauan-toledo,7,0.0,,,,,,2.0,4.0,1.0,1.0,3.0,,,,,,,,,,
Marcelo Eráclito,M. Eráclito,142130,CRU,283,0,False,https://s3.glbimg.com/v1/AUTH_58d78b787ec34892b5aaa0c7a146155f/clubes_2026/silhuetas/CRU/FORMATO.png,0,0.0,Marcelo Eráclito de Souza Filho,0.0,1,1.0,19,marcelo-eraclito,6,0.0,,,,,,,,,,,,,,,,,,,,
Luis Eduardo,L. Eduardo,142257,GRE,284,0,False,https://s3.glbimg.com/v1/AUTH_58d78b787ec34892b5aaa0c7a146155f/clubes_2026/silhuetas/GRE/FORMATO.png,2,-0.3,Luis Eduardo Guedes de Souza,0.0,3,1.45,19,luis-eduardo,6,0.0,,,,,,,2.0,,,,,,,,,,,,,
Bernardo Zortea,B. Zortea,142260,GRE,284,0,False,https://s3.glbimg.com/v1/AUTH_58d78b787ec34892b5aaa0c7a146155f/clubes_2026/silhuetas/GRE/FORMATO.png,3,0.13,Bernardo Schons Zortea,0.0,4,0.77,19,bernardo-zortea,6,0.0,,,,,,1.0,3.0,,1.0,,,,,,,1.0,,,,
Jeferson,Jeferson,142261,GRE,284,0,False,https://s3.glbimg.com/v1/AUTH_58d78b787ec34892b5aaa0c7a146155f/clubes_2026/silhuetas/GRE/FORMATO.png,0,0.0,Jeferson Borges dos Santos,0.0,5,1.0,19,jeferson,6,0.0,,,,,,,,,,,,,,,,,,,,
Dell,Dell,142265,BAH,265,0,False,https://s3.glbimg.com/v1/AUTH_58d78b787ec34892b5aaa0c7a146155f/clubes_2026/silhuetas/BAH/FORMATO.png,4,0.65,Wendeson Wanderley Santos de Melo,0.0,5,1.82,19,dell,6,0.0,,,1.0,,,2.0,3.0,1.0,1.0,3.0,,,,,,,,,,
Luiz Felipe,L. Felipe,142275,FLA,262,0,False,https://s3.glbimg.com/v1/AUTH_58d78b787ec34892b5aaa0c7a146155f/clubes_2026/silhuetas/FLA/FORMATO.png,0,0.0,Luiz Felipe Mariano dos Santos,0.0,4,1.0,19,luiz-felipe,6,0.0,,,,,,,,,,,,,,,,,,,,
Nuno Moreira,N. Moreira,142279,VAS,267,0,False,https://s3.glbimg.com/v1/AUTH_58d78b787ec34892b5aaa0c7a146155f/clubes_2026/silhuetas/VAS/FORMATO.png,15,2.3,Nuno Gonçalo Rocha Moreira,0.0,4,5.37,19,nuno-moreira,7,0.0,1.0,2.0,,,,9.0,10.0,3.0,7.0,8.0,,1.0,,,1.0,,,,,
Barrera,Barrera,142484,BOT,263,0,False,https://s3.glbimg.com/v1/AUTH_58d78b787ec34892b5aaa0c7a146155f/clubes_2026/silhuetas/BOT/FORMATO.png,10,2.62,Jordan Andrés Barrera Herrera,0.0,4,6.45,19,barrera,6,0.0,,,,,,5.0,8.0,5.0,2.0,5.0,1.0,1.0,,,,,,,,
João Victor,J. Victor,142638,INT,285,0,False,https://s3.glbimg.com/v1/AUTH_58d78b787ec34892b5aaa0c7a146155f/clubes_2026/silhuetas/INT/FORMATO.png,0,0.0,João Victor Alves de Morais Francisco,0.0,5,1.0,19,joao-victor,5,0.0,,,,,,,,,,,,,,,,,,,,
Robinho Jr.,R. Jr.,142867,SAN,277,0,False,https://s3.glbimg.com/v1/AUTH_58d78b787ec34892b5aaa0c7a146155f/clubes_2026/silhuetas/SAN/FORMATO.png,4,0.62,Robson de Souza Júnior,0.0,5,2.76,19,robinho-jr,6,0.0,,,,,,1.0,1.0,,1.0,1.0,,,,,,,,,,
Johnny,Johnny,142868,FLA,262,0,False,https://s3.glbimg.com/v1/AUTH_58d78b787ec34892b5aaa0c7a146155f/clubes_2026/silhuetas/FLA/FORMATO.png,0,0.0,Johnny Monteiro Góes,0.0,2,1.0,19,johnny,6,0.0,,,,,,,,,,,,,,,,,,,,
Villalba,Villalba,142877,BOT,263,0,False,https://s3.glbimg.com/v1/AUTH_58d78b787ec34892b5aaa0c7a146155f/clubes_2026/silhuetas/BOT/FORMATO.png,8,1.78,Lucas Martín Villalba Jaume,0.0,5,4.27,19,villalba,7,0.0,,2.0,,,,6.0,4.0,,,1.0,,1.0,,,,,,,,
Montoro,Montoro,142890,BOT,263,0,False,https://s3.glbimg.com/v1/AUTH_58d78b787ec34892b5aaa0c7a146155f/clubes_2026/silhuetas/BOT/FORMATO.png,14,2.73,Álvaro Montoro,0.0,4,7.1,19,montoro,6,0.0,3.0,3.0,,,,7.0,11.0,3.0,5.0,17.0,1.0,,,,,,,,,
Gabriel Abdias,G. Abdias,143072,BOT,263,0,False,https://s3.glbimg.com/v1/AUTH_58d78b787ec34892b5aaa0c7a146155f/clubes_2026/silhuetas/BOT/FORMATO.png,0,0.0,Gabriel da Silva Abdias,0.0,2,3.0,19,gabriel-abdias,5,0.0,,,,,,,,,,,,,,,,,,,,
Tarzia,Tarzia,143153,VIT,287,0,False,https://s3.glbimg.com/v1/AUTH_58d78b787ec34892b5aaa0c7a146155f/clubes_2026/silhuetas/VIT/FORMATO.png,12,2.93,Diego Tarzia,0.0,5,4.7,19,tarzia,7,0.0,1.0,1.0,,,,3.0,6.0,5.0,5.0,5.0,,2.0,,,,,,,,
Leonel Pérez,L. Pérez,143173,GRE,284,0,False,https://s3.glbimg.com/v1/AUTH_58d78b787ec34892b5aaa0c7a146155f/clubes_2026/silhuetas/GRE/FORMATO.png,10,2.52,Leonel Ulises Perez,0.0,4,4.43,19,leonel-perez,3,0.0,,2.0,,,,15.0,19.0,2.0,3.0,11.0,,,,,,,,,,
Viveros,Viveros,143193,CAP,293,0,True,https://s3.glbimg.com/v1/AUTH_58d78b787ec34892b5aaa0c7a146155f/clubes_2026/silhuetas/CAP/FORMATO.png,16,7.96,Kevin Stiven Viveros Rodallega,1.2,5,11.67,19,viveros,7,-1.42,1.0,2.0,,,,2.0,35.0,15.0,13.0,53.0,1.0,9.0,,,11.0,,,3.0,,
Gean,Gean,143252,VIT,287,0,False,https://s3.glbimg.com/v1/AUTH_58d78b787ec34892b5aaa0c7a146155f/clubes_2026/silhuetas/VIT/FORMATO.png,0,0.0,Gean de Jesus Soares,0.0,2,1.0,19,gean,6,0.0,,,,,,,,,,,,,,,,,,,,
Wendell,Wendell,143253,VIT,287,0,False,https://s3.glbimg.com/v1/AUTH_58d78b787ec34892b5aaa0c7a146155f/clubes_2026/silhuetas/VIT/FORMATO.png,0,0.0,Wendell dos Santos Sacramento,0.0,4,2.0,19,wendell,6,0.0,,,,,,,,,,,,,,,,,,,,
Kauan Vitor,K. Vitor,143255,VIT,287,0,False,https://s3.glbimg.com/v1/AUTH_58d78b787ec34892b5aaa0c7a146155f/clubes_2026/silhuetas/VIT/FORMATO.png,0,0.0,Kauan Vitor Silva Ferreira de Melo,0.0,2,1.0,19,kauan-vitor,6,0.0,,,,,,,,,,,,,,,,,,,,
Joshua,Joshua,143295,FLA,262,0,False,https://s3.glbimg.com/v1/AUTH_58d78b787ec34892b5aaa0c7a146155f/clubes_2026/silhuetas/FLA/FORMATO.png,1,-0.3,Caio Joshua Lana de Andrade,0.0,4,2.6,19,joshua,6,0.0,,,,,,,1.0,,,,,,,,,,,,,
Murilo Rhikman,M. Rhikman,143350,CRU,283,0,False,https://s3.glbimg.com/v1/AUTH_58d78b787ec34892b5aaa0c7a146155f/clubes_2026/silhuetas/CRU/FORMATO.png,1,0.5,Murilo Rhikman Alves Pimentel,0.0,4,2.95,19,murilo-rhikman,6,0.0,,,,,,,,,,1.0,,,,,,,,,,
PH Gama,P. Gama,143455,REM,364,0,False,https://s3.glbimg.com/v1/AUTH_58d78b787ec34892b5aaa0c7a146155f/clubes_2026/silhuetas/REM/FORMATO.png,0,0.0,Darilson Gama Amador,0.0,4,2.0,19,ph-gama,6,0.0,,,,,,,,,,,,,,,,,,,,
Wesley Natã,W. Natã,143463,FLU,266,0,False,https://s3.glbimg.com/v1/AUTH_58d78b787ec34892b5aaa0c7a146155f/clubes_2026/silhuetas/FLU/FORMATO.png,1,-0.3,Wesley Natã de Freitas Prado,0.0,5,0.8,19,wesley-nata,6,0.0,,,,,,,1.0,,,,,,,,,,,,,
Keven Samuel,K. Samuel,143465,FLU,266,0,False,https://s3.glbimg.com/v1/AUTH_58d78b787ec34892b5aaa0c7a146155f/clubes_2026/silhuetas/FLU/FORMATO.png,0,0.0,Keven Samuel Moreira dos Santos,0.0,5,1.0,19,keven-samuel,6,0.0,,,,,,,,,,,,,,,,,,,,
Raykkonen,Raykkonen,143488,INT,285,0,False,https://s3.glbimg.com/v1/AUTH_58d78b787ec34892b5aaa0c7a146155f/clubes_2026/silhuetas/INT/FORMATO.png,1,0.5,Raykkonen Pereira Soares,0.0,5,2.63,19,raykkonen,6,0.0,,,,,,,,,,1.0,,,,,,,,,,
Carlos Eduardo,C. Eduardo,143532,CAP,293,0,False,https://s3.glbimg.com/v1/AUTH_58d78b787ec34892b5aaa0c7a146155f/clubes_2026/silhuetas/CAP/FORMATO.png,0,0.0,Carlos Eduardo Souza de Barros,0.0,1,1.0,19,carlos-eduardo,6,0.0,,,,,,,,,,,,,,,,,,,,
Kauã Moraes,K. Moraes,143600,CRU,283,0,False,https://s3.glbimg.com/v1/AUTH_58d78b787ec34892b5aaa0c7a146155f/clubes_2026/silhuetas/CRU/FORMATO.png,9,5.07,Kauã Moraes da Silva,0.0,2,7.33,19,kaua-moraes,6,0.0,1.0,2.0,,,,9.0,14.0,,1.0,13.0,,2.0,,,,,,,2.0,
João Alencar,J. Alencar,144255,SAN,277,0,False,https://s3.glbimg.com/v1/AUTH_58d78b787ec34892b5aaa0c7a146155f/clubes_2026/silhuetas/SAN/FORMATO.png,0,0.0,João Alencar Santos Paes da Costa,0.0,3,1.0,19,joao-alencar,6,0.0,,,,,,,,,,,,,,,,,,,,
Nicolas Pontes,N. Pontes,144423,CRU,283,0,False,https://s3.glbimg.com/v1/AUTH_58d78b787ec34892b5aaa0c7a146155f/clubes_2026/silhuetas/CRU/FORMATO.png,0,0.0,Nicolas Pontes de Souza Almeida,0.0,2,1.0,19,nicolas-pontes,6,0.0,,,,,,,,,,,,,,,,,,,,
Vitor Lamounier,V. Lamounier,144424,CRU,283,0,False,https://s3.glbimg.com/v1/AUTH_58d78b787ec34892b5aaa0c7a146155f/clubes_2026/silhuetas/CRU/FORMATO.png,0,0.0,Vitor Lamounier Rego,0.0,1,2.0,19,vitor-lamounier,6,0.0,,,,,,,,,,,,,,,,,,,,
Victor Gabriel,V. Gabriel,144889,PAL,275,0,False,https://s3.glbimg.com/v1/AUTH_58d78b787ec34892b5aaa0c7a146155f/clubes_2026/silhuetas/PAL/FORMATO.png,0,0.0,Victor Gabriel Leite dos Santos,0.0,4,1.0,19,victor-gabriel,6,0.0,,,,,,,,,,,,,,,,,,,,
Vitinho,Vitinho,144898,CAP,293,0,False,https://s3.glbimg.com/v1/AUTH_58d78b787ec34892b5aaa0c7a146155f/clubes_2026/silhuetas/CAP/FORMATO.png,0,0.0,Victor Vinicius Teodoro Ferraz,0.0,2,1.0,19,vitinho,6,0.0,,,,,,,,,,,,,,,,,,,,
Fernando Pradella,F. Pradella,145036,SAN,277,0,False,https://s3.glbimg.com/v1/AUTH_58d78b787ec34892b5aaa0c7a146155f/clubes_2026/silhuetas/SAN/FORMATO.png,1,0.0,Fernando Pradella Rocha,0.0,5,0.82,19,fernando-pradella,6,0.0,,,,,,,,,,,,,,,,,,,,
Kauê Furquim,K. Furquim,145379,BAH,265,0,True,https://s3.glbimg.com/v1/AUTH_58d78b787ec34892b5aaa0c7a146155f/clubes_2026/silhuetas/BAH/FORMATO.png,1,0.0,Kauê Junior Furquim da Silva,0.0,5,1.81,19,kaue-furquim,6,-0.19,,,,,,,,,,,,,,,,,,,,
Rúben Ismael,R. Ismael,145387,VIT,287,0,False,https://s3.glbimg.com/v1/AUTH_58d78b787ec34892b5aaa0c7a146155f/clubes_2026/silhuetas/VIT/FORMATO.png,0,0.0,Rúben Ismael Valente Ramos,0.0,4,4.0,19,ruben-ismael,6,0.0,,,,,,,,,,,,,,,,,,,,
Cauê,Cauê,145400,RBB,280,0,False,https://s3.glbimg.com/v1/AUTH_58d78b787ec34892b5aaa0c7a146155f/clubes_2026/silhuetas/RBB/FORMATO.png,3,3.47,Cauê Nascimento Santos,0.0,2,4.23,19,caue,6,0.0,,1.0,,,,4.0,4.0,,2.0,,,,,,,,,,1.0,
Arthur,Arthur,145404,PAL,275,0,False,https://s3.glbimg.com/v1/AUTH_58d78b787ec34892b5aaa0c7a146155f/clubes_2026/silhuetas/PAL/FORMATO.png,13,4.44,Arthur Gabriel Santana Marcolino,0.0,2,4.99,19,arthur,7,0.0,,,,,,15.0,16.0,2.0,5.0,7.0,,,,,,,,,6.0,
Rafael Coutinho,R. Coutinho,145413,PAL,275,0,False,https://s3.glbimg.com/v1/AUTH_58d78b787ec34892b5aaa0c7a146155f/clubes_2026/silhuetas/PAL/FORMATO.png,0,0.0,Rafael Barbosa Coutinho,0.0,4,1.0,19,rafael-coutinho,6,0.0,,,,,,,,,,,,,,,,,,,,
Belé,Belé,145436,PAL,275,0,False,https://s3.glbimg.com/v1/AUTH_58d78b787ec34892b5aaa0c7a146155f/clubes_2026/silhuetas/PAL/FORMATO.png,0,0.0,Erick Machado Belé,0.0,5,3.0,19,bele,6,0.0,,,,,,,,,,,,,,,,,,,,
João Ananias,J. Ananias,145563,SAN,277,0,False,https://s3.glbimg.com/v1/AUTH_58d78b787ec34892b5aaa0c7a146155f/clubes_2026/silhuetas/SAN/FORMATO.png,3,2.2,João Paulo Ananias Bento,0.0,3,2.62,19,joao-ananias,6,0.0,,1.0,,,,5.0,3.0,,,2.0,,,,,,,,,,
Élan Ricardo,E. Ricardo,145609,CAP,293,0,False,https://s3.glbimg.com/v1/AUTH_58d78b787ec34892b5aaa0c7a146155f/clubes_2026/silhuetas/CAP/FORMATO.png,0,0.0,Élan Joshep Ricardo Ochoa,0.0,4,3.0,19,elan-ricardo,6,0.0,,,,,,,,,,,,,,,,,,,,
Nicolas,Nicolas,145659,SAO,276,0,False,https://s3.glbimg.com/v1/AUTH_58d78b787ec34892b5aaa0c7a146155f/clubes_2026/silhuetas/SAO/FORMATO.png,1,5.0,Nicolas Bosshardt,0.0,2,2.79,19,nicolas,6,0.0,,,,,,,,,,,,,,,,,,,1.0,
Luiz Felipe,L. Felipe,145660,INT,285,0,True,https://s3.glbimg.com/v1/AUTH_58d78b787ec34892b5aaa0c7a146155f/clubes_2026/silhuetas/INT/FORMATO.png,2,1.45,Luiz Felipe de Morais Francisco,2.9,2,1.65,19,luiz-felipe,6,0.73,,,,,,2.0,,,,,,,,,1.0,,,,,
Kaio Nóbrega,K. Nóbrega,145703,FLA,262,0,False,https://s3.glbimg.com/v1/AUTH_58d78b787ec34892b5aaa0c7a146155f/clubes_2026/silhuetas/FLA/FORMATO.png,0,0.0,Kaio Nóbrega Siqueira,0.0,4,1.0,19,kaio-nobrega,6,0.0,,,,,,,,,,,,,,,,,,,,
Douglas Telles,D. Telles,145705,FLA,262,0,False,https://s3.glbimg.com/v1/AUTH_58d78b787ec34892b5aaa0c7a146155f/clubes_2026/silhuetas/FLA/FORMATO.png,0,0.0,Douglas Costa Telles,0.0,5,2.0,19,douglas-telles,6,0.0,,,,,,,,,,,,,,,,,,,,
André,André,145744,COR,264,0,True,https://s3.glbimg.com/v1/AUTH_58d78b787ec34892b5aaa0c7a146155f/clubes_2026/silhuetas/COR/FORMATO.png,14,4.31,André Luiz Santos Dias,5.0,4,6.86,19,andre,7,-1.59,1.0,1.0,2.0,,,20.0,15.0,1.0,5.0,15.0,,3.0,,,,,,,,
Tassano,Tassano,145782,REM,364,0,False,https://s3.glbimg.com/v1/AUTH_58d78b787ec34892b5aaa0c7a146155f/clubes_2026/silhuetas/REM/FORMATO.png,0,0.0,Cristian Marcelo González Tassano,0.0,3,3.0,19,tassano,6,0.0,,,,,,,,,,,,,,,,,,,,
Gilberto Junior,G. Junior,146374,CAP,293,0,True,https://s3.glbimg.com/v1/AUTH_58d78b787ec34892b5aaa0c7a146155f/clubes_2026/silhuetas/CAP/FORMATO.png,6,4.62,Gilberto Junior Leite dos Santos,0.0,2,6.14,19,gilberto-junior,6,-0.62,,,,,,11.0,3.0,1.0,,2.0,,,,,1.0,,,,2.0,
Kadir,Kadir,146375,BOT,263,0,False,https://s3.glbimg.com/v1/AUTH_58d78b787ec34892b5aaa0c7a146155f/clubes_2026/silhuetas/BOT/FORMATO.png,8,2.4,José Kadir Barría Rose,0.0,5,5.06,19,kadir,6,0.0,1.0,,,,,4.0,13.0,3.0,7.0,6.0,,,,,1.0,,,,,
Marquinhos,Marquinhos,146410,BOT,263,0,False,https://s3.glbimg.com/v1/AUTH_58d78b787ec34892b5aaa0c7a146155f/clubes_2026/silhuetas/BOT/FORMATO.png,1,0.0,Marcos Felipe Vinagre Souza,0.0,4,0.85,19,marquinhos,6,0.0,,,,,,,,,,,,,,,,,,,,
Justino,Justino,146430,BOT,263,0,False,https://s3.glbimg.com/v1/AUTH_58d78b787ec34892b5aaa0c7a146155f/clubes_2026/silhuetas/BOT/FORMATO.png,6,1.25,Gabriel Pereira Justino,0.0,3,2.32,19,justino,7,0.0,,2.0,,,,5.0,,,,4.0,,,,,,,,,,
Luis Pacheco,L. Pacheco,146623,PAL,275,0,False,https://s3.glbimg.com/v1/AUTH_58d78b787ec34892b5aaa0c7a146155f/clubes_2026/silhuetas/PAL/FORMATO.png,3,0.0,Luis Felipe Pacheco da Costa,0.0,4,1.98,19,luis-pacheco,6,0.0,,2.0,,,,1.0,1.0,,1.0,,,,,,,,,,,
Heittor,Heittor,146624,PAL,275,0,True,https://s3.glbimg.com/v1/AUTH_58d78b787ec34892b5aaa0c7a146155f/clubes_2026/silhuetas/PAL/FORMATO.png,1,1.1,Heittor Vinicius da Silva Nunes,1.1,5,1.33,19,heittor,6,0.33,,,,,,1.0,1.0,,,,,,,,1.0,,,,,
Alisson,Alisson,146632,INT,285,0,False,https://s3.glbimg.com/v1/AUTH_58d78b787ec34892b5aaa0c7a146155f/clubes_2026/silhuetas/INT/FORMATO.png,0,0.0,Alisson Rodrigues de Melo,0.0,2,1.0,19,alisson,6,0.0,,,,,,,,,,,,,,,,,,,,
Kauan Lima,K. Lima,146663,PAL,275,0,False,https://s3.glbimg.com/v1/AUTH_58d78b787ec34892b5aaa0c7a146155f/clubes_2026/silhuetas/PAL/FORMATO.png,0,0.0,Kauan Lima da Cunha,0.0,1,1.0,19,kauan-lima,6,0.0,,,,,,,,,,,,,,,,,,,,
Benjamin Arhin,B. Arhin,146701,INT,285,0,False,https://s3.glbimg.com/v1/AUTH_58d78b787ec34892b5aaa0c7a146155f/clubes_2026/silhuetas/INT/FORMATO.png,1,-0.3,Benjamin Arhin,0.0,4,1.73,19,benjamin-arhin,5,0.0,,,,,,,1.0,,,,,,,,,,,,,
Rayan Lelis,R. Lelis,146807,CRU,283,0,False,https://s3.glbimg.com/v1/AUTH_58d78b787ec34892b5aaa0c7a146155f/clubes_2026/silhuetas/CRU/FORMATO.png,0,0.0,Rayan Passaglia Lelis,0.0,5,2.0,19,rayan-lelis,6,0.0,,,,,,,,,,,,,,,,,,,,
Cléber Lucas,C. Lucas,146833,BOT,263,0,False,https://s3.glbimg.com/v1/AUTH_58d78b787ec34892b5aaa0c7a146155f/clubes_2026/silhuetas/BOT/FORMATO.png,0,0.0,Cléber Lucas Chieppe Chagas,0.0,1,1.0,19,cleber-lucas,6,0.0,,,,,,,,,,,,,,,,,,,,
João Bom,J. Bom,146894,CHA,315,0,False,https://s3.glbimg.com/v1/AUTH_58d78b787ec34892b5aaa0c7a146155f/clubes_2026/silhuetas/CHA/FORMATO.png,0,0.0,João Henrique Araújo Bom,0.0,5,2.0,19,joao-bom,6,0.0,,,,,,,,,,,,,,,,,,,,
Filipe Sirio,F. Sirio,146964,INT,285,0,False,https://s3.glbimg.com/v1/AUTH_58d78b787ec34892b5aaa0c7a146155f/clubes_2026/silhuetas/INT/FORMATO.png,0,0.0,Filipe Borba Sirio,0.0,1,1.0,19,filipe-sirio,6,0.0,,,,,,,,,,,,,,,,,,,,
Rhuan Gabriel,R. Gabriel,146991,CRU,283,0,False,https://s3.glbimg.com/v1/AUTH_58d78b787ec34892b5aaa0c7a146155f/clubes_2026/silhuetas/CRU/FORMATO.png,1,1.2,Rhuan Gabriel Rodrigues de Souza Silva,0.0,4,1.39,19,rhuan-gabriel,6,0.0,,,,,,,1.0,,,3.0,,,,,,,,,,
Cissé,Cissé,147088,CAM,282,0,True,https://s3.glbimg.com/v1/AUTH_58d78b787ec34892b5aaa0c7a146155f/clubes_2026/silhuetas/CAM/FORMATO.png,9,1.7,Mamady Cissé,0.0,4,2.08,19,cisse,6,-0.06,,,,,,2.0,3.0,1.0,2.0,5.0,,1.0,,,1.0,,,,,
Cauã Soares,C. Soares,147089,CAM,282,0,False,https://s3.glbimg.com/v1/AUTH_58d78b787ec34892b5aaa0c7a146155f/clubes_2026/silhuetas/CAM/FORMATO.png,5,0.64,Cauã Campos Soares,0.0,5,1.24,19,caua-soares,6,0.0,,,,,,1.0,,1.0,,1.0,,,,,,,,,,
Kauã Pascini,K. Pascini,147090,CAM,282,0,False,https://s3.glbimg.com/v1/AUTH_58d78b787ec34892b5aaa0c7a146155f/clubes_2026/silhuetas/CAM/FORMATO.png,4,2.8,Kauã Pascini Resende,0.0,2,3.55,19,kaua-pascini,6,0.0,,,,,,1.0,1.0,,,,,,,,,,,,2.0,
Claudinho,Claudinho,147192,CAP,293,0,True,https://s3.glbimg.com/v1/AUTH_58d78b787ec34892b5aaa0c7a146155f/clubes_2026/silhuetas/CAP/FORMATO.png,4,7.88,Claudio Henrique de Jesus Passos,3.7,2,6.46,19,claudinho,6,-0.93,1.0,,,,,10.0,5.0,1.0,1.0,6.0,1.0,,,,,,,,1.0,
João Bezerra,J. Bezerra,147202,INT,285,0,False,https://s3.glbimg.com/v1/AUTH_58d78b787ec34892b5aaa0c7a146155f/clubes_2026/silhuetas/INT/FORMATO.png,0,0.0,João Pedro Bezerra de Oliveira Lo,0.0,5,1.0,19,joao-bezerra,6,0.0,,,,,,,,,,,,,,,,,,,,
Anderson Pato,A. Pato,147268,VIT,287,0,False,https://s3.glbimg.com/v1/AUTH_58d78b787ec34892b5aaa0c7a146155f/clubes_2026/silhuetas/VIT/FORMATO.png,4,1.38,Anderson Bispo dos Santos,0.0,5,3.12,19,anderson-pato,5,0.0,,1.0,,,,4.0,1.0,,1.0,,,,,,,,,,,
Wellington,Wellington,147468,CHA,315,0,False,https://s3.glbimg.com/v1/AUTH_58d78b787ec34892b5aaa0c7a146155f/clubes_2026/silhuetas/CHA/FORMATO.png,0,0.0,Wellington Felipe Pradeiczuk,0.0,1,1.0,19,wellington,6,0.0,,,,,,,,,,,,,,,,,,,,
Gabriel Menegon,G. Menegon,147544,GRE,284,0,False,https://s3.glbimg.com/v1/AUTH_58d78b787ec34892b5aaa0c7a146155f/clubes_2026/silhuetas/GRE/FORMATO.png,1,0.0,Gabriel Otávio Menegon,0.0,1,1.81,19,gabriel-menegon,6,0.0,,,,,,,,,,,,,,,,,,,,
Jefinho,Jefinho,147545,GRE,284,0,False,https://s3.glbimg.com/v1/AUTH_58d78b787ec34892b5aaa0c7a146155f/clubes_2026/silhuetas/GRE/FORMATO.png,1,1.5,Jéferson Forneck,0.0,4,1.46,19,jefinho,6,0.0,,,,,,1.0,,,,,,,,,,,,,,
Roger,Roger,147546,GRE,284,0,False,https://s3.glbimg.com/v1/AUTH_58d78b787ec34892b5aaa0c7a146155f/clubes_2026/silhuetas/GRE/FORMATO.png,2,1.2,Roger Dias Fernandes,0.0,4,1.5,19,roger,6,0.0,,,,,,1.0,1.0,1.0,,,,,,,,,,,,
Alan Santos,A. Santos,147556,FLA,262,0,False,https://s3.glbimg.com/v1/AUTH_58d78b787ec34892b5aaa0c7a146155f/clubes_2026/silhuetas/FLA/FORMATO.png,0,0.0,Alan da Silva Santos,0.0,5,1.0,19,alan-santos,6,0.0,,,,,,,,,,,,,,,,,,,,
Caio Suassuna,C. Suassuna,147560,BAH,265,0,False,https://s3.glbimg.com/v1/AUTH_58d78b787ec34892b5aaa0c7a146155f/clubes_2026/silhuetas/BAH/FORMATO.png,1,2.0,Caio Suassuna Gonçalves Ferreira,0.0,5,2.64,19,caio-suassuna,6,0.0,,,,,,1.0,,,,1.0,,,,,,,,,,
Pepê Fermino,P. Fermino,147736,SAN,277,0,False,https://s3.glbimg.com/v1/AUTH_58d78b787ec34892b5aaa0c7a146155f/clubes_2026/silhuetas/SAN/FORMATO.png,0,0.0,Pedro Paulo Manoel Fermino,0.0,4,1.0,19,pepe-fermino,5,0.0,,,,,,,,,,,,,,,,,,,,
Arthur Novaes,A. Novaes,147782,BOT,263,0,False,https://s3.glbimg.com/v1/AUTH_58d78b787ec34892b5aaa0c7a146155f/clubes_2026/silhuetas/BOT/FORMATO.png,0,0.0,Arthur Alves Novaes,0.0,4,1.0,19,arthur-novaes,6,0.0,,,,,,,,,,,,,,,,,,,,
Arthur Izaque,A. Izaque,147788,BOT,263,0,False,https://s3.glbimg.com/v1/AUTH_58d78b787ec34892b5aaa0c7a146155f/clubes_2026/silhuetas/BOT/FORMATO.png,0,0.0,Arthur Izaque Bendayan de Castro Silva,0.0,5,1.0,19,arthur-izaque,6,0.0,,,,,,,,,,,,,,,,,,,,
Koné,Koné,147792,PAL,275,0,False,https://s3.glbimg.com/v1/AUTH_58d78b787ec34892b5aaa0c7a146155f/clubes_2026/silhuetas/PAL/FORMATO.png,0,0.0,Koné Zie Mohamed,0.0,3,2.0,19,kone,6,0.0,,,,,,,,,,,,,,,,,,,,
Rafael Monti,R. Monti,147864,REM,364,0,False,https://s3.glbimg.com/v1/AUTH_58d78b787ec34892b5aaa0c7a146155f/clubes_2026/silhuetas/REM/FORMATO.png,1,0.0,Rafael Monti Azpiazú,0.0,5,3.56,19,rafael-monti,6,0.0,,,,,,,,,,,,,,,,,,,,
Daniel Silva,D. Silva,147875,FLA,262,0,False,https://s3.glbimg.com/v1/AUTH_58d78b787ec34892b5aaa0c7a146155f/clubes_2026/silhuetas/FLA/FORMATO.png,0,0.0,Daniel Carvalho Marinho da Silva,0.0,3,1.0,19,daniel-silva,6,0.0,,,,,,,,,,,,,,,,,,,,
Cauan Farias,C. Farias,147877,VIT,287,0,False,https://s3.glbimg.com/v1/AUTH_58d78b787ec34892b5aaa0c7a146155f/clubes_2026/silhuetas/VIT/FORMATO.png,0,0.0,Cauan de Jesus Farias,0.0,3,1.0,19,cauan-farias,6,0.0,,,,,,,,,,,,,,,,,,,,
João Vitor,J. Vitor,147883,VAS,267,0,False,https://s3.glbimg.com/v1/AUTH_58d78b787ec34892b5aaa0c7a146155f/clubes_2026/silhuetas/VAS/FORMATO.png,4,3.13,João Vitor Fonseca da Silva - JV Mutano,0.0,5,3.49,19,joao-vitor,6,0.0,,,,,,8.0,,,,1.0,,,,,,,,,,
Vitor Ramon,V. Ramon,148092,GRE,284,0,False,https://s3.glbimg.com/v1/AUTH_58d78b787ec34892b5aaa0c7a146155f/clubes_2026/silhuetas/GRE/FORMATO.png,1,0.2,Vitor Ramon Ribeiro de Oliveira,0.0,2,1.0,19,vitor-ramon,6,0.0,,1.0,,,,1.0,1.0,,,,,,,,,,,,,
Rafael Soares,R. Soares,148103,REM,364,0,False,https://s3.glbimg.com/v1/AUTH_58d78b787ec34892b5aaa0c7a146155f/clubes_2026/silhuetas/REM/FORMATO.png,0,0.0,Rafael Soares de Sousa,0.0,4,1.0,19,rafael-soares,6,0.0,,,,,,,,,,,,,,,,,,,,
Filipe Lima,F. Lima,148109,REM,364,0,False,https://s3.glbimg.com/v1/AUTH_58d78b787ec34892b5aaa0c7a146155f/clubes_2026/silhuetas/REM/FORMATO.png,0,0.0,Filipe Lima de Oliveira,0.0,5,1.0,19,filipe-lima,6,0.0,,,,,,,,,,,,,,,,,,,,
Vinicius,Vinicius,148124,CHA,315,0,False,https://s3.glbimg.com/v1/AUTH_58d78b787ec34892b5aaa0c7a146155f/clubes_2026/silhuetas/CHA/FORMATO.png,2,0.1,Vinicius Eduardo de Almeida Gomes da Silva,0.0,3,1.63,19,vinicius,5,0.0,,1.0,,,,1.0,1.0,,,,,,,,,,,,,
Ryan Augusto,R. Augusto,148125,RBB,280,0,False,https://s3.glbimg.com/v1/AUTH_58d78b787ec34892b5aaa0c7a146155f/clubes_2026/silhuetas/RBB/FORMATO.png,5,3.7,Ryan Augusto Tavares da Silva,0.0,2,3.78,19,ryan-augusto,6,0.0,,,,,,7.0,3.0,1.0,1.0,4.0,,,,,1.0,,,,1.0,
Weimar Palacios,W. Palacios,148126,RBB,280,0,False,https://s3.glbimg.com/v1/AUTH_58d78b787ec34892b5aaa0c7a146155f/clubes_2026/silhuetas/RBB/FORMATO.png,0,0.0,Weimar Enrique Vivas Palacios,0.0,3,1.0,19,weimar-palacios,6,0.0,,,,,,,,,,,,,,,,,,,,
Ararat,Ararat,148152,CFC,294,0,False,https://s3.glbimg.com/v1/AUTH_58d78b787ec34892b5aaa0c7a146155f/clubes_2026/silhuetas/CFC/FORMATO.png,0,0.0,Alejandro Ararat Díaz,0.0,4,4.0,19,ararat,6,0.0,,,,,,,,,,,,,,,,,,,,
Nadson,Nadson,148206,SAN,277,0,False,https://s3.glbimg.com/v1/AUTH_58d78b787ec34892b5aaa0c7a146155f/clubes_2026/silhuetas/SAN/FORMATO.png,0,0.0,Nadson Juan Maia da Silva de Souza,0.0,5,1.0,19,nadson,6,0.0,,,,,,,,,,,,,,,,,,,,
Djhordney,Djhordney,148215,SAO,276,0,False,https://s3.glbimg.com/v1/AUTH_58d78b787ec34892b5aaa0c7a146155f/clubes_2026/silhuetas/SAO/FORMATO.png,2,-0.2,Djhordney Ferreira,0.0,4,0.79,19,djhordney,6,0.0,,1.0,,,,1.0,3.0,,,,,,,,,,,,,
Tetê,Tetê,148717,SAO,276,0,False,https://s3.glbimg.com/v1/AUTH_58d78b787ec34892b5aaa0c7a146155f/clubes_2026/silhuetas/SAO/FORMATO.png,4,-0.4,Perivan dos Santos,0.0,5,0.65,19,tete,6,0.0,,1.0,,,,,2.0,,,,,,,,,,,,,
Rafael Gonzaga,R. Gonzaga,149715,SAN,277,0,False,https://s3.glbimg.com/v1/AUTH_58d78b787ec34892b5aaa0c7a146155f/clubes_2026/silhuetas/SAN/FORMATO.png,1,2.4,Rafael de Andrade Gonzaga,0.0,2,2.79,19,rafael-gonzaga,6,0.0,,,,,,2.0,2.0,,,,,,,,,,,,,
Franclim Carvalho,F. Carvalho,149990,BOT,263,0,False,https://s3.glbimg.com/v1/AUTH_58d78b787ec34892b5aaa0c7a146155f/clubes_2026/silhuetas/BOT/FORMATO.png,8,5.07,Franclim Pereira da Silva Maia Carvalho,0.0,6,11.21,19,franclim-carvalho,7,0.0,,,,,,,,,,,,,,,,,,,,2.0
David,David,149991,CFC,294,0,False,https://s3.glbimg.com/v1/AUTH_58d78b787ec34892b5aaa0c7a146155f/clubes_2026/silhuetas/CFC/FORMATO.png,1,0.0,David Alves França,0.0,5,0.92,19,david,6,0.0,,,,,,,,,,,,,,,,,,,,
Iago Machado,I. Machado,149993,COR,264,0,False,https://s3.glbimg.com/v1/AUTH_58d78b787ec34892b5aaa0c7a146155f/clubes_2026/silhuetas/COR/FORMATO.png,0,0.0,Iago da Silva Machado,0.0,3,1.0,19,iago-machado,6,0.0,,,,,,,,,,,,,,,,,,,,
Jhuan Nunes,J. Nunes,149994,RBB,280,0,False,https://s3.glbimg.com/v1/AUTH_58d78b787ec34892b5aaa0c7a146155f/clubes_2026/silhuetas/RBB/FORMATO.png,1,2.3,Jhuan Nunes Coelho,0.0,5,1.83,19,jhuan-nunes,6,0.0,,,,,,1.0,,,1.0,,,,,,,,,,,
Ramon Rique,R. Rique,150180,VAS,267,0,False,https://s3.glbimg.com/v1/AUTH_58d78b787ec34892b5aaa0c7a146155f/clubes_2026/silhuetas/VAS/FORMATO.png,2,3.1,Ramon Rique Santos de Souza Barros,0.0,4,2.73,19,ramon-rique,6,0.0,1.0,,,,,1.0,1.0,,,,,,,,,,,,,
Osorio,Osorio,150197,SAO,276,0,True,https://s3.glbimg.com/v1/AUTH_58d78b787ec34892b5aaa0c7a146155f/clubes_2026/silhuetas/SAO/FORMATO.png,3,1.93,Luís Osório Messias de Oliveira,6.2,3,2.36,19,osorio,7,1.63,,1.0,,,,5.0,4.0,,,1.0,,,,,,,,,,
Samuel Pierri,S. Pierri,150757,SAN,277,0,False,https://s3.glbimg.com/v1/AUTH_58d78b787ec34892b5aaa0c7a146155f/clubes_2026/silhuetas/SAN/FORMATO.png,2,0.45,Samuel Pierri Mendes e Silva,0.0,4,1.88,19,samuel-pierri,6,0.0,,,,,,1.0,2.0,,,,,,,,,,,,,
Breno,Breno,150825,RBB,280,0,False,https://s3.glbimg.com/v1/AUTH_58d78b787ec34892b5aaa0c7a146155f/clubes_2026/silhuetas/RBB/FORMATO.png,2,3.35,Breno de Moraes Souza,0.0,3,2.8,19,breno,6,0.0,,,,,,1.0,1.0,,,1.0,,,,,,,,,1.0,
Nícollas,Nícollas,150826,COR,264,0,False,https://s3.glbimg.com/v1/AUTH_58d78b787ec34892b5aaa0c7a146155f/clubes_2026/silhuetas/COR/FORMATO.png,0,0.0,Nícollas Vitor Pascoal Melo,0.0,5,1.0,19,nicollas,6,0.0,,,,,,,,,,,,,,,,,,,,
Fabricio Prado,F. Prado,150841,INT,285,0,False,https://s3.glbimg.com/v1/AUTH_58d78b787ec34892b5aaa0c7a146155f/clubes_2026/silhuetas/INT/FORMATO.png,0,0.0,Fabricio Zechmeister do Prado,0.0,5,1.0,19,fabricio-prado,6,0.0,,,,,,,,,,,,,,,,,,,,
Gabriel Vinicius,G. Vinicius,150842,INT,285,0,False,https://s3.glbimg.com/v1/AUTH_58d78b787ec34892b5aaa0c7a146155f/clubes_2026/silhuetas/INT/FORMATO.png,0,0.0,Gabriel Vinicius Oliveira da Silva,0.0,4,1.0,19,gabriel-vinicius,6,0.0,,,,,,,,,,,,,,,,,,,,
Arthur Monteiro,A. Monteiro,150952,CAP,293,0,False,https://s3.glbimg.com/v1/AUTH_58d78b787ec34892b5aaa0c7a146155f/clubes_2026/silhuetas/CAP/FORMATO.png,0,0.0,Arthur Rodrigues Monteiro,0.0,2,1.0,19,arthur-monteiro,6,0.0,,,,,,,,,,,,,,,,,,,,
Davizinho,Davizinho,150959,SAN,277,0,False,https://s3.glbimg.com/v1/AUTH_58d78b787ec34892b5aaa0c7a146155f/clubes_2026/silhuetas/SAN/FORMATO.png,2,0.0,Davi Fernandes Cavalcante Ribeiro,0.0,2,0.81,19,davizinho,6,0.0,,,,,,,,,,,,,,,,,,,,
Sayago,Sayago,150995,FLA,262,0,False,https://s3.glbimg.com/v1/AUTH_58d78b787ec34892b5aaa0c7a146155f/clubes_2026/silhuetas/FLA/FORMATO.png,0,0.0,Juan Gabriel Sayago,0.0,4,2.0,19,sayago,6,0.0,,,,,,,,,,,,,,,,,,,,
Eduardo,Eduardo,151003,PAL,275,0,False,https://s3.glbimg.com/v1/AUTH_58d78b787ec34892b5aaa0c7a146155f/clubes_2026/silhuetas/PAL/FORMATO.png,0,0.0,Eduardo Conceição Silva,0.0,5,1.0,19,eduardo,6,0.0,,,,,,,,,,,,,,,,,,,,
Jorge Rivaldo,J. Rivaldo,151120,CAP,293,0,False,https://s3.glbimg.com/v1/AUTH_58d78b787ec34892b5aaa0c7a146155f/clubes_2026/silhuetas/CAP/FORMATO.png,0,0.0,Jorge Luis Rivaldo Pinto,0.0,5,5.0,19,jorge-rivaldo,6,0.0,,,,,,,,,,,,,,,,,,,,
Juan Ferreira,J. Ferreira,151294,CHA,315,0,False,https://s3.glbimg.com/v1/AUTH_58d78b787ec34892b5aaa0c7a146155f/clubes_2026/silhuetas/CHA/FORMATO.png,0,0.0,Juan Ferreira Leite,0.0,4,1.0,19,juan-ferreira,6,0.0,,,,,,,,,,,,,,,,,,,,
Lucas Emanuel,L. Emanuel,151404,BOT,263,0,False,https://s3.glbimg.com/v1/AUTH_58d78b787ec34892b5aaa0c7a146155f/clubes_2026/silhuetas/BOT/FORMATO.png,0,0.0,Lucas Emanuel Jales do Nascimento,0.0,5,1.0,19,lucas-emanuel,7,0.0,,,,,,,,,,,,,,,,,,,,
Victor Hugo,V. Hugo,151405,BOT,263,0,False,https://s3.glbimg.com/v1/AUTH_58d78b787ec34892b5aaa0c7a146155f/clubes_2026/silhuetas/BOT/FORMATO.png,0,0.0,Victor Hugo Gonçalves dos Santos,0.0,4,1.0,19,victor-hugo,6,0.0,,,,,,,,,,,,,,,,,,,,
Herick,Herick,151406,BOT,263,0,False,https://s3.glbimg.com/v1/AUTH_58d78b787ec34892b5aaa0c7a146155f/clubes_2026/silhuetas/BOT/FORMATO.png,0,0.0,Herick Garcia da Silva Neves,0.0,3,1.0,19,herick,6,0.0,,,,,,,,,,,,,,,,,,,,
Kássio,Kássio,151412,CHA,315,0,True,https://s3.glbimg.com/v1/AUTH_58d78b787ec34892b5aaa0c7a146155f/clubes_2026/silhuetas/CHA/FORMATO.png,1,1.5,Kássio da Silva de Jesus,1.5,5,1.49,19,kassio,6,0.49,,,,,,1.0,,,,,,,,,,,,,,
Miguel Bilong,M. Bilong,151436,PAL,275,0,False,https://s3.glbimg.com/v1/AUTH_58d78b787ec34892b5aaa0c7a146155f/clubes_2026/silhuetas/PAL/FORMATO.png,0,0.0,Miguel Cinoncelli Bilong,0.0,5,2.0,19,miguel-bilong,6,0.0,,,,,,,,,,,,,,,,,,,,
Gutte,Gutte,151440,CAM,282,0,False,https://s3.glbimg.com/v1/AUTH_58d78b787ec34892b5aaa0c7a146155f/clubes_2026/silhuetas/CAM/FORMATO.png,0,0.0,João Pedro Porto Lucrécio,0.0,4,1.0,19,gutte,6,0.0,,,,,,,,,,,,,,,,,,,,
