atletas.apelido,atletas.apelido_abreviado,atletas.atleta_id,atletas.clube.id.full.name,atletas.clube_id,atletas.craque,atletas.entrou_em_campo,atletas.foto,atletas.jogos_num,atletas.media_num,atletas.nome,atletas.pontos_num,atletas.posicao_id,atletas.preco_num,atletas.rodada_id,atletas.slug,atletas.status_id,atletas.variacao_num,A,CA,CV,DE,DP,DS,FC,FD,FF,FS,FT,G,GC,GS,I,PC,PP,PS,SG,V
Léo Condé,L. Condé,37457,REM,364,0,True,https://s3.glbimg.com/v1/AUTH_58d78b787ec34892b5aaa0c7a146155f/clubes_2026/silhuetas/REM/FORMATO.png,20,4.67,Leonardo Rodrigues Condé,4.68,6,7.9,24,leo-conde,7,0.07,,,,,,,,,,,,,,,,,,,,5.0
Fábio,Fábio,37656,FLU,266,0,True,https://s3.glbimg.com/v1/AUTH_58d78b787ec34892b5aaa0c7a146155f/clubes_2026/silhuetas/FLU/FORMATO.png,23,4.3,Fábio Deivson Lopes Maciel,-1.0,1,8.43,24,fabio,7,-0.58,,1.0,,82.0,,,,,,5.0,,,,28.0,,1.0,,,4.0,
Thiago Silva,T. Silva,37715,FLU,266,0,True,https://s3.glbimg.com/v1/AUTH_58d78b787ec34892b5aaa0c7a146155f/clubes_2026/silhuetas/FLU/FORMATO.png,3,3.1,Thiago Emiliano da Silva,4.3,3,6.83,24,thiago-silva,7,-0.24,,1.0,,,,2.0,2.0,,3.0,1.0,,,,,,,,,1.0,
Hulk,Hulk,39148,FLU,266,0,True,https://s3.glbimg.com/v1/AUTH_58d78b787ec34892b5aaa0c7a146155f/clubes_2026/silhuetas/FLU/FORMATO.png,17,5.63,Givanildo Vieira de Souza,14.8,5,13.02,24,hulk,7,0.63,3.0,1.0,,,,7.0,10.0,10.0,13.0,41.0,,4.0,,,6.0,,,,,
Alan Franco,A. Franco,39656,CAM,282,0,True,https://s3.glbimg.com/v1/AUTH_58d78b787ec34892b5aaa0c7a146155f/clubes_2026/silhuetas/CAM/FORMATO.png,18,2.08,Alan Steven Franco Palma,-0.1,4,4.45,24,alan-franco,7,-0.16,1.0,4.0,,,,24.0,25.0,2.0,3.0,7.0,,,,,2.0,,,,,
Vagner Mancini,V. Mancini,39850,RBB,280,0,True,https://s3.glbimg.com/v1/AUTH_58d78b787ec34892b5aaa0c7a146155f/clubes_2026/silhuetas/RBB/FORMATO.png,22,5.54,Vagner Carmo Mancini,7.0,6,8.76,24,vagner-mancini,7,0.13,,,,,,,,,,,,,,,,,,,,10.0
Dorival Júnior,D. Júnior,40990,SAO,276,0,True,https://s3.glbimg.com/v1/AUTH_58d78b787ec34892b5aaa0c7a146155f/clubes_2026/silhuetas/SAO/FORMATO.png,16,3.96,Dorival Silvestre Júnior,3.08,6,8.95,24,dorival-junior,7,-0.19,,,,,,,,,,,,,,,,,,,,1.0
Osvaldo,Osvaldo,42222,VIT,287,0,False,https://s3.glbimg.com/v1/AUTH_58d78b787ec34892b5aaa0c7a146155f/clubes_2026/silhuetas/VIT/FORMATO.png,2,0.4,Osvaldo Lourenço Filho,0.0,5,4.07,24,osvaldo,6,0.0,,,,,,,,,1.0,,,,,,,,,,,
Cássio,Cássio,42234,CRU,283,0,False,https://s3.glbimg.com/v1/AUTH_58d78b787ec34892b5aaa0c7a146155f/clubes_2026/silhuetas/CRU/FORMATO.png,5,1.32,Cássio Roberto Ramos,0.0,1,6.89,24,cassio,6,0.0,,,,12.0,,,,,,2.0,,,,10.0,,,,,,
Cuca,Cuca,42411,SAN,277,0,True,https://s3.glbimg.com/v1/AUTH_58d78b787ec34892b5aaa0c7a146155f/clubes_2026/silhuetas/SAN/FORMATO.png,15,6.04,Alexi Stival,8.54,6,10.54,24,cuca,7,-0.17,,,,,,,,,,,,,,,,,,,,5.0
Fagner,Fagner,42500,CRU,283,0,True,https://s3.glbimg.com/v1/AUTH_58d78b787ec34892b5aaa0c7a146155f/clubes_2026/silhuetas/CRU/FORMATO.png,17,3.96,Fagner Conserva Lemos,7.4,2,6.62,24,fagner,6,0.18,4.0,3.0,,,,24.0,21.0,2.0,4.0,10.0,,,,,,,,,2.0,
Walter,Walter,51413,MIR,2305,0,True,https://s3.glbimg.com/v1/AUTH_58d78b787ec34892b5aaa0c7a146155f/clubes_2026/silhuetas/MIR/FORMATO.png,19,2.75,Walter Leandro Capeloza Artune,7.8,1,5.88,24,walter,7,1.37,,3.0,,61.0,,,,,,2.0,,,,29.0,,1.0,,,1.0,
Everton Ribeiro,E. Ribeiro,51772,BAH,265,0,False,https://s3.glbimg.com/v1/AUTH_58d78b787ec34892b5aaa0c7a146155f/clubes_2026/silhuetas/BAH/FORMATO.png,16,4.48,Everton Augusto de Barros Ribeiro,0.0,4,8.86,24,everton-ribeiro,5,0.0,4.0,1.0,,,,22.0,12.0,4.0,6.0,28.0,,,,,,,,,,
Alex Sandro,A. Sandro,61987,FLA,262,0,False,https://s3.glbimg.com/v1/AUTH_58d78b787ec34892b5aaa0c7a146155f/clubes_2026/silhuetas/FLA/FORMATO.png,15,3.53,Alex Sandro Lobo Silva,0.0,2,8.2,24,alex-sandro,6,0.0,,3.0,,,,16.0,20.0,,1.0,14.0,,,,,,,,,6.0,
Ganso,Ganso,62977,FLU,266,0,True,https://s3.glbimg.com/v1/AUTH_58d78b787ec34892b5aaa0c7a146155f/clubes_2026/silhuetas/FLU/FORMATO.png,15,1.54,Paulo Henrique Chagas de Lima,7.3,4,4.45,24,ganso,7,0.48,,1.0,,,,11.0,8.0,2.0,1.0,8.0,1.0,,,,1.0,,,,,
Neymar,Neymar,63007,SAN,277,0,True,https://s3.glbimg.com/v1/AUTH_58d78b787ec34892b5aaa0c7a146155f/clubes_2026/silhuetas/SAN/FORMATO.png,11,10.09,Neymar da Silva Santos Júnior,12.4,4,19.92,24,neymar,7,0.41,2.0,7.0,,,,9.0,17.0,13.0,17.0,46.0,,6.0,,,7.0,,,,,
Rafael Tolói,R. Tolói,63008,SAO,276,0,False,https://s3.glbimg.com/v1/AUTH_58d78b787ec34892b5aaa0c7a146155f/clubes_2026/silhuetas/SAO/FORMATO.png,6,4.1,Rafael Toloi,0.0,3,6.92,24,rafael-toloi,6,0.0,,3.0,,,,11.0,8.0,1.0,1.0,3.0,,,,,,,,,2.0,
Marcos Rocha,M. Rocha,63013,GRE,284,0,False,https://s3.glbimg.com/v1/AUTH_58d78b787ec34892b5aaa0c7a146155f/clubes_2026/silhuetas/GRE/FORMATO.png,4,0.8,Marcos Luis Rocha Aquino,0.0,2,5.95,24,marcos-rocha,6,0.0,,,,,,2.0,1.0,,,1.0,,,,,,,,,,
Edenílson,Edenílson,63289,BOT,263,0,True,https://s3.glbimg.com/v1/AUTH_58d78b787ec34892b5aaa0c7a146155f/clubes_2026/silhuetas/BOT/FORMATO.png,15,3.21,Edenílson Andrade dos Santos,3.3,4,6.33,24,edenilson,6,0.18,2.0,2.0,,,,6.0,10.0,2.0,3.0,5.0,1.0,3.0,,,1.0,,,,,
Rodrigo Moledo,R. Moledo,63354,CFC,294,0,False,https://s3.glbimg.com/v1/AUTH_58d78b787ec34892b5aaa0c7a146155f/clubes_2026/silhuetas/CFC/FORMATO.png,3,5.57,Rodrigo Modesto da Silva Moledo,0.0,3,6.53,24,rodrigo-moledo,6,0.0,,,,,,2.0,1.0,,,2.0,,1.0,,,,,,,1.0,
Alan Patrick,A. Patrick,68685,INT,285,0,True,https://s3.glbimg.com/v1/AUTH_58d78b787ec34892b5aaa0c7a146155f/clubes_2026/silhuetas/INT/FORMATO.png,19,3.62,Alan Patrick Lourenço,1.7,4,6.95,24,alan-patrick,7,-0.09,,1.0,,,,15.0,7.0,2.0,12.0,27.0,,3.0,,,,,,,,
Eduardo,Eduardo,68708,MIR,2305,0,True,https://s3.glbimg.com/v1/AUTH_58d78b787ec34892b5aaa0c7a146155f/clubes_2026/silhuetas/MIR/FORMATO.png,16,3.04,Carlos Eduardo de Oliveira Alves,11.0,4,6.91,24,eduardo,7,0.98,,1.0,1.0,,,10.0,10.0,3.0,7.0,9.0,1.0,3.0,,,,,,,,
Rafael Santos,R. Santos,68822,CHA,315,0,False,https://s3.glbimg.com/v1/AUTH_58d78b787ec34892b5aaa0c7a146155f/clubes_2026/silhuetas/CHA/FORMATO.png,4,3.75,Rafael de Carvalho Santos,0.0,1,4.94,24,rafael-santos,6,0.0,,,,20.0,,,,,,,,,,11.0,,,,,,
Marcelo Lomba,M. Lomba,68872,PAL,275,0,False,https://s3.glbimg.com/v1/AUTH_58d78b787ec34892b5aaa0c7a146155f/clubes_2026/silhuetas/PAL/FORMATO.png,1,8.9,Marcelo Lomba do Nascimento,0.0,1,7.08,24,marcelo-lomba,6,0.0,,,,3.0,,,,,,,,,,,,,,,1.0,
Dudu,Dudu,68920,CAM,282,0,True,https://s3.glbimg.com/v1/AUTH_58d78b787ec34892b5aaa0c7a146155f/clubes_2026/silhuetas/CAM/FORMATO.png,15,2.26,Eduardo Pereira Rodrigues,0.5,5,5.82,24,dudu,6,-0.1,,,,,,2.0,3.0,6.0,5.0,9.0,,2.0,,,,,,,,
Rafael,Rafael,68928,SAO,276,0,True,https://s3.glbimg.com/v1/AUTH_58d78b787ec34892b5aaa0c7a146155f/clubes_2026/silhuetas/SAO/FORMATO.png,23,3.23,Rafael Pires Monteiro,4.2,1,7.4,24,rafael,7,0.59,,1.0,,62.0,,,,,,3.0,,,,27.0,,,,,4.0,
Giovanni Augusto,G. Augusto,68938,CHA,315,0,True,https://s3.glbimg.com/v1/AUTH_58d78b787ec34892b5aaa0c7a146155f/clubes_2026/silhuetas/CHA/FORMATO.png,15,3.59,Giovanni Augusto Oliveira Cardoso,6.2,4,5.23,24,giovanni-augusto,7,-1.96,4.0,1.0,,,,11.0,9.0,2.0,1.0,20.0,,1.0,,,1.0,,,,,
Marinho,Marinho,68952,VIT,287,0,True,https://s3.glbimg.com/v1/AUTH_58d78b787ec34892b5aaa0c7a146155f/clubes_2026/silhuetas/VIT/FORMATO.png,9,1.84,Mário Sérgio Santos Costa,0.3,5,4.51,24,marinho,6,-0.37,,1.0,,,,6.0,4.0,1.0,4.0,11.0,,,,,2.0,,,,,
Willian José,W. José,68996,BAH,265,0,False,https://s3.glbimg.com/v1/AUTH_58d78b787ec34892b5aaa0c7a146155f/clubes_2026/silhuetas/BAH/FORMATO.png,20,2.45,Willian José da Silva,0.0,5,7.29,24,willian-jose,6,0.0,2.0,,,,,3.0,12.0,5.0,7.0,5.0,1.0,3.0,,,,,1.0,1.0,,
Santos,Santos,69012,CAP,293,0,True,https://s3.glbimg.com/v1/AUTH_58d78b787ec34892b5aaa0c7a146155f/clubes_2026/silhuetas/CAP/FORMATO.png,21,4.32,Aderbar Melo dos Santos Neto,5.8,1,8.55,24,santos,7,0.17,,2.0,,59.0,,,,,,2.0,,,,20.0,,,,,7.0,
Allan,Allan,69140,BOT,263,0,True,https://s3.glbimg.com/v1/AUTH_58d78b787ec34892b5aaa0c7a146155f/clubes_2026/silhuetas/BOT/FORMATO.png,11,2.05,Allan Marques Loureiro,2.3,4,4.5,24,allan,6,0.02,,3.0,,,,16.0,11.0,,3.0,5.0,,,,,,,,,,
Gabriel Paulista,G. Paulista,69208,COR,264,0,True,https://s3.glbimg.com/v1/AUTH_58d78b787ec34892b5aaa0c7a146155f/clubes_2026/silhuetas/COR/FORMATO.png,18,4.35,Gabriel Armando de Abreu,3.8,3,8.88,24,gabriel-paulista,7,0.18,,4.0,,,,19.0,13.0,1.0,11.0,9.0,,1.0,,,,,,,7.0,
Danilo,Danilo,69783,FLA,262,0,True,https://s3.glbimg.com/v1/AUTH_58d78b787ec34892b5aaa0c7a146155f/clubes_2026/silhuetas/FLA/FORMATO.png,8,1.39,Danilo Luiz da Silva,-0.3,3,4.73,24,danilo,6,-0.66,,,1.0,,,6.0,4.0,,1.0,1.0,,,,,,,,,1.0,
Lucas Moura,L. Moura,70164,SAO,276,0,False,https://s3.glbimg.com/v1/AUTH_58d78b787ec34892b5aaa0c7a146155f/clubes_2026/silhuetas/SAO/FORMATO.png,8,2.32,Lucas Rodrigues Moura da Silva,0.0,4,7.5,24,lucas-moura,5,0.0,1.0,,,,,,5.0,2.0,2.0,6.0,,1.0,,,,,,,,
Eduardo Sasha,E. Sasha,70360,RBB,280,0,True,https://s3.glbimg.com/v1/AUTH_58d78b787ec34892b5aaa0c7a146155f/clubes_2026/silhuetas/RBB/FORMATO.png,18,0.98,Eduardo Colcenti Antunes,0.8,5,3.91,24,eduardo-sasha,6,-0.04,,1.0,,,,6.0,2.0,6.0,6.0,13.0,,,,,3.0,,2.0,,,
Felipe Anderson,F. Anderson,70592,PAL,275,0,True,https://s3.glbimg.com/v1/AUTH_58d78b787ec34892b5aaa0c7a146155f/clubes_2026/silhuetas/PAL/FORMATO.png,17,3.18,Felipe Anderson Pereira Gomes,6.0,4,6.77,24,felipe-anderson,7,0.59,1.0,1.0,,,,17.0,8.0,1.0,5.0,5.0,1.0,2.0,,,,,,,,
Marllon,Marllon,70666,REM,364,0,True,https://s3.glbimg.com/v1/AUTH_58d78b787ec34892b5aaa0c7a146155f/clubes_2026/silhuetas/REM/FORMATO.png,22,2.69,Marllon Gonçalves Jerônimo Borges,-0.3,3,4.85,24,marllon,7,-0.97,1.0,3.0,,,,25.0,12.0,,2.0,13.0,,1.0,1.0,,,,,,2.0,
Bruno Henrique,B. Henrique,70944,INT,285,0,True,https://s3.glbimg.com/v1/AUTH_58d78b787ec34892b5aaa0c7a146155f/clubes_2026/silhuetas/INT/FORMATO.png,21,1.73,Bruno Henrique Corsini,-1.2,4,3.47,24,bruno-henrique,7,-0.85,1.0,,,,,15.0,28.0,5.0,10.0,7.0,,,,,1.0,,,,,
Léo Vieira,L. Vieira,71043,BAH,265,0,False,https://s3.glbimg.com/v1/AUTH_58d78b787ec34892b5aaa0c7a146155f/clubes_2026/silhuetas/BAH/FORMATO.png,16,5.02,Leonardo da Silva Vieira,0.0,1,6.82,24,leo-vieira,5,0.0,,1.0,,71.0,,,,,,4.0,,,,23.0,,,,,2.0,
Thiago Mendes,T. Mendes,71123,VAS,267,0,True,https://s3.glbimg.com/v1/AUTH_58d78b787ec34892b5aaa0c7a146155f/clubes_2026/silhuetas/VAS/FORMATO.png,19,4.18,Thiago Henrique Mendes Ribeiro,3.2,4,7.32,24,thiago-mendes,7,-0.33,1.0,8.0,,,,16.0,15.0,5.0,6.0,40.0,,4.0,,,1.0,,,,,
Maicon,Maicon,71227,CFC,294,0,False,https://s3.glbimg.com/v1/AUTH_58d78b787ec34892b5aaa0c7a146155f/clubes_2026/silhuetas/CFC/FORMATO.png,14,1.93,Maicon Pereira Roque,0.0,3,3.86,24,maicon,6,0.0,,,1.0,,,7.0,5.0,,,4.0,,,,,,1.0,,,4.0,
Luiz Gustavo,L. Gustavo,71536,CAP,293,0,True,https://s3.glbimg.com/v1/AUTH_58d78b787ec34892b5aaa0c7a146155f/clubes_2026/silhuetas/CAP/FORMATO.png,16,3.42,Luiz Gustavo Dias,0.0,4,5.71,24,luiz-gustavo,7,-0.49,,2.0,,,,16.0,16.0,5.0,3.0,20.0,1.0,2.0,,,,,,,,
Weverton,Weverton,71631,GRE,284,0,True,https://s3.glbimg.com/v1/AUTH_58d78b787ec34892b5aaa0c7a146155f/clubes_2026/silhuetas/GRE/FORMATO.png,20,4.44,Weverton Pereira da Silva,0.6,1,7.18,24,weverton,7,-0.03,1.0,2.0,,54.0,2.0,,,,,5.0,,,,25.0,,1.0,,,5.0,
Gustavo Gómez,G. Gómez,71684,PAL,275,0,True,https://s3.glbimg.com/v1/AUTH_58d78b787ec34892b5aaa0c7a146155f/clubes_2026/silhuetas/PAL/FORMATO.png,21,4.8,Gustavo Raúl Gómez Portillo,1.2,3,9.68,24,gustavo-gomez,7,-1.31,1.0,1.0,,,,18.0,21.0,1.0,9.0,3.0,,4.0,,,7.0,,,,7.0,
Tiago Volpi,T. Volpi,72018,RBB,280,0,True,https://s3.glbimg.com/v1/AUTH_58d78b787ec34892b5aaa0c7a146155f/clubes_2026/silhuetas/RBB/FORMATO.png,15,5.87,Tiago Luis Volpi,7.6,1,10.17,24,tiago-volpi,7,-0.04,,,,43.0,,,,,,,,2.0,,14.0,,,,,6.0,
Thomazella,Thomazella,72279,MIR,2305,0,False,https://s3.glbimg.com/v1/AUTH_58d78b787ec34892b5aaa0c7a146155f/clubes_2026/silhuetas/MIR/FORMATO.png,2,-1.35,Carlos Eduardo Lecciolle Thomazella,0.0,1,0.83,24,thomazella,6,0.0,,,,1.0,,,,,,,,,,4.0,,,,,,
Everson,Everson,72294,CAM,282,0,True,https://s3.glbimg.com/v1/AUTH_58d78b787ec34892b5aaa0c7a146155f/clubes_2026/silhuetas/CAM/FORMATO.png,23,4.58,Everson Felipe Marques Pires,8.6,1,9.67,24,everson,7,0.31,1.0,,,72.0,,,1.0,,,8.0,,,,27.0,,,,,6.0,
Fernando Diniz,F. Diniz,72391,COR,264,0,True,https://s3.glbimg.com/v1/AUTH_58d78b787ec34892b5aaa0c7a146155f/clubes_2026/silhuetas/COR/FORMATO.png,17,5.64,Fernando Diniz Silva,4.37,6,8.98,24,fernando-diniz,7,-0.21,,,,,,,,,,,,,,,,,,,,6.0
Bernard,Bernard,72460,CAM,282,0,True,https://s3.glbimg.com/v1/AUTH_58d78b787ec34892b5aaa0c7a146155f/clubes_2026/silhuetas/CAM/FORMATO.png,20,2.97,Bernard Anício Caldeira Duarte,0.0,4,4.44,24,bernard,7,-0.18,3.0,,,,,14.0,13.0,1.0,4.0,15.0,,2.0,,,3.0,,,,,
Alex Telles,A. Telles,72493,BOT,263,0,True,https://s3.glbimg.com/v1/AUTH_58d78b787ec34892b5aaa0c7a146155f/clubes_2026/silhuetas/BOT/FORMATO.png,18,4.22,Alex Nicolao Telles,1.3,2,8.76,24,alex-telles,7,-0.36,3.0,4.0,,,,18.0,22.0,,10.0,7.0,,3.0,,,,1.0,,,2.0,
Vitor Hugo,V. Hugo,72605,CAM,282,0,True,https://s3.glbimg.com/v1/AUTH_58d78b787ec34892b5aaa0c7a146155f/clubes_2026/silhuetas/CAM/FORMATO.png,10,4.53,Vitor Hugo Franchescoli de Souza,6.2,3,7.59,24,vitor-hugo,7,-0.7,,1.0,,,,5.0,5.0,1.0,2.0,3.0,,2.0,,,,,,,4.0,
Mercado,Mercado,72951,INT,285,0,True,https://s3.glbimg.com/v1/AUTH_58d78b787ec34892b5aaa0c7a146155f/clubes_2026/silhuetas/INT/FORMATO.png,15,3.81,Gabriel Iván Mercado,4.5,3,6.31,24,mercado,3,0.22,,6.0,,,,22.0,15.0,1.0,2.0,8.0,,1.0,,,1.0,,,,4.0,
Daniel Borges,D. Borges,73318,MIR,2305,0,False,https://s3.glbimg.com/v1/AUTH_58d78b787ec34892b5aaa0c7a146155f/clubes_2026/silhuetas/MIR/FORMATO.png,5,4.04,Daniel Fortunato Borges,0.0,2,5.75,24,daniel-borges,6,0.0,,,,,,6.0,3.0,1.0,3.0,7.0,,,,,,,,,1.0,
Samuel Xavier,S. Xavier,73384,FLU,266,0,True,https://s3.glbimg.com/v1/AUTH_58d78b787ec34892b5aaa0c7a146155f/clubes_2026/silhuetas/FLU/FORMATO.png,15,3.56,Samuel Xavier Brito,0.9,2,7.3,24,samuel-xavier,5,-0.18,,4.0,,,,21.0,18.0,2.0,2.0,25.0,,,,,2.0,,,,3.0,
Marcão,Marcão,73476,FLU,266,0,True,https://s3.glbimg.com/v1/AUTH_58d78b787ec34892b5aaa0c7a146155f/clubes_2026/silhuetas/FLU/FORMATO.png,2,7.67,Marco Aurélio de Oliveira Breves,7.12,6,12.47,24,marcao,7,0.34,,,,,,,,,,,,,,,,,,,,2.0
Carrillo,Carrillo,77485,COR,264,0,True,https://s3.glbimg.com/v1/AUTH_58d78b787ec34892b5aaa0c7a146155f/clubes_2026/silhuetas/COR/FORMATO.png,19,1.47,André Martín Carrillo Díaz,2.4,4,4.29,24,carrillo,7,0.01,1.0,4.0,,,,19.0,29.0,,5.0,7.0,,,,,2.0,,,,,
Fred,Fred,77510,CAM,282,0,True,https://s3.glbimg.com/v1/AUTH_58d78b787ec34892b5aaa0c7a146155f/clubes_2026/silhuetas/CAM/FORMATO.png,1,-0.1,Frederico Rodrigues de Paula Santos,-0.1,4,7.94,24,fred,6,-1.06,,1.0,,,,,3.0,,1.0,2.0,,,,,,,,,,
Cédric Soares,C. Soares,77656,SAO,276,0,False,https://s3.glbimg.com/v1/AUTH_58d78b787ec34892b5aaa0c7a146155f/clubes_2026/silhuetas/SAO/FORMATO.png,8,0.94,Cédric Ricardo Alves Soares,0.0,2,3.73,24,cedric-soares,6,0.0,,1.0,,,,5.0,2.0,,2.0,,,,,,,,,,,
João Schmidt,J. Schmidt,77777,SAN,277,0,True,https://s3.glbimg.com/v1/AUTH_58d78b787ec34892b5aaa0c7a146155f/clubes_2026/silhuetas/SAN/FORMATO.png,12,1.9,João Felipe Schmidt Urbano,0.4,4,4.18,24,joao-schmidt,3,-0.63,,2.0,,,,17.0,17.0,,3.0,4.0,,,,,,,,,,
Everaldo,Everaldo,78117,BAH,265,0,True,https://s3.glbimg.com/v1/AUTH_58d78b787ec34892b5aaa0c7a146155f/clubes_2026/silhuetas/BAH/FORMATO.png,16,3.79,Everaldo Stum,0.0,5,5.75,24,everaldo,6,-0.54,,2.0,,,,10.0,13.0,3.0,6.0,16.0,1.0,4.0,,,1.0,,,,,
Gustavo Henrique,G. Henrique,78248,COR,264,0,True,https://s3.glbimg.com/v1/AUTH_58d78b787ec34892b5aaa0c7a146155f/clubes_2026/silhuetas/COR/FORMATO.png,19,3.99,Gustavo Henrique Vernes,1.7,3,8.1,24,gustavo-henrique,7,-1.17,,3.0,,,,16.0,18.0,5.0,10.0,8.0,,1.0,,,,1.0,,,7.0,
Vitinho,Vitinho,78435,COR,264,0,False,https://s3.glbimg.com/v1/AUTH_58d78b787ec34892b5aaa0c7a146155f/clubes_2026/silhuetas/COR/FORMATO.png,7,2.13,Victor Vinícius Coelho dos Santos,0.0,5,5.06,24,vitinho,5,0.0,,,,,,5.0,5.0,2.0,5.0,5.0,,,,,,,,,,
Renê,Renê,78445,FLU,266,0,True,https://s3.glbimg.com/v1/AUTH_58d78b787ec34892b5aaa0c7a146155f/clubes_2026/silhuetas/FLU/FORMATO.png,16,6.04,Renê Rodrigues Martins,7.5,2,10.02,24,rene,7,0.02,2.0,1.0,,,,41.0,13.0,4.0,4.0,14.0,,,,,,,,,3.0,
Willian Arão,W. Arão,78478,SAN,277,0,True,https://s3.glbimg.com/v1/AUTH_58d78b787ec34892b5aaa0c7a146155f/clubes_2026/silhuetas/SAN/FORMATO.png,16,3.39,Willian Souza Arão da Silva,4.2,4,5.92,24,willian-arao,7,-0.65,,1.0,,,,28.0,5.0,1.0,1.0,4.0,1.0,1.0,,,1.0,,,,,
Gabriel,Gabriel,78605,RBB,280,0,False,https://s3.glbimg.com/v1/AUTH_58d78b787ec34892b5aaa0c7a146155f/clubes_2026/silhuetas/RBB/FORMATO.png,17,3.08,Gabriel Girotto Franco,0.0,4,5.15,24,gabriel,6,0.0,,5.0,,,,23.0,15.0,5.0,3.0,8.0,,2.0,,,,1.0,,,,
Reinaldo,Reinaldo,78850,MIR,2305,0,True,https://s3.glbimg.com/v1/AUTH_58d78b787ec34892b5aaa0c7a146155f/clubes_2026/silhuetas/MIR/FORMATO.png,18,3.08,Reinaldo Manoel da Silva,-0.3,2,7.71,24,reinaldo,7,-1.15,4.0,5.0,,,,9.0,12.0,3.0,10.0,12.0,,1.0,,,,,,,1.0,
Thiago Santos,T. Santos,78855,CFC,294,0,True,https://s3.glbimg.com/v1/AUTH_58d78b787ec34892b5aaa0c7a146155f/clubes_2026/silhuetas/CFC/FORMATO.png,17,3.35,Thiago dos Santos,5.8,3,4.88,24,thiago-santos,3,0.33,,6.0,,,,21.0,19.0,2.0,3.0,15.0,,,,,,,,,5.0,
Alex Muralha,A. Muralha,79066,MIR,2305,0,False,https://s3.glbimg.com/v1/AUTH_58d78b787ec34892b5aaa0c7a146155f/clubes_2026/silhuetas/MIR/FORMATO.png,0,-1.0,Alex Roberto Santana Rafael,0.0,1,2.64,24,alex-muralha,6,0.0,,1.0,,,,,,,,,,,,,,,,,,
Cano,Cano,79631,FLU,266,0,True,https://s3.glbimg.com/v1/AUTH_58d78b787ec34892b5aaa0c7a146155f/clubes_2026/silhuetas/FLU/FORMATO.png,8,2.28,Germán Ezequiel Cano,0.0,5,4.31,24,cano,6,-1.58,,,,,,,1.0,3.0,5.0,,1.0,1.0,,,,,,,,
Lucas Silva,L. Silva,79701,CRU,283,0,False,https://s3.glbimg.com/v1/AUTH_58d78b787ec34892b5aaa0c7a146155f/clubes_2026/silhuetas/CRU/FORMATO.png,15,0.41,Lucas Silva Borges,0.0,4,3.86,24,lucas-silva,6,0.0,,5.0,,,,7.0,8.0,,2.0,3.0,,,,,,,,,,
Saúl,Saúl,80061,FLA,262,0,False,https://s3.glbimg.com/v1/AUTH_58d78b787ec34892b5aaa0c7a146155f/clubes_2026/silhuetas/FLA/FORMATO.png,6,2.43,Saúl Ñíguez Esclapez,0.0,4,6.28,24,saul,6,0.0,1.0,,,,,7.0,3.0,,,,,,,,,,,,,
Jadson,Jadson,80129,CAP,293,0,True,https://s3.glbimg.com/v1/AUTH_58d78b787ec34892b5aaa0c7a146155f/clubes_2026/silhuetas/CAP/FORMATO.png,17,3.86,Jadson Alves dos Santos,9.9,4,6.32,24,jadson,7,0.1,1.0,5.0,,,,40.0,21.0,2.0,1.0,17.0,,,,,,,,,,
Yago Pikachu,Y. Pikachu,80196,REM,364,0,True,https://s3.glbimg.com/v1/AUTH_58d78b787ec34892b5aaa0c7a146155f/clubes_2026/silhuetas/REM/FORMATO.png,23,2.19,Glaybson Yago Souza Lisboa,4.0,4,5.11,24,yago-pikachu,7,0.35,1.0,2.0,1.0,,,12.0,10.0,5.0,5.0,17.0,,2.0,,,1.0,,,1.0,,
Luciano,Luciano,80287,SAO,276,0,True,https://s3.glbimg.com/v1/AUTH_58d78b787ec34892b5aaa0c7a146155f/clubes_2026/silhuetas/SAO/FORMATO.png,19,5.01,Luciano da Rocha Neves,7.4,5,13.05,24,luciano,7,0.25,1.0,4.0,,,,12.0,22.0,7.0,14.0,32.0,1.0,6.0,,,7.0,,1.0,1.0,,
Gilberto,Gilberto,80313,CAP,293,0,False,https://s3.glbimg.com/v1/AUTH_58d78b787ec34892b5aaa0c7a146155f/clubes_2026/silhuetas/CAP/FORMATO.png,12,4.84,Gilberto Moraes Júnior,0.0,2,7.82,24,gilberto,7,0.0,1.0,,,,,20.0,5.0,3.0,2.0,3.0,1.0,,,,1.0,,,,3.0,
Wendell,Wendell,80570,SAO,276,0,False,https://s3.glbimg.com/v1/AUTH_58d78b787ec34892b5aaa0c7a146155f/clubes_2026/silhuetas/SAO/FORMATO.png,16,4.04,Wendell Nascimento Borges,0.0,2,7.96,24,wendell,2,0.0,3.0,4.0,,,,25.0,32.0,1.0,4.0,13.0,,,,,2.0,,,,3.0,
André Luis,A. Luis,81005,MIR,2305,0,False,https://s3.glbimg.com/v1/AUTH_58d78b787ec34892b5aaa0c7a146155f/clubes_2026/silhuetas/MIR/FORMATO.png,11,1.02,André Luis Silva de Aguiar,0.0,5,3.05,24,andre-luis,6,0.0,,2.0,,,,,6.0,,2.0,11.0,,1.0,,,1.0,,,,,
Jair,Jair,81091,VAS,267,0,False,https://s3.glbimg.com/v1/AUTH_58d78b787ec34892b5aaa0c7a146155f/clubes_2026/silhuetas/VAS/FORMATO.png,3,3.13,Jair Rodrigues Júnior,0.0,4,6.37,24,jair,5,0.0,,,,,,6.0,2.0,,,2.0,,,,,,,,,,
Lingard,Lingard,81720,COR,264,0,True,https://s3.glbimg.com/v1/AUTH_58d78b787ec34892b5aaa0c7a146155f/clubes_2026/silhuetas/COR/FORMATO.png,14,1.71,Jesse Ellis Lingard,0.8,5,3.89,24,lingard,6,-0.07,1.0,2.0,,,,10.0,15.0,3.0,5.0,6.0,,,,,1.0,,,,,
Alisson,Alisson,81845,FLU,266,0,False,https://s3.glbimg.com/v1/AUTH_58d78b787ec34892b5aaa0c7a146155f/clubes_2026/silhuetas/FLU/FORMATO.png,8,0.96,Alisson Euler de Freitas Castro,0.0,4,3.52,24,alisson,6,0.0,1.0,3.0,,,,3.0,5.0,1.0,,5.0,,,,,,1.0,,,,
Chico Kim,C. Kim,82407,MIR,2305,0,False,https://s3.glbimg.com/v1/AUTH_58d78b787ec34892b5aaa0c7a146155f/clubes_2026/silhuetas/MIR/FORMATO.png,4,0.43,Francisco Hyun-Sol Kim,0.0,4,2.91,24,chico-kim,6,0.0,,,,,,1.0,1.0,,,1.0,,,,,,,,,,
Otávio,Otávio,82463,FLU,266,0,False,https://s3.glbimg.com/v1/AUTH_58d78b787ec34892b5aaa0c7a146155f/clubes_2026/silhuetas/FLU/FORMATO.png,6,0.58,Otávio Henrique Passos Santos,0.0,4,2.87,24,otavio,6,0.0,,1.0,,,,2.0,5.0,1.0,1.0,2.0,,,,,,,,,,
Luiz Araújo,L. Araújo,82627,FLA,262,0,True,https://s3.glbimg.com/v1/AUTH_58d78b787ec34892b5aaa0c7a146155f/clubes_2026/silhuetas/FLA/FORMATO.png,13,3.33,Luiz de Araújo Guimarães Neto,0.0,5,7.12,24,luiz-araujo,6,-1.51,1.0,2.0,,,,12.0,8.0,2.0,3.0,8.0,,2.0,,,1.0,,,,,
Tinga,Tinga,82628,CFC,294,0,False,https://s3.glbimg.com/v1/AUTH_58d78b787ec34892b5aaa0c7a146155f/clubes_2026/silhuetas/CFC/FORMATO.png,16,3.59,Guilherme de Jesus da Silva,0.0,2,5.53,24,tinga,5,0.0,2.0,,,,,20.0,3.0,1.0,2.0,11.0,,,,,,,,,2.0,
Marcelo Rangel,M. Rangel,82730,REM,364,0,True,https://s3.glbimg.com/v1/AUTH_58d78b787ec34892b5aaa0c7a146155f/clubes_2026/silhuetas/REM/FORMATO.png,23,3.96,Marcelo Rangel da Rosa,7.1,1,6.24,24,marcelo-rangel,7,0.59,,2.0,,87.0,1.0,,,,,4.0,,,,39.0,,,,,2.0,
Lucas Ramon,L. Ramon,82775,SAO,276,0,True,https://s3.glbimg.com/v1/AUTH_58d78b787ec34892b5aaa0c7a146155f/clubes_2026/silhuetas/SAO/FORMATO.png,17,4.84,Lucas Ramon Batista Silva,1.8,2,9.5,24,lucas-ramon,7,0.12,1.0,2.0,1.0,,,32.0,15.0,3.0,6.0,25.0,1.0,,,,1.0,,,,3.0,
Rafael Thyere,R. Thyere,83048,CHA,315,0,False,https://s3.glbimg.com/v1/AUTH_58d78b787ec34892b5aaa0c7a146155f/clubes_2026/silhuetas/CHA/FORMATO.png,3,-0.1,Rafael Thyere de Albuquerque Marques,0.0,3,2.75,24,rafael-thyere,2,0.0,,,,,,2.0,1.0,,,,,,1.0,,,,,,,
Ygor Vinhas,Y. Vinhas,83074,REM,364,0,False,https://s3.glbimg.com/v1/AUTH_58d78b787ec34892b5aaa0c7a146155f/clubes_2026/silhuetas/REM/FORMATO.png,0,0.0,Ygor Vinhas Oliveira Lima,0.0,1,3.0,24,ygor-vinhas,6,0.0,,,,,,,,,,,,,,,,,,,,
Gabriel,Gabriel,83257,SAN,277,0,True,https://s3.glbimg.com/v1/AUTH_58d78b787ec34892b5aaa0c7a146155f/clubes_2026/silhuetas/SAN/FORMATO.png,15,4.77,Gabriel Barbosa Almeida,0.8,5,8.26,24,gabriel,7,-1.3,2.0,4.0,1.0,,,4.0,6.0,1.0,16.0,6.0,,6.0,,,8.0,,,,,
Patrick,Patrick,83433,REM,364,0,True,https://s3.glbimg.com/v1/AUTH_58d78b787ec34892b5aaa0c7a146155f/clubes_2026/silhuetas/REM/FORMATO.png,21,3.78,Patrick Bezerra do Nascimento,0.0,4,5.03,24,patrick,6,-0.73,,,,,,38.0,12.0,2.0,6.0,22.0,3.0,,,,1.0,1.0,,,,
Léo Pereira,L. Pereira,83528,FLA,262,0,False,https://s3.glbimg.com/v1/AUTH_58d78b787ec34892b5aaa0c7a146155f/clubes_2026/silhuetas/FLA/FORMATO.png,18,4.56,Leonardo Pereira,0.0,3,8.96,24,leo-pereira,7,0.0,1.0,5.0,,,,11.0,14.0,3.0,7.0,9.0,,2.0,,,,,,,8.0,
Georgemy,Georgemy,84268,MIR,2305,0,False,https://s3.glbimg.com/v1/AUTH_58d78b787ec34892b5aaa0c7a146155f/clubes_2026/silhuetas/MIR/FORMATO.png,0,0.0,Georgemy Gonçalves,0.0,1,3.0,24,georgemy,6,0.0,,,,,,,,,,,,,,,,,,,,
Bruno Melo,B. Melo,84339,CFC,294,0,True,https://s3.glbimg.com/v1/AUTH_58d78b787ec34892b5aaa0c7a146155f/clubes_2026/silhuetas/CFC/FORMATO.png,22,3.34,Bruno Ferreira Melo,2.2,2,5.49,24,bruno-melo,7,-0.32,1.0,2.0,1.0,,,18.0,10.0,,7.0,12.0,,1.0,,,3.0,,,,6.0,
Fernando Sobral,F. Sobral,84428,CFC,294,0,True,https://s3.glbimg.com/v1/AUTH_58d78b787ec34892b5aaa0c7a146155f/clubes_2026/silhuetas/CFC/FORMATO.png,5,0.8,Fernando Pereira do Nascimento,0.0,4,3.34,24,fernando-sobral,6,-0.6,,,,,,2.0,,,,2.0,,,,,,,,,,
Lucas Romero,L. Romero,84558,CRU,283,0,True,https://s3.glbimg.com/v1/AUTH_58d78b787ec34892b5aaa0c7a146155f/clubes_2026/silhuetas/CRU/FORMATO.png,17,4.49,Lucas Daniel Romero,4.7,4,8.49,24,lucas-romero,7,0.0,3.0,3.0,,,,30.0,22.0,5.0,3.0,21.0,,1.0,,,,1.0,,,,
Josué,Josué,84626,CFC,294,0,True,https://s3.glbimg.com/v1/AUTH_58d78b787ec34892b5aaa0c7a146155f/clubes_2026/silhuetas/CFC/FORMATO.png,22,4.17,Josué Filipe Soares Pesqueira,2.7,4,5.98,24,josue,7,-0.58,9.0,2.0,1.0,,,10.0,21.0,7.0,9.0,33.0,1.0,1.0,,,,,,,,
Lucas Evangelista,L. Evangelista,84674,PAL,275,0,False,https://s3.glbimg.com/v1/AUTH_58d78b787ec34892b5aaa0c7a146155f/clubes_2026/silhuetas/PAL/FORMATO.png,19,1.09,Lucas Evangelista Santana de Oliveira,0.0,4,3.94,24,lucas-evangelista,6,0.0,1.0,,,,,6.0,5.0,,3.0,12.0,,,,,,,,,,
Jorginho,Jorginho,84735,FLA,262,0,True,https://s3.glbimg.com/v1/AUTH_58d78b787ec34892b5aaa0c7a146155f/clubes_2026/silhuetas/FLA/FORMATO.png,17,3.92,Jorge Luiz Frello Filho,3.3,4,8.83,24,jorginho,7,0.29,1.0,3.0,1.0,,,28.0,15.0,,2.0,25.0,,2.0,,,,,,,,
Varela,Varela,84816,FLA,262,0,True,https://s3.glbimg.com/v1/AUTH_58d78b787ec34892b5aaa0c7a146155f/clubes_2026/silhuetas/FLA/FORMATO.png,18,4.4,Guillermo Varela Olivera,0.2,2,7.55,24,varela,2,-0.42,2.0,3.0,,,,20.0,8.0,,3.0,13.0,,,,,1.0,,,1.0,7.0,
Luan Peres,L. Peres,84847,SAN,277,0,True,https://s3.glbimg.com/v1/AUTH_58d78b787ec34892b5aaa0c7a146155f/clubes_2026/silhuetas/SAN/FORMATO.png,16,3.1,Luan Peres Petroni,8.2,3,5.63,24,luan-peres,7,-0.48,,2.0,1.0,,,15.0,17.0,,2.0,15.0,,1.0,,,,,,,4.0,
Sanabria,Sanabria,85035,INT,285,0,False,https://s3.glbimg.com/v1/AUTH_58d78b787ec34892b5aaa0c7a146155f/clubes_2026/silhuetas/INT/FORMATO.png,0,0.0,Arnaldo Antonio Sanabria Ayala,0.0,5,6.0,24,sanabria,6,0.0,,,,,,,,,,,,,,,,,,,,
Memphis Depay,M. Depay,85048,COR,264,0,True,https://s3.glbimg.com/v1/AUTH_58d78b787ec34892b5aaa0c7a146155f/clubes_2026/silhuetas/COR/FORMATO.png,8,2.14,Memphis Depay,3.2,5,9.34,24,memphis-depay,7,-0.22,,,,,,2.0,4.0,2.0,2.0,7.0,,1.0,,,2.0,,,,,
Danielzinho,Danielzinho,85403,SAO,276,0,True,https://s3.glbimg.com/v1/AUTH_58d78b787ec34892b5aaa0c7a146155f/clubes_2026/silhuetas/SAO/FORMATO.png,20,2.57,Daniel de Oliveira Sertanejo,0.5,4,6.04,24,danielzinho,7,-0.3,1.0,1.0,,,,15.0,15.0,1.0,4.0,32.0,,1.0,,,,,,1.0,,
João Paulo,J. Paulo,85425,SAN,277,0,False,https://s3.glbimg.com/v1/AUTH_58d78b787ec34892b5aaa0c7a146155f/clubes_2026/silhuetas/SAN/FORMATO.png,2,-0.35,João Paulo Silva Martins,0.0,1,6.94,24,joao-paulo,6,0.0,,2.0,,6.0,,,,,,1.0,,,,7.0,,,,,,
Alex Santana,A. Santana,85465,COR,264,0,False,https://s3.glbimg.com/v1/AUTH_58d78b787ec34892b5aaa0c7a146155f/clubes_2026/silhuetas/COR/FORMATO.png,1,0.8,Alex Paulo Menezes Santana,0.0,4,4.02,24,alex-santana,6,0.0,,,,,,,,,1.0,,,,,,,,,,,
Léo,Léo,85626,CAP,293,0,False,https://s3.glbimg.com/v1/AUTH_58d78b787ec34892b5aaa0c7a146155f/clubes_2026/silhuetas/CAP/FORMATO.png,2,4.9,Leonardo Pinheiro da Conceição,0.0,3,6.77,24,leo,6,0.0,,,,,,4.0,4.0,,,,,,,,,,,,1.0,
Bolasie,Bolasie,86292,CHA,315,0,False,https://s3.glbimg.com/v1/AUTH_58d78b787ec34892b5aaa0c7a146155f/clubes_2026/silhuetas/CHA/FORMATO.png,16,2.21,Yannick Bolasie,0.0,5,4.49,24,bolasie,5,0.0,1.0,3.0,,,,4.0,18.0,7.0,12.0,14.0,1.0,1.0,,,3.0,,1.0,1.0,,
Victor Luis,V. Luis,86410,MIR,2305,0,False,https://s3.glbimg.com/v1/AUTH_58d78b787ec34892b5aaa0c7a146155f/clubes_2026/silhuetas/MIR/FORMATO.png,7,1.2,Victor Luis Chuab Zamblauskas,0.0,2,3.65,24,victor-luis,6,0.0,,2.0,,,,4.0,7.0,,2.0,2.0,,,,,1.0,1.0,,,1.0,
Keno,Keno,86485,CFC,294,0,False,https://s3.glbimg.com/v1/AUTH_58d78b787ec34892b5aaa0c7a146155f/clubes_2026/silhuetas/CFC/FORMATO.png,7,0.61,Marcos da Silva França,0.0,5,3.09,24,keno,6,0.0,,,,,,,2.0,1.0,1.0,6.0,,,,,1.0,,,,,
Tchê Tchê,T. Tchê,86686,VAS,267,0,True,https://s3.glbimg.com/v1/AUTH_58d78b787ec34892b5aaa0c7a146155f/clubes_2026/silhuetas/VAS/FORMATO.png,16,2.17,Danilo das Neves Pinheiro,2.7,4,4.27,24,tche-tche,7,0.03,,2.0,,,,13.0,13.0,2.0,6.0,12.0,,1.0,,,1.0,,,,,
Richard,Richard,86711,INT,285,0,False,https://s3.glbimg.com/v1/AUTH_58d78b787ec34892b5aaa0c7a146155f/clubes_2026/silhuetas/INT/FORMATO.png,0,0.0,Richard Cândido Coelho,0.0,4,4.0,24,richard,6,0.0,,,,,,,,,,,,,,,,,,,,
Everton,Everton,86757,FLA,262,0,False,https://s3.glbimg.com/v1/AUTH_58d78b787ec34892b5aaa0c7a146155f/clubes_2026/silhuetas/FLA/FORMATO.png,9,1.42,Everton Sousa Soares,0.0,5,5.67,24,everton,6,0.0,,1.0,,,,4.0,6.0,1.0,8.0,4.0,,,,,,,,,,
Danilo Barbosa,D. Barbosa,86777,GRE,284,0,True,https://s3.glbimg.com/v1/AUTH_58d78b787ec34892b5aaa0c7a146155f/clubes_2026/silhuetas/GRE/FORMATO.png,1,0.0,Danilo Barbosa da Silva,0.0,4,5.32,24,danilo-barbosa,7,-0.68,,,,,,,,,,,,,,,,,,,,
José Welison,J. Welison,86859,REM,364,0,True,https://s3.glbimg.com/v1/AUTH_58d78b787ec34892b5aaa0c7a146155f/clubes_2026/silhuetas/REM/FORMATO.png,20,2.66,José Welison da Silva - Zé,2.7,4,3.72,24,jose-welison,7,-0.15,,4.0,,,,32.0,29.0,1.0,12.0,14.0,,,,,,,,,,
Marlon,Marlon,86864,REM,364,0,True,https://s3.glbimg.com/v1/AUTH_58d78b787ec34892b5aaa0c7a146155f/clubes_2026/silhuetas/REM/FORMATO.png,2,2.8,Marlon Matheus Lopes do Nascimento,5.4,2,5.5,24,marlon,7,0.96,,1.0,,,,5.0,3.0,,,,,,,,,,,,,
Léo Jardim,L. Jardim,87008,VAS,267,0,True,https://s3.glbimg.com/v1/AUTH_58d78b787ec34892b5aaa0c7a146155f/clubes_2026/silhuetas/VAS/FORMATO.png,22,2.48,Leonardo César Jardim,-4.0,1,5.11,24,leo-jardim,7,-0.68,,1.0,,62.0,,1.0,1.0,,,2.0,,,,37.0,,,,,2.0,
Pedro Henrique,P. Henrique,87225,RBB,280,0,True,https://s3.glbimg.com/v1/AUTH_58d78b787ec34892b5aaa0c7a146155f/clubes_2026/silhuetas/RBB/FORMATO.png,15,3.99,Pedro Henrique Ribeiro Gonçalves,5.0,3,7.02,24,pedro-henrique,7,-0.7,,3.0,,,,12.0,7.0,1.0,3.0,11.0,,1.0,,,1.0,,,,6.0,
Guilherme Arana,G. Arana,87228,FLU,266,0,False,https://s3.glbimg.com/v1/AUTH_58d78b787ec34892b5aaa0c7a146155f/clubes_2026/silhuetas/FLU/FORMATO.png,14,3.25,Guilherme Antonio Arana Lopes,0.0,2,7.42,24,guilherme-arana,6,0.0,,2.0,,,,13.0,9.0,4.0,7.0,5.0,,1.0,,,1.0,,,,2.0,
Soteldo,Soteldo,87258,FLU,266,0,True,https://s3.glbimg.com/v1/AUTH_58d78b787ec34892b5aaa0c7a146155f/clubes_2026/silhuetas/FLU/FORMATO.png,17,2.08,Yeferson Julio Soteldo Martínez,7.5,5,4.81,24,soteldo,7,0.53,1.0,,,,,8.0,3.0,5.0,8.0,14.0,,,,,1.0,,,,,
Kannemann,Kannemann,87342,GRE,284,0,False,https://s3.glbimg.com/v1/AUTH_58d78b787ec34892b5aaa0c7a146155f/clubes_2026/silhuetas/GRE/FORMATO.png,3,-0.2,Walter Kannemann,0.0,3,3.37,24,kannemann,6,0.0,,2.0,,,,2.0,2.0,,,,,,,,,1.0,,,,
Thaciano,Thaciano,87470,SAN,277,0,True,https://s3.glbimg.com/v1/AUTH_58d78b787ec34892b5aaa0c7a146155f/clubes_2026/silhuetas/SAN/FORMATO.png,14,2.36,Thaciano Mickael da Silva,0.5,4,5.71,24,thaciano,6,-0.11,,1.0,,,,7.0,3.0,1.0,5.0,7.0,,2.0,,,3.0,,,,,
Vitor Bueno,V. Bueno,87552,REM,364,0,True,https://s3.glbimg.com/v1/AUTH_58d78b787ec34892b5aaa0c7a146155f/clubes_2026/silhuetas/REM/FORMATO.png,17,3.66,Vitor Frezarin Bueno,0.5,4,6.71,24,vitor-bueno,2,-1.14,3.0,1.0,,,,4.0,11.0,7.0,5.0,12.0,1.0,3.0,,,,,,,,
Neto Moura,N. Moura,87742,MIR,2305,0,True,https://s3.glbimg.com/v1/AUTH_58d78b787ec34892b5aaa0c7a146155f/clubes_2026/silhuetas/MIR/FORMATO.png,13,1.53,Antônio Francisco Moura Neto,2.5,4,3.51,24,neto-moura,7,0.28,,5.0,,,,12.0,12.0,2.0,7.0,5.0,,,,,,,,,,
Yago Felipe,Y. Felipe,87747,CHA,315,0,True,https://s3.glbimg.com/v1/AUTH_58d78b787ec34892b5aaa0c7a146155f/clubes_2026/silhuetas/CHA/FORMATO.png,2,8.65,Yago Felipe da Costa Rocha,8.2,4,9.11,24,yago-felipe,7,1.17,1.0,1.0,,,,8.0,7.0,2.0,,2.0,,,,,,,,,,
Arrascaeta,Arrascaeta,87863,FLA,262,0,True,https://s3.glbimg.com/v1/AUTH_58d78b787ec34892b5aaa0c7a146155f/clubes_2026/silhuetas/FLA/FORMATO.png,15,5.36,Giorgian Daniel de Arrascaeta Benedetti,7.8,4,14.35,24,arrascaeta,7,0.24,3.0,1.0,,,,8.0,5.0,6.0,9.0,15.0,3.0,3.0,,,,,,1.0,,
Balbuena,Balbuena,87887,GRE,284,0,False,https://s3.glbimg.com/v1/AUTH_58d78b787ec34892b5aaa0c7a146155f/clubes_2026/silhuetas/GRE/FORMATO.png,7,3.94,Fabián Cornelio Balbuena González,0.0,3,6.98,24,balbuena,6,0.0,,,,,,11.0,2.0,,1.0,2.0,,,,,1.0,,,,2.0,
Gustavo Scarpa,G. Scarpa,87999,CAM,282,0,False,https://s3.glbimg.com/v1/AUTH_58d78b787ec34892b5aaa0c7a146155f/clubes_2026/silhuetas/CAM/FORMATO.png,10,3.09,Gustavo Henrique Furtado Scarpa,0.0,4,7.06,24,gustavo-scarpa,6,0.0,1.0,,,,,3.0,2.0,2.0,7.0,6.0,1.0,1.0,,,,,,,,
Luís Castro,L. Castro,88037,GRE,284,0,True,https://s3.glbimg.com/v1/AUTH_58d78b787ec34892b5aaa0c7a146155f/clubes_2026/silhuetas/GRE/FORMATO.png,22,4.51,Luís Manuel Ribeiro de Castro,1.83,6,8.66,24,luis-castro,7,-0.24,,,,,,,,,,,,,,,,,,,,6.0
Ivan,Ivan,88136,REM,364,0,False,https://s3.glbimg.com/v1/AUTH_58d78b787ec34892b5aaa0c7a146155f/clubes_2026/silhuetas/REM/FORMATO.png,1,10.2,Ivan Quaresma da Silva,0.0,1,7.58,24,ivan,6,0.0,,,,4.0,,,,,,,,,,,,,,,1.0,
Neto Pessoa,N. Pessoa,88293,CHA,315,0,False,https://s3.glbimg.com/v1/AUTH_58d78b787ec34892b5aaa0c7a146155f/clubes_2026/silhuetas/CHA/FORMATO.png,9,3.49,Altemir Cordeiro Pessôa Neto,0.0,5,4.74,24,neto-pessoa,6,0.0,1.0,1.0,,,,3.0,5.0,2.0,5.0,2.0,,2.0,,,,,,1.0,,
Ayrton Lucas,A. Lucas,88393,FLA,262,0,True,https://s3.glbimg.com/v1/AUTH_58d78b787ec34892b5aaa0c7a146155f/clubes_2026/silhuetas/FLA/FORMATO.png,13,5.15,Ayrton Lucas Dantas de Medeiros,4.6,2,8.79,24,ayrton-lucas,7,-0.77,2.0,,,,,11.0,12.0,3.0,5.0,3.0,,,,,,,,,7.0,
Walace,Walace,88479,VIT,287,0,True,https://s3.glbimg.com/v1/AUTH_58d78b787ec34892b5aaa0c7a146155f/clubes_2026/silhuetas/VIT/FORMATO.png,5,1.24,Walace Souza Silva,4.0,4,3.38,24,walace,6,0.51,,,,,,3.0,4.0,,3.0,1.0,,,,,,,,,,
Leonardo Jardim,L. Jardim,88963,FLA,262,0,True,https://s3.glbimg.com/v1/AUTH_58d78b787ec34892b5aaa0c7a146155f/clubes_2026/silhuetas/FLA/FORMATO.png,20,7.2,José Leonardo Nunes Alves Sousa Jardim,4.78,6,12.83,24,leonardo-jardim,7,-1.01,,,,,,,,,,,,,,,,,,,,12.0
Gerson,Gerson,89256,CRU,283,0,True,https://s3.glbimg.com/v1/AUTH_58d78b787ec34892b5aaa0c7a146155f/clubes_2026/silhuetas/CRU/FORMATO.png,21,4.11,Gerson Santos da Silva,1.5,4,8.08,24,gerson,7,-0.31,2.0,4.0,,,,35.0,22.0,7.0,6.0,43.0,,,,,3.0,,,,,
João Pedro,J. Pedro,89273,GRE,284,0,False,https://s3.glbimg.com/v1/AUTH_58d78b787ec34892b5aaa0c7a146155f/clubes_2026/silhuetas/GRE/FORMATO.png,5,0.72,João Pedro Maturano dos Santos,0.0,2,3.11,24,joao-pedro,6,0.0,,,,,,3.0,6.0,,,2.0,,,,,1.0,,,,,
Andreas Pereira,A. Pereira,89274,PAL,275,0,True,https://s3.glbimg.com/v1/AUTH_58d78b787ec34892b5aaa0c7a146155f/clubes_2026/silhuetas/PAL/FORMATO.png,23,4.8,Andreas Hugo Hoelgebaum Pereira,6.4,4,12.19,24,andreas-pereira,7,0.7,10.0,3.0,,,,22.0,20.0,5.0,17.0,18.0,,1.0,,,1.0,,,,,
William,William,89275,CRU,283,0,False,https://s3.glbimg.com/v1/AUTH_58d78b787ec34892b5aaa0c7a146155f/clubes_2026/silhuetas/CRU/FORMATO.png,11,3.66,Willian de Asevedo Furtado,0.0,2,9.17,24,william,7,0.0,,1.0,1.0,,,16.0,10.0,4.0,2.0,4.0,,,,,1.0,,,,3.0,
Braithwaite,Braithwaite,89368,GRE,284,0,True,https://s3.glbimg.com/v1/AUTH_58d78b787ec34892b5aaa0c7a146155f/clubes_2026/silhuetas/GRE/FORMATO.png,14,0.39,Martin Christensen Braithwaite,1.6,5,5.51,24,braithwaite,6,0.03,,,,,,2.0,7.0,1.0,1.0,6.0,,,,,4.0,,,,,
Igor Rabello,I. Rabello,89493,FLU,266,0,False,https://s3.glbimg.com/v1/AUTH_58d78b787ec34892b5aaa0c7a146155f/clubes_2026/silhuetas/FLU/FORMATO.png,2,6.65,Igor Rabello da Costa,0.0,3,8.06,24,igor-rabello,5,0.0,,,,,,5.0,,,1.0,,,,,,,,,,1.0,
Thiago Maia,T. Maia,89637,INT,285,0,False,https://s3.glbimg.com/v1/AUTH_58d78b787ec34892b5aaa0c7a146155f/clubes_2026/silhuetas/INT/FORMATO.png,10,0.92,Thiago Maia Alencar,0.0,4,3.6,24,thiago-maia,6,0.0,,,,,,5.0,1.0,1.0,,2.0,,,,,1.0,,,,,
Lucho Acosta,L. Acosta,89837,FLU,266,0,False,https://s3.glbimg.com/v1/AUTH_58d78b787ec34892b5aaa0c7a146155f/clubes_2026/silhuetas/FLU/FORMATO.png,18,4.74,Luciano Federico Acosta,0.0,4,9.66,24,lucho-acosta,6,0.0,4.0,5.0,,,,19.0,17.0,5.0,11.0,16.0,,3.0,,,,,,,,
Calleri,Calleri,89840,SAO,276,0,True,https://s3.glbimg.com/v1/AUTH_58d78b787ec34892b5aaa0c7a146155f/clubes_2026/silhuetas/SAO/FORMATO.png,21,5.19,Jonathan Calleri,0.5,5,10.77,24,calleri,6,-0.27,1.0,4.0,,,,14.0,35.0,7.0,19.0,39.0,,7.0,,,7.0,1.0,,,,
Dodi,Dodi,89883,GRE,284,0,False,https://s3.glbimg.com/v1/AUTH_58d78b787ec34892b5aaa0c7a146155f/clubes_2026/silhuetas/GRE/FORMATO.png,8,-0.01,Douglas Moreira Fagundes,0.0,4,2.3,24,dodi,5,0.0,,2.0,,,,2.0,8.0,,1.0,1.0,,,,,,,,,,
Mendoza,Mendoza,90031,CAP,293,0,True,https://s3.glbimg.com/v1/AUTH_58d78b787ec34892b5aaa0c7a146155f/clubes_2026/silhuetas/CAP/FORMATO.png,22,4.17,John Stiven Mendoza Valencia,1.5,5,7.54,24,mendoza,7,-0.68,,,,,,16.0,11.0,5.0,12.0,13.0,3.0,5.0,,,3.0,,,,,
Bruno Pacheco,B. Pacheco,90061,CHA,315,0,True,https://s3.glbimg.com/v1/AUTH_58d78b787ec34892b5aaa0c7a146155f/clubes_2026/silhuetas/CHA/FORMATO.png,14,4.36,Bruno de Jesus Pacheco,14.4,2,7.89,24,bruno-pacheco,7,1.92,3.0,2.0,,,,21.0,9.0,,1.0,11.0,,1.0,,,1.0,,,,1.0,
Bruno Henrique,B. Henrique,90285,FLA,262,0,True,https://s3.glbimg.com/v1/AUTH_58d78b787ec34892b5aaa0c7a146155f/clubes_2026/silhuetas/FLA/FORMATO.png,16,2.58,Bruno Henrique Pinto,-1.3,5,5.03,24,bruno-henrique,3,-1.42,3.0,3.0,,,,8.0,13.0,3.0,6.0,10.0,,1.0,,,3.0,,,,,
Pedro Rocha,P. Rocha,90302,CFC,294,0,True,https://s3.glbimg.com/v1/AUTH_58d78b787ec34892b5aaa0c7a146155f/clubes_2026/silhuetas/CFC/FORMATO.png,23,3.93,Pedro Rocha Neves,9.9,5,7.79,24,pedro-rocha,7,1.39,1.0,1.0,1.0,,,7.0,21.0,9.0,20.0,23.0,,6.0,,,10.0,,,,,
David,David,90309,VAS,267,0,True,https://s3.glbimg.com/v1/AUTH_58d78b787ec34892b5aaa0c7a146155f/clubes_2026/silhuetas/VAS/FORMATO.png,19,1.89,David Corrêa da Fonseca,0.0,5,3.89,24,david,2,-0.1,1.0,,,,,4.0,12.0,4.0,6.0,8.0,,2.0,,,12.0,,,,,
Matheus Pereira,M. Pereira,90370,COR,264,0,True,https://s3.glbimg.com/v1/AUTH_58d78b787ec34892b5aaa0c7a146155f/clubes_2026/silhuetas/COR/FORMATO.png,15,1.03,Matheus Pereira da Silva,0.5,4,3.19,24,matheus-pereira,6,-0.2,,2.0,,,,9.0,13.0,2.0,5.0,3.0,,,,,,,,,,
Caíque,Caíque,90588,VIT,287,0,False,https://s3.glbimg.com/v1/AUTH_58d78b787ec34892b5aaa0c7a146155f/clubes_2026/silhuetas/VIT/FORMATO.png,17,2.5,Caique de Jesus Gonçalves,0.0,4,4.64,24,caique,5,0.0,,3.0,,,,26.0,17.0,1.0,1.0,21.0,,,,,,1.0,,,,
Chico da Costa,C. Costa,90608,CRU,283,0,False,https://s3.glbimg.com/v1/AUTH_58d78b787ec34892b5aaa0c7a146155f/clubes_2026/silhuetas/CRU/FORMATO.png,7,1.24,Francisco da Costa Aragão,0.0,5,3.81,24,chico-da-costa,6,0.0,1.0,,,,,1.0,5.0,2.0,1.0,1.0,,,,,,,,,,
Matheuzinho,Matheuzinho,90703,VIT,287,0,True,https://s3.glbimg.com/v1/AUTH_58d78b787ec34892b5aaa0c7a146155f/clubes_2026/silhuetas/VIT/FORMATO.png,20,3.54,Matheus Martins Fogaça de Paulo,1.0,4,5.66,24,matheuzinho,7,-1.41,1.0,3.0,,,,12.0,10.0,12.0,11.0,28.0,,2.0,,,2.0,,,1.0,,
Fabrício Bruno,F. Bruno,90768,CRU,283,0,True,https://s3.glbimg.com/v1/AUTH_58d78b787ec34892b5aaa0c7a146155f/clubes_2026/silhuetas/CRU/FORMATO.png,21,2.19,Fabrício Bruno Soares de Faria,0.2,3,5.87,24,fabricio-bruno,3,-1.02,,6.0,,,,17.0,10.0,4.0,4.0,5.0,,,,,,1.0,,,4.0,
Carlos Eduardo,C. Eduardo,90917,MIR,2305,0,True,https://s3.glbimg.com/v1/AUTH_58d78b787ec34892b5aaa0c7a146155f/clubes_2026/silhuetas/MIR/FORMATO.png,13,2.92,Carlos Eduardo Ferreira de Souza,1.2,5,4.75,24,carlos-eduardo,6,-0.22,1.0,1.0,,,,9.0,9.0,2.0,7.0,13.0,,1.0,,,5.0,,,1.0,,
Ronaldo,Ronaldo,91101,BAH,265,0,True,https://s3.glbimg.com/v1/AUTH_58d78b787ec34892b5aaa0c7a146155f/clubes_2026/silhuetas/BAH/FORMATO.png,14,5.3,Ronaldo de Oliveira Strada,9.1,1,8.53,24,ronaldo,7,1.61,,2.0,,41.0,,1.0,,,,1.0,,,,9.0,,,,,6.0,
Fernandinho,Fernandinho,91130,MIR,2305,0,True,https://s3.glbimg.com/v1/AUTH_58d78b787ec34892b5aaa0c7a146155f/clubes_2026/silhuetas/MIR/FORMATO.png,4,3.18,Fernando José Marques Maciel,2.5,5,4.63,24,fernandinho,2,0.02,,,,,,6.0,4.0,1.0,1.0,6.0,,,,,1.0,,,,,
Kaio,Kaio,91158,BOT,263,0,False,https://s3.glbimg.com/v1/AUTH_58d78b787ec34892b5aaa0c7a146155f/clubes_2026/silhuetas/BOT/FORMATO.png,0,0.0,Kaio Fernando da Silva Pantaleão,0.0,3,7.0,24,kaio,5,0.0,,,,,,,,,,,,,,,,,,,,
Warleson,Warleson,91204,BOT,263,0,False,https://s3.glbimg.com/v1/AUTH_58d78b787ec34892b5aaa0c7a146155f/clubes_2026/silhuetas/BOT/FORMATO.png,3,5.67,Warleson Steillon Lisboa Oliveira - Stellion,0.0,1,6.12,24,warleson,2,0.0,,1.0,,10.0,,,,,,4.0,,,,2.0,,,,,1.0,
Erick Pulgar,E. Pulgar,91473,FLA,262,0,True,https://s3.glbimg.com/v1/AUTH_58d78b787ec34892b5aaa0c7a146155f/clubes_2026/silhuetas/FLA/FORMATO.png,13,2.81,Erick Antonio Pulgar Farfán,6.0,4,6.77,24,erick-pulgar,7,0.8,,5.0,1.0,,,21.0,15.0,1.0,1.0,9.0,1.0,1.0,,,,,,,,
Arboleda,Arboleda,91573,SAO,276,0,False,https://s3.glbimg.com/v1/AUTH_58d78b787ec34892b5aaa0c7a146155f/clubes_2026/silhuetas/SAO/FORMATO.png,10,3.77,Robert Abel Arboleda Escobar,0.0,3,8.37,24,arboleda,2,0.0,,1.0,,,,19.0,6.0,1.0,,2.0,,,,,2.0,,,,2.0,
R. Rústico,R. Rústico,91607,SAN,277,0,True,https://s3.glbimg.com/v1/AUTH_58d78b787ec34892b5aaa0c7a146155f/clubes_2026/silhuetas/SAN/FORMATO.png,17,2.1,Ronielson da Silva Barbosa,0.5,5,4.93,24,r-rustico,2,-0.47,,3.0,,,,15.0,19.0,2.0,8.0,28.0,,,,,7.0,,,,,
Paulinho,Paulinho,91626,BOT,263,0,False,https://s3.glbimg.com/v1/AUTH_58d78b787ec34892b5aaa0c7a146155f/clubes_2026/silhuetas/BOT/FORMATO.png,1,-0.3,Paulo Victor da Silva,0.0,2,4.4,24,paulinho,5,0.0,,,,,,,1.0,,,,,,,,,,,,,
Marlon,Marlon,91706,GRE,284,0,True,https://s3.glbimg.com/v1/AUTH_58d78b787ec34892b5aaa0c7a146155f/clubes_2026/silhuetas/GRE/FORMATO.png,9,5.01,Marlon Rodrigues Xavier,1.2,2,8.29,24,marlon,7,-0.68,1.0,2.0,,,,15.0,11.0,2.0,2.0,12.0,,1.0,,,1.0,,,,1.0,
David Duarte,D. Duarte,91772,BAH,265,0,True,https://s3.glbimg.com/v1/AUTH_58d78b787ec34892b5aaa0c7a146155f/clubes_2026/silhuetas/BAH/FORMATO.png,16,4.47,David de Duarte Macedo,7.7,3,6.97,24,david-duarte,7,0.74,,3.0,,,,19.0,10.0,4.0,3.0,6.0,1.0,3.0,1.0,,2.0,,,,3.0,
Zé Ivaldo,Z. Ivaldo,91866,REM,364,0,False,https://s3.glbimg.com/v1/AUTH_58d78b787ec34892b5aaa0c7a146155f/clubes_2026/silhuetas/REM/FORMATO.png,8,2.51,José Ivaldo Almeida Silva,0.0,3,5.67,24,ze-ivaldo,6,0.0,,3.0,,,,10.0,3.0,3.0,3.0,4.0,,,1.0,,,1.0,,,1.0,
Pavón,Pavón,91908,GRE,284,0,True,https://s3.glbimg.com/v1/AUTH_58d78b787ec34892b5aaa0c7a146155f/clubes_2026/silhuetas/GRE/FORMATO.png,20,3.82,Cristian David Pavón,-0.3,5,5.72,24,pavon,7,-0.29,2.0,5.0,,,,36.0,14.0,3.0,4.0,8.0,1.0,1.0,,,4.0,,,,,
Lyanco,Lyanco,92087,CAM,282,0,False,https://s3.glbimg.com/v1/AUTH_58d78b787ec34892b5aaa0c7a146155f/clubes_2026/silhuetas/CAM/FORMATO.png,9,3.04,Lyanco Evangelista Silveira Neves Vojnovic,0.0,3,7.8,24,lyanco,5,0.0,,2.0,1.0,,,10.0,10.0,,3.0,6.0,,,,,,,,,3.0,
Arthur Cabral,A. Cabral,92171,BOT,263,0,False,https://s3.glbimg.com/v1/AUTH_58d78b787ec34892b5aaa0c7a146155f/clubes_2026/silhuetas/BOT/FORMATO.png,17,6.16,Arthur Mendonça Cabral,0.0,5,9.89,24,arthur-cabral,7,0.0,1.0,2.0,1.0,,,13.0,29.0,11.0,17.0,23.0,,7.0,,,3.0,,,,,
Jair Ventura,J. Ventura,92180,VIT,287,0,True,https://s3.glbimg.com/v1/AUTH_58d78b787ec34892b5aaa0c7a146155f/clubes_2026/silhuetas/VIT/FORMATO.png,21,5.13,Jair Ventura,3.81,6,8.3,24,jair-ventura,7,-0.68,,,,,,,,,,,,,,,,,,,,7.0
Juninho,Juninho,92182,INT,285,0,True,https://s3.glbimg.com/v1/AUTH_58d78b787ec34892b5aaa0c7a146155f/clubes_2026/silhuetas/INT/FORMATO.png,7,3.02,José Carlos Ferreira Júnior,8.1,3,6.07,24,juninho,7,0.71,,,,,,3.0,,,2.0,,,,,,,,,,3.0,
Odair Hellmann,O. Hellmann,92273,CAP,293,0,True,https://s3.glbimg.com/v1/AUTH_58d78b787ec34892b5aaa0c7a146155f/clubes_2026/silhuetas/CAP/FORMATO.png,22,5.99,Odair Hellmann,8.19,6,9.34,24,odair-hellmann,7,0.32,,,,,,,,,,,,,,,,,,,,12.0
André Ramalho,A. Ramalho,92440,COR,264,0,False,https://s3.glbimg.com/v1/AUTH_58d78b787ec34892b5aaa0c7a146155f/clubes_2026/silhuetas/COR/FORMATO.png,6,2.55,André Ramalho Silva,0.0,3,5.73,24,andre-ramalho,5,0.0,,4.0,,,,4.0,5.0,,1.0,8.0,,,,,,,,,2.0,
Renato Kayzer,R. Kayzer,92696,VIT,287,0,True,https://s3.glbimg.com/v1/AUTH_58d78b787ec34892b5aaa0c7a146155f/clubes_2026/silhuetas/VIT/FORMATO.png,14,3.11,Renato Kayzer de Souza,1.5,5,6.42,24,renato-kayzer,6,-0.28,1.0,2.0,,,,7.0,13.0,2.0,5.0,9.0,,3.0,,,11.0,,,,,
Eduardo Domínguez,E. Domínguez,92747,CAM,282,0,True,https://s3.glbimg.com/v1/AUTH_58d78b787ec34892b5aaa0c7a146155f/clubes_2026/silhuetas/CAM/FORMATO.png,19,5.39,Eduardo Rodrigo Domínguez,5.25,6,10.24,24,eduardo-dominguez,7,-0.46,,,,,,,,,,,,,,,,,,,,9.0
Bruno Rodrigues,B. Rodrigues,92811,CRU,283,0,False,https://s3.glbimg.com/v1/AUTH_58d78b787ec34892b5aaa0c7a146155f/clubes_2026/silhuetas/CRU/FORMATO.png,15,2.4,Bruno Rafael Rodrigues do Nascimento,0.0,5,4.72,24,bruno-rodrigues,6,0.0,2.0,,,,,7.0,8.0,2.0,2.0,13.0,,1.0,,,6.0,,,,,
Ronaldo,Ronaldo,92981,INT,285,0,False,https://s3.glbimg.com/v1/AUTH_58d78b787ec34892b5aaa0c7a146155f/clubes_2026/silhuetas/INT/FORMATO.png,9,2.38,Ronaldo da Silva Souza Guerrero,0.0,4,3.88,24,ronaldo,6,0.0,,1.0,,,,9.0,10.0,,3.0,3.0,,1.0,,,,,,,,
Lucas Veríssimo,L. Veríssimo,93368,SAN,277,0,False,https://s3.glbimg.com/v1/AUTH_58d78b787ec34892b5aaa0c7a146155f/clubes_2026/silhuetas/SAN/FORMATO.png,12,4.01,Lucas Veríssimo da Silva,0.0,3,8.63,24,lucas-verissimo,5,0.0,,2.0,,,,18.0,15.0,1.0,4.0,7.0,,,,,2.0,,,,4.0,
Rodrigo Rodrigues,R. Rodrigues,93371,CFC,294,0,False,https://s3.glbimg.com/v1/AUTH_58d78b787ec34892b5aaa0c7a146155f/clubes_2026/silhuetas/CFC/FORMATO.png,1,-0.9,Rodrigo Rodrigues Silva,0.0,5,3.28,24,rodrigo-rodrigues,6,0.0,,,,,,,3.0,,,,,,,,,,,,,
Wanderson,Wanderson,93478,CRU,283,0,False,https://s3.glbimg.com/v1/AUTH_58d78b787ec34892b5aaa0c7a146155f/clubes_2026/silhuetas/CRU/FORMATO.png,17,2.07,Wanderson Maciel Sousa Campos,0.0,5,5.27,24,wanderson,6,0.0,,,,,,8.0,8.0,3.0,6.0,3.0,,2.0,,,3.0,,,,,
Bruno Tubarão,B. Tubarão,93637,CHA,315,0,False,https://s3.glbimg.com/v1/AUTH_58d78b787ec34892b5aaa0c7a146155f/clubes_2026/silhuetas/CHA/FORMATO.png,1,1.1,Bruno Nunes de Barros,0.0,2,3.17,24,bruno-tubarao,5,0.0,,1.0,,,,1.0,2.0,1.0,,,,,,,,,,,,
Paulo Henrique,P. Henrique,93716,VAS,267,0,True,https://s3.glbimg.com/v1/AUTH_58d78b787ec34892b5aaa0c7a146155f/clubes_2026/silhuetas/VAS/FORMATO.png,15,3.29,Paulo Henrique de Oliveira Alves,5.2,2,7.78,24,paulo-henrique,7,0.47,2.0,4.0,,,,20.0,16.0,1.0,3.0,21.0,,,,,,1.0,,,1.0,
Marlon Freitas,M. Freitas,93790,PAL,275,0,True,https://s3.glbimg.com/v1/AUTH_58d78b787ec34892b5aaa0c7a146155f/clubes_2026/silhuetas/PAL/FORMATO.png,23,2.65,Marlon Rodrigues Freitas,-1.3,4,5.31,24,marlon-freitas,7,-0.84,1.0,5.0,,,,28.0,24.0,1.0,10.0,2.0,,2.0,,,1.0,,,,,
Keiller,Keiller,93834,CFC,294,0,False,https://s3.glbimg.com/v1/AUTH_58d78b787ec34892b5aaa0c7a146155f/clubes_2026/silhuetas/CFC/FORMATO.png,0,0.0,Keiller da Silva Nunes,0.0,1,4.0,24,keiller,6,0.0,,,,,,,,,,,,,,,,,,,,
Cleiton,Cleiton,93882,RBB,280,0,False,https://s3.glbimg.com/v1/AUTH_58d78b787ec34892b5aaa0c7a146155f/clubes_2026/silhuetas/RBB/FORMATO.png,7,2.56,Cleiton Schwengber,0.0,1,6.19,24,cleiton,6,0.0,,1.0,,13.0,,,,,,,,,,8.0,,,,,2.0,
Breno Lopes,B. Lopes,93988,CFC,294,0,True,https://s3.glbimg.com/v1/AUTH_58d78b787ec34892b5aaa0c7a146155f/clubes_2026/silhuetas/CFC/FORMATO.png,21,5.16,Breno Henrique Vasconcelos Lopes,0.7,5,8.56,24,breno-lopes,7,-0.87,1.0,3.0,,,,12.0,8.0,6.0,6.0,29.0,,8.0,,,10.0,,,1.0,,
Kevin Ramírez,K. Ramírez,94034,CHA,315,0,False,https://s3.glbimg.com/v1/AUTH_58d78b787ec34892b5aaa0c7a146155f/clubes_2026/silhuetas/CHA/FORMATO.png,5,3.18,Kevin Federik Ramírez Dutra,0.0,5,4.21,24,kevin-ramirez,6,0.0,1.0,,,,,3.0,,3.0,1.0,4.0,,,,,,,,,,
Matheus Fernandes,M. Fernandes,94067,RBB,280,0,False,https://s3.glbimg.com/v1/AUTH_58d78b787ec34892b5aaa0c7a146155f/clubes_2026/silhuetas/RBB/FORMATO.png,13,2.88,Matheus Fernandes Siqueira,0.0,4,5.4,24,matheus-fernandes,6,0.0,1.0,2.0,,,,18.0,14.0,1.0,10.0,5.0,,,,,1.0,,,,,
Maycon,Maycon,94154,CAM,282,0,False,https://s3.glbimg.com/v1/AUTH_58d78b787ec34892b5aaa0c7a146155f/clubes_2026/silhuetas/CAM/FORMATO.png,14,2.52,Maycon de Andrade Barberan,0.0,4,5.31,24,maycon,7,0.0,,,,,,11.0,10.0,1.0,2.0,6.0,,2.0,,,,,,,,
Léo Duarte,L. Duarte,94214,CAM,282,0,False,https://s3.glbimg.com/v1/AUTH_58d78b787ec34892b5aaa0c7a146155f/clubes_2026/silhuetas/CAM/FORMATO.png,0,0.0,Leonardo Campos Duarte da Silva,0.0,3,5.0,24,leo-duarte,5,0.0,,,,,,,,,,,,,,,,,,,,
Lucas Oliveira,L. Oliveira,94514,MIR,2305,0,True,https://s3.glbimg.com/v1/AUTH_58d78b787ec34892b5aaa0c7a146155f/clubes_2026/silhuetas/MIR/FORMATO.png,9,3.08,Lucas da Cruz Oliveira,2.7,3,5.1,24,lucas-oliveira,6,0.03,,2.0,,,,10.0,2.0,1.0,1.0,1.0,,1.0,,,1.0,,,,1.0,
Pedro,Pedro,94583,FLA,262,0,True,https://s3.glbimg.com/v1/AUTH_58d78b787ec34892b5aaa0c7a146155f/clubes_2026/silhuetas/FLA/FORMATO.png,22,8.88,Pedro Guilherme Abreu dos Santos,12.0,5,17.02,24,pedro,7,-1.06,4.0,1.0,,,,15.0,13.0,12.0,12.0,20.0,1.0,15.0,,,3.0,,,1.0,,
Lucas Paquetá,L. Paquetá,94930,FLA,262,0,True,https://s3.glbimg.com/v1/AUTH_58d78b787ec34892b5aaa0c7a146155f/clubes_2026/silhuetas/FLA/FORMATO.png,14,6.06,Lucas Tolentino Coelho de Lima,3.2,4,13.35,24,lucas-paqueta,6,-0.99,,2.0,,,,26.0,20.0,4.0,14.0,28.0,,3.0,,,2.0,,,,,
Juninho Capixaba,J. Capixaba,94968,RBB,280,0,True,https://s3.glbimg.com/v1/AUTH_58d78b787ec34892b5aaa0c7a146155f/clubes_2026/silhuetas/RBB/FORMATO.png,20,7.36,Luis Antônio da Rocha Júnior,8.2,2,13.3,24,juninho-capixaba,7,0.03,2.0,10.0,,,,42.0,38.0,3.0,11.0,27.0,2.0,3.0,,,2.0,,,,8.0,
Gabriel Taliari,G. Taliari,95131,REM,364,0,True,https://s3.glbimg.com/v1/AUTH_58d78b787ec34892b5aaa0c7a146155f/clubes_2026/silhuetas/REM/FORMATO.png,12,5.0,Gabriel Pereira Taliari,0.6,5,8.36,24,gabriel-taliari,7,-0.5,,,,,,6.0,18.0,4.0,10.0,24.0,,4.0,,,4.0,,,,,
Marcinho,Marcinho,95332,CHA,315,0,True,https://s3.glbimg.com/v1/AUTH_58d78b787ec34892b5aaa0c7a146155f/clubes_2026/silhuetas/CHA/FORMATO.png,21,3.38,Márcio Antônio de Sousa Júnior,1.1,5,4.33,24,marcinho,7,-1.03,1.0,1.0,,,,18.0,13.0,5.0,9.0,14.0,,3.0,,,4.0,,,,,
Cassierra,Cassierra,95362,CAM,282,0,False,https://s3.glbimg.com/v1/AUTH_58d78b787ec34892b5aaa0c7a146155f/clubes_2026/silhuetas/CAM/FORMATO.png,18,2.25,Zander Mateo Casierra Cabezas,0.0,5,5.64,24,cassierra,2,0.0,1.0,1.0,,,,2.0,11.0,5.0,6.0,9.0,2.0,2.0,,,4.0,,,,,
Igor Vinícius,I. Vinícius,95466,SAN,277,0,True,https://s3.glbimg.com/v1/AUTH_58d78b787ec34892b5aaa0c7a146155f/clubes_2026/silhuetas/SAN/FORMATO.png,15,6.57,Igor Vinícius de Souza,11.0,2,10.71,24,igor-vinicius,7,0.03,1.0,4.0,,,,45.0,16.0,2.0,,15.0,,,,,,,,,5.0,
Gustavo Cazonatti,G. Cazonatti,95541,MIR,2305,0,True,https://s3.glbimg.com/v1/AUTH_58d78b787ec34892b5aaa0c7a146155f/clubes_2026/silhuetas/MIR/FORMATO.png,4,2.82,Gustavo Cazonatti,5.2,4,4.17,24,gustavo-cazonatti,6,0.82,,1.0,,,,6.0,3.0,1.0,,6.0,,,,,,,,,,
Raniele,Raniele,95556,COR,264,0,True,https://s3.glbimg.com/v1/AUTH_58d78b787ec34892b5aaa0c7a146155f/clubes_2026/silhuetas/COR/FORMATO.png,19,4.52,Raniele Almeida Melo,9.8,4,8.6,24,raniele,7,0.8,,5.0,,,,38.0,30.0,1.0,10.0,30.0,1.0,2.0,,,1.0,,,,,
Artur,Artur,95799,SAO,276,0,True,https://s3.glbimg.com/v1/AUTH_58d78b787ec34892b5aaa0c7a146155f/clubes_2026/silhuetas/SAO/FORMATO.png,18,5.07,Artur Victor Guimarães,2.9,5,8.68,24,artur,7,0.23,2.0,1.0,,,,14.0,7.0,13.0,15.0,22.0,,3.0,,,1.0,,,1.0,,
Daniel Fuzato,D. Fuzato,95936,VAS,267,0,False,https://s3.glbimg.com/v1/AUTH_58d78b787ec34892b5aaa0c7a146155f/clubes_2026/silhuetas/VAS/FORMATO.png,0,0.0,Daniel Cerântula Fuzato,0.0,1,2.0,24,daniel-fuzato,6,0.0,,,,,,,,,,,,,,,,,,,,
Charles,Charles,96342,COR,264,0,False,https://s3.glbimg.com/v1/AUTH_58d78b787ec34892b5aaa0c7a146155f/clubes_2026/silhuetas/COR/FORMATO.png,3,1.03,Charles Rigon Mattos,0.0,4,3.53,24,charles,6,0.0,,,,,,2.0,1.0,,,1.0,,,,,1.0,,,,,
Renan Lodi,R. Lodi,96591,CAM,282,0,True,https://s3.glbimg.com/v1/AUTH_58d78b787ec34892b5aaa0c7a146155f/clubes_2026/silhuetas/CAM/FORMATO.png,21,5.31,Renan Augusto Lodi dos Santos,5.5,2,10.19,24,renan-lodi,7,-1.12,3.0,4.0,1.0,,,25.0,35.0,6.0,16.0,46.0,1.0,,,,6.0,,,1.0,6.0,
Matheus Pereira,M. Pereira,96610,CRU,283,0,True,https://s3.glbimg.com/v1/AUTH_58d78b787ec34892b5aaa0c7a146155f/clubes_2026/silhuetas/CRU/FORMATO.png,21,6.72,Matheus Fellipe Costa Pereira,10.0,4,14.41,24,matheus-pereira,7,0.85,2.0,9.0,,,,21.0,36.0,10.0,25.0,76.0,,6.0,,,5.0,,,2.0,,
Allan,Allan,96652,COR,264,0,True,https://s3.glbimg.com/v1/AUTH_58d78b787ec34892b5aaa0c7a146155f/clubes_2026/silhuetas/COR/FORMATO.png,18,1.74,Allan Rodrigues de Souza,11.0,4,4.44,24,allan,6,1.18,1.0,4.0,1.0,,,19.0,19.0,3.0,3.0,9.0,,,,,,,,,,
Camutanga,Camutanga,96793,VIT,287,0,False,https://s3.glbimg.com/v1/AUTH_58d78b787ec34892b5aaa0c7a146155f/clubes_2026/silhuetas/VIT/FORMATO.png,7,3.95,Cleidson Andrade de Souza Silva,0.0,3,6.71,24,camutanga,5,0.0,,,,,,8.0,2.0,1.0,2.0,3.0,,,1.0,,,,,,3.0,
Emerson Royal,E. Royal,96870,FLA,262,0,False,https://s3.glbimg.com/v1/AUTH_58d78b787ec34892b5aaa0c7a146155f/clubes_2026/silhuetas/FLA/FORMATO.png,10,5.48,Emerson Aparecido Leite de Souza Júnior,0.0,2,7.39,24,emerson-royal,2,0.0,1.0,,,,,16.0,9.0,1.0,1.0,3.0,,,,,1.0,,,,5.0,
Carlos Cuesta,C. Cuesta,97095,VAS,267,0,True,https://s3.glbimg.com/v1/AUTH_58d78b787ec34892b5aaa0c7a146155f/clubes_2026/silhuetas/VAS/FORMATO.png,12,1.85,Carlos Eccehomo Cuesta Figueroa,-1.3,3,4.66,24,carlos-cuesta,7,-0.6,1.0,1.0,1.0,,,8.0,15.0,,2.0,6.0,1.0,,1.0,,,1.0,,,2.0,
Gabriel Rojas,G. Rojas,97101,CRU,283,0,False,https://s3.glbimg.com/v1/AUTH_58d78b787ec34892b5aaa0c7a146155f/clubes_2026/silhuetas/CRU/FORMATO.png,4,3.85,Gabriel Hernán Rojas,0.0,2,6.83,24,gabriel-rojas,7,0.0,,,,,,7.0,7.0,,,4.0,,,,,,,,,1.0,
Villasanti,Villasanti,97145,GRE,284,0,True,https://s3.glbimg.com/v1/AUTH_58d78b787ec34892b5aaa0c7a146155f/clubes_2026/silhuetas/GRE/FORMATO.png,3,2.2,Mathías Adalberto Villasanti Rolón,2.0,4,6.37,24,villasanti,7,-0.62,,1.0,,,,2.0,2.0,2.0,1.0,4.0,,,,,,,,,,
Alesson,Alesson,97321,MIR,2305,0,True,https://s3.glbimg.com/v1/AUTH_58d78b787ec34892b5aaa0c7a146155f/clubes_2026/silhuetas/MIR/FORMATO.png,19,4.56,Alesson dos Santos Batista,1.7,5,7.96,24,alesson,2,-0.1,3.0,1.0,,,,28.0,15.0,12.0,7.0,26.0,1.0,,,,9.0,,,,,
Rogério Ceni,R. Ceni,97341,BAH,265,0,True,https://s3.glbimg.com/v1/AUTH_58d78b787ec34892b5aaa0c7a146155f/clubes_2026/silhuetas/BAH/FORMATO.png,23,5.66,Rogério Mücke Ceni,10.25,6,11.04,24,rogerio-ceni,7,0.67,,,,,,,,,,,,,,,,,,,,8.0
Victor Caetano,V. Caetano,97432,CHA,315,0,False,https://s3.glbimg.com/v1/AUTH_58d78b787ec34892b5aaa0c7a146155f/clubes_2026/silhuetas/CHA/FORMATO.png,8,1.48,Victor Henrique Carvalho Caetano,0.0,3,3.16,24,victor-caetano,6,0.0,,3.0,,,,11.0,7.0,,,1.0,,,,,1.0,,,,,
Gustavo Mosquito,G. Mosquito,97450,MIR,2305,0,False,https://s3.glbimg.com/v1/AUTH_58d78b787ec34892b5aaa0c7a146155f/clubes_2026/silhuetas/MIR/FORMATO.png,3,1.37,Gustavo Henric da Silva,0.0,5,4.35,24,gustavo-mosquito,6,0.0,,,,,,1.0,1.0,1.0,1.0,2.0,,,,,1.0,,,,,
João Victor,J. Victor,97460,MIR,2305,0,True,https://s3.glbimg.com/v1/AUTH_58d78b787ec34892b5aaa0c7a146155f/clubes_2026/silhuetas/MIR/FORMATO.png,21,2.72,João Victor Carroll Santana - Caroll,0.0,3,4.56,24,joao-victor,7,-1.08,1.0,1.0,,,,21.0,11.0,2.0,2.0,6.0,,2.0,1.0,,2.0,,,,1.0,
Marçal,Marçal,97468,BOT,263,0,False,https://s3.glbimg.com/v1/AUTH_58d78b787ec34892b5aaa0c7a146155f/clubes_2026/silhuetas/BOT/FORMATO.png,5,2.62,Fernando Marçal de Oliveira,0.0,2,5.85,24,marcal,6,0.0,,1.0,1.0,,,4.0,7.0,2.0,1.0,,,,,,,,,,2.0,
Shaylon,Shaylon,97520,MIR,2305,0,False,https://s3.glbimg.com/v1/AUTH_58d78b787ec34892b5aaa0c7a146155f/clubes_2026/silhuetas/MIR/FORMATO.png,15,1.63,Shaylon Kallyson Cardozo - Cardoso,0.0,4,3.48,24,shaylon,6,0.0,,1.0,,,,11.0,14.0,2.0,2.0,2.0,,1.0,,,,,,,,
Félix Torres,F. Torres,97642,INT,285,0,False,https://s3.glbimg.com/v1/AUTH_58d78b787ec34892b5aaa0c7a146155f/clubes_2026/silhuetas/INT/FORMATO.png,17,3.47,Félix Eduardo Torres Caicedo,0.0,3,4.35,24,felix-torres,6,0.0,,3.0,,,,20.0,13.0,1.0,5.0,6.0,,1.0,,,1.0,,,,4.0,
Thiago Couto,T. Couto,97645,VIT,287,0,False,https://s3.glbimg.com/v1/AUTH_58d78b787ec34892b5aaa0c7a146155f/clubes_2026/silhuetas/VIT/FORMATO.png,0,0.0,Thiago Couto Wenceslau,0.0,1,3.0,24,thiago-couto,6,0.0,,,,,,,,,,,,,,,,,,,,
Murilo,Murilo,97653,PAL,275,0,True,https://s3.glbimg.com/v1/AUTH_58d78b787ec34892b5aaa0c7a146155f/clubes_2026/silhuetas/PAL/FORMATO.png,21,3.62,Murilo Cerqueira Paim,5.0,3,7.0,24,murilo,7,0.16,1.0,2.0,1.0,,,20.0,29.0,6.0,3.0,4.0,,1.0,,,,,,,7.0,
Marcelinho,Marcelinho,97795,REM,364,0,True,https://s3.glbimg.com/v1/AUTH_58d78b787ec34892b5aaa0c7a146155f/clubes_2026/silhuetas/REM/FORMATO.png,20,5.1,Marcelo Rodrigues Souza,8.0,2,6.61,24,marcelinho,7,0.81,2.0,2.0,,,,22.0,7.0,6.0,11.0,27.0,1.0,2.0,,,2.0,,,,3.0,
Erick,Erick,97810,VIT,287,0,True,https://s3.glbimg.com/v1/AUTH_58d78b787ec34892b5aaa0c7a146155f/clubes_2026/silhuetas/VIT/FORMATO.png,19,4.08,Erick de Arruda Serafim,0.1,5,7.54,24,erick,7,-0.74,4.0,1.0,,,,4.0,6.0,7.0,9.0,38.0,1.0,2.0,,,2.0,,,1.0,,
Léo Ortiz,L. Ortiz,97867,FLA,262,0,True,https://s3.glbimg.com/v1/AUTH_58d78b787ec34892b5aaa0c7a146155f/clubes_2026/silhuetas/FLA/FORMATO.png,18,4.07,Leonardo Rech Ortiz,0.5,3,8.3,24,leo-ortiz,7,-1.11,,,,,,13.0,13.0,,2.0,4.0,2.0,1.0,,,1.0,,,,8.0,
Iago,Iago,97868,SAO,276,0,True,https://s3.glbimg.com/v1/AUTH_58d78b787ec34892b5aaa0c7a146155f/clubes_2026/silhuetas/SAO/FORMATO.png,6,2.42,Iago Amaral Borduchi,5.7,2,4.95,24,iago,2,0.94,,,,,,4.0,4.0,1.0,,1.0,1.0,,,,,,,,1.0,
Jacy,Jacy,97878,CFC,294,0,True,https://s3.glbimg.com/v1/AUTH_58d78b787ec34892b5aaa0c7a146155f/clubes_2026/silhuetas/CFC/FORMATO.png,21,4.26,Jacy Maranhão Oliveira,5.7,3,5.98,24,jacy,7,-0.41,,2.0,1.0,,,37.0,15.0,,8.0,19.0,,1.0,,,1.0,,,,4.0,
Matheus Bahia,M. Bahia,97899,INT,285,0,False,https://s3.glbimg.com/v1/AUTH_58d78b787ec34892b5aaa0c7a146155f/clubes_2026/silhuetas/INT/FORMATO.png,15,4.72,Matheus Bahia Santos,0.0,2,8.06,24,matheus-bahia,7,0.0,2.0,3.0,,,,26.0,18.0,1.0,1.0,17.0,,,,,3.0,,,,4.0,
Vitão,Vitão,97900,FLA,262,0,False,https://s3.glbimg.com/v1/AUTH_58d78b787ec34892b5aaa0c7a146155f/clubes_2026/silhuetas/FLA/FORMATO.png,9,2.37,Vitor Eduardo da Silva Matos,0.0,3,6.62,24,vitao,6,0.0,,2.0,,,,2.0,6.0,,2.0,1.0,,,,,,,,,4.0,
Matheus Aurélio,M. Aurélio,97905,CHA,315,0,False,https://s3.glbimg.com/v1/AUTH_58d78b787ec34892b5aaa0c7a146155f/clubes_2026/silhuetas/CHA/FORMATO.png,2,1.7,Matheus Aurélio Palhares Guimarães,0.0,1,2.61,24,matheus-aurelio,6,0.0,,1.0,,8.0,,,,,,,,,,6.0,,,,,,
Lucas Silva,L. Silva,97911,VIT,287,0,False,https://s3.glbimg.com/v1/AUTH_58d78b787ec34892b5aaa0c7a146155f/clubes_2026/silhuetas/VIT/FORMATO.png,3,-0.17,Lucas Rodrigues da Silva,0.0,5,2.8,24,lucas-silva,6,0.0,,1.0,,,,,,,,1.0,,,,,,,,,,
Erick,Erick,98022,BAH,265,0,True,https://s3.glbimg.com/v1/AUTH_58d78b787ec34892b5aaa0c7a146155f/clubes_2026/silhuetas/BAH/FORMATO.png,17,3.83,Erick Luis Conrado de Carvalho,8.2,4,6.81,24,erick,7,0.97,,5.0,,,,26.0,21.0,2.0,6.0,17.0,2.0,2.0,,,1.0,,,,,
Jáderson,Jáderson,98224,REM,364,0,False,https://s3.glbimg.com/v1/AUTH_58d78b787ec34892b5aaa0c7a146155f/clubes_2026/silhuetas/REM/FORMATO.png,11,0.85,Jaderson Flores dos Reis,0.0,4,2.44,24,jaderson,6,0.0,,,,,,4.0,3.0,,1.0,7.0,,,,,,,,,,
Pedro Raul,P. Raul,98225,COR,264,0,True,https://s3.glbimg.com/v1/AUTH_58d78b787ec34892b5aaa0c7a146155f/clubes_2026/silhuetas/COR/FORMATO.png,11,1.23,Pedro Raul Garay da Silva,0.0,5,3.06,24,pedro-raul,7,-0.48,,1.0,,,,3.0,9.0,1.0,1.0,6.0,,1.0,,,3.0,,,,,
Gabriel Batista,G. Batista,98333,BOT,263,0,True,https://s3.glbimg.com/v1/AUTH_58d78b787ec34892b5aaa0c7a146155f/clubes_2026/silhuetas/BOT/FORMATO.png,1,0.9,Gabriel Batista de Souza,0.9,1,3.0,24,gabriel-batista,2,0.0,,,,3.0,,,,,,,,,,3.0,,,,,,
Negueba,Negueba,98384,MIR,2305,0,False,https://s3.glbimg.com/v1/AUTH_58d78b787ec34892b5aaa0c7a146155f/clubes_2026/silhuetas/MIR/FORMATO.png,8,5.23,Luiz Henrique Soares Firmino,0.0,5,8.57,24,negueba,5,0.0,,4.0,,,,15.0,5.0,3.0,6.0,17.0,,1.0,,,,,,,,
Kanu,Kanu,98484,BAH,265,0,False,https://s3.glbimg.com/v1/AUTH_58d78b787ec34892b5aaa0c7a146155f/clubes_2026/silhuetas/BAH/FORMATO.png,3,0.83,Victor Hugo Soares dos Santos,0.0,3,3.68,24,kanu,6,0.0,,2.0,,,,,3.0,,,1.0,,,,,1.0,,,,1.0,
Jean Lucas,J. Lucas,98517,BAH,265,0,True,https://s3.glbimg.com/v1/AUTH_58d78b787ec34892b5aaa0c7a146155f/clubes_2026/silhuetas/BAH/FORMATO.png,20,5.57,Jean Lucas de Souza Oliveira,10.0,4,10.26,24,jean-lucas,3,0.16,3.0,3.0,,,,38.0,30.0,3.0,11.0,18.0,2.0,3.0,,,1.0,,,,,
Maripán,Maripán,98617,INT,285,0,True,https://s3.glbimg.com/v1/AUTH_58d78b787ec34892b5aaa0c7a146155f/clubes_2026/silhuetas/INT/FORMATO.png,6,2.85,Guillermo Alfonso Maripán Loaysa,7.7,3,5.3,24,maripan,7,1.18,,1.0,,,,4.0,9.0,1.0,2.0,4.0,,,,,,,,,2.0,
Savarino,Savarino,98672,FLU,266,0,False,https://s3.glbimg.com/v1/AUTH_58d78b787ec34892b5aaa0c7a146155f/clubes_2026/silhuetas/FLU/FORMATO.png,17,4.67,Jefferson David Savarino Quintero,0.0,4,9.02,24,savarino,6,0.0,2.0,2.0,,,,7.0,6.0,10.0,14.0,14.0,3.0,3.0,,,6.0,,,,,
Angileri,Angileri,98720,COR,264,0,True,https://s3.glbimg.com/v1/AUTH_58d78b787ec34892b5aaa0c7a146155f/clubes_2026/silhuetas/COR/FORMATO.png,9,4.38,Fabrizio Germán Angileri - Fabricio,7.5,2,6.13,24,angileri,6,0.03,,3.0,,,,10.0,6.0,,4.0,6.0,,1.0,,,,,,,3.0,
Samuel Lino,S. Lino,98873,FLA,262,0,True,https://s3.glbimg.com/v1/AUTH_58d78b787ec34892b5aaa0c7a146155f/clubes_2026/silhuetas/FLA/FORMATO.png,22,7.64,Samuel Dias Lino,4.5,5,11.23,24,samuel-lino,7,-1.04,7.0,2.0,,,,32.0,18.0,9.0,14.0,39.0,1.0,6.0,,,3.0,,,,,
Cuello,Cuello,98909,CAM,282,0,False,https://s3.glbimg.com/v1/AUTH_58d78b787ec34892b5aaa0c7a146155f/clubes_2026/silhuetas/CAM/FORMATO.png,20,6.45,Tomás Esteban Cuello,0.0,5,11.49,24,cuello,7,0.0,1.0,1.0,,,,32.0,16.0,7.0,18.0,33.0,4.0,4.0,,,14.0,,,,,
Elias,Elias,99034,MIR,2305,0,False,https://s3.glbimg.com/v1/AUTH_58d78b787ec34892b5aaa0c7a146155f/clubes_2026/silhuetas/MIR/FORMATO.png,1,1.8,Elias Lira Nogueira Júnior,0.0,2,3.41,24,elias,6,0.0,,1.0,,,,2.0,4.0,,,2.0,,,,,,,,,,
Puma Rodríguez,P. Rodríguez,99213,VAS,267,0,False,https://s3.glbimg.com/v1/AUTH_58d78b787ec34892b5aaa0c7a146155f/clubes_2026/silhuetas/VAS/FORMATO.png,14,5.05,José Luis Rodríguez Bebanz,0.0,2,7.92,24,puma-rodriguez,6,0.0,4.0,3.0,,,,12.0,5.0,6.0,7.0,1.0,1.0,2.0,,,1.0,,,,1.0,
De la Cruz,D. Cruz,99228,FLA,262,0,False,https://s3.glbimg.com/v1/AUTH_58d78b787ec34892b5aaa0c7a146155f/clubes_2026/silhuetas/FLA/FORMATO.png,10,0.82,Diego Nicolás de la Cruz Arcosa,0.0,4,4.41,24,de-la-cruz,6,0.0,,3.0,,,,4.0,8.0,,2.0,12.0,,,,,,,,,,
Pochettino,Pochettino,99267,VIT,287,0,True,https://s3.glbimg.com/v1/AUTH_58d78b787ec34892b5aaa0c7a146155f/clubes_2026/silhuetas/VIT/FORMATO.png,5,2.28,Tomás Pochettino,6.9,4,5.57,24,pochettino,6,0.88,,,,,,2.0,1.0,3.0,2.0,1.0,1.0,,,,,,,,,
Alexander Barboza,A. Barboza,99274,PAL,275,0,True,https://s3.glbimg.com/v1/AUTH_58d78b787ec34892b5aaa0c7a146155f/clubes_2026/silhuetas/PAL/FORMATO.png,15,5.16,Alexander Nahuel Barboza Ullúa,6.0,3,10.3,24,alexander-barboza,7,-0.64,2.0,5.0,1.0,,,33.0,26.0,5.0,6.0,,,1.0,,,,,,,3.0,
Baralhas,Baralhas,99440,VIT,287,0,False,https://s3.glbimg.com/v1/AUTH_58d78b787ec34892b5aaa0c7a146155f/clubes_2026/silhuetas/VIT/FORMATO.png,15,5.24,Gabriel Baralhas dos Santos,0.0,4,9.25,24,baralhas,5,0.0,2.0,4.0,,,,31.0,26.0,1.0,9.0,19.0,,2.0,,,,,,,,
Rossi,Rossi,99552,FLA,262,0,True,https://s3.glbimg.com/v1/AUTH_58d78b787ec34892b5aaa0c7a146155f/clubes_2026/silhuetas/FLA/FORMATO.png,22,4.85,Agustín Daniel Rossi,3.2,1,8.35,24,rossi,7,-0.22,,,,62.0,,,,,,2.0,,,,20.0,,,,,9.0,
Brenner,Brenner,99789,VAS,267,0,False,https://s3.glbimg.com/v1/AUTH_58d78b787ec34892b5aaa0c7a146155f/clubes_2026/silhuetas/VAS/FORMATO.png,14,2.9,Brenner Souza da Silva,0.0,5,6.94,24,brenner,5,0.0,,1.0,,,,8.0,4.0,5.0,7.0,11.0,2.0,1.0,,,3.0,,,,,
Arias,Arias,99815,PAL,275,0,True,https://s3.glbimg.com/v1/AUTH_58d78b787ec34892b5aaa0c7a146155f/clubes_2026/silhuetas/PAL/FORMATO.png,19,7.52,Jhon Adolfo Arias Andrade,6.5,4,14.45,24,arias,7,0.54,3.0,4.0,,,,45.0,24.0,8.0,15.0,31.0,1.0,4.0,,,4.0,,,,,
Paulinho,Paulinho,99818,PAL,275,0,False,https://s3.glbimg.com/v1/AUTH_58d78b787ec34892b5aaa0c7a146155f/clubes_2026/silhuetas/PAL/FORMATO.png,6,3.42,Paulo Henrique Sampaio Filho,0.0,5,10.37,24,paulinho,5,0.0,,1.0,,,,1.0,1.0,,3.0,4.0,,2.0,,,1.0,,,,,
Igor Gomes,I. Gomes,100084,CAM,282,0,False,https://s3.glbimg.com/v1/AUTH_58d78b787ec34892b5aaa0c7a146155f/clubes_2026/silhuetas/CAM/FORMATO.png,8,1.96,Igor Silveira Gomes,0.0,4,5.13,24,igor-gomes,5,0.0,1.0,1.0,,,,2.0,6.0,,,5.0,,1.0,,,,,,,,
Léo Andrade,L. Andrade,100342,REM,364,0,False,https://s3.glbimg.com/v1/AUTH_58d78b787ec34892b5aaa0c7a146155f/clubes_2026/silhuetas/REM/FORMATO.png,4,2.95,Leonardo de Andrade Silva,0.0,3,4.79,24,leo-andrade,6,0.0,,1.0,,,,9.0,4.0,,,1.0,,,,,,,,,,
Krovinovic,Krovinovic,100596,GRE,284,0,True,https://s3.glbimg.com/v1/AUTH_58d78b787ec34892b5aaa0c7a146155f/clubes_2026/silhuetas/GRE/FORMATO.png,2,3.0,Filip Krovinović,3.7,4,5.68,24,krovinovic,7,0.34,,,,,,3.0,3.0,,3.0,,,,,,,,,,,
Yuri Alberto,Y. Alberto,100652,COR,264,0,False,https://s3.glbimg.com/v1/AUTH_58d78b787ec34892b5aaa0c7a146155f/clubes_2026/silhuetas/COR/FORMATO.png,17,4.1,Yuri Alberto Monteiro da Silva,0.0,5,10.58,24,yuri-alberto,6,0.0,2.0,2.0,,,,8.0,23.0,14.0,14.0,12.0,,3.0,,,13.0,,,,,
Fernando,Fernando,100695,RBB,280,0,False,https://s3.glbimg.com/v1/AUTH_58d78b787ec34892b5aaa0c7a146155f/clubes_2026/silhuetas/RBB/FORMATO.png,9,4.89,Fernando dos Santos Pedro,0.0,5,5.37,24,fernando,5,0.0,1.0,,,,,8.0,6.0,3.0,3.0,8.0,1.0,2.0,,,2.0,,,,,
Matheus Henrique,M. Henrique,100742,CRU,283,0,True,https://s3.glbimg.com/v1/AUTH_58d78b787ec34892b5aaa0c7a146155f/clubes_2026/silhuetas/CRU/FORMATO.png,21,2.19,Matheus Henrique de Souza,8.3,4,5.78,24,matheus-henrique,6,1.24,1.0,3.0,,,,21.0,14.0,,7.0,24.0,,,,,,1.0,,,,
Tchamba,Tchamba,100804,REM,364,0,True,https://s3.glbimg.com/v1/AUTH_58d78b787ec34892b5aaa0c7a146155f/clubes_2026/silhuetas/REM/FORMATO.png,16,2.15,Duplexe Tchamba Bangou,1.5,3,4.23,24,tchamba,7,-0.35,,1.0,,,,18.0,8.0,1.0,4.0,5.0,,,2.0,,1.0,,,,2.0,
Ruan,Ruan,100842,CAM,282,0,True,https://s3.glbimg.com/v1/AUTH_58d78b787ec34892b5aaa0c7a146155f/clubes_2026/silhuetas/CAM/FORMATO.png,20,3.7,Ruan Tressoldi Netto,7.4,3,6.2,24,ruan,2,-0.13,,7.0,,,,26.0,17.0,2.0,2.0,14.0,,2.0,,,1.0,,,,4.0,
Luan Cândido,L. Cândido,100848,VIT,287,0,True,https://s3.glbimg.com/v1/AUTH_58d78b787ec34892b5aaa0c7a146155f/clubes_2026/silhuetas/VIT/FORMATO.png,13,3.67,Luan Cândido de Almeida,1.1,2,5.7,24,luan-candido,7,-1.1,2.0,1.0,1.0,,,11.0,12.0,2.0,4.0,5.0,,,,,4.0,,,1.0,4.0,
Vitinho,Vitinho,100898,BOT,263,0,True,https://s3.glbimg.com/v1/AUTH_58d78b787ec34892b5aaa0c7a146155f/clubes_2026/silhuetas/BOT/FORMATO.png,18,4.76,Victor Alexander da Silva,1.4,2,8.89,24,vitinho,7,-0.17,2.0,3.0,,,,42.0,22.0,,3.0,14.0,1.0,,,,1.0,,,,2.0,
Nonato,Nonato,100987,FLU,266,0,True,https://s3.glbimg.com/v1/AUTH_58d78b787ec34892b5aaa0c7a146155f/clubes_2026/silhuetas/FLU/FORMATO.png,11,2.15,Gustavo Nonato Santana,0.2,4,5.16,24,nonato,7,-0.18,1.0,4.0,,,,9.0,13.0,1.0,1.0,6.0,,1.0,,,,,,,,
Júnior Santos,J. Santos,101002,BOT,263,0,True,https://s3.glbimg.com/v1/AUTH_58d78b787ec34892b5aaa0c7a146155f/clubes_2026/silhuetas/BOT/FORMATO.png,10,2.39,José Antonio dos Santos Júnior,3.4,5,4.82,24,junior-santos,6,0.11,,1.0,,,,3.0,7.0,3.0,4.0,10.0,1.0,1.0,,,2.0,,,,,
Eliasson,Eliasson,101237,INT,285,0,True,https://s3.glbimg.com/v1/AUTH_58d78b787ec34892b5aaa0c7a146155f/clubes_2026/silhuetas/INT/FORMATO.png,1,0.0,Niclas Eliasson Santana,0.0,5,4.43,24,eliasson,6,-0.57,,,,,,,,,,,,,,,,,,,,
Alef Manga,A. Manga,101254,REM,364,0,True,https://s3.glbimg.com/v1/AUTH_58d78b787ec34892b5aaa0c7a146155f/clubes_2026/silhuetas/REM/FORMATO.png,24,4.51,Alef Mangueira Severino Pereira,2.1,5,7.78,24,alef-manga,6,0.06,3.0,1.0,,,,20.0,18.0,10.0,18.0,19.0,,5.0,,,20.0,,1.0,,,
Ferreira,Ferreira,101290,SAO,276,0,True,https://s3.glbimg.com/v1/AUTH_58d78b787ec34892b5aaa0c7a146155f/clubes_2026/silhuetas/SAO/FORMATO.png,18,3.72,Aldemir dos Santos Ferreira,0.0,5,6.31,24,ferreira,6,-0.32,,2.0,,,,11.0,6.0,5.0,9.0,18.0,,4.0,,,,,,,,
Ademir,Ademir,101314,BAH,265,0,False,https://s3.glbimg.com/v1/AUTH_58d78b787ec34892b5aaa0c7a146155f/clubes_2026/silhuetas/BAH/FORMATO.png,21,2.35,Ademir da Silva Santos Júnior,0.0,5,5.59,24,ademir,5,0.0,1.0,3.0,,,,12.0,16.0,6.0,6.0,25.0,,1.0,,,3.0,,,2.0,,
Guga,Guga,101319,FLU,266,0,False,https://s3.glbimg.com/v1/AUTH_58d78b787ec34892b5aaa0c7a146155f/clubes_2026/silhuetas/FLU/FORMATO.png,13,3.23,Cláudio Rodrigues Gomes,0.0,2,6.24,24,guga,7,0.0,2.0,3.0,,,,14.0,9.0,,3.0,9.0,,,,,1.0,,,,2.0,
Bruno Matias,B. Matias,101352,CHA,315,0,True,https://s3.glbimg.com/v1/AUTH_58d78b787ec34892b5aaa0c7a146155f/clubes_2026/silhuetas/CHA/FORMATO.png,5,1.2,Bruno Matias dos Santos,1.5,4,2.59,24,bruno-matias,6,-0.04,,1.0,,,,4.0,3.0,,3.0,1.0,,,,,,1.0,,,,
Eduardo Doma,E. Doma,101393,CHA,315,0,True,https://s3.glbimg.com/v1/AUTH_58d78b787ec34892b5aaa0c7a146155f/clubes_2026/silhuetas/CHA/FORMATO.png,20,2.58,Eduardo Vinícius Domachowski,6.5,3,4.7,24,eduardo-doma,7,0.52,,3.0,1.0,,,24.0,13.0,2.0,6.0,3.0,,1.0,,,,1.0,,,2.0,
Wallisson,Wallisson,101405,MIR,2305,0,True,https://s3.glbimg.com/v1/AUTH_58d78b787ec34892b5aaa0c7a146155f/clubes_2026/silhuetas/MIR/FORMATO.png,15,2.05,Wallisson Luiz Alves Máximo,-3.9,4,3.55,24,wallisson,3,-1.18,,3.0,1.0,,,23.0,21.0,,4.0,11.0,,,,,1.0,,,,,
Marcelo Pitaluga,M. Pitaluga,101478,FLU,266,0,False,https://s3.glbimg.com/v1/AUTH_58d78b787ec34892b5aaa0c7a146155f/clubes_2026/silhuetas/FLU/FORMATO.png,0,0.0,Marcelo de Araújo Pitaluga Filho,0.0,1,3.0,24,marcelo-pitaluga,6,0.0,,,,,,,,,,,,,,,,,,,,
Hugo Souza,H. Souza,101574,COR,264,0,False,https://s3.glbimg.com/v1/AUTH_58d78b787ec34892b5aaa0c7a146155f/clubes_2026/silhuetas/COR/FORMATO.png,20,4.21,Hugo de Souza Nogueira,0.0,1,8.95,24,hugo-souza,7,0.0,,1.0,,43.0,1.0,1.0,,,,1.0,,,,19.0,,1.0,,,8.0,
Ramon,Ramon,101597,VIT,287,0,True,https://s3.glbimg.com/v1/AUTH_58d78b787ec34892b5aaa0c7a146155f/clubes_2026/silhuetas/VIT/FORMATO.png,17,4.81,Ramon Ramos Lima,4.4,2,8.07,24,ramon,7,-0.12,,4.0,,,,23.0,26.0,3.0,5.0,11.0,,2.0,,,,,,,6.0,
Felipe Jonatan,F. Jonatan,101708,CFC,294,0,False,https://s3.glbimg.com/v1/AUTH_58d78b787ec34892b5aaa0c7a146155f/clubes_2026/silhuetas/CFC/FORMATO.png,15,2.38,Felipe Jonatan Rocha Andrade,0.0,2,4.54,24,felipe-jonatan,6,0.0,,,,,,10.0,4.0,2.0,2.0,6.0,,,,,1.0,,,,3.0,
Alerrandro,Alerrandro,101715,INT,285,0,False,https://s3.glbimg.com/v1/AUTH_58d78b787ec34892b5aaa0c7a146155f/clubes_2026/silhuetas/INT/FORMATO.png,21,3.45,Alerrandro Barra Mansa Realino de Souza,0.0,5,6.18,24,alerrandro,6,0.0,3.0,1.0,,,,8.0,22.0,7.0,13.0,21.0,,3.0,,,5.0,,,,,
Matheuzinho,Matheuzinho,101727,COR,264,0,False,https://s3.glbimg.com/v1/AUTH_58d78b787ec34892b5aaa0c7a146155f/clubes_2026/silhuetas/COR/FORMATO.png,18,6.49,Matheus França Silva,0.0,2,11.15,24,matheuzinho,7,0.0,2.0,3.0,1.0,,,43.0,21.0,4.0,5.0,13.0,,1.0,1.0,,4.0,,,,7.0,
Fabinho,Fabinho,101729,CFC,294,0,True,https://s3.glbimg.com/v1/AUTH_58d78b787ec34892b5aaa0c7a146155f/clubes_2026/silhuetas/CFC/FORMATO.png,8,0.0,Fabio Augusto Luciano da Silva,0.2,5,1.36,24,fabinho,6,-0.07,,1.0,,,,,5.0,1.0,1.0,1.0,,,,,,,,,,
Oliva,Oliva,101807,SAN,277,0,False,https://s3.glbimg.com/v1/AUTH_58d78b787ec34892b5aaa0c7a146155f/clubes_2026/silhuetas/SAN/FORMATO.png,14,2.83,Christian Gabriel Oliva Giménez,0.0,4,6.1,24,oliva,7,0.0,2.0,,,,,18.0,23.0,1.0,4.0,10.0,,,,,,,,,,
Mayk,Mayk,101820,REM,364,0,False,https://s3.glbimg.com/v1/AUTH_58d78b787ec34892b5aaa0c7a146155f/clubes_2026/silhuetas/REM/FORMATO.png,14,3.27,Mayksilvan da Silva Ferreira,0.0,2,5.75,24,mayk,5,0.0,1.0,,,,,14.0,4.0,,3.0,7.0,,,,,,,,,3.0,
Willian Machado,W. Machado,101908,MIR,2305,0,True,https://s3.glbimg.com/v1/AUTH_58d78b787ec34892b5aaa0c7a146155f/clubes_2026/silhuetas/MIR/FORMATO.png,17,3.63,Willian Estefani Machado,4.5,3,5.66,24,willian-machado,7,0.12,1.0,2.0,,,,25.0,11.0,3.0,3.0,11.0,,1.0,,,,,,,1.0,
Vitinho,Vitinho,101960,INT,285,0,True,https://s3.glbimg.com/v1/AUTH_58d78b787ec34892b5aaa0c7a146155f/clubes_2026/silhuetas/INT/FORMATO.png,23,4.48,Vitor Hugo Naum dos Santos,1.3,5,7.08,24,vitinho,7,-0.11,3.0,4.0,,,,33.0,28.0,11.0,13.0,35.0,1.0,1.0,,,3.0,1.0,,,,
Brítez,Brítez,101995,VIT,287,0,True,https://s3.glbimg.com/v1/AUTH_58d78b787ec34892b5aaa0c7a146155f/clubes_2026/silhuetas/VIT/FORMATO.png,4,2.4,Emanuel Fermín Brítez,-0.3,3,4.71,24,britez,7,-1.17,,1.0,,,,3.0,4.0,,1.0,3.0,,,,,,,,,1.0,
Piquerez,Piquerez,102130,PAL,275,0,False,https://s3.glbimg.com/v1/AUTH_58d78b787ec34892b5aaa0c7a146155f/clubes_2026/silhuetas/PAL/FORMATO.png,11,6.67,Joaquín Piquerez Moreira,0.0,2,11.05,24,piquerez,7,0.0,4.0,1.0,,,,15.0,5.0,2.0,4.0,10.0,1.0,,,,1.0,,,,4.0,
Vitor Eudes,V. Eudes,102137,FLU,266,0,False,https://s3.glbimg.com/v1/AUTH_58d78b787ec34892b5aaa0c7a146155f/clubes_2026/silhuetas/FLU/FORMATO.png,0,0.0,Vitor Eudes de Souza Costa,0.0,1,2.0,24,vitor-eudes,6,0.0,,,,,,,,,,,,,,,,,,,,
Santiago Sosa,S. Sosa,102255,VAS,267,0,True,https://s3.glbimg.com/v1/AUTH_58d78b787ec34892b5aaa0c7a146155f/clubes_2026/silhuetas/VAS/FORMATO.png,2,3.4,Santiago Leonel Sosa,4.4,4,8.25,24,santiago-sosa,7,0.19,,,,,,5.0,5.0,,1.0,,,,,,,,,,,
Rollheiser,Rollheiser,102256,SAN,277,0,True,https://s3.glbimg.com/v1/AUTH_58d78b787ec34892b5aaa0c7a146155f/clubes_2026/silhuetas/SAN/FORMATO.png,17,2.61,Benjamín Rollheiser,1.6,4,5.35,24,rollheiser,6,-0.57,1.0,1.0,,,,4.0,10.0,4.0,7.0,6.0,,3.0,,,1.0,,,,,
Matheus Felipe,M. Felipe,102310,REM,364,0,False,https://s3.glbimg.com/v1/AUTH_58d78b787ec34892b5aaa0c7a146155f/clubes_2026/silhuetas/REM/FORMATO.png,2,2.7,Matheus Felipe Santos Nascimento,0.0,3,4.14,24,matheus-felipe,6,0.0,,2.0,,,,2.0,2.0,,,,,,,,,,,,1.0,
Caio Paulista,C. Paulista,102318,GRE,284,0,False,https://s3.glbimg.com/v1/AUTH_58d78b787ec34892b5aaa0c7a146155f/clubes_2026/silhuetas/GRE/FORMATO.png,8,3.19,Caio Fernando de Oliveira,0.0,2,5.54,24,caio-paulista,6,0.0,,,,,,9.0,2.0,,2.0,2.0,,,,,,,,,2.0,
Cacá,Cacá,102340,VIT,287,0,True,https://s3.glbimg.com/v1/AUTH_58d78b787ec34892b5aaa0c7a146155f/clubes_2026/silhuetas/VIT/FORMATO.png,16,2.65,Carlos de Menezes Júnior,0.6,3,5.18,24,caca,7,-0.81,,5.0,1.0,,,7.0,9.0,1.0,3.0,4.0,,1.0,,,,1.0,,,6.0,
Gabriel Poveda,G. Poveda,102877,REM,364,0,False,https://s3.glbimg.com/v1/AUTH_58d78b787ec34892b5aaa0c7a146155f/clubes_2026/silhuetas/REM/FORMATO.png,11,0.66,Gabriel Buscariol Poveda,0.0,5,2.68,24,gabriel-poveda,6,0.0,,,,,,3.0,4.0,1.0,1.0,4.0,,,,,,,,,,
Anderson,Anderson,102906,CHA,315,0,True,https://s3.glbimg.com/v1/AUTH_58d78b787ec34892b5aaa0c7a146155f/clubes_2026/silhuetas/CHA/FORMATO.png,9,3.59,Anderson Silva da Paixão,9.7,1,6.63,24,anderson,7,1.37,,1.0,,33.0,,,,,,3.0,,,,16.0,,,,,1.0,
Luan,Luan,102909,SAO,276,0,False,https://s3.glbimg.com/v1/AUTH_58d78b787ec34892b5aaa0c7a146155f/clubes_2026/silhuetas/SAO/FORMATO.png,7,0.96,Luan Vinícius da Silva Santos,0.0,4,2.69,24,luan,6,0.0,,1.0,,,,5.0,2.0,,1.0,,,,,,,,,,,
Zé Ricardo,Z. Ricardo,102911,REM,364,0,True,https://s3.glbimg.com/v1/AUTH_58d78b787ec34892b5aaa0c7a146155f/clubes_2026/silhuetas/REM/FORMATO.png,22,2.82,José Ricardo Araújo Fernandes,6.0,4,4.94,24,ze-ricardo,7,0.22,1.0,5.0,1.0,,,34.0,33.0,6.0,5.0,27.0,,,,,3.0,,,,,
Canobbio,Canobbio,102928,FLU,266,0,True,https://s3.glbimg.com/v1/AUTH_58d78b787ec34892b5aaa0c7a146155f/clubes_2026/silhuetas/FLU/FORMATO.png,16,6.87,Agustín Canobbio Graviz,3.1,5,10.38,24,canobbio,7,-0.88,3.0,5.0,1.0,,,28.0,24.0,9.0,8.0,26.0,2.0,4.0,,,2.0,,,,,
Escobar,Escobar,102975,SAN,277,0,True,https://s3.glbimg.com/v1/AUTH_58d78b787ec34892b5aaa0c7a146155f/clubes_2026/silhuetas/SAN/FORMATO.png,16,6.63,Gonzalo Daniel Escobar,11.2,2,10.93,24,escobar,7,0.13,1.0,5.0,,,,48.0,16.0,1.0,4.0,15.0,1.0,,,,1.0,1.0,,,5.0,
Gabriel Brazão,G. Brazão,103056,SAN,277,0,True,https://s3.glbimg.com/v1/AUTH_58d78b787ec34892b5aaa0c7a146155f/clubes_2026/silhuetas/SAN/FORMATO.png,19,2.71,Gabriel Nascimento Rezende Brazão - Resende,1.6,1,5.3,24,gabriel-brazao,7,-1.04,,4.0,,49.0,,,,1.0,,3.0,,,,30.0,,1.0,,,4.0,
Andrew,Andrew,103183,FLA,262,0,False,https://s3.glbimg.com/v1/AUTH_58d78b787ec34892b5aaa0c7a146155f/clubes_2026/silhuetas/FLA/FORMATO.png,0,0.0,Andrew da Silva Ventura,0.0,1,3.0,24,andrew,6,0.0,,,,,,,,,,,,,,,,,,,,
Eric Ramires,E. Ramires,103295,RBB,280,0,True,https://s3.glbimg.com/v1/AUTH_58d78b787ec34892b5aaa0c7a146155f/clubes_2026/silhuetas/RBB/FORMATO.png,15,0.6,Eric dos Santos Rodrigues,1.5,4,2.36,24,eric-ramires,7,0.18,,2.0,,,,6.0,11.0,,1.0,7.0,,,,,,,,1.0,,
Matheus Alexandre,M. Alexandre,103347,REM,364,0,False,https://s3.glbimg.com/v1/AUTH_58d78b787ec34892b5aaa0c7a146155f/clubes_2026/silhuetas/REM/FORMATO.png,11,1.92,Matheus Alexandre Anastácio de Souza,0.0,2,4.19,24,matheus-alexandre,6,0.0,,1.0,,,,5.0,4.0,,1.0,,,,,,,,,,3.0,
Emmanuel Martínez,E. Martínez,103388,VIT,287,0,True,https://s3.glbimg.com/v1/AUTH_58d78b787ec34892b5aaa0c7a146155f/clubes_2026/silhuetas/VIT/FORMATO.png,17,3.39,Leandro Emmanuel Martínez,3.5,4,6.33,24,emmanuel-martinez,7,-0.19,,6.0,,,,34.0,27.0,2.0,4.0,30.0,,,,,1.0,,,,,
Kaio Jorge,K. Jorge,103445,CRU,283,0,True,https://s3.glbimg.com/v1/AUTH_58d78b787ec34892b5aaa0c7a146155f/clubes_2026/silhuetas/CRU/FORMATO.png,18,4.47,Kaio Jorge Pinto Ramos,2.0,5,10.46,24,kaio-jorge,7,-0.09,,1.0,,,,4.0,5.0,6.0,17.0,16.0,,6.0,,,6.0,,,1.0,,
Ignácio,Ignácio,103523,FLU,266,0,True,https://s3.glbimg.com/v1/AUTH_58d78b787ec34892b5aaa0c7a146155f/clubes_2026/silhuetas/FLU/FORMATO.png,11,3.48,Ignácio da Silva Oliveira,3.8,3,6.15,24,ignacio,7,-1.17,,3.0,,,,13.0,9.0,,5.0,9.0,1.0,1.0,,,,,,,1.0,
Guido Herrera,G. Herrera,103562,BAH,265,0,False,https://s3.glbimg.com/v1/AUTH_58d78b787ec34892b5aaa0c7a146155f/clubes_2026/silhuetas/BAH/FORMATO.png,0,0.0,Guido Gabriel Herrera,0.0,1,6.0,24,guido-herrera,6,0.0,,,,,,,,,,,,,,,,,,,,
Ocampo,Ocampo,103626,CFC,294,0,False,https://s3.glbimg.com/v1/AUTH_58d78b787ec34892b5aaa0c7a146155f/clubes_2026/silhuetas/CFC/FORMATO.png,3,1.1,Brian Alexis Ocampo Ferreira,0.0,5,4.51,24,ocampo,5,0.0,,,,,,1.0,1.0,,2.0,1.0,,,,,,,,,,
Gabriel Menino,G. Menino,103767,SAN,277,0,False,https://s3.glbimg.com/v1/AUTH_58d78b787ec34892b5aaa0c7a146155f/clubes_2026/silhuetas/SAN/FORMATO.png,9,5.45,Gabriel Vinícius Menino,0.0,4,9.92,24,gabriel-menino,5,0.0,,2.0,,,,19.0,5.0,5.0,4.0,14.0,,1.0,,,1.0,,,,,
Bruno Santos,B. Santos,103967,MIR,2305,0,True,https://s3.glbimg.com/v1/AUTH_58d78b787ec34892b5aaa0c7a146155f/clubes_2026/silhuetas/MIR/FORMATO.png,5,1.28,Bruno Santos de Oliveira,1.7,5,3.15,24,bruno-santos,7,-0.3,,,,,,1.0,8.0,2.0,4.0,4.0,,,,,3.0,,,,,
Rafael Guanaes,R. Guanaes,104027,MIR,2305,0,True,https://s3.glbimg.com/v1/AUTH_58d78b787ec34892b5aaa0c7a146155f/clubes_2026/silhuetas/MIR/FORMATO.png,21,4.1,Rafael Silva Guanaes,4.01,6,7.02,24,rafael-guanaes,7,0.05,,,,,,,,,,,,,,,,,,,,5.0
Labyad,Labyad,104036,COR,264,0,False,https://s3.glbimg.com/v1/AUTH_58d78b787ec34892b5aaa0c7a146155f/clubes_2026/silhuetas/COR/FORMATO.png,11,2.05,Zakaria Labyad,0.0,4,4.52,24,labyad,5,0.0,2.0,1.0,,,,3.0,6.0,,1.0,4.0,,1.0,,,,,,,,
Sabino,Sabino,104075,SAO,276,0,True,https://s3.glbimg.com/v1/AUTH_58d78b787ec34892b5aaa0c7a146155f/clubes_2026/silhuetas/SAO/FORMATO.png,17,3.74,José Sabino Chagas Monteiro,1.4,3,6.57,24,sabino,2,-0.29,,1.0,,,,25.0,24.0,1.0,2.0,11.0,1.0,1.0,,,,,,,3.0,
Carlos Miguel,C. Miguel,104084,PAL,275,0,True,https://s3.glbimg.com/v1/AUTH_58d78b787ec34892b5aaa0c7a146155f/clubes_2026/silhuetas/PAL/FORMATO.png,23,4.92,Carlos Miguel dos Santos Pereira,2.9,1,7.95,24,carlos-miguel,7,0.15,,3.0,,70.0,,,,,,11.0,,,,20.0,,,,,8.0,
Bruno Fuchs,B. Fuchs,104085,PAL,275,0,False,https://s3.glbimg.com/v1/AUTH_58d78b787ec34892b5aaa0c7a146155f/clubes_2026/silhuetas/PAL/FORMATO.png,7,4.21,Bruno de Lara Fuchs,0.0,3,8.5,24,bruno-fuchs,6,0.0,,,,,,7.0,5.0,,,1.0,,,,,,,,,4.0,
Lucas Arcanjo,L. Arcanjo,104118,VIT,287,0,True,https://s3.glbimg.com/v1/AUTH_58d78b787ec34892b5aaa0c7a146155f/clubes_2026/silhuetas/VIT/FORMATO.png,18,5.56,Lucas Willians Assis Arcanjo,4.5,1,9.13,24,lucas-arcanjo,7,-0.63,,1.0,,64.0,2.0,,,,,,,,,25.0,,1.0,,,6.0,
Fabri,Fabri,104134,VIT,287,0,False,https://s3.glbimg.com/v1/AUTH_58d78b787ec34892b5aaa0c7a146155f/clubes_2026/silhuetas/VIT/FORMATO.png,8,2.33,Fabrício do Rosário dos Santos,0.0,5,4.67,24,fabri,6,0.0,1.0,,,,,4.0,3.0,2.0,2.0,3.0,1.0,,,,,,,,,
Edson Carioca,E. Carioca,104204,MIR,2305,0,False,https://s3.glbimg.com/v1/AUTH_58d78b787ec34892b5aaa0c7a146155f/clubes_2026/silhuetas/MIR/FORMATO.png,14,2.11,Edson Guilherme Mendes dos Santos,0.0,5,4.14,24,edson-carioca,5,0.0,,4.0,,,,12.0,15.0,2.0,8.0,7.0,,1.0,,,1.0,,,,,
João Lucas,J. Lucas,104257,REM,364,0,False,https://s3.glbimg.com/v1/AUTH_58d78b787ec34892b5aaa0c7a146155f/clubes_2026/silhuetas/REM/FORMATO.png,6,2.82,João Lucas de Almeida Carvalho,0.0,2,4.59,24,joao-lucas,6,0.0,,3.0,,,,11.0,8.0,1.0,2.0,6.0,,,,,,,,,,
Dudu,Dudu,104330,VIT,287,0,False,https://s3.glbimg.com/v1/AUTH_58d78b787ec34892b5aaa0c7a146155f/clubes_2026/silhuetas/VIT/FORMATO.png,2,3.95,Eduardo Marcelo Rodrigues Nunes,0.0,4,5.01,24,dudu,5,0.0,,,,,,,2.0,,,1.0,,1.0,,,,,,,,
Everton,Everton,104470,CHA,315,0,True,https://s3.glbimg.com/v1/AUTH_58d78b787ec34892b5aaa0c7a146155f/clubes_2026/silhuetas/CHA/FORMATO.png,18,1.95,Everton Souza da Cruz,5.0,2,4.09,24,everton,6,0.68,1.0,4.0,1.0,,,11.0,13.0,2.0,5.0,16.0,,,,,,,,,2.0,
Camilo,Camilo,104519,CHA,315,0,True,https://s3.glbimg.com/v1/AUTH_58d78b787ec34892b5aaa0c7a146155f/clubes_2026/silhuetas/CHA/FORMATO.png,19,3.03,Camilo Reijers de Oliveira,2.3,4,4.94,24,camilo,3,-0.15,,6.0,,,,40.0,34.0,2.0,6.0,13.0,,,,,,,,,,
Fabrício,Fabrício,104588,RBB,280,0,False,https://s3.glbimg.com/v1/AUTH_58d78b787ec34892b5aaa0c7a146155f/clubes_2026/silhuetas/RBB/FORMATO.png,0,0.0,Fabrício Oliveira de Souza,0.0,1,2.0,24,fabricio,6,0.0,,,,,,,,,,,,,,,,,,,,
Heitor,Heitor,104649,CHA,315,0,True,https://s3.glbimg.com/v1/AUTH_58d78b787ec34892b5aaa0c7a146155f/clubes_2026/silhuetas/CHA/FORMATO.png,2,6.15,Heitor Rodrigues da Fonseca,8.8,2,6.73,24,heitor,7,1.82,,,,,,5.0,,,1.0,,,,,,,1.0,,,1.0,
Moisés,Moisés,104666,SAN,277,0,False,https://s3.glbimg.com/v1/AUTH_58d78b787ec34892b5aaa0c7a146155f/clubes_2026/silhuetas/SAN/FORMATO.png,13,2.35,Moisés Vieira da Veiga,0.0,5,4.78,24,moises,6,0.0,1.0,,,,,2.0,5.0,4.0,,5.0,,2.0,,,,,,1.0,,
Newton,Newton,104693,SAO,276,0,True,https://s3.glbimg.com/v1/AUTH_58d78b787ec34892b5aaa0c7a146155f/clubes_2026/silhuetas/SAO/FORMATO.png,9,1.92,Newton Araújo da Costa Júnior,-0.1,4,4.11,24,newton,7,-0.66,,2.0,,,,10.0,5.0,1.0,2.0,6.0,,,,,,,,,,
Enzo Díaz,E. Díaz,104758,SAO,276,0,False,https://s3.glbimg.com/v1/AUTH_58d78b787ec34892b5aaa0c7a146155f/clubes_2026/silhuetas/SAO/FORMATO.png,13,3.9,Enzo Hernán Díaz,0.0,2,9.04,24,enzo-diaz,6,0.0,1.0,7.0,,,,28.0,23.0,2.0,3.0,16.0,,,,,2.0,,,,1.0,
Acevedo,Acevedo,104783,BAH,265,0,True,https://s3.glbimg.com/v1/AUTH_58d78b787ec34892b5aaa0c7a146155f/clubes_2026/silhuetas/BAH/FORMATO.png,21,4.96,Nicolás Brian Acevedo Tabárez,5.4,4,7.51,24,acevedo,7,-1.25,,6.0,,,,57.0,45.0,6.0,6.0,24.0,2.0,1.0,,,,,,,,
Sebastián Gómez,S. Gómez,104811,CFC,294,0,True,https://s3.glbimg.com/v1/AUTH_58d78b787ec34892b5aaa0c7a146155f/clubes_2026/silhuetas/CFC/FORMATO.png,20,2.57,Sebastián Gómez Londoño,7.0,4,4.74,24,sebastian-gomez,7,1.01,,3.0,,,,28.0,28.0,4.0,7.0,21.0,,,,,,,,,,
Wagner Leonardo,W. Leonardo,104994,GRE,284,0,True,https://s3.glbimg.com/v1/AUTH_58d78b787ec34892b5aaa0c7a146155f/clubes_2026/silhuetas/GRE/FORMATO.png,10,2.5,Wagner Leonardo Calvelo de Souza,0.0,3,5.23,24,wagner-leonardo,7,-0.13,,1.0,1.0,,,13.0,10.0,,2.0,2.0,,,,,1.0,,,,2.0,
João Marcelo,J. Marcelo,105047,CRU,283,0,True,https://s3.glbimg.com/v1/AUTH_58d78b787ec34892b5aaa0c7a146155f/clubes_2026/silhuetas/CRU/FORMATO.png,9,2.28,João Marcelo Messias Ferreira,-1.9,3,3.61,24,joao-marcelo,7,-0.86,,1.0,,,,6.0,10.0,,,5.0,,1.0,,,,,,,1.0,
Jajá,Jajá,105048,REM,364,0,True,https://s3.glbimg.com/v1/AUTH_58d78b787ec34892b5aaa0c7a146155f/clubes_2026/silhuetas/REM/FORMATO.png,20,5.74,Jandir Breno Souza Silva,13.7,5,8.11,24,jaja,7,1.88,1.0,2.0,1.0,,,22.0,15.0,10.0,10.0,21.0,,7.0,,,4.0,,,,,
Reinier,Reinier,105068,CAM,282,0,False,https://s3.glbimg.com/v1/AUTH_58d78b787ec34892b5aaa0c7a146155f/clubes_2026/silhuetas/CAM/FORMATO.png,16,2.97,Reinier Jesus Carvalho,0.0,4,5.39,24,reinier,2,0.0,1.0,1.0,,,,7.0,9.0,8.0,4.0,8.0,1.0,2.0,,,,,,,,
Tetê,Tetê,105089,GRE,284,0,True,https://s3.glbimg.com/v1/AUTH_58d78b787ec34892b5aaa0c7a146155f/clubes_2026/silhuetas/GRE/FORMATO.png,17,3.73,Mateus Cardoso Lemos Martins,2.2,5,8.73,24,tete,6,-0.54,,,,,,14.0,7.0,7.0,13.0,14.0,1.0,2.0,,,1.0,,,,,
Villagra,Villagra,105157,INT,285,0,True,https://s3.glbimg.com/v1/AUTH_58d78b787ec34892b5aaa0c7a146155f/clubes_2026/silhuetas/INT/FORMATO.png,18,2.03,Rodrigo Román Villagra,2.8,4,5.15,24,villagra,7,0.2,,2.0,,,,20.0,27.0,3.0,5.0,18.0,,,,,,,,,,
Khellven,Khellven,105175,PAL,275,0,True,https://s3.glbimg.com/v1/AUTH_58d78b787ec34892b5aaa0c7a146155f/clubes_2026/silhuetas/PAL/FORMATO.png,16,2.81,Khellven Douglas Silva Oliveira,1.5,2,5.08,24,khellven,6,-0.61,,3.0,,,,19.0,15.0,,2.0,7.0,1.0,,1.0,,,1.0,,,4.0,
Sant'Anna,Sant'Anna,105213,RBB,280,0,True,https://s3.glbimg.com/v1/AUTH_58d78b787ec34892b5aaa0c7a146155f/clubes_2026/silhuetas/RBB/FORMATO.png,9,6.31,Ariel Agustín Sant'Anna Quintero,3.6,2,8.83,24,sant-anna,7,-0.87,2.0,2.0,,,,9.0,8.0,3.0,3.0,4.0,,,,,3.0,,,,6.0,
Santi Rodríguez,S. Rodríguez,105214,BOT,263,0,True,https://s3.glbimg.com/v1/AUTH_58d78b787ec34892b5aaa0c7a146155f/clubes_2026/silhuetas/BOT/FORMATO.png,12,3.34,Santiago Mariano Rodríguez Molina,16.5,4,8.12,24,santi-rodriguez,6,2.33,,1.0,,,,11.0,10.0,,,17.0,1.0,2.0,,,,,,,,
Ferraresi,Ferraresi,105300,BOT,263,0,True,https://s3.glbimg.com/v1/AUTH_58d78b787ec34892b5aaa0c7a146155f/clubes_2026/silhuetas/BOT/FORMATO.png,18,3.16,Nahuel Adolfo Ferraresi Hernández,11.1,3,7.13,24,ferraresi,7,0.75,,4.0,,,,28.0,19.0,2.0,3.0,10.0,,1.0,1.0,,1.0,,,,2.0,
Carrascal,Carrascal,105436,FLA,262,0,True,https://s3.glbimg.com/v1/AUTH_58d78b787ec34892b5aaa0c7a146155f/clubes_2026/silhuetas/FLA/FORMATO.png,16,6.24,Jorge Andrés Carrascal Guardo,5.9,4,10.93,24,carrascal,6,-2.41,4.0,1.0,2.0,,,23.0,9.0,6.0,11.0,18.0,2.0,3.0,,,,,,,,
Renan Peixoto,R. Peixoto,105518,CAP,293,0,True,https://s3.glbimg.com/v1/AUTH_58d78b787ec34892b5aaa0c7a146155f/clubes_2026/silhuetas/CAP/FORMATO.png,8,0.75,Renan Peixoto Nepomuceno,-0.3,5,2.51,24,renan-peixoto,6,-0.22,,,,,,1.0,4.0,,1.0,4.0,1.0,,,,1.0,,,,,
Matheus Bidu,M. Bidu,105531,COR,264,0,False,https://s3.glbimg.com/v1/AUTH_58d78b787ec34892b5aaa0c7a146155f/clubes_2026/silhuetas/COR/FORMATO.png,17,7.6,Matheus Lima Beltrão Oliveira Valin,0.0,2,12.32,24,matheus-bidu,7,0.0,1.0,4.0,,,,37.0,21.0,1.0,7.0,45.0,,2.0,,,4.0,1.0,,,7.0,
Carlos Vinícius,C. Vinícius,105563,GRE,284,0,True,https://s3.glbimg.com/v1/AUTH_58d78b787ec34892b5aaa0c7a146155f/clubes_2026/silhuetas/GRE/FORMATO.png,21,5.11,Carlos Vinícius Alves Morais,0.0,5,12.8,24,carlos-vinicius,7,-0.38,1.0,4.0,,,,6.0,26.0,11.0,10.0,22.0,1.0,9.0,,,18.0,,,,,
Lucas Piton,L. Piton,105584,VAS,267,0,False,https://s3.glbimg.com/v1/AUTH_58d78b787ec34892b5aaa0c7a146155f/clubes_2026/silhuetas/VAS/FORMATO.png,15,2.03,Lucas Piton Crivellaro,0.0,2,5.1,24,lucas-piton,6,0.0,,,,,,14.0,10.0,3.0,3.0,3.0,,,,,1.0,,,,1.0,
Maurício,Maurício,105647,PAL,275,0,True,https://s3.glbimg.com/v1/AUTH_58d78b787ec34892b5aaa0c7a146155f/clubes_2026/silhuetas/PAL/FORMATO.png,21,4.33,Maurício Magalhães Prado,9.3,4,7.93,24,mauricio,6,0.19,1.0,2.0,,,,11.0,16.0,9.0,11.0,18.0,,6.0,,,2.0,,,,,
Edu,Edu,105842,VIT,287,0,False,https://s3.glbimg.com/v1/AUTH_58d78b787ec34892b5aaa0c7a146155f/clubes_2026/silhuetas/VIT/FORMATO.png,1,1.5,Lucas Eduardo Ribeiro de Souza,0.0,3,4.13,24,edu,5,0.0,,,,,,1.0,,,,,,,,,,,,,,
Edson Fernando,E. Fernando,105901,REM,364,0,False,https://s3.glbimg.com/v1/AUTH_58d78b787ec34892b5aaa0c7a146155f/clubes_2026/silhuetas/REM/FORMATO.png,1,-0.3,Edson Fernando da Silva Gomes,0.0,4,2.62,24,edson-fernando,6,0.0,,,,,,,1.0,,,,,,,,,,,,,
Aldo Filho,A. Filho,105903,MIR,2305,0,False,https://s3.glbimg.com/v1/AUTH_58d78b787ec34892b5aaa0c7a146155f/clubes_2026/silhuetas/MIR/FORMATO.png,15,2.09,José Aldo Soares de Oliveira Filho,0.0,4,3.8,24,aldo-filho,5,0.0,1.0,7.0,,,,18.0,20.0,3.0,6.0,8.0,,,,,1.0,,,,,
Rochet,Rochet,105949,INT,285,0,False,https://s3.glbimg.com/v1/AUTH_58d78b787ec34892b5aaa0c7a146155f/clubes_2026/silhuetas/INT/FORMATO.png,11,3.33,Sergio Ramón Rochet Álvarez,0.0,1,6.28,24,rochet,5,0.0,,1.0,,22.0,,3.0,,,,1.0,,,,11.0,,,,,3.0,
Santiago Mingo,S. Mingo,105990,BAH,265,0,True,https://s3.glbimg.com/v1/AUTH_58d78b787ec34892b5aaa0c7a146155f/clubes_2026/silhuetas/BAH/FORMATO.png,21,2.64,Santiago Martín Ramos Mingo,9.0,3,5.5,24,santiago-mingo,7,0.73,,3.0,,,,11.0,13.0,3.0,2.0,14.0,1.0,,1.0,,1.0,1.0,,,7.0,
Coronel,Coronel,106028,SAO,276,0,False,https://s3.glbimg.com/v1/AUTH_58d78b787ec34892b5aaa0c7a146155f/clubes_2026/silhuetas/SAO/FORMATO.png,0,0.0,Carlos Miguel Coronel,0.0,1,5.0,24,coronel,6,0.0,,,,,,,,,,,,,,,,,,,,
Enamorado,Enamorado,106104,GRE,284,0,False,https://s3.glbimg.com/v1/AUTH_58d78b787ec34892b5aaa0c7a146155f/clubes_2026/silhuetas/GRE/FORMATO.png,18,3.31,José David Enamorado Gómez,0.0,5,6.68,24,enamorado,6,0.0,2.0,3.0,,,,21.0,15.0,3.0,8.0,25.0,1.0,,,,2.0,,,,,
Gabriel Pec,G. Pec,106199,CRU,283,0,False,https://s3.glbimg.com/v1/AUTH_58d78b787ec34892b5aaa0c7a146155f/clubes_2026/silhuetas/CRU/FORMATO.png,1,4.1,Gabriel Fortes Chaves,0.0,5,7.94,24,gabriel-pec,5,0.0,,,,,,1.0,1.0,1.0,1.0,2.0,,,,,1.0,,,,,
Bruno Gomes,B. Gomes,106202,INT,285,0,True,https://s3.glbimg.com/v1/AUTH_58d78b787ec34892b5aaa0c7a146155f/clubes_2026/silhuetas/INT/FORMATO.png,24,3.63,Bruno Gomes da Silva Clevelário,9.4,4,7.32,24,bruno-gomes,3,0.92,,3.0,,,,45.0,26.0,1.0,7.0,41.0,1.0,,,,,,,,,
Marcos Antônio,M. Antônio,106294,SAO,276,0,True,https://s3.glbimg.com/v1/AUTH_58d78b787ec34892b5aaa0c7a146155f/clubes_2026/silhuetas/SAO/FORMATO.png,17,2.56,Marcos Antônio Silva Santos,2.0,4,6.03,24,marcos-antonio,7,-0.03,2.0,1.0,,,,16.0,13.0,3.0,4.0,15.0,,,,,2.0,,,,,
Preciado,Preciado,106302,CAM,282,0,False,https://s3.glbimg.com/v1/AUTH_58d78b787ec34892b5aaa0c7a146155f/clubes_2026/silhuetas/CAM/FORMATO.png,10,4.31,Ángelo Smit Preciado Quiñónez,0.0,2,7.43,24,preciado,6,0.0,1.0,3.0,,,,14.0,16.0,,3.0,15.0,,,,,,,,,3.0,
Domingos Duarte,D. Duarte,106313,SAO,276,0,True,https://s3.glbimg.com/v1/AUTH_58d78b787ec34892b5aaa0c7a146155f/clubes_2026/silhuetas/SAO/FORMATO.png,2,3.8,Domingos de Sousa Coutinho Meneses Duarte,1.7,3,6.25,24,domingos-duarte,7,-0.47,,,,,,3.0,1.0,2.0,,2.0,,,,,,,,,,
Caio Alexandre,C. Alexandre,106323,BAH,265,0,False,https://s3.glbimg.com/v1/AUTH_58d78b787ec34892b5aaa0c7a146155f/clubes_2026/silhuetas/BAH/FORMATO.png,13,1.08,Caio Alexandre Souza e Silva,0.0,4,3.58,24,caio-alexandre,6,0.0,,1.0,,,,8.0,14.0,,1.0,13.0,,,,,,,,,,
Eduardo Santos,E. Santos,106434,RBB,280,0,False,https://s3.glbimg.com/v1/AUTH_58d78b787ec34892b5aaa0c7a146155f/clubes_2026/silhuetas/RBB/FORMATO.png,3,1.4,Eduardo Gonzaga Mendes Santos,0.0,3,4.6,24,eduardo-santos,6,0.0,,,,,,1.0,1.0,,,,1.0,,,,,,,,,
Villalba,Villalba,106593,CRU,283,0,True,https://s3.glbimg.com/v1/AUTH_58d78b787ec34892b5aaa0c7a146155f/clubes_2026/silhuetas/CRU/FORMATO.png,13,2.97,Lucas Hernán Villalba,9.5,3,7.52,24,villalba,7,1.42,2.0,2.0,,,,11.0,15.0,1.0,2.0,4.0,,,,,1.0,1.0,,,3.0,
Igor Formiga,I. Formiga,106708,MIR,2305,0,True,https://s3.glbimg.com/v1/AUTH_58d78b787ec34892b5aaa0c7a146155f/clubes_2026/silhuetas/MIR/FORMATO.png,18,4.81,Igor Marques Paciência Cardoso,8.8,2,8.28,24,igor-formiga,7,1.07,,2.0,,,,41.0,28.0,1.0,9.0,6.0,,3.0,,,,,,,,
Rodrigo Nestor,R. Nestor,106822,BAH,265,0,True,https://s3.glbimg.com/v1/AUTH_58d78b787ec34892b5aaa0c7a146155f/clubes_2026/silhuetas/BAH/FORMATO.png,16,3.4,Rodrigo Nestor Bertalia,1.1,4,5.28,24,rodrigo-nestor,7,-0.62,2.0,4.0,,,,18.0,18.0,5.0,21.0,8.0,,,,,1.0,,,,,
Borrero,Borrero,106843,CHA,315,0,True,https://s3.glbimg.com/v1/AUTH_58d78b787ec34892b5aaa0c7a146155f/clubes_2026/silhuetas/CHA/FORMATO.png,1,3.0,Dylan Felipe Borrero Caicedo,3.0,4,4.69,24,borrero,7,0.69,,,,,,2.0,,,,,,,,,,,,,,
Rafael Lacerda,R. Lacerda,106907,CHA,315,0,True,https://s3.glbimg.com/v1/AUTH_58d78b787ec34892b5aaa0c7a146155f/clubes_2026/silhuetas/CHA/FORMATO.png,5,5.09,Rafael dos Santos Lacerda,8.85,6,8.67,24,rafael-lacerda,7,0.54,,,,,,,,,,,,,,,,,,,,1.0
Fernando,Fernando,106950,CHA,315,0,True,https://s3.glbimg.com/v1/AUTH_58d78b787ec34892b5aaa0c7a146155f/clubes_2026/silhuetas/CHA/FORMATO.png,4,4.2,Fernando Augusto Pereira Bueno Júnior,4.7,2,5.5,24,fernando,6,0.13,,,,,,7.0,4.0,,,5.0,,,,,,,,,1.0,
Yuri Sena,Y. Sena,107075,VIT,287,0,False,https://s3.glbimg.com/v1/AUTH_58d78b787ec34892b5aaa0c7a146155f/clubes_2026/silhuetas/VIT/FORMATO.png,0,0.0,Yuri Sena dos Reis Batista,0.0,1,1.0,24,yuri-sena,6,0.0,,,,,,,,,,,,,,,,,,,,
Luciano Juba,L. Juba,107093,BAH,265,0,True,https://s3.glbimg.com/v1/AUTH_58d78b787ec34892b5aaa0c7a146155f/clubes_2026/silhuetas/BAH/FORMATO.png,20,7.19,Luciano Batista da Silva Júnior,12.4,2,11.99,24,luciano-juba,7,1.64,1.0,2.0,,,,24.0,15.0,6.0,7.0,13.0,1.0,7.0,,,,,1.0,,7.0,
Michel Araújo,M. Araújo,107173,BAH,265,0,True,https://s3.glbimg.com/v1/AUTH_58d78b787ec34892b5aaa0c7a146155f/clubes_2026/silhuetas/BAH/FORMATO.png,16,1.24,Michel Daryl Araújo Villar,5.9,4,3.37,24,michel-araujo,6,0.8,1.0,,1.0,,,8.0,11.0,2.0,5.0,6.0,,,,,3.0,,,,,
Max,Max,107203,CHA,315,0,False,https://s3.glbimg.com/v1/AUTH_58d78b787ec34892b5aaa0c7a146155f/clubes_2026/silhuetas/CHA/FORMATO.png,2,1.85,Max Alves da Silva,0.0,4,4.39,24,max,5,0.0,,,,,,2.0,2.0,,1.0,1.0,,,,,,,,,,
Danilo,Danilo,107231,BOT,263,0,False,https://s3.glbimg.com/v1/AUTH_58d78b787ec34892b5aaa0c7a146155f/clubes_2026/silhuetas/BOT/FORMATO.png,15,8.05,Danilo dos Santos de Oliveira,0.0,4,14.19,24,danilo,7,0.0,2.0,1.0,,,,25.0,9.0,5.0,10.0,8.0,1.0,7.0,,,,,,,,
Vanderlan,Vanderlan,107236,RBB,280,0,False,https://s3.glbimg.com/v1/AUTH_58d78b787ec34892b5aaa0c7a146155f/clubes_2026/silhuetas/RBB/FORMATO.png,1,-0.3,Vanderlan Barbosa da Silva,0.0,2,4.41,24,vanderlan,5,0.0,,1.0,,,,,1.0,,,,,,,,,,,,,
Zé Vitor,Z. Vitor,107256,VIT,287,0,True,https://s3.glbimg.com/v1/AUTH_58d78b787ec34892b5aaa0c7a146155f/clubes_2026/silhuetas/VIT/FORMATO.png,14,4.35,Jose Vitor Silva Neves,6.8,4,6.25,24,ze-vitor,7,0.04,,4.0,,,,30.0,27.0,1.0,11.0,22.0,,1.0,,,,1.0,,,,
Alex Bruno,A. Bruno,107300,VIT,287,0,False,https://s3.glbimg.com/v1/AUTH_58d78b787ec34892b5aaa0c7a146155f/clubes_2026/silhuetas/VIT/FORMATO.png,0,0.0,Alex Bruno da Costa Lima,0.0,5,4.0,24,alex-bruno,6,0.0,,,,,,,,,,,,,,,,,,,,
João Paulo,J. Paulo,107453,CHA,315,0,False,https://s3.glbimg.com/v1/AUTH_58d78b787ec34892b5aaa0c7a146155f/clubes_2026/silhuetas/CHA/FORMATO.png,6,3.3,João Paulo Silveira dos Santos,0.0,3,4.8,24,joao-paulo,5,0.0,1.0,2.0,,,,6.0,11.0,,2.0,3.0,,1.0,,,,,,,,
Ênio,Ênio,107516,CHA,315,0,False,https://s3.glbimg.com/v1/AUTH_58d78b787ec34892b5aaa0c7a146155f/clubes_2026/silhuetas/CHA/FORMATO.png,12,2.93,Sebastião Ênio Santos de Almeida,0.0,5,5.04,24,enio,6,0.0,,2.0,,,,4.0,9.0,4.0,6.0,27.0,1.0,1.0,,,3.0,,,,,
Natanael,Natanael,107554,CAM,282,0,True,https://s3.glbimg.com/v1/AUTH_58d78b787ec34892b5aaa0c7a146155f/clubes_2026/silhuetas/CAM/FORMATO.png,14,4.9,Natanael Moreira Milouski,5.5,2,8.67,24,natanael,7,0.19,2.0,,1.0,,,22.0,14.0,2.0,4.0,25.0,,,,,4.0,,,,3.0,
Eduardo Melo,E. Melo,107700,REM,364,0,False,https://s3.glbimg.com/v1/AUTH_58d78b787ec34892b5aaa0c7a146155f/clubes_2026/silhuetas/REM/FORMATO.png,1,1.4,Eduardo de Queiroz Melo,0.0,5,2.13,24,eduardo-melo,6,0.0,,,,,,1.0,,,,,,,,,1.0,,,,,
Praxedes,Praxedes,107744,RBB,280,0,False,https://s3.glbimg.com/v1/AUTH_58d78b787ec34892b5aaa0c7a146155f/clubes_2026/silhuetas/RBB/FORMATO.png,0,0.0,Bruno Conceição Praxedes,0.0,4,4.0,24,praxedes,6,0.0,,,,,,,,,,,,,,,,,,,,
Fintelman,Fintelman,107859,VIT,287,0,False,https://s3.glbimg.com/v1/AUTH_58d78b787ec34892b5aaa0c7a146155f/clubes_2026/silhuetas/VIT/FORMATO.png,0,0.0,Alexandre Fintelman de Mello Ribeiro da Silva,0.0,1,2.0,24,fintelman,6,0.0,,,,,,,,,,,,,,,,,,,,
Bobadilla,Bobadilla,107873,SAO,276,0,False,https://s3.glbimg.com/v1/AUTH_58d78b787ec34892b5aaa0c7a146155f/clubes_2026/silhuetas/SAO/FORMATO.png,16,3.94,Damián Josué Bobadilla Benítez,0.0,4,8.06,24,bobadilla,5,0.0,2.0,3.0,,,,31.0,20.0,6.0,3.0,6.0,1.0,,,,1.0,,,,,
Hugo,Hugo,107908,COR,264,0,False,https://s3.glbimg.com/v1/AUTH_58d78b787ec34892b5aaa0c7a146155f/clubes_2026/silhuetas/COR/FORMATO.png,0,0.0,Hugo Ferreira de Farias,0.0,2,4.0,24,hugo,6,0.0,,,,,,,,,,,,,,,,,,,,
Terán,Terán,107985,CAP,293,0,False,https://s3.glbimg.com/v1/AUTH_58d78b787ec34892b5aaa0c7a146155f/clubes_2026/silhuetas/CAP/FORMATO.png,13,4.09,Carlos Terán Díaz,0.0,3,6.98,24,teran,6,0.0,,,,,,15.0,10.0,3.0,2.0,7.0,,,,,,,,,5.0,
Carbonero,Carbonero,107989,INT,285,0,True,https://s3.glbimg.com/v1/AUTH_58d78b787ec34892b5aaa0c7a146155f/clubes_2026/silhuetas/INT/FORMATO.png,23,5.25,Johan Stiven Carbonero Balanta,0.7,5,8.33,24,carbonero,7,-1.57,3.0,3.0,,,,9.0,25.0,13.0,22.0,46.0,,6.0,,,14.0,,,,,
Garcez,Garcez,108131,CHA,315,0,True,https://s3.glbimg.com/v1/AUTH_58d78b787ec34892b5aaa0c7a146155f/clubes_2026/silhuetas/CHA/FORMATO.png,9,1.83,Maurício Garcez de Jesus,6.7,5,4.1,24,garcez,6,0.98,,,,,,5.0,6.0,2.0,5.0,9.0,,,,,1.0,,,,,
Isidro Pitta,I. Pitta,108133,RBB,280,0,True,https://s3.glbimg.com/v1/AUTH_58d78b787ec34892b5aaa0c7a146155f/clubes_2026/silhuetas/RBB/FORMATO.png,21,3.78,Isidro Miguel Pitta Saldívar,2.3,5,5.5,24,isidro-pitta,7,-0.27,2.0,2.0,,,,2.0,23.0,7.0,27.0,12.0,1.0,5.0,,,10.0,,1.0,1.0,,
Nardoni,Nardoni,108162,GRE,284,0,False,https://s3.glbimg.com/v1/AUTH_58d78b787ec34892b5aaa0c7a146155f/clubes_2026/silhuetas/GRE/FORMATO.png,14,1.93,Juan Ignacio Martín Nardoni,0.0,4,5.95,24,nardoni,5,0.0,,2.0,,,,10.0,18.0,1.0,4.0,14.0,,1.0,,,1.0,,,,,
Adonis Frías,A. Frías,108469,SAN,277,0,False,https://s3.glbimg.com/v1/AUTH_58d78b787ec34892b5aaa0c7a146155f/clubes_2026/silhuetas/SAN/FORMATO.png,8,3.4,Adonis Uriel Frías,0.0,3,5.64,24,adonis-frias,6,0.0,,2.0,,,,9.0,6.0,1.0,1.0,5.0,,1.0,,,,,,,1.0,
Emiliano Martínez,E. Martínez,108683,PAL,275,0,True,https://s3.glbimg.com/v1/AUTH_58d78b787ec34892b5aaa0c7a146155f/clubes_2026/silhuetas/PAL/FORMATO.png,12,2.26,Emiliano Martínez Toranza,3.0,4,4.35,24,emiliano-martinez,6,0.36,,1.0,,,,17.0,7.0,2.0,1.0,3.0,,,,,,,,,,
Galeano,Galeano,108713,REM,364,0,True,https://s3.glbimg.com/v1/AUTH_58d78b787ec34892b5aaa0c7a146155f/clubes_2026/silhuetas/REM/FORMATO.png,12,1.18,Antonio Javier Galeano Ferreira,0.5,5,4.16,24,galeano,6,-0.27,,1.0,,,,4.0,3.0,4.0,1.0,9.0,,,,,1.0,,,,,
Victor Sá,V. Sá,108946,SAO,276,0,False,https://s3.glbimg.com/v1/AUTH_58d78b787ec34892b5aaa0c7a146155f/clubes_2026/silhuetas/SAO/FORMATO.png,4,2.7,João Victor Santos Sá,0.0,5,6.08,24,victor-sa,6,0.0,1.0,,,,,3.0,3.0,1.0,,2.0,,,,,,,,,,
Plata,Plata,109096,FLA,262,0,True,https://s3.glbimg.com/v1/AUTH_58d78b787ec34892b5aaa0c7a146155f/clubes_2026/silhuetas/FLA/FORMATO.png,13,6.65,Gonzalo Jordy Plata Jiménez,3.0,5,10.54,24,plata,7,-1.62,2.0,2.0,,,,24.0,7.0,10.0,5.0,13.0,2.0,2.0,,,,,,,,
Jovane Cabral,J. Cabral,109097,GRE,284,0,True,https://s3.glbimg.com/v1/AUTH_58d78b787ec34892b5aaa0c7a146155f/clubes_2026/silhuetas/GRE/FORMATO.png,3,3.47,Jovane Eduardo Borges Cabral,1.7,5,7.61,24,jovane-cabral,6,-0.73,1.0,,,,,2.0,2.0,1.0,1.0,2.0,,,,,,,,,,
Matheus Nascimento,M. Nascimento,109114,GRE,284,0,False,https://s3.glbimg.com/v1/AUTH_58d78b787ec34892b5aaa0c7a146155f/clubes_2026/silhuetas/GRE/FORMATO.png,0,0.0,Matheus Nascimento de Paula,0.0,5,4.0,24,matheus-nascimento,6,0.0,,,,,,,,,,,,,,,,,,,,
Tiago Cóser,T. Cóser,109127,CFC,294,0,True,https://s3.glbimg.com/v1/AUTH_58d78b787ec34892b5aaa0c7a146155f/clubes_2026/silhuetas/CFC/FORMATO.png,21,2.93,Tiago Cóser,1.2,3,3.66,24,tiago-coser,7,-1.12,,2.0,1.0,,,10.0,23.0,,2.0,6.0,,3.0,,,,,,,6.0,
Rafael Carvalheira,R. Carvalheira,109336,CHA,315,0,False,https://s3.glbimg.com/v1/AUTH_58d78b787ec34892b5aaa0c7a146155f/clubes_2026/silhuetas/CHA/FORMATO.png,14,2.72,Rafael dos Santos Carvalheira Natividade,0.0,4,5.7,24,rafael-carvalheira,5,0.0,,2.0,,,,15.0,19.0,2.0,5.0,4.0,,2.0,,,1.0,1.0,,,,
Erick Pulga,E. Pulga,109401,BAH,265,0,True,https://s3.glbimg.com/v1/AUTH_58d78b787ec34892b5aaa0c7a146155f/clubes_2026/silhuetas/BAH/FORMATO.png,22,3.83,Erick da Costa Farias,7.9,5,7.92,24,erick-pulga,7,0.61,2.0,5.0,,,,22.0,23.0,12.0,6.0,44.0,1.0,1.0,,,12.0,1.0,,3.0,,
Calebe,Calebe,109461,INT,285,0,False,https://s3.glbimg.com/v1/AUTH_58d78b787ec34892b5aaa0c7a146155f/clubes_2026/silhuetas/INT/FORMATO.png,2,1.15,Calebe Gonçalves Ferreira da Silva,0.0,4,5.41,24,calebe,6,0.0,,,,,,,,,1.0,3.0,,,,,,,,,,
Martinelli,Martinelli,109573,FLU,266,0,True,https://s3.glbimg.com/v1/AUTH_58d78b787ec34892b5aaa0c7a146155f/clubes_2026/silhuetas/FLU/FORMATO.png,16,2.23,Matheus Martinelli Lima,6.3,4,5.95,24,martinelli,7,0.28,2.0,4.0,,,,12.0,24.0,6.0,9.0,9.0,,,,,,,,,,
Monsalve,Monsalve,109966,GRE,284,0,False,https://s3.glbimg.com/v1/AUTH_58d78b787ec34892b5aaa0c7a146155f/clubes_2026/silhuetas/GRE/FORMATO.png,7,0.64,Miguel Ángel Monsalve Gonzáles - González,0.0,4,3.12,24,monsalve,6,0.0,,1.0,,,,1.0,7.0,,2.0,9.0,,,,,,,,,,
Medina,Medina,109987,BOT,263,0,True,https://s3.glbimg.com/v1/AUTH_58d78b787ec34892b5aaa0c7a146155f/clubes_2026/silhuetas/BOT/FORMATO.png,14,3.8,Cristian Nicolás Medina,3.0,4,6.85,24,medina,7,-0.23,,3.0,1.0,,,25.0,16.0,1.0,6.0,23.0,,1.0,,,,,,1.0,,
Spinelli,Spinelli,110144,VAS,267,0,False,https://s3.glbimg.com/v1/AUTH_58d78b787ec34892b5aaa0c7a146155f/clubes_2026/silhuetas/VAS/FORMATO.png,15,3.05,Claudio Paul Spinelli,0.0,5,5.75,24,spinelli,6,0.0,,,,,,9.0,16.0,9.0,13.0,10.0,1.0,1.0,,,,,,,,
Bernabei,Bernabei,110426,INT,285,0,True,https://s3.glbimg.com/v1/AUTH_58d78b787ec34892b5aaa0c7a146155f/clubes_2026/silhuetas/INT/FORMATO.png,21,6.31,Alexandro Ezequiel Bernabei,10.0,2,10.53,24,bernabei,7,0.9,1.0,5.0,1.0,,,26.0,41.0,11.0,26.0,24.0,1.0,4.0,,,9.0,1.0,,,6.0,
Abel Ferreira,A. Ferreira,110506,PAL,275,0,True,https://s3.glbimg.com/v1/AUTH_58d78b787ec34892b5aaa0c7a146155f/clubes_2026/silhuetas/PAL/FORMATO.png,24,6.7,Abel Fernando Moreira Ferreira,10.37,6,12.41,24,abel-ferreira,7,0.72,,,,,,,,,,,,,,,,,,,,15.0
Aguirre,Aguirre,110510,INT,285,0,True,https://s3.glbimg.com/v1/AUTH_58d78b787ec34892b5aaa0c7a146155f/clubes_2026/silhuetas/INT/FORMATO.png,16,3.97,Braian Nahuel Aguirre,9.3,2,6.52,24,aguirre,7,0.66,1.0,2.0,,,,18.0,12.0,3.0,6.0,2.0,,1.0,,,1.0,,,,4.0,
Marino Hinestroza,M. Hinestroza,110598,VAS,267,0,True,https://s3.glbimg.com/v1/AUTH_58d78b787ec34892b5aaa0c7a146155f/clubes_2026/silhuetas/VAS/FORMATO.png,11,1.56,Marino Hinestroza Angulo,-0.3,5,5.06,24,marino-hinestroza,6,-0.37,,,,,,5.0,6.0,,3.0,12.0,1.0,,,,,,,,,
Vinícius Balieiro,V. Balieiro,110605,CHA,315,0,False,https://s3.glbimg.com/v1/AUTH_58d78b787ec34892b5aaa0c7a146155f/clubes_2026/silhuetas/CHA/FORMATO.png,5,1.84,Vinícius Balieiro Lourenço de Carvalho,0.0,4,3.62,24,vinicius-balieiro,7,0.0,,,,,,5.0,1.0,,,4.0,,,,,,,,,,
Gustavo,Gustavo,110633,CFC,294,0,False,https://s3.glbimg.com/v1/AUTH_58d78b787ec34892b5aaa0c7a146155f/clubes_2026/silhuetas/CFC/FORMATO.png,4,0.9,Gustavo Silva de Oliveira,0.0,4,3.3,24,gustavo,6,0.0,,,,,,1.0,,,2.0,1.0,,,,,,,,,,
Esquivel,Esquivel,110668,CAP,293,0,False,https://s3.glbimg.com/v1/AUTH_58d78b787ec34892b5aaa0c7a146155f/clubes_2026/silhuetas/CAP/FORMATO.png,14,4.88,Lucas Ángel Esquivel,0.0,2,7.9,24,esquivel,5,0.0,3.0,1.0,1.0,,,19.0,27.0,1.0,6.0,12.0,,,,,,,,,5.0,
Mycael,Mycael,110698,CAP,293,0,False,https://s3.glbimg.com/v1/AUTH_58d78b787ec34892b5aaa0c7a146155f/clubes_2026/silhuetas/CAP/FORMATO.png,1,7.6,Mycael Pontes Moreira,0.0,1,7.46,24,mycael,6,0.0,,1.0,,2.0,,,,,,,,,,,,,,,1.0,
Pedro Rangel,P. Rangel,110708,CFC,294,0,False,https://s3.glbimg.com/v1/AUTH_58d78b787ec34892b5aaa0c7a146155f/clubes_2026/silhuetas/CFC/FORMATO.png,17,4.67,Pedro Felipe de Faria Rangel,0.0,1,7.48,24,pedro-rangel,5,0.0,,1.0,,53.0,,1.0,,,,4.0,,,,22.0,,,,,6.0,
Andrés Hurtado,A. Hurtado,110715,RBB,280,0,False,https://s3.glbimg.com/v1/AUTH_58d78b787ec34892b5aaa0c7a146155f/clubes_2026/silhuetas/RBB/FORMATO.png,14,3.51,José Andrés Hurtado Cheme,0.0,2,5.43,24,andres-hurtado,6,0.0,,2.0,,,,11.0,9.0,1.0,7.0,5.0,,1.0,,,,,,,4.0,
Gustavo Marques,G. Marques,110750,RBB,280,0,True,https://s3.glbimg.com/v1/AUTH_58d78b787ec34892b5aaa0c7a146155f/clubes_2026/silhuetas/RBB/FORMATO.png,19,4.77,Gustavo Marques Alves dos Santos,13.5,3,8.6,24,gustavo-marques,7,1.44,,3.0,,,,22.0,13.0,4.0,6.0,14.0,,1.0,,,1.0,,,,8.0,
John Kennedy,J. Kennedy,110759,FLU,266,0,False,https://s3.glbimg.com/v1/AUTH_58d78b787ec34892b5aaa0c7a146155f/clubes_2026/silhuetas/FLU/FORMATO.png,17,7.3,John Kennedy Batista de Souza,0.0,5,10.92,24,john-kennedy,5,0.0,1.0,,,,,13.0,19.0,16.0,9.0,8.0,1.0,9.0,,,2.0,,,,,
Alix Vinicius,A. Vinicius,111246,RBB,280,0,False,https://s3.glbimg.com/v1/AUTH_58d78b787ec34892b5aaa0c7a146155f/clubes_2026/silhuetas/RBB/FORMATO.png,17,3.0,Alix Vinicius de Souza Sampaio,0.0,3,5.15,24,alix-vinicius,6,0.0,,4.0,1.0,,,15.0,29.0,2.0,4.0,7.0,,,,,,,,,7.0,
Mancha,Mancha,111279,CHA,315,0,False,https://s3.glbimg.com/v1/AUTH_58d78b787ec34892b5aaa0c7a146155f/clubes_2026/silhuetas/CHA/FORMATO.png,0,0.0,Gianluca Piola Minozzo,0.0,2,3.0,24,mancha,6,0.0,,,,,,,,,,,,,,,,,,,,
Gustavo Martins,G. Martins,111309,GRE,284,0,False,https://s3.glbimg.com/v1/AUTH_58d78b787ec34892b5aaa0c7a146155f/clubes_2026/silhuetas/GRE/FORMATO.png,14,2.66,Gustavo Martins de Souza Santos,0.0,3,5.66,24,gustavo-martins,5,0.0,2.0,3.0,,,,10.0,14.0,1.0,6.0,5.0,,,1.0,,1.0,1.0,,,3.0,
Victor Gabriel,V. Gabriel,111466,INT,285,0,False,https://s3.glbimg.com/v1/AUTH_58d78b787ec34892b5aaa0c7a146155f/clubes_2026/silhuetas/INT/FORMATO.png,16,2.16,Victor Gabriel da Conceição Ribeiro,0.0,3,3.51,24,victor-gabriel,3,0.0,,6.0,1.0,,,20.0,22.0,,2.0,9.0,,,,,,1.0,,,3.0,
Adson,Adson,111682,VAS,267,0,True,https://s3.glbimg.com/v1/AUTH_58d78b787ec34892b5aaa0c7a146155f/clubes_2026/silhuetas/VAS/FORMATO.png,11,3.83,Adson Ferreira Soares,5.2,4,6.59,24,adson,2,-0.04,,,,,,18.0,5.0,5.0,7.0,10.0,,,,,,,,,,
Anthoni,Anthoni,111683,INT,285,0,True,https://s3.glbimg.com/v1/AUTH_58d78b787ec34892b5aaa0c7a146155f/clubes_2026/silhuetas/INT/FORMATO.png,10,2.79,Anthoni Spier Souza,5.0,1,4.63,24,anthoni,2,0.72,,,,25.0,,,,,,1.0,,,,15.0,,,,,2.0,
Matheus Cunha,M. Cunha,111690,INT,285,0,True,https://s3.glbimg.com/v1/AUTH_58d78b787ec34892b5aaa0c7a146155f/clubes_2026/silhuetas/INT/FORMATO.png,13,3.95,Matheus Cunha Queiroz,10.2,1,5.64,24,matheus-cunha,2,1.3,1.0,2.0,,23.0,,,,,,3.0,,,,13.0,,,,,6.0,
Fabinho,Fabinho,111760,RBB,280,0,True,https://s3.glbimg.com/v1/AUTH_58d78b787ec34892b5aaa0c7a146155f/clubes_2026/silhuetas/RBB/FORMATO.png,7,0.08,Fábio Silva de Freitas,1.3,4,2.01,24,fabinho,6,0.18,,,1.0,,,2.0,9.0,,1.0,5.0,,,,,,,,,,
Kayky,Kayky,111829,INT,285,0,False,https://s3.glbimg.com/v1/AUTH_58d78b787ec34892b5aaa0c7a146155f/clubes_2026/silhuetas/INT/FORMATO.png,6,1.27,Kayky da Silva Chagas,0.0,5,3.63,24,kayky,5,0.0,,,,,,2.0,,3.0,,2.0,,,,,,,,,,
Matheus Martins,M. Martins,111831,BOT,263,0,True,https://s3.glbimg.com/v1/AUTH_58d78b787ec34892b5aaa0c7a146155f/clubes_2026/silhuetas/BOT/FORMATO.png,18,4.13,Matheus Martins Silva dos Santos,1.7,5,6.69,24,matheus-martins,6,-0.07,,1.0,,,,10.0,10.0,11.0,7.0,19.0,1.0,4.0,,,,,,,,
Jefté,Jefté,111832,PAL,275,0,False,https://s3.glbimg.com/v1/AUTH_58d78b787ec34892b5aaa0c7a146155f/clubes_2026/silhuetas/PAL/FORMATO.png,7,2.47,Jefté Vital da Silva Dias,0.0,2,4.16,24,jefte,5,0.0,1.0,1.0,,,,3.0,5.0,,,1.0,,,,,2.0,,,,2.0,
Mateus Silva,M. Silva,111879,VIT,287,0,True,https://s3.glbimg.com/v1/AUTH_58d78b787ec34892b5aaa0c7a146155f/clubes_2026/silhuetas/VIT/FORMATO.png,3,3.9,Mateus da Silva Duarte,2.0,2,5.24,24,mateus-silva,6,0.29,,,,,,3.0,2.0,,1.0,4.0,,,,,,,,,1.0,
Felipinho,Felipinho,112017,CAP,293,0,False,https://s3.glbimg.com/v1/AUTH_58d78b787ec34892b5aaa0c7a146155f/clubes_2026/silhuetas/CAP/FORMATO.png,8,2.99,Antonio Feliphe Costa Silva,0.0,4,4.79,24,felipinho,6,0.0,,2.0,,,,16.0,8.0,,1.0,1.0,1.0,,,,,,,,,
Vini Paulista,V. Paulista,112576,CFC,294,0,False,https://s3.glbimg.com/v1/AUTH_58d78b787ec34892b5aaa0c7a146155f/clubes_2026/silhuetas/CFC/FORMATO.png,22,2.28,Vinicius Romualdo dos Santos,0.0,4,3.71,24,vini-paulista,6,0.0,,3.0,,,,29.0,11.0,1.0,5.0,10.0,1.0,,,,1.0,,,,,
Gabriel Grando,G. Grando,112616,GRE,284,0,False,https://s3.glbimg.com/v1/AUTH_58d78b787ec34892b5aaa0c7a146155f/clubes_2026/silhuetas/GRE/FORMATO.png,1,0.3,Gabriel Hamester Grando,0.0,1,3.77,24,gabriel-grando,6,0.0,,,,1.0,,,,,,,,,,1.0,,,,,,
Ramón Sosa,R. Sosa,112863,PAL,275,0,False,https://s3.glbimg.com/v1/AUTH_58d78b787ec34892b5aaa0c7a146155f/clubes_2026/silhuetas/PAL/FORMATO.png,19,3.31,Ramón Sosa Acosta,0.0,5,5.87,24,ramon-sosa,5,0.0,2.0,3.0,,,,4.0,18.0,3.0,8.0,22.0,1.0,4.0,,,9.0,,,,,
Lucas Barbosa,L. Barbosa,112886,RBB,280,0,True,https://s3.glbimg.com/v1/AUTH_58d78b787ec34892b5aaa0c7a146155f/clubes_2026/silhuetas/RBB/FORMATO.png,20,6.13,Lucas Henrique Barbosa,2.7,5,9.31,24,lucas-barbosa,7,-0.64,2.0,5.0,,,,28.0,37.0,14.0,25.0,37.0,,4.0,,,7.0,,,,,
Catarozzi,Catarozzi,112939,REM,364,0,False,https://s3.glbimg.com/v1/AUTH_58d78b787ec34892b5aaa0c7a146155f/clubes_2026/silhuetas/REM/FORMATO.png,1,0.9,Franco Catarozzi Parafita,0.0,4,5.41,24,catarozzi,6,0.0,,,,,,1.0,2.0,,,,,,,,,,,,,
Peralta,Peralta,112985,CRU,283,0,False,https://s3.glbimg.com/v1/AUTH_58d78b787ec34892b5aaa0c7a146155f/clubes_2026/silhuetas/CRU/FORMATO.png,0,0.0,Fabrizio José Peralta Ramírez,0.0,4,4.0,24,peralta,5,0.0,,,,,,,,,,,,,,,,,,,,
Freytes,Freytes,113034,FLU,266,0,False,https://s3.glbimg.com/v1/AUTH_58d78b787ec34892b5aaa0c7a146155f/clubes_2026/silhuetas/FLU/FORMATO.png,17,2.63,Juan Pablo Freytes,0.0,3,5.23,24,freytes,5,0.0,,3.0,,,,15.0,15.0,,6.0,10.0,,,,,,,,,4.0,
Flaco López,F. López,113103,PAL,275,0,True,https://s3.glbimg.com/v1/AUTH_58d78b787ec34892b5aaa0c7a146155f/clubes_2026/silhuetas/PAL/FORMATO.png,21,7.08,José Manuel Alberto López,22.8,5,15.87,24,flaco-lopez,7,2.1,3.0,2.0,,,,23.0,30.0,9.0,18.0,45.0,,8.0,,,14.0,,,,,
Benavídez,Benavídez,113113,CAP,293,0,True,https://s3.glbimg.com/v1/AUTH_58d78b787ec34892b5aaa0c7a146155f/clubes_2026/silhuetas/CAP/FORMATO.png,18,4.7,Gastón Américo Benavídez,3.5,2,7.15,24,benavidez,7,-0.21,4.0,5.0,,,,15.0,15.0,3.0,4.0,20.0,,,,,2.0,,,,7.0,
Picco,Picco,113125,REM,364,0,True,https://s3.glbimg.com/v1/AUTH_58d78b787ec34892b5aaa0c7a146155f/clubes_2026/silhuetas/REM/FORMATO.png,21,3.35,Leonel Marcelo Picco,0.0,4,5.91,24,picco,2,-0.33,,2.0,,,,37.0,22.0,1.0,6.0,3.0,,2.0,,,,,,,,
Nathan Mendes,N. Mendes,113157,VIT,287,0,False,https://s3.glbimg.com/v1/AUTH_58d78b787ec34892b5aaa0c7a146155f/clubes_2026/silhuetas/VIT/FORMATO.png,12,5.02,Nathan Gabriel de Souza Mendes,0.0,2,7.52,24,nathan-mendes,5,0.0,1.0,3.0,,,,21.0,14.0,,1.0,10.0,,,,,,,,,5.0,
Marquinhos,Marquinhos,113158,CRU,283,0,False,https://s3.glbimg.com/v1/AUTH_58d78b787ec34892b5aaa0c7a146155f/clubes_2026/silhuetas/CRU/FORMATO.png,2,0.45,Marcus Vinícius Oliveira Alencar,0.0,5,3.54,24,marquinhos,6,0.0,,,,,,,2.0,,,3.0,,,,,,,,,,
Pablo Maia,P. Maia,113359,SAO,276,0,True,https://s3.glbimg.com/v1/AUTH_58d78b787ec34892b5aaa0c7a146155f/clubes_2026/silhuetas/SAO/FORMATO.png,15,1.86,Pablo Gonçalves Maia Fortunato,0.5,4,4.16,24,pablo-maia,6,-1.05,,2.0,,,,10.0,22.0,1.0,8.0,12.0,,1.0,,,,,,,,
Cristian Olivera,C. Olivera,113397,BAH,265,0,True,https://s3.glbimg.com/v1/AUTH_58d78b787ec34892b5aaa0c7a146155f/clubes_2026/silhuetas/BAH/FORMATO.png,17,4.06,Cristian Gonzalo Olivera Ibarra - Kike,3.5,5,7.38,24,cristian-olivera,7,0.22,1.0,1.0,,,,13.0,12.0,12.0,8.0,36.0,1.0,1.0,,,7.0,,,,,
Bruninho,Bruninho,113558,RBB,280,0,False,https://s3.glbimg.com/v1/AUTH_58d78b787ec34892b5aaa0c7a146155f/clubes_2026/silhuetas/RBB/FORMATO.png,0,0.0,Bruno Gonçalves de Jesus,0.0,4,4.0,24,bruninho,6,0.0,,,,,,,,,,,,,,,,,,,,
Diógenes,Diógenes,113690,SAN,277,0,False,https://s3.glbimg.com/v1/AUTH_58d78b787ec34892b5aaa0c7a146155f/clubes_2026/silhuetas/SAN/FORMATO.png,2,5.55,Diógenes Vinícius da Silva,0.0,1,5.0,24,diogenes,6,0.0,,1.0,,7.0,,,,,,,,,,2.0,,,,,1.0,
Minda,Minda,114040,CAM,282,0,True,https://s3.glbimg.com/v1/AUTH_58d78b787ec34892b5aaa0c7a146155f/clubes_2026/silhuetas/CAM/FORMATO.png,13,3.88,Alan Steve Minda García,2.4,5,7.27,24,minda,7,0.16,2.0,,,,,5.0,2.0,4.0,4.0,5.0,2.0,2.0,,,1.0,,,1.0,,
Alejo Véliz,A. Véliz,114208,BAH,265,0,True,https://s3.glbimg.com/v1/AUTH_58d78b787ec34892b5aaa0c7a146155f/clubes_2026/silhuetas/BAH/FORMATO.png,5,4.68,Alejo Véliz,11.8,5,6.97,24,alejo-veliz,7,1.17,,,,,,,7.0,,8.0,7.0,,2.0,,,4.0,,,,,
Colidio,Colidio,114323,VAS,267,0,True,https://s3.glbimg.com/v1/AUTH_58d78b787ec34892b5aaa0c7a146155f/clubes_2026/silhuetas/VAS/FORMATO.png,2,5.9,Facundo Colidio,8.5,5,8.92,24,colidio,7,1.41,,,,,,,1.0,,2.0,5.0,,1.0,,,,,,,,
Sinisterra,Sinisterra,114405,CRU,283,0,False,https://s3.glbimg.com/v1/AUTH_58d78b787ec34892b5aaa0c7a146155f/clubes_2026/silhuetas/CRU/FORMATO.png,8,3.27,Luis Fernando Sinisterra Lucumí,0.0,5,5.85,24,sinisterra,5,0.0,,,,,,8.0,8.0,2.0,7.0,1.0,,1.0,,,,,,,,
Danilo Pereira,D. Pereira,114801,BOT,263,0,True,https://s3.glbimg.com/v1/AUTH_58d78b787ec34892b5aaa0c7a146155f/clubes_2026/silhuetas/BOT/FORMATO.png,3,3.93,Danilo Pereira da Silva,7.1,5,6.27,24,danilo-pereira,7,0.94,1.0,,,,,2.0,1.0,2.0,1.0,2.0,,,,,1.0,,,,,
Vitor Roque,V. Roque,114802,PAL,275,0,True,https://s3.glbimg.com/v1/AUTH_58d78b787ec34892b5aaa0c7a146155f/clubes_2026/silhuetas/PAL/FORMATO.png,12,5.92,Vitor Hugo Roque Ferreira,13.0,5,16.02,24,vitor-roque,7,1.75,,1.0,,,,10.0,11.0,4.0,8.0,27.0,1.0,4.0,,,3.0,,,1.0,,
Miguelito,Miguelito,115025,SAN,277,0,False,https://s3.glbimg.com/v1/AUTH_58d78b787ec34892b5aaa0c7a146155f/clubes_2026/silhuetas/SAN/FORMATO.png,8,4.88,Miguel Àngel Terceros,0.0,4,7.41,24,miguelito,6,0.0,2.0,1.0,,,,12.0,8.0,1.0,4.0,4.0,,1.0,,,,,,,,
Lucas Freitas,L. Freitas,115141,VAS,267,0,False,https://s3.glbimg.com/v1/AUTH_58d78b787ec34892b5aaa0c7a146155f/clubes_2026/silhuetas/VAS/FORMATO.png,2,2.5,Lucas de Freitas Molarinho Chagas,0.0,3,4.77,24,lucas-freitas,7,0.0,,,,,,,,,,,,,,,,,,,1.0,
Kaique,Kaique,115247,PAL,275,0,False,https://s3.glbimg.com/v1/AUTH_58d78b787ec34892b5aaa0c7a146155f/clubes_2026/silhuetas/PAL/FORMATO.png,0,0.0,Kaique Pereira Azarias,0.0,1,1.0,24,kaique,6,0.0,,,,,,,,,,,,,,,,,,,,
Renan Viana,R. Viana,115266,CAP,293,0,False,https://s3.glbimg.com/v1/AUTH_58d78b787ec34892b5aaa0c7a146155f/clubes_2026/silhuetas/CAP/FORMATO.png,0,0.0,Renan Rodrigues Fonseca Viana,0.0,5,2.0,24,renan-viana,6,0.0,,,,,,,,,,,,,,,,,,,,
Paulo Pezzolano,P. Pezzolano,115479,INT,285,0,True,https://s3.glbimg.com/v1/AUTH_58d78b787ec34892b5aaa0c7a146155f/clubes_2026/silhuetas/INT/FORMATO.png,24,4.83,Paulo César Pezzolano Suárez,6.4,6,7.82,24,paulo-pezzolano,7,0.26,,,,,,,,,,,,,,,,,,,,5.0
Marcos Victor,M. Victor,115537,BAH,265,0,False,https://s3.glbimg.com/v1/AUTH_58d78b787ec34892b5aaa0c7a146155f/clubes_2026/silhuetas/BAH/FORMATO.png,3,2.67,Marcos Victor Ferreira da Silva,0.0,3,4.18,24,marcos-victor,6,0.0,,,,,,2.0,,,,,,,,,,,,,1.0,
Gabriel Delfim,G. Delfim,115674,CAM,282,0,False,https://s3.glbimg.com/v1/AUTH_58d78b787ec34892b5aaa0c7a146155f/clubes_2026/silhuetas/CAM/FORMATO.png,0,0.0,Gabriel Delfim Ferreira,0.0,1,2.0,24,gabriel-delfim,6,0.0,,,,,,,,,,,,,,,,,,,,
Benassi,Benassi,115840,CFC,294,0,False,https://s3.glbimg.com/v1/AUTH_58d78b787ec34892b5aaa0c7a146155f/clubes_2026/silhuetas/CFC/FORMATO.png,0,0.0,João Victor Silva Benassi,0.0,1,1.0,24,benassi,6,0.0,,,,,,,,,,,,,,,,,,,,
Evertton Araújo,E. Araújo,115914,FLA,262,0,True,https://s3.glbimg.com/v1/AUTH_58d78b787ec34892b5aaa0c7a146155f/clubes_2026/silhuetas/FLA/FORMATO.png,18,1.17,Everton Gustavo Fernandes Araújo,0.0,4,2.59,24,evertton-araujo,6,-0.07,1.0,3.0,1.0,,,9.0,18.0,,12.0,3.0,1.0,,,,,,,,,
Denilson,Denilson,115986,MIR,2305,0,False,https://s3.glbimg.com/v1/AUTH_58d78b787ec34892b5aaa0c7a146155f/clubes_2026/silhuetas/MIR/FORMATO.png,14,3.34,Denilson Alves Borges,0.0,4,4.5,24,denilson,6,0.0,,2.0,,,,26.0,23.0,1.0,2.0,14.0,,1.0,,,,1.0,,,,
Victor Hugo,V. Hugo,116034,CAM,282,0,False,https://s3.glbimg.com/v1/AUTH_58d78b787ec34892b5aaa0c7a146155f/clubes_2026/silhuetas/CAM/FORMATO.png,19,3.63,Victor Hugo Gomes Silva,0.0,4,6.44,24,victor-hugo,5,0.0,1.0,1.0,,,,9.0,5.0,6.0,6.0,18.0,,4.0,,,,,,,,
Cuiabano,Cuiabano,116065,VAS,267,0,True,https://s3.glbimg.com/v1/AUTH_58d78b787ec34892b5aaa0c7a146155f/clubes_2026/silhuetas/VAS/FORMATO.png,14,7.38,Luís Eduardo Soares da Silva,3.8,2,12.01,24,cuiabano,7,-1.57,4.0,3.0,,,,37.0,14.0,7.0,8.0,15.0,,1.0,,,,,,,1.0,
Rubens,Rubens,116066,CHA,315,0,False,https://s3.glbimg.com/v1/AUTH_58d78b787ec34892b5aaa0c7a146155f/clubes_2026/silhuetas/CHA/FORMATO.png,9,1.38,Rubens Tadeu Hartmann Ricoldi,0.0,5,2.48,24,rubens,6,0.0,,2.0,,,,3.0,7.0,1.0,1.0,4.0,,1.0,,,,,,,,
Thiago Beltrame,T. Beltrame,116067,GRE,284,0,False,https://s3.glbimg.com/v1/AUTH_58d78b787ec34892b5aaa0c7a146155f/clubes_2026/silhuetas/GRE/FORMATO.png,1,0.7,Thiago Beltrame Stallbaum,0.0,1,2.08,24,thiago-beltrame,6,0.0,,,1.0,5.0,,,1.0,,,1.0,,,,3.0,,,,,,
Hércules,Hércules,116447,FLU,266,0,True,https://s3.glbimg.com/v1/AUTH_58d78b787ec34892b5aaa0c7a146155f/clubes_2026/silhuetas/FLU/FORMATO.png,21,3.57,Hércules Pereira do Nascimento,-0.2,4,6.47,24,hercules,3,-0.58,,3.0,,,,27.0,29.0,8.0,11.0,8.0,,3.0,,,2.0,,,,,
Jamerson,Jamerson,116461,VIT,287,0,False,https://s3.glbimg.com/v1/AUTH_58d78b787ec34892b5aaa0c7a146155f/clubes_2026/silhuetas/VIT/FORMATO.png,10,3.74,Jamerson Santos de Jesus,0.0,2,6.24,24,jamerson,6,0.0,,1.0,,,,9.0,2.0,,3.0,6.0,,,,,,,,,4.0,
Andrés Gómez,A. Gómez,116706,VAS,267,0,True,https://s3.glbimg.com/v1/AUTH_58d78b787ec34892b5aaa0c7a146155f/clubes_2026/silhuetas/VAS/FORMATO.png,19,7.31,Carlos Andrés Gómez Hinestroza,5.6,5,12.06,24,andres-gomez,7,0.22,2.0,7.0,,,,34.0,25.0,13.0,27.0,29.0,3.0,4.0,,,5.0,,,,,
Gabriel Knesowitsch,G. Knesowitsch,117061,MIR,2305,0,True,https://s3.glbimg.com/v1/AUTH_58d78b787ec34892b5aaa0c7a146155f/clubes_2026/silhuetas/MIR/FORMATO.png,4,-0.35,Gabriel Knesowitsch,-1.3,3,1.6,24,gabriel-knesowitsch,7,-0.65,,2.0,,,,1.0,3.0,,,,,,,,,,,,,
Thiago Borbas,T. Borbas,117314,CAM,282,0,True,https://s3.glbimg.com/v1/AUTH_58d78b787ec34892b5aaa0c7a146155f/clubes_2026/silhuetas/CAM/FORMATO.png,2,1.8,Thiago Nicolás Borbas Silva,3.9,5,4.15,24,thiago-borbas,6,0.65,,,,,,1.0,4.0,,1.0,5.0,,,,,,,,,,
Robert Renan,R. Renan,117330,VAS,267,0,True,https://s3.glbimg.com/v1/AUTH_58d78b787ec34892b5aaa0c7a146155f/clubes_2026/silhuetas/VAS/FORMATO.png,22,2.8,Robert Renan Alves Barbosa,6.7,3,5.79,24,robert-renan,6,0.68,,3.0,,,,31.0,21.0,1.0,4.0,4.0,,1.0,,,,,,,2.0,
Renato Marques,R. Marques,117403,CFC,294,0,False,https://s3.glbimg.com/v1/AUTH_58d78b787ec34892b5aaa0c7a146155f/clubes_2026/silhuetas/CFC/FORMATO.png,7,0.74,Renato Marques de Oliveira Júnior,0.0,5,2.73,24,renato-marques,6,0.0,,,1.0,,,,3.0,1.0,3.0,5.0,1.0,,,,,,,,,
Otávio,Otávio,117404,CRU,283,0,True,https://s3.glbimg.com/v1/AUTH_58d78b787ec34892b5aaa0c7a146155f/clubes_2026/silhuetas/CRU/FORMATO.png,11,2.34,Otávio Eleodoro Rezende Costa,1.6,1,2.63,24,otavio,7,-0.48,,2.0,,26.0,,,,,,2.0,,,,12.0,,,,,1.0,
Garro,Garro,117632,COR,264,0,False,https://s3.glbimg.com/v1/AUTH_58d78b787ec34892b5aaa0c7a146155f/clubes_2026/silhuetas/COR/FORMATO.png,21,5.29,Rodrigo Garro,0.0,4,11.23,24,garro,7,0.0,6.0,6.0,,,,11.0,20.0,12.0,12.0,62.0,2.0,2.0,,,2.0,,,,,
Young,Young,117818,SAO,276,0,False,https://s3.glbimg.com/v1/AUTH_58d78b787ec34892b5aaa0c7a146155f/clubes_2026/silhuetas/SAO/FORMATO.png,0,0.0,Young Navarro Moraes,0.0,1,3.0,24,young,6,0.0,,,,,,,,,,,,,,,,,,,,
Wesley,Wesley,117909,CRU,283,0,True,https://s3.glbimg.com/v1/AUTH_58d78b787ec34892b5aaa0c7a146155f/clubes_2026/silhuetas/CRU/FORMATO.png,2,5.1,Wesley Gassova Ribeiro Teixeira,0.7,5,9.49,24,wesley,7,-1.41,,2.0,,,,1.0,2.0,1.0,2.0,1.0,,1.0,,,,,,,,
Breno Bidon,B. Bidon,117910,COR,264,0,True,https://s3.glbimg.com/v1/AUTH_58d78b787ec34892b5aaa0c7a146155f/clubes_2026/silhuetas/COR/FORMATO.png,22,3.54,Breno de Souza Bidon,2.2,4,8.21,24,breno-bidon,3,-0.18,1.0,3.0,,,,22.0,28.0,1.0,6.0,52.0,1.0,2.0,,,2.0,,,,,
Lavega,Lavega,117930,CFC,294,0,True,https://s3.glbimg.com/v1/AUTH_58d78b787ec34892b5aaa0c7a146155f/clubes_2026/silhuetas/CFC/FORMATO.png,22,3.44,Joaquín Lavega Colzada,4.1,5,5.4,24,lavega,7,0.46,2.0,3.0,,,,12.0,13.0,3.0,8.0,10.0,,5.0,,,4.0,,,,,
Ronald,Ronald,118238,GRE,284,0,False,https://s3.glbimg.com/v1/AUTH_58d78b787ec34892b5aaa0c7a146155f/clubes_2026/silhuetas/GRE/FORMATO.png,0,0.0,Ronald Cardoso Falkoski,0.0,4,3.0,24,ronald,6,0.0,,,,,,,,,,,,,,,,,,,,
Rodriguinho,Rodriguinho,118563,RBB,280,0,True,https://s3.glbimg.com/v1/AUTH_58d78b787ec34892b5aaa0c7a146155f/clubes_2026/silhuetas/RBB/FORMATO.png,12,3.77,Rodrigo Huendra Almeida Mendonça,6.3,4,6.29,24,rodriguinho,7,0.22,,3.0,,,,15.0,16.0,1.0,8.0,6.0,1.0,2.0,,,1.0,,,1.0,,
Saldivia,Saldivia,118655,VAS,267,0,False,https://s3.glbimg.com/v1/AUTH_58d78b787ec34892b5aaa0c7a146155f/clubes_2026/silhuetas/VAS/FORMATO.png,11,2.55,Alan Gabriel Saldivia Vázquez,0.0,3,5.83,24,saldivia,6,0.0,,3.0,,,,16.0,11.0,1.0,4.0,8.0,,,1.0,,,,,,1.0,
Mateus Carvalho,M. Carvalho,118752,VAS,267,0,False,https://s3.glbimg.com/v1/AUTH_58d78b787ec34892b5aaa0c7a146155f/clubes_2026/silhuetas/VAS/FORMATO.png,0,0.0,Mateus Carvalho dos Santos,0.0,4,4.0,24,mateus-carvalho,5,0.0,,,,,,,,,,,,,,,,,,,,
Alexsander,Alexsander,118774,CAM,282,0,False,https://s3.glbimg.com/v1/AUTH_58d78b787ec34892b5aaa0c7a146155f/clubes_2026/silhuetas/CAM/FORMATO.png,5,0.84,Alexsander Cristhian Gomes da Costa - Christian,0.0,4,4.85,24,alexsander,6,0.0,,1.0,,,,2.0,2.0,,1.0,4.0,,,,,,,,,,
Lautaro Díaz,L. Díaz,118775,SAN,277,0,False,https://s3.glbimg.com/v1/AUTH_58d78b787ec34892b5aaa0c7a146155f/clubes_2026/silhuetas/SAN/FORMATO.png,8,2.28,Lautaro Ariel Díaz,0.0,5,5.26,24,lautaro-diaz,6,0.0,,,,,,2.0,2.0,1.0,4.0,1.0,1.0,1.0,,,,,,,,
Buta,Buta,118806,SAO,276,0,False,https://s3.glbimg.com/v1/AUTH_58d78b787ec34892b5aaa0c7a146155f/clubes_2026/silhuetas/SAO/FORMATO.png,0,0.0,Aurélio Gabriel Ulineia Buta,0.0,2,5.0,24,buta,6,0.0,,,,,,,,,,,,,,,,,,,,
Kaio César,K. César,118844,COR,264,0,True,https://s3.glbimg.com/v1/AUTH_58d78b787ec34892b5aaa0c7a146155f/clubes_2026/silhuetas/COR/FORMATO.png,12,5.95,Kaio César Andrade Lima,3.8,5,9.91,24,kaio-cesar,7,-0.18,1.0,2.0,,,,21.0,9.0,6.0,4.0,27.0,,2.0,,,1.0,,,,,
Léo Derik,L. Derik,120433,CAP,293,0,False,https://s3.glbimg.com/v1/AUTH_58d78b787ec34892b5aaa0c7a146155f/clubes_2026/silhuetas/CAP/FORMATO.png,9,3.65,Leonardo Derik Dias Gonçalves,0.0,2,5.81,24,leo-derik,6,0.0,,,,,,11.0,1.0,1.0,,1.0,,,,,,,,,3.0,
Marco Moreno,M. Moreno,120681,BAH,265,0,False,https://s3.glbimg.com/v1/AUTH_58d78b787ec34892b5aaa0c7a146155f/clubes_2026/silhuetas/BAH/FORMATO.png,0,0.0,Marco Moreno Ojeda,0.0,3,4.0,24,marco-moreno,6,0.0,,,,,,,,,,,,,,,,,,,,
Da Silva,D. Silva,121811,CHA,315,0,False,https://s3.glbimg.com/v1/AUTH_58d78b787ec34892b5aaa0c7a146155f/clubes_2026/silhuetas/CHA/FORMATO.png,0,0.0,Fernando Carlos da Silva Filho,0.0,4,3.0,24,da-silva,6,0.0,,,,,,,,,,,,,,,,,,,,
Kauê,Kauê,121823,COR,264,0,True,https://s3.glbimg.com/v1/AUTH_58d78b787ec34892b5aaa0c7a146155f/clubes_2026/silhuetas/COR/FORMATO.png,3,5.57,Kauê Vinicius de Souza Camargo,-0.7,1,4.61,24,kaue,6,-0.91,,2.0,,14.0,,,,,,1.0,,,,5.0,,,,,1.0,
Kayke,Kayke,121824,COR,264,0,False,https://s3.glbimg.com/v1/AUTH_58d78b787ec34892b5aaa0c7a146155f/clubes_2026/silhuetas/COR/FORMATO.png,6,1.65,Kayke Ferrari Guimarães,0.0,5,3.64,24,kayke,5,0.0,,,,,,5.0,1.0,1.0,,3.0,,,,,,,,,,
Gustavo Talles,G. Talles,121870,CHA,315,0,False,https://s3.glbimg.com/v1/AUTH_58d78b787ec34892b5aaa0c7a146155f/clubes_2026/silhuetas/CHA/FORMATO.png,0,0.0,Gustavo Talles da Silva,0.0,2,2.0,24,gustavo-talles,6,0.0,,,,,,,,,,,,,,,,,,,,
Túlio Eduardo,T. Eduardo,122121,CHA,315,0,True,https://s3.glbimg.com/v1/AUTH_58d78b787ec34892b5aaa0c7a146155f/clubes_2026/silhuetas/CHA/FORMATO.png,3,6.07,Túlio Eduardo Silva de Oliveira,1.8,5,6.77,24,tulio-eduardo,7,-0.61,,,,,,,5.0,,3.0,3.0,,2.0,,,2.0,,,,,
Batata,Batata,122316,CAP,293,0,False,https://s3.glbimg.com/v1/AUTH_58d78b787ec34892b5aaa0c7a146155f/clubes_2026/silhuetas/CAP/FORMATO.png,0,0.0,João Vitor Vigolo Gomes,0.0,2,1.0,24,batata,6,0.0,,,,,,,,,,,,,,,,,,,,
Dyogo Alves,D. Alves,122318,FLA,262,0,False,https://s3.glbimg.com/v1/AUTH_58d78b787ec34892b5aaa0c7a146155f/clubes_2026/silhuetas/FLA/FORMATO.png,0,0.0,Francisco Dyogo Bento Alves,0.0,1,3.0,24,dyogo-alves,6,0.0,,,,,,,,,,,,,,,,,,,,
Daniel Sales,D. Sales,122320,FLA,262,0,False,https://s3.glbimg.com/v1/AUTH_58d78b787ec34892b5aaa0c7a146155f/clubes_2026/silhuetas/FLA/FORMATO.png,0,0.0,Daniel dos Santos Salles,0.0,2,2.0,24,daniel-sales,6,0.0,,,,,,,,,,,,,,,,,,,,
Lorran,Lorran,122321,FLA,262,0,False,https://s3.glbimg.com/v1/AUTH_58d78b787ec34892b5aaa0c7a146155f/clubes_2026/silhuetas/FLA/FORMATO.png,3,5.93,Lorran Lucas Pereira de Sousa,0.0,4,8.0,24,lorran,6,0.0,,,,,,5.0,6.0,3.0,,1.0,,1.0,,,,,,,,
Gustavinho,Gustavinho,122394,RBB,280,0,True,https://s3.glbimg.com/v1/AUTH_58d78b787ec34892b5aaa0c7a146155f/clubes_2026/silhuetas/RBB/FORMATO.png,16,2.74,Gustavo Ribeiro Neves,5.0,4,6.12,24,gustavinho,6,0.57,2.0,1.0,,,,15.0,15.0,4.0,2.0,5.0,,1.0,,,,,,,,
Ryan,Ryan,122396,COR,264,0,False,https://s3.glbimg.com/v1/AUTH_58d78b787ec34892b5aaa0c7a146155f/clubes_2026/silhuetas/COR/FORMATO.png,0,0.0,Ryan Gustavo de Lima,0.0,4,3.0,24,ryan,6,0.0,,,,,,,,,,,,,,,,,,,,
Isaac,Isaac,122439,CAP,293,0,False,https://s3.glbimg.com/v1/AUTH_58d78b787ec34892b5aaa0c7a146155f/clubes_2026/silhuetas/CAP/FORMATO.png,3,0.4,Isaac Rodrigues de Lima,0.0,5,1.66,24,isaac,6,0.0,,,,,,1.0,1.0,,,,,,,,,,,,,
Barros,Barros,122485,VAS,267,0,False,https://s3.glbimg.com/v1/AUTH_58d78b787ec34892b5aaa0c7a146155f/clubes_2026/silhuetas/VAS/FORMATO.png,17,4.7,Cauan Lucas Barros da Luz,0.0,4,8.75,24,barros,6,0.0,,4.0,1.0,,,29.0,30.0,,10.0,43.0,,3.0,,,,1.0,,,,
Wallace Yan,W. Yan,122573,FLA,262,0,False,https://s3.glbimg.com/v1/AUTH_58d78b787ec34892b5aaa0c7a146155f/clubes_2026/silhuetas/FLA/FORMATO.png,7,0.1,Wallace Yan de Souza Barreto,0.0,5,2.44,24,wallace-yan,6,0.0,,1.0,,,,,2.0,,,5.0,,,,,2.0,,,,,
Japa,Japa,122660,MIR,2305,0,True,https://s3.glbimg.com/v1/AUTH_58d78b787ec34892b5aaa0c7a146155f/clubes_2026/silhuetas/MIR/FORMATO.png,7,4.03,João Wellington Gadelha Melo de Oliveira,0.0,4,5.49,24,japa,7,-0.52,,,,,,6.0,4.0,3.0,6.0,8.0,,1.0,,,,,,,,
Diego Caito,D. Caito,122670,GRE,284,0,True,https://s3.glbimg.com/v1/AUTH_58d78b787ec34892b5aaa0c7a146155f/clubes_2026/silhuetas/GRE/FORMATO.png,4,4.35,Diego Caito Barcellos Oliveira dos Santos,4.0,2,6.07,24,diego-caito,7,0.19,,1.0,,,,4.0,5.0,,3.0,7.0,,1.0,,,,,,,,
Lucas Cunha,L. Cunha,122755,RBB,280,0,False,https://s3.glbimg.com/v1/AUTH_58d78b787ec34892b5aaa0c7a146155f/clubes_2026/silhuetas/RBB/FORMATO.png,0,0.0,Lucas de Souza Cunha,0.0,3,3.0,24,lucas-cunha,6,0.0,,,,,,,,,,,,,,,,,,,,
Caballero,Caballero,122781,SAN,277,0,True,https://s3.glbimg.com/v1/AUTH_58d78b787ec34892b5aaa0c7a146155f/clubes_2026/silhuetas/SAN/FORMATO.png,5,2.26,Gustavo Rubén Caballero González,0.0,5,3.87,24,caballero,2,-0.81,,,,,,1.0,2.0,1.0,4.0,4.0,1.0,,,,,,,1.0,,
Guzmán Rodríguez,G. Rodríguez,122897,RBB,280,0,False,https://s3.glbimg.com/v1/AUTH_58d78b787ec34892b5aaa0c7a146155f/clubes_2026/silhuetas/RBB/FORMATO.png,0,-1.0,Guzmán Rodríguez Ferrari,0.0,3,5.54,24,guzman-rodriguez,6,0.0,,1.0,,,,,,,,,,,,,,,,,,
Patrick,Patrick,122990,CAM,282,0,False,https://s3.glbimg.com/v1/AUTH_58d78b787ec34892b5aaa0c7a146155f/clubes_2026/silhuetas/CAM/FORMATO.png,0,0.0,Patrick Roberto da Silva Campos,0.0,4,4.0,24,patrick,5,0.0,,,,,,,,,,,,,,,,,,,,
Victor Nascimento,V. Nascimento,122994,BAH,265,0,False,https://s3.glbimg.com/v1/AUTH_58d78b787ec34892b5aaa0c7a146155f/clubes_2026/silhuetas/BAH/FORMATO.png,0,0.0,Victor dos Santos Nascimento,0.0,1,1.0,24,victor-nascimento,6,0.0,,,,,,,,,,,,,,,,,,,,
Sidney,Sidney,123005,BAH,265,0,False,https://s3.glbimg.com/v1/AUTH_58d78b787ec34892b5aaa0c7a146155f/clubes_2026/silhuetas/BAH/FORMATO.png,0,0.0,Sidney de Carvalho Duarte,0.0,4,1.0,24,sidney,6,0.0,,,,,,,,,,,,,,,,,,,,
David Braga,D. Braga,123016,REM,364,0,True,https://s3.glbimg.com/v1/AUTH_58d78b787ec34892b5aaa0c7a146155f/clubes_2026/silhuetas/REM/FORMATO.png,10,0.98,David Francisco Trindade Braga,-0.3,4,2.65,24,david-braga,6,-0.17,,2.0,,,,6.0,4.0,,,8.0,,,,,,,,,,
Leozinho,Leozinho,123101,CAP,293,0,True,https://s3.glbimg.com/v1/AUTH_58d78b787ec34892b5aaa0c7a146155f/clubes_2026/silhuetas/CAP/FORMATO.png,11,5.14,Leonardo Caetano Silva,2.8,5,5.68,24,leozinho,7,-0.06,,1.0,,,,12.0,5.0,3.0,8.0,8.0,1.0,3.0,,,,,,,,
Cauly,Cauly,123360,SAO,276,0,True,https://s3.glbimg.com/v1/AUTH_58d78b787ec34892b5aaa0c7a146155f/clubes_2026/silhuetas/SAO/FORMATO.png,14,2.83,Cauly Oliveira Souza,3.3,4,6.19,24,cauly,6,0.11,,,,,,14.0,14.0,3.0,6.0,13.0,,1.0,,,,,,,,
Dantas,Dantas,123445,CAP,293,0,True,https://s3.glbimg.com/v1/AUTH_58d78b787ec34892b5aaa0c7a146155f/clubes_2026/silhuetas/CAP/FORMATO.png,2,3.35,João Vitor Silva Dantas de Oliveira,5.2,3,5.88,24,dantas,6,0.78,1.0,1.0,,,,2.0,1.0,,,,,,,,,,,,,
Lucas Ronier,L. Ronier,123648,CFC,294,0,False,https://s3.glbimg.com/v1/AUTH_58d78b787ec34892b5aaa0c7a146155f/clubes_2026/silhuetas/CFC/FORMATO.png,18,6.7,Lucas Ronier Vieira Pires,0.0,5,10.77,24,lucas-ronier,5,0.0,3.0,3.0,,,,36.0,19.0,7.0,16.0,50.0,2.0,1.0,,,1.0,,,,,
Milans,Milans,123689,COR,264,0,True,https://s3.glbimg.com/v1/AUTH_58d78b787ec34892b5aaa0c7a146155f/clubes_2026/silhuetas/COR/FORMATO.png,6,4.85,Pedro Milans Carámbula,2.7,2,7.76,24,milans,6,-0.79,,,,,,9.0,6.0,,,5.0,,,,,1.0,,,,3.0,
Zé Guilherme,Z. Guilherme,123717,BAH,265,0,False,https://s3.glbimg.com/v1/AUTH_58d78b787ec34892b5aaa0c7a146155f/clubes_2026/silhuetas/BAH/FORMATO.png,5,2.88,José Guilherme de Lima Costa,0.0,2,4.29,24,ze-guilherme,6,0.0,,2.0,,,,6.0,4.0,,2.0,4.0,,,,,,,,,1.0,
Herrera,Herrera,123738,RBB,280,0,True,https://s3.glbimg.com/v1/AUTH_58d78b787ec34892b5aaa0c7a146155f/clubes_2026/silhuetas/RBB/FORMATO.png,17,2.43,José María Herrera Ares,1.7,5,4.6,24,herrera,7,0.04,,3.0,,,,15.0,21.0,7.0,10.0,8.0,,1.0,,,2.0,,,,,
Lucho Rodríguez,L. Rodríguez,123795,CRU,283,0,False,https://s3.glbimg.com/v1/AUTH_58d78b787ec34892b5aaa0c7a146155f/clubes_2026/silhuetas/CRU/FORMATO.png,1,7.0,Luciano Rodríguez Rosales,0.0,5,8.92,24,lucho-rodriguez,6,0.0,1.0,1.0,,,,,,,,,1.0,,,,,,,,,
Aguirre,Aguirre,123869,CAP,293,0,True,https://s3.glbimg.com/v1/AUTH_58d78b787ec34892b5aaa0c7a146155f/clubes_2026/silhuetas/CAP/FORMATO.png,19,3.77,Juan Felipe Aguirre Tabares,5.4,3,6.13,24,aguirre,7,0.61,,1.0,,,,21.0,23.0,5.0,2.0,5.0,1.0,,,,1.0,,,,7.0,
Millán,Millán,124219,FLU,266,0,False,https://s3.glbimg.com/v1/AUTH_58d78b787ec34892b5aaa0c7a146155f/clubes_2026/silhuetas/FLU/FORMATO.png,4,0.75,Julián Camilo Millán Díaz,0.0,3,4.11,24,millan,6,0.0,,1.0,,,,2.0,6.0,1.0,2.0,,,,,,,,,,,
Henry Mosquera,H. Mosquera,124239,RBB,280,0,True,https://s3.glbimg.com/v1/AUTH_58d78b787ec34892b5aaa0c7a146155f/clubes_2026/silhuetas/RBB/FORMATO.png,17,3.49,Henry David Mosquera Sánchez,1.2,5,5.26,24,henry-mosquera,6,-0.36,3.0,3.0,,,,15.0,19.0,10.0,15.0,14.0,,,,,6.0,,,,,
Kauan Jesus,K. Jesus,124264,INT,285,0,False,https://s3.glbimg.com/v1/AUTH_58d78b787ec34892b5aaa0c7a146155f/clubes_2026/silhuetas/INT/FORMATO.png,0,0.0,Kauan Jesus Santos Oliveira,0.0,1,1.0,24,kauan-jesus,6,0.0,,,,,,,,,,,,,,,,,,,,
Allex,Allex,124270,INT,285,0,True,https://s3.glbimg.com/v1/AUTH_58d78b787ec34892b5aaa0c7a146155f/clubes_2026/silhuetas/INT/FORMATO.png,10,1.24,Allex Rodrigues Pereira da Silva,0.0,4,2.11,24,allex,6,-0.09,,1.0,,,,5.0,3.0,1.0,2.0,8.0,,,,,,,,,,
João Almeida,J. Almeida,124358,CFC,294,0,False,https://s3.glbimg.com/v1/AUTH_58d78b787ec34892b5aaa0c7a146155f/clubes_2026/silhuetas/CFC/FORMATO.png,1,0.0,João Vitor da Silva Almeida,0.0,2,0.92,24,joao-almeida,6,0.0,,,,,,,,,,,,,,,,,,,,
Léo Aragão,L. Aragão,124369,CRU,283,0,False,https://s3.glbimg.com/v1/AUTH_58d78b787ec34892b5aaa0c7a146155f/clubes_2026/silhuetas/CRU/FORMATO.png,0,0.0,Leonardo de Aragão Carvalho,0.0,1,2.0,24,leo-aragao,6,0.0,,,,,,,,,,,,,,,,,,,,
Kainã,Kainã,124386,CHA,315,0,False,https://s3.glbimg.com/v1/AUTH_58d78b787ec34892b5aaa0c7a146155f/clubes_2026/silhuetas/CHA/FORMATO.png,0,0.0,Kainã Correa Dal Magro,0.0,1,1.0,24,kaina,6,0.0,,,,,,,,,,,,,,,,,,,,
Rodrigo Castillo,R. Castillo,124424,FLU,266,0,False,https://s3.glbimg.com/v1/AUTH_58d78b787ec34892b5aaa0c7a146155f/clubes_2026/silhuetas/FLU/FORMATO.png,13,3.86,Rodrigo Castillo,0.0,5,7.87,24,rodrigo-castillo,6,0.0,1.0,1.0,,,,8.0,22.0,4.0,6.0,15.0,,3.0,,,3.0,,,,,
Mateo Ponte,M. Ponte,124481,BOT,263,0,False,https://s3.glbimg.com/v1/AUTH_58d78b787ec34892b5aaa0c7a146155f/clubes_2026/silhuetas/BOT/FORMATO.png,8,2.8,Mateo Ponte Costa,0.0,2,5.53,24,mateo-ponte,6,0.0,1.0,3.0,,,,7.0,5.0,,,7.0,1.0,,,,1.0,,,,1.0,
Lucas Monzón,L. Monzón,124483,BOT,263,0,False,https://s3.glbimg.com/v1/AUTH_58d78b787ec34892b5aaa0c7a146155f/clubes_2026/silhuetas/BOT/FORMATO.png,1,-0.4,Lucas Gabriel Nunes Monzón Lemos,0.0,3,3.42,24,lucas-monzon,6,0.0,,1.0,,,,,2.0,1.0,,,,,,,,,,,,
Giay,Giay,124526,PAL,275,0,True,https://s3.glbimg.com/v1/AUTH_58d78b787ec34892b5aaa0c7a146155f/clubes_2026/silhuetas/PAL/FORMATO.png,19,4.65,Agustín Giay,7.0,2,7.37,24,giay,6,0.66,,3.0,,,,31.0,21.0,1.0,2.0,27.0,,,,,1.0,,,,7.0,
Ruan Assis,R. Assis,124834,CFC,294,0,False,https://s3.glbimg.com/v1/AUTH_58d78b787ec34892b5aaa0c7a146155f/clubes_2026/silhuetas/CFC/FORMATO.png,0,0.0,Ruan Lucas de Assis,0.0,5,1.0,24,ruan-assis,6,0.0,,,,,,,,,,,,,,,,,,,,
Jonathan Jesus,J. Jesus,124912,CRU,283,0,False,https://s3.glbimg.com/v1/AUTH_58d78b787ec34892b5aaa0c7a146155f/clubes_2026/silhuetas/CRU/FORMATO.png,15,4.27,Jonathan de Jesus Alves,0.0,3,6.66,24,jonathan-jesus,6,0.0,,3.0,,,,31.0,15.0,1.0,8.0,5.0,,,,,1.0,,,,3.0,
Castaño,Castaño,124961,CAM,282,0,True,https://s3.glbimg.com/v1/AUTH_58d78b787ec34892b5aaa0c7a146155f/clubes_2026/silhuetas/CAM/FORMATO.png,2,0.4,Kevin Duván Castaño Gil,1.4,4,5.67,24,castano,6,-0.35,,1.0,,,,1.0,3.0,1.0,,,,,,,,,,,,
João Pedro,J. Pedro,125488,COR,264,0,False,https://s3.glbimg.com/v1/AUTH_58d78b787ec34892b5aaa0c7a146155f/clubes_2026/silhuetas/COR/FORMATO.png,3,6.53,João Pedro de Sousa Rodrigues - Tchoca,0.0,3,8.56,24,joao-pedro,6,0.0,,1.0,,,,4.0,3.0,1.0,1.0,1.0,,1.0,,,,,,,1.0,
Dudu,Dudu,125746,CAP,293,0,True,https://s3.glbimg.com/v1/AUTH_58d78b787ec34892b5aaa0c7a146155f/clubes_2026/silhuetas/CAP/FORMATO.png,15,1.55,Eduardo Kogitzki Anastacio,0.0,4,2.03,24,dudu,6,-0.24,,,,,,8.0,7.0,1.0,2.0,5.0,,1.0,,,,,,,,
Pedro Morisco,P. Morisco,125803,CFC,294,0,True,https://s3.glbimg.com/v1/AUTH_58d78b787ec34892b5aaa0c7a146155f/clubes_2026/silhuetas/CFC/FORMATO.png,8,3.95,Pedro Luccas Morisco da Silva,1.6,1,7.24,24,pedro-morisco,7,-0.55,,1.0,,32.0,,,,,,2.0,,,,9.0,,1.0,,,,
Zapelli,Zapelli,125926,CAP,293,0,False,https://s3.glbimg.com/v1/AUTH_58d78b787ec34892b5aaa0c7a146155f/clubes_2026/silhuetas/CAP/FORMATO.png,14,1.38,Bruno Zapelli,0.0,4,4.31,24,zapelli,6,0.0,1.0,4.0,1.0,,,10.0,8.0,1.0,5.0,7.0,,,,,,,,,,
Ythallo,Ythallo,126013,BOT,263,0,False,https://s3.glbimg.com/v1/AUTH_58d78b787ec34892b5aaa0c7a146155f/clubes_2026/silhuetas/BOT/FORMATO.png,1,0.2,Ythallo Ryckelm Rodrigues de Oliveira - Rycklem,0.0,3,3.5,24,ythallo,6,0.0,,1.0,,,,1.0,1.0,,,,,,,,,,,,,
Marcelinho,Marcelinho,126120,RBB,280,0,False,https://s3.glbimg.com/v1/AUTH_58d78b787ec34892b5aaa0c7a146155f/clubes_2026/silhuetas/RBB/FORMATO.png,5,2.18,Marcelo Braz da Silva,0.0,4,3.16,24,marcelinho,6,0.0,1.0,,,,,2.0,4.0,1.0,2.0,3.0,,,,,2.0,,,,,
Paulinho,Paulinho,126182,INT,285,0,True,https://s3.glbimg.com/v1/AUTH_58d78b787ec34892b5aaa0c7a146155f/clubes_2026/silhuetas/INT/FORMATO.png,18,1.95,Paulo Lucas Santos de Paula,0.9,4,3.88,24,paulinho,3,-0.33,,6.0,,,,20.0,26.0,5.0,5.0,18.0,,,,,1.0,,,,,
Tomás Pérez,T. Pérez,126189,CAM,282,0,True,https://s3.glbimg.com/v1/AUTH_58d78b787ec34892b5aaa0c7a146155f/clubes_2026/silhuetas/CAM/FORMATO.png,13,1.46,Tomás Pérez,0.5,4,3.46,24,tomas-perez,6,-0.67,,2.0,,,,13.0,12.0,2.0,1.0,4.0,,,,,,,,,,
Barreal,Barreal,126471,SAN,277,0,True,https://s3.glbimg.com/v1/AUTH_58d78b787ec34892b5aaa0c7a146155f/clubes_2026/silhuetas/SAN/FORMATO.png,18,5.61,Álvaro Martín Barreal,19.5,4,12.55,24,barreal,7,2.37,1.0,4.0,1.0,,,35.0,20.0,5.0,14.0,17.0,,4.0,,,3.0,1.0,,,,
Fernando Seabra,F. Seabra,126977,CFC,294,0,True,https://s3.glbimg.com/v1/AUTH_58d78b787ec34892b5aaa0c7a146155f/clubes_2026/silhuetas/CFC/FORMATO.png,24,5.18,Fernando Seabra,7.44,6,8.19,24,fernando-seabra,7,0.4,,,,,,,,,,,,,,,,,,,,9.0
Paulinho,Paulinho,126996,VAS,267,0,False,https://s3.glbimg.com/v1/AUTH_58d78b787ec34892b5aaa0c7a146155f/clubes_2026/silhuetas/VAS/FORMATO.png,0,0.0,Paulo Ricardo Alves Ibelli,0.0,2,4.0,24,paulinho,6,0.0,,,,,,,,,,,,,,,,,,,,
Bahia,Bahia,127242,COR,264,0,False,https://s3.glbimg.com/v1/AUTH_58d78b787ec34892b5aaa0c7a146155f/clubes_2026/silhuetas/COR/FORMATO.png,0,0.0,Luiz Gustavo Lemos Carvalho,0.0,4,2.0,24,bahia,6,0.0,,,,,,,,,,,,,,,,,,,,
Artur Jorge,A. Jorge,127273,CRU,283,0,True,https://s3.glbimg.com/v1/AUTH_58d78b787ec34892b5aaa0c7a146155f/clubes_2026/silhuetas/CRU/FORMATO.png,16,6.42,Artur Jorge Torres Gomes Araújo Amorim,6.32,6,11.72,24,artur-jorge,7,-0.2,,,,,,,,,,,,,,,,,,,,11.0
Vargas,Vargas,127871,CAP,293,0,True,https://s3.glbimg.com/v1/AUTH_58d78b787ec34892b5aaa0c7a146155f/clubes_2026/silhuetas/CAP/FORMATO.png,3,5.37,Kerwin Andrés Calderón Vargas,6.8,5,9.04,24,vargas,6,0.06,1.0,,,,,,,,2.0,3.0,,1.0,,,,,,,,
Júlio Fidelis,J. Fidelis,127932,FLU,266,0,True,https://s3.glbimg.com/v1/AUTH_58d78b787ec34892b5aaa0c7a146155f/clubes_2026/silhuetas/FLU/FORMATO.png,1,-0.3,Julio Cesar Lima Fidelis,-0.3,2,1.66,24,julio-fidelis,6,-0.34,,,,,,,1.0,,,,,,,,,,,,,
Matheus Reis,M. Reis,127969,FLU,266,0,False,https://s3.glbimg.com/v1/AUTH_58d78b787ec34892b5aaa0c7a146155f/clubes_2026/silhuetas/FLU/FORMATO.png,0,0.0,Matheus dos Reis Francisco,0.0,5,1.0,24,matheus-reis,5,0.0,,,,,,,,,,,,,,,,,,,,
Felipe Chiqueti,F. Chiqueti,127970,CAP,293,0,False,https://s3.glbimg.com/v1/AUTH_58d78b787ec34892b5aaa0c7a146155f/clubes_2026/silhuetas/CAP/FORMATO.png,7,1.35,Felipe Chiqueti Bandeira,0.0,4,2.07,24,felipe-chiqueti,6,0.0,,1.0,,,,4.0,8.0,1.0,2.0,8.0,,,,,,,,,,
Pedro Emanuel,P. Emanuel,128177,VAS,267,0,True,https://s3.glbimg.com/v1/AUTH_58d78b787ec34892b5aaa0c7a146155f/clubes_2026/silhuetas/VAS/FORMATO.png,4,4.68,Pedro Emanuel dos Santos Martins Silva,4.4,6,9.96,24,pedro-emanuel,7,-0.31,,,,,,,,,,,,,,,,,,,,
Alejandro García,A. García,128427,CAP,293,0,False,https://s3.glbimg.com/v1/AUTH_58d78b787ec34892b5aaa0c7a146155f/clubes_2026/silhuetas/CAP/FORMATO.png,0,0.0,Alejandro García Castillo,0.0,4,4.0,24,alejandro-garcia,6,0.0,,,,,,,,,,,,,,,,,,,,
João Cruz,J. Cruz,128431,CAP,293,0,True,https://s3.glbimg.com/v1/AUTH_58d78b787ec34892b5aaa0c7a146155f/clubes_2026/silhuetas/CAP/FORMATO.png,17,3.98,João Victor Machado Cruz,15.7,4,7.25,24,joao-cruz,7,1.94,4.0,1.0,,,,16.0,10.0,7.0,9.0,8.0,,1.0,,,2.0,,,,,
Johan Rojas,J. Rojas,128433,VAS,267,0,False,https://s3.glbimg.com/v1/AUTH_58d78b787ec34892b5aaa0c7a146155f/clubes_2026/silhuetas/VAS/FORMATO.png,16,1.58,Johan Rojas Echavarría,0.0,4,3.78,24,johan-rojas,5,0.0,1.0,3.0,,,,5.0,13.0,8.0,7.0,3.0,1.0,,,,3.0,,,,,
Wendel,Wendel,129661,BAH,265,0,False,https://s3.glbimg.com/v1/AUTH_58d78b787ec34892b5aaa0c7a146155f/clubes_2026/silhuetas/BAH/FORMATO.png,0,0.0,Wendel Silva Passos,0.0,4,1.0,24,wendel,6,0.0,,,,,,,,,,,,,,,,,,,,
Ruan Pablo,R. Pablo,129663,BAH,265,0,True,https://s3.glbimg.com/v1/AUTH_58d78b787ec34892b5aaa0c7a146155f/clubes_2026/silhuetas/BAH/FORMATO.png,2,0.4,Ruan Pablo Barbosa Sousa,0.8,5,1.8,24,ruan-pablo,6,-0.01,,,,,,,,,1.0,,,,,,,,,,,
Pablo,Pablo,129665,VAS,267,0,False,https://s3.glbimg.com/v1/AUTH_58d78b787ec34892b5aaa0c7a146155f/clubes_2026/silhuetas/VAS/FORMATO.png,0,0.0,Pablo de Paula Cardoso,0.0,1,1.0,24,pablo,6,0.0,,,,,,,,,,,,,,,,,,,,
Cristhian Loor,C. Loor,129930,BOT,263,0,False,https://s3.glbimg.com/v1/AUTH_58d78b787ec34892b5aaa0c7a146155f/clubes_2026/silhuetas/BOT/FORMATO.png,0,0.0,Cristhian Joel Loor Santamaría - Christian,0.0,1,2.0,24,cristhian-loor,6,0.0,,,,,,,,,,,,,,,,,,,,
Noriega,Noriega,130048,GRE,284,0,True,https://s3.glbimg.com/v1/AUTH_58d78b787ec34892b5aaa0c7a146155f/clubes_2026/silhuetas/GRE/FORMATO.png,17,4.1,Erick Carlos Noriega Loret de Mola,2.4,3,7.13,24,noriega,3,-0.02,1.0,3.0,,,,23.0,22.0,3.0,4.0,20.0,,1.0,,,,,,,3.0,
João Costa,J. Costa,130121,CRU,283,0,True,https://s3.glbimg.com/v1/AUTH_58d78b787ec34892b5aaa0c7a146155f/clubes_2026/silhuetas/CRU/FORMATO.png,3,0.73,João Gabriel e Costa Cesco,0.4,5,3.84,24,joao-costa,6,-0.61,,,,,,,3.0,2.0,1.0,,,,,,1.0,,,,,
Léo Nannetti,L. Nannetti,130189,FLA,262,0,False,https://s3.glbimg.com/v1/AUTH_58d78b787ec34892b5aaa0c7a146155f/clubes_2026/silhuetas/FLA/FORMATO.png,0,0.0,Leonardo Nannetti Lopes,0.0,1,2.0,24,leo-nannetti,6,0.0,,,,,,,,,,,,,,,,,,,,
Renê,Renê,130209,VIT,287,0,True,https://s3.glbimg.com/v1/AUTH_58d78b787ec34892b5aaa0c7a146155f/clubes_2026/silhuetas/VIT/FORMATO.png,15,6.13,Carlos Renê de Sousa Ferreira - Souza,4.8,5,8.66,24,rene,7,0.25,1.0,2.0,,,,10.0,14.0,12.0,10.0,26.0,1.0,5.0,,,1.0,,,,,
Caio Roque,C. Roque,130232,BOT,263,0,False,https://s3.glbimg.com/v1/AUTH_58d78b787ec34892b5aaa0c7a146155f/clubes_2026/silhuetas/BOT/FORMATO.png,3,4.0,Caio Alves Roque Gomes,0.0,2,5.72,24,caio-roque,6,0.0,1.0,,,,,4.0,,,,2.0,,,,,,,,,,
Iuri,Iuri,130233,BAH,265,0,False,https://s3.glbimg.com/v1/AUTH_58d78b787ec34892b5aaa0c7a146155f/clubes_2026/silhuetas/BAH/FORMATO.png,0,0.0,Iuri Jean Carlo Neres dos Santos,0.0,1,1.0,24,iuri,6,0.0,,,,,,,,,,,,,,,,,,,,
Lukas Zuccarello,L. Zuccarello,130279,VAS,267,0,False,https://s3.glbimg.com/v1/AUTH_58d78b787ec34892b5aaa0c7a146155f/clubes_2026/silhuetas/VAS/FORMATO.png,1,1.3,Lukas Rocha Zuccarello,0.0,4,2.32,24,lukas-zuccarello,6,0.0,,,,,,,,,1.0,1.0,,,,,,,,,,
Phillipe Gabriel,P. Gabriel,130280,VAS,267,0,False,https://s3.glbimg.com/v1/AUTH_58d78b787ec34892b5aaa0c7a146155f/clubes_2026/silhuetas/VAS/FORMATO.png,0,0.0,Phillipe Gabriel Pires de Oliveira,0.0,1,1.0,24,phillipe-gabriel,6,0.0,,,,,,,,,,,,,,,,,,,,
Anthony,Anthony,130282,BOT,263,0,False,https://s3.glbimg.com/v1/AUTH_58d78b787ec34892b5aaa0c7a146155f/clubes_2026/silhuetas/BOT/FORMATO.png,0,0.0,Anthony Wesley Ciriano Oliveira,0.0,3,3.0,24,anthony,6,0.0,,,,,,,,,,,,,,,,,,,,
Matheus Dias,M. Dias,130283,CFC,294,0,False,https://s3.glbimg.com/v1/AUTH_58d78b787ec34892b5aaa0c7a146155f/clubes_2026/silhuetas/CFC/FORMATO.png,0,0.0,Matheus Dalsasso Dias,0.0,4,1.0,24,matheus-dias,6,0.0,,,,,,,,,,,,,,,,,,,,
Wallace,Wallace,130307,GRE,284,0,True,https://s3.glbimg.com/v1/AUTH_58d78b787ec34892b5aaa0c7a146155f/clubes_2026/silhuetas/GRE/FORMATO.png,3,3.03,Wallace Gomes da Silva Santos,0.5,3,4.81,24,wallace,7,-0.31,,1.0,,,,,5.0,,2.0,4.0,,1.0,,,,,,,,
Rodrigo Falcão,R. Falcão,130309,SAN,277,0,False,https://s3.glbimg.com/v1/AUTH_58d78b787ec34892b5aaa0c7a146155f/clubes_2026/silhuetas/SAN/FORMATO.png,0,0.0,Rodrigo Plazezwski Falcão,0.0,1,1.0,24,rodrigo-falcao,6,0.0,,,,,,,,,,,,,,,,,,,,
Guilherme Gomes,G. Gomes,130382,FLA,262,0,False,https://s3.glbimg.com/v1/AUTH_58d78b787ec34892b5aaa0c7a146155f/clubes_2026/silhuetas/FLA/FORMATO.png,0,0.0,Guilherme Henrique Bernardineli Gomes,0.0,4,3.0,24,guilherme-gomes,6,0.0,,,,,,,,,,,,,,,,,,,,
Luiz Gustavo,L. Gustavo,130393,BAH,265,0,False,https://s3.glbimg.com/v1/AUTH_58d78b787ec34892b5aaa0c7a146155f/clubes_2026/silhuetas/BAH/FORMATO.png,0,0.0,Luiz Gustavo Marinho Ribeiro dos Santos,0.0,3,1.0,24,luiz-gustavo,6,0.0,,,,,,,,,,,,,,,,,,,,
Igor Felisberto,I. Felisberto,130399,SAO,276,0,False,https://s3.glbimg.com/v1/AUTH_58d78b787ec34892b5aaa0c7a146155f/clubes_2026/silhuetas/SAO/FORMATO.png,0,0.0,Igor Teixeira Felisberto,0.0,2,1.0,24,igor-felisberto,6,0.0,,,,,,,,,,,,,,,,,,,,
Robert,Robert,130414,CHA,315,0,False,https://s3.glbimg.com/v1/AUTH_58d78b787ec34892b5aaa0c7a146155f/clubes_2026/silhuetas/CHA/FORMATO.png,1,3.0,Robert dos Santos Conceição,0.0,4,3.51,24,robert,5,0.0,,,,,,2.0,,,,,,,,,,,,,,
Diego,Diego,130438,INT,285,0,False,https://s3.glbimg.com/v1/AUTH_58d78b787ec34892b5aaa0c7a146155f/clubes_2026/silhuetas/INT/FORMATO.png,0,0.0,Diego Esser Pereira,0.0,1,1.0,24,diego,6,0.0,,,,,,,,,,,,,,,,,,,,
Luciano,Luciano,130443,CHA,315,0,False,https://s3.glbimg.com/v1/AUTH_58d78b787ec34892b5aaa0c7a146155f/clubes_2026/silhuetas/CHA/FORMATO.png,0,0.0,Luciano Bertolo Ludwig,0.0,3,1.0,24,luciano,6,0.0,,,,,,,,,,,,,,,,,,,,
Rodrigo,Rodrigo,130444,CHA,315,0,False,https://s3.glbimg.com/v1/AUTH_58d78b787ec34892b5aaa0c7a146155f/clubes_2026/silhuetas/CHA/FORMATO.png,0,0.0,Rodrigo Endrio Azevedo Tiago,0.0,5,1.0,24,rodrigo,6,0.0,,,,,,,,,,,,,,,,,,,,
Riquelme Fillipi,R. Fillipi,130608,PAL,275,0,False,https://s3.glbimg.com/v1/AUTH_58d78b787ec34892b5aaa0c7a146155f/clubes_2026/silhuetas/PAL/FORMATO.png,3,1.37,Riquelme Fillipi Marinho de Souza,0.0,5,1.46,24,riquelme-fillipi,6,0.0,,,,,,2.0,2.0,1.0,,1.0,,,,,,,,,,
Edenílson,Edenílson,130620,VIT,287,0,False,https://s3.glbimg.com/v1/AUTH_58d78b787ec34892b5aaa0c7a146155f/clubes_2026/silhuetas/VIT/FORMATO.png,9,1.55,Edenílson Santos Nascimento Filho,0.0,4,3.1,24,edenilson,6,0.0,,1.0,1.0,,,13.0,7.0,,,1.0,,,,,,,,,,
Kadu,Kadu,130698,BOT,263,0,False,https://s3.glbimg.com/v1/AUTH_58d78b787ec34892b5aaa0c7a146155f/clubes_2026/silhuetas/BOT/FORMATO.png,0,0.0,Carlos Eduardo da Silva Santos,0.0,2,1.0,24,kadu,6,0.0,,,,,,,,,,,,,,,,,,,,
Kauan,Kauan,130806,CHA,315,0,True,https://s3.glbimg.com/v1/AUTH_58d78b787ec34892b5aaa0c7a146155f/clubes_2026/silhuetas/CHA/FORMATO.png,3,1.27,Kauan Faria Gomes,5.9,3,1.81,24,kauan,2,1.17,,,,,,1.0,3.0,1.0,,,,,1.0,,,,,,1.0,
Matheus Soares,M. Soares,130842,CAP,293,0,False,https://s3.glbimg.com/v1/AUTH_58d78b787ec34892b5aaa0c7a146155f/clubes_2026/silhuetas/CAP/FORMATO.png,0,0.0,Matheus Soares Rocha,0.0,1,1.0,24,matheus-soares,6,0.0,,,,,,,,,,,,,,,,,,,,
Arthur Dias,A. Dias,130843,CAP,293,0,True,https://s3.glbimg.com/v1/AUTH_58d78b787ec34892b5aaa0c7a146155f/clubes_2026/silhuetas/CAP/FORMATO.png,20,3.63,Arthur dos Santos Barbosa Dias,4.1,3,5.95,24,arthur-dias,7,0.28,,5.0,,,,26.0,18.0,,4.0,12.0,,,,,1.0,,,,7.0,
Riquelme,Riquelme,130889,GRE,284,0,False,https://s3.glbimg.com/v1/AUTH_58d78b787ec34892b5aaa0c7a146155f/clubes_2026/silhuetas/GRE/FORMATO.png,2,-1.45,Riquelme Freitas dos Santos,0.0,4,2.42,24,riquelme,6,0.0,,,1.0,,,,3.0,,,2.0,,,,,,,,,,
Riquelme,Riquelme,130906,CAP,293,0,False,https://s3.glbimg.com/v1/AUTH_58d78b787ec34892b5aaa0c7a146155f/clubes_2026/silhuetas/CAP/FORMATO.png,5,1.06,Diogo Riquelme Rivas do Nascimento,0.0,4,1.53,24,riquelme,6,0.0,,1.0,,,,4.0,3.0,1.0,,,,,,,,,,,,
Thiago Azaf,T. Azaf,131279,CFC,294,0,False,https://s3.glbimg.com/v1/AUTH_58d78b787ec34892b5aaa0c7a146155f/clubes_2026/silhuetas/CFC/FORMATO.png,0,0.0,Thiago Azaf Siqueira Soares,0.0,5,1.0,24,thiago-azaf,6,0.0,,,,,,,,,,,,,,,,,,,,
JP Chermont,J. Chermont,131516,CFC,294,0,True,https://s3.glbimg.com/v1/AUTH_58d78b787ec34892b5aaa0c7a146155f/clubes_2026/silhuetas/CFC/FORMATO.png,14,3.85,João Pedro Chermont Crema,18.5,2,7.32,24,jp-chermont,7,2.52,3.0,,,,,13.0,6.0,2.0,1.0,6.0,,,,,,,,,3.0,
André Silva,A. Silva,131617,SAO,276,0,False,https://s3.glbimg.com/v1/AUTH_58d78b787ec34892b5aaa0c7a146155f/clubes_2026/silhuetas/SAO/FORMATO.png,13,0.22,André Oliveira e Silva,0.0,5,3.22,24,andre-silva,6,0.0,,4.0,,,,1.0,11.0,4.0,1.0,6.0,,,,,,,,,,
Felipe Longo,F. Longo,131753,COR,264,0,False,https://s3.glbimg.com/v1/AUTH_58d78b787ec34892b5aaa0c7a146155f/clubes_2026/silhuetas/COR/FORMATO.png,0,0.0,Felipe Longo Fernandes da Silva,0.0,1,2.0,24,felipe-longo,6,0.0,,,,,,,,,,,,,,,,,,,,
Isac,Isac,131762,SAO,276,0,False,https://s3.glbimg.com/v1/AUTH_58d78b787ec34892b5aaa0c7a146155f/clubes_2026/silhuetas/SAO/FORMATO.png,0,0.0,Isac Silvestre da Silva,0.0,3,1.0,24,isac,6,0.0,,,,,,,,,,,,,,,,,,,,
Filipinho,Filipinho,131766,RBB,280,0,False,https://s3.glbimg.com/v1/AUTH_58d78b787ec34892b5aaa0c7a146155f/clubes_2026/silhuetas/RBB/FORMATO.png,0,0.0,Filipe Gabriel Rios Rodrigues,0.0,5,1.0,24,filipinho,6,0.0,,,,,,,,,,,,,,,,,,,,
Portilla,Portilla,131832,CAP,293,0,True,https://s3.glbimg.com/v1/AUTH_58d78b787ec34892b5aaa0c7a146155f/clubes_2026/silhuetas/CAP/FORMATO.png,16,1.19,Juan Camilo Portilla Orozco,1.5,4,2.78,24,portilla,6,-0.09,,4.0,,,,13.0,20.0,1.0,3.0,12.0,,,,,,,,,,
Jhoan Hernández,J. Hernández,131964,BOT,263,0,False,https://s3.glbimg.com/v1/AUTH_58d78b787ec34892b5aaa0c7a146155f/clubes_2026/silhuetas/BOT/FORMATO.png,1,0.0,Jhoan Hernández Mejía,0.0,2,3.69,24,jhoan-hernandez,6,0.0,,,,,,,,,,,,,,,,,,,,
Villarreal,Villarreal,131967,CRU,283,0,True,https://s3.glbimg.com/v1/AUTH_58d78b787ec34892b5aaa0c7a146155f/clubes_2026/silhuetas/CRU/FORMATO.png,13,5.25,Neyser Villarreal - Neiser,0.5,5,8.01,24,villarreal,6,-0.61,1.0,,,,,11.0,9.0,5.0,11.0,16.0,1.0,3.0,,,2.0,,,,,
Serna,Serna,132071,FLU,266,0,True,https://s3.glbimg.com/v1/AUTH_58d78b787ec34892b5aaa0c7a146155f/clubes_2026/silhuetas/FLU/FORMATO.png,22,3.72,Kevin Steven Serna Jaramillo,8.1,5,6.92,24,serna,6,-0.09,2.0,1.0,,,,16.0,19.0,7.0,9.0,25.0,1.0,3.0,,,7.0,,,,,
Arroyo,Arroyo,132264,CRU,283,0,True,https://s3.glbimg.com/v1/AUTH_58d78b787ec34892b5aaa0c7a146155f/clubes_2026/silhuetas/CRU/FORMATO.png,20,3.55,Keny Alexander Arroyo Alvarado,13.6,5,6.92,24,arroyo,7,1.54,1.0,4.0,1.0,,,12.0,18.0,12.0,12.0,25.0,,3.0,,,2.0,,,,,
Ignacio Sosa,I. Sosa,132274,RBB,280,0,False,https://s3.glbimg.com/v1/AUTH_58d78b787ec34892b5aaa0c7a146155f/clubes_2026/silhuetas/RBB/FORMATO.png,15,1.5,Ignacio Sosa Ospital,0.0,4,3.41,24,ignacio-sosa,6,0.0,,5.0,,,,14.0,17.0,1.0,1.0,19.0,,,,,,,,,,
Román Gómez,R. Gómez,132412,BAH,265,0,True,https://s3.glbimg.com/v1/AUTH_58d78b787ec34892b5aaa0c7a146155f/clubes_2026/silhuetas/BAH/FORMATO.png,9,6.11,Román Agustín Gómez,9.0,2,9.42,24,roman-gomez,7,0.76,,1.0,,,,20.0,12.0,,7.0,8.0,,,,,,,,,4.0,
Jemmes,Jemmes,132553,FLU,266,0,False,https://s3.glbimg.com/v1/AUTH_58d78b787ec34892b5aaa0c7a146155f/clubes_2026/silhuetas/FLU/FORMATO.png,16,3.57,Jemmes Bruno Ribeiro da Silva,0.0,3,6.64,24,jemmes,6,0.0,1.0,3.0,,,,25.0,13.0,,3.0,9.0,,,,,1.0,,,,3.0,
Vinicinho,Vinicinho,132580,RBB,280,0,True,https://s3.glbimg.com/v1/AUTH_58d78b787ec34892b5aaa0c7a146155f/clubes_2026/silhuetas/RBB/FORMATO.png,12,2.54,Vinicius Mendonça Pereira,4.3,5,4.55,24,vinicinho,7,0.17,,,,,,11.0,3.0,3.0,3.0,18.0,,,,,1.0,,,,,
João Pedro,J. Pedro,132750,SAN,277,0,False,https://s3.glbimg.com/v1/AUTH_58d78b787ec34892b5aaa0c7a146155f/clubes_2026/silhuetas/SAN/FORMATO.png,0,0.0,João Pedro Lucio da Silva,0.0,1,1.0,24,joao-pedro,6,0.0,,,,,,,,,,,,,,,,,,,,
Gui Negão,G. Negão,133543,COR,264,0,True,https://s3.glbimg.com/v1/AUTH_58d78b787ec34892b5aaa0c7a146155f/clubes_2026/silhuetas/COR/FORMATO.png,6,1.18,Guilherme William Silva Inácio,-0.3,5,3.12,24,gui-negao,6,-0.51,,,,,,5.0,4.0,,1.0,,,,,,,,,,,
Gustavo Reis,G. Reis,133671,RBB,280,0,False,https://s3.glbimg.com/v1/AUTH_58d78b787ec34892b5aaa0c7a146155f/clubes_2026/silhuetas/RBB/FORMATO.png,0,0.0,Gustavo Reis de Alcântara,0.0,1,1.0,24,gustavo-reis,6,0.0,,,,,,,,,,,,,,,,,,,,
Mateus Xavier,M. Xavier,133673,SAN,277,0,False,https://s3.glbimg.com/v1/AUTH_58d78b787ec34892b5aaa0c7a146155f/clubes_2026/silhuetas/SAN/FORMATO.png,1,1.2,Mateus Xavier de Sousa,0.0,5,2.33,24,mateus-xavier,6,0.0,,,,,,1.0,1.0,,,,,,,,,,,,,
Benedetti,Benedetti,133679,PAL,275,0,False,https://s3.glbimg.com/v1/AUTH_58d78b787ec34892b5aaa0c7a146155f/clubes_2026/silhuetas/PAL/FORMATO.png,2,4.85,Luis Gustavo Roncholeta Benedetti - Luiz,0.0,3,5.42,24,benedetti,6,0.0,,,,,,,1.0,,,,,,,,,,,,2.0,
Bruno Lopes,B. Lopes,133690,VAS,267,0,False,https://s3.glbimg.com/v1/AUTH_58d78b787ec34892b5aaa0c7a146155f/clubes_2026/silhuetas/VAS/FORMATO.png,1,1.7,Bruno Lopes Ferreira,0.0,5,1.57,24,bruno-lopes,6,0.0,,,,,,,1.0,1.0,1.0,,,,,,,,,,,
Wallace Davi,W. Davi,133696,BOT,263,0,False,https://s3.glbimg.com/v1/AUTH_58d78b787ec34892b5aaa0c7a146155f/clubes_2026/silhuetas/BOT/FORMATO.png,0,0.0,Wallace Davi Nunes da Silva Dias,0.0,4,4.0,24,wallace-davi,6,0.0,,,,,,,,,,,,,,,,,,,,
Larson,Larson,136156,PAL,275,0,False,https://s3.glbimg.com/v1/AUTH_58d78b787ec34892b5aaa0c7a146155f/clubes_2026/silhuetas/PAL/FORMATO.png,4,0.48,Larson Torna Ferreira dos Santos,0.0,4,2.1,24,larson,6,0.0,,,,,,,2.0,1.0,1.0,1.0,,,,,,,,,,
Sanabria,Sanabria,136955,BAH,265,0,False,https://s3.glbimg.com/v1/AUTH_58d78b787ec34892b5aaa0c7a146155f/clubes_2026/silhuetas/BAH/FORMATO.png,14,2.69,Mateo Naín Sanabria Doracio,0.0,5,5.44,24,sanabria,6,0.0,1.0,2.0,,,,5.0,10.0,2.0,8.0,11.0,,2.0,,,2.0,,,,,
Kaique Kenji,K. Kenji,137542,CRU,283,0,True,https://s3.glbimg.com/v1/AUTH_58d78b787ec34892b5aaa0c7a146155f/clubes_2026/silhuetas/CRU/FORMATO.png,10,1.08,Kaique Kenji Takamura Correa,0.0,5,2.18,24,kaique-kenji,6,-0.21,,3.0,,,,1.0,4.0,2.0,2.0,3.0,,1.0,,,,,,,,
Tevis,Tevis,137543,CRU,283,0,False,https://s3.glbimg.com/v1/AUTH_58d78b787ec34892b5aaa0c7a146155f/clubes_2026/silhuetas/CRU/FORMATO.png,0,0.0,Tevis Gabriel Alves Santos,0.0,5,2.0,24,tevis,6,0.0,,,,,,,,,,,,,,,,,,,,
Palacios,Palacios,138021,RBB,280,0,False,https://s3.glbimg.com/v1/AUTH_58d78b787ec34892b5aaa0c7a146155f/clubes_2026/silhuetas/RBB/FORMATO.png,0,0.0,Sergio Stevan Palacios Zapata,0.0,3,3.0,24,palacios,6,0.0,,,,,,,,,,,,,,,,,,,,
Pedro Kauã,P. Kauã,139200,INT,285,0,False,https://s3.glbimg.com/v1/AUTH_58d78b787ec34892b5aaa0c7a146155f/clubes_2026/silhuetas/INT/FORMATO.png,0,0.0,Pedro Kauã Rodrigues Machado,0.0,3,1.0,24,pedro-kaua,6,0.0,,,,,,,,,,,,,,,,,,,,
David,David,140438,CHA,315,0,False,https://s3.glbimg.com/v1/AUTH_58d78b787ec34892b5aaa0c7a146155f/clubes_2026/silhuetas/CHA/FORMATO.png,7,0.83,David Antunes da Silva,0.0,4,1.14,24,david,6,0.0,,,,,,3.0,2.0,,3.0,1.0,,,,,,1.0,,,,
Riquelme Felipe,R. Felipe,140484,FLU,266,0,True,https://s3.glbimg.com/v1/AUTH_58d78b787ec34892b5aaa0c7a146155f/clubes_2026/silhuetas/FLU/FORMATO.png,4,1.77,Riquelme Felipe Silva de Almeida,5.0,5,4.18,24,riquelme-felipe,6,0.65,1.0,1.0,,,,2.0,3.0,,,2.0,,,,,,,,,,
João Victor,J. Victor,140492,FLA,262,0,False,https://s3.glbimg.com/v1/AUTH_58d78b787ec34892b5aaa0c7a146155f/clubes_2026/silhuetas/FLA/FORMATO.png,1,6.5,João Victor de Souza Cunha,0.0,3,4.34,24,joao-victor,6,0.0,,,,,,1.0,,,,,,,,,,,,,1.0,
Tiaguinho,Tiaguinho,140496,GRE,284,0,False,https://s3.glbimg.com/v1/AUTH_58d78b787ec34892b5aaa0c7a146155f/clubes_2026/silhuetas/GRE/FORMATO.png,1,0.0,Tiago Augusto Gonçalves,0.0,4,0.93,24,tiaguinho,6,0.0,,,,,,,,,,,,,,,,,,,,
Ryan Francisco,R. Francisco,140542,SAO,276,0,False,https://s3.glbimg.com/v1/AUTH_58d78b787ec34892b5aaa0c7a146155f/clubes_2026/silhuetas/SAO/FORMATO.png,1,-0.3,Ryan Francisco Rodrigues dos Santos Silva,0.0,5,4.35,24,ryan-francisco,6,0.0,,,,,,,1.0,,,,,,,,,,,,,
David Martins,D. Martins,140726,BAH,265,0,False,https://s3.glbimg.com/v1/AUTH_58d78b787ec34892b5aaa0c7a146155f/clubes_2026/silhuetas/BAH/FORMATO.png,3,-0.1,David Martins Almeida de Lira,0.0,4,0.65,24,david-martins,6,0.0,,,,,,,1.0,,,,,,,,,,,,,
Davi Gomes,D. Gomes,140906,RBB,280,0,False,https://s3.glbimg.com/v1/AUTH_58d78b787ec34892b5aaa0c7a146155f/clubes_2026/silhuetas/RBB/FORMATO.png,2,4.25,Davi Gomes de Alvarenga,0.0,5,5.19,24,davi-gomes,5,0.0,,,,,,1.0,,2.0,2.0,,1.0,,,,,,,,,
Bruno Bertinato,B. Bertinato,140908,PAL,275,0,False,https://s3.glbimg.com/v1/AUTH_58d78b787ec34892b5aaa0c7a146155f/clubes_2026/silhuetas/PAL/FORMATO.png,0,0.0,Bruno Oliveira Bertinato,0.0,1,3.0,24,bruno-bertinato,6,0.0,,,,,,,,,,,,,,,,,,,,
Robert,Robert,141125,CAM,282,0,False,https://s3.glbimg.com/v1/AUTH_58d78b787ec34892b5aaa0c7a146155f/clubes_2026/silhuetas/CAM/FORMATO.png,0,0.0,Robert Pinto Alves Assunção,0.0,1,1.0,24,robert,6,0.0,,,,,,,,,,,,,,,,,,,,
Pedro Cobra,P. Cobra,141126,CAM,282,0,False,https://s3.glbimg.com/v1/AUTH_58d78b787ec34892b5aaa0c7a146155f/clubes_2026/silhuetas/CAM/FORMATO.png,0,0.0,Pedro Cobra Rodrigues,0.0,1,1.0,24,pedro-cobra,6,0.0,,,,,,,,,,,,,,,,,,,,
Vitão,Vitão,141131,CAM,282,0,True,https://s3.glbimg.com/v1/AUTH_58d78b787ec34892b5aaa0c7a146155f/clubes_2026/silhuetas/CAM/FORMATO.png,1,6.2,Vitor Fernandes Chaves Teixeira,6.2,3,3.24,24,vitao,2,2.24,,,,,,1.0,1.0,,,,,,,,,,,,1.0,
Zé Lucas,Z. Lucas,141160,CRU,283,0,True,https://s3.glbimg.com/v1/AUTH_58d78b787ec34892b5aaa0c7a146155f/clubes_2026/silhuetas/CRU/FORMATO.png,3,1.53,José Lucas Gomes da Silva,0.0,4,5.32,24,ze-lucas,6,-0.83,,,,,,2.0,3.0,,,5.0,,,,,,,,,,
Walace Falcão,W. Falcão,141184,VAS,267,0,False,https://s3.glbimg.com/v1/AUTH_58d78b787ec34892b5aaa0c7a146155f/clubes_2026/silhuetas/VAS/FORMATO.png,0,0.0,Wallace Fernandes Alves Falcão,0.0,3,1.0,24,walace-falcao,6,0.0,,,,,,,,,,,,,,,,,,,,
Lucas Taverna,L. Taverna,141337,CFC,294,0,True,https://s3.glbimg.com/v1/AUTH_58d78b787ec34892b5aaa0c7a146155f/clubes_2026/silhuetas/CFC/FORMATO.png,4,1.95,Lucas Taverna,1.5,2,2.69,24,lucas-taverna,6,0.11,,1.0,,,,3.0,4.0,,,1.0,,,,,,,,,1.0,
Paulo Roberto,P. Roberto,141339,CFC,294,0,True,https://s3.glbimg.com/v1/AUTH_58d78b787ec34892b5aaa0c7a146155f/clubes_2026/silhuetas/CFC/FORMATO.png,4,5.23,Paulo Roberto da Silva Souza,10.7,5,5.94,24,paulo-roberto,6,2.05,,1.0,,,,4.0,2.0,,,1.0,,2.0,,,,,,,,
Vitor Tissi,V. Tissi,141344,CFC,294,0,True,https://s3.glbimg.com/v1/AUTH_58d78b787ec34892b5aaa0c7a146155f/clubes_2026/silhuetas/CFC/FORMATO.png,4,0.72,Vitor Gonçalves Tissi,-1.0,4,0.99,24,vitor-tissi,7,-0.66,,1.0,,,,2.0,2.0,,,3.0,,,,,,,,,,
Gustavo Santana,G. Santana,141382,SAO,276,0,True,https://s3.glbimg.com/v1/AUTH_58d78b787ec34892b5aaa0c7a146155f/clubes_2026/silhuetas/SAO/FORMATO.png,2,0.95,Gustavo Domingos Santana,1.9,5,2.11,24,gustavo-santana,7,0.3,,,,,,,2.0,1.0,1.0,1.0,,,,,,,,,,
João Victor,J. Victor,141385,REM,364,0,False,https://s3.glbimg.com/v1/AUTH_58d78b787ec34892b5aaa0c7a146155f/clubes_2026/silhuetas/REM/FORMATO.png,0,0.0,João Victor Ferreira da Silva,0.0,1,1.0,24,joao-victor,6,0.0,,,,,,,,,,,,,,,,,,,,
Marcos Alexandre,M. Alexandre,141386,REM,364,0,False,https://s3.glbimg.com/v1/AUTH_58d78b787ec34892b5aaa0c7a146155f/clubes_2026/silhuetas/REM/FORMATO.png,0,0.0,Marcos Alexandre Ferreira Campos Filho,0.0,1,1.0,24,marcos-alexandre,6,0.0,,,,,,,,,,,,,,,,,,,,
Huguinho,Huguinho,141400,BOT,263,0,True,https://s3.glbimg.com/v1/AUTH_58d78b787ec34892b5aaa0c7a146155f/clubes_2026/silhuetas/BOT/FORMATO.png,6,3.1,Victor Hugo Custódio de Melo Moura,-0.1,4,4.38,24,huguinho,7,-0.1,,3.0,,,,9.0,13.0,,,10.0,,1.0,,,,1.0,,,,
Avellar,Avellar,141405,VAS,267,0,True,https://s3.glbimg.com/v1/AUTH_58d78b787ec34892b5aaa0c7a146155f/clubes_2026/silhuetas/VAS/FORMATO.png,2,3.45,Riquelme Avellar da Silva Fortes,5.4,2,2.8,24,avellar,6,1.31,,,,,,4.0,1.0,1.0,,,,,,,,,,,,
Andrey Fernandes,A. Fernandes,141406,VAS,267,0,False,https://s3.glbimg.com/v1/AUTH_58d78b787ec34892b5aaa0c7a146155f/clubes_2026/silhuetas/VAS/FORMATO.png,1,1.7,Andrey Fernandes de Oliveira Nunes,0.0,5,1.41,24,andrey-fernandes,6,0.0,,,,,,,,1.0,,1.0,,,,,,,,,,
Fredi Lippert,F. Lippert,141419,BAH,265,0,False,https://s3.glbimg.com/v1/AUTH_58d78b787ec34892b5aaa0c7a146155f/clubes_2026/silhuetas/BAH/FORMATO.png,0,0.0,Frederico Lippert Neto Gomes,0.0,3,2.0,24,fredi-lippert,6,0.0,,,,,,,,,,,,,,,,,,,,
Allan,Allan,141451,PAL,275,0,True,https://s3.glbimg.com/v1/AUTH_58d78b787ec34892b5aaa0c7a146155f/clubes_2026/silhuetas/PAL/FORMATO.png,21,6.04,Allan Andrade Elias,10.4,4,13.04,24,allan,6,0.79,3.0,3.0,1.0,,,38.0,26.0,10.0,5.0,36.0,1.0,4.0,,,2.0,,,,,
Yuri Alves,Y. Alves,141536,RBB,280,0,True,https://s3.glbimg.com/v1/AUTH_58d78b787ec34892b5aaa0c7a146155f/clubes_2026/silhuetas/RBB/FORMATO.png,3,1.0,Yuri Alves de Aquino,1.0,4,1.49,24,yuri-alves,6,0.08,,,,,,1.0,1.0,,1.0,2.0,,,,,,,,,,
Índio,Índio,141551,CAM,282,0,False,https://s3.glbimg.com/v1/AUTH_58d78b787ec34892b5aaa0c7a146155f/clubes_2026/silhuetas/CAM/FORMATO.png,0,0.0,Hendel dos Santos Nascimento,0.0,4,1.0,24,indio,5,0.0,,,,,,,,,,,,,,,,,,,,
Pedro Gabriel,P. Gabriel,141594,GRE,284,0,False,https://s3.glbimg.com/v1/AUTH_58d78b787ec34892b5aaa0c7a146155f/clubes_2026/silhuetas/GRE/FORMATO.png,11,3.54,Pedro Gabriel Crisostomo Pinheiro,0.0,2,5.09,24,pedro-gabriel,6,0.0,1.0,4.0,,,,11.0,16.0,3.0,2.0,2.0,,,,,,,,,4.0,
Gabriel Mec,G. Mec,141595,GRE,284,0,False,https://s3.glbimg.com/v1/AUTH_58d78b787ec34892b5aaa0c7a146155f/clubes_2026/silhuetas/GRE/FORMATO.png,15,2.89,Gabriel Ferreira de Carvalho,0.0,5,3.17,24,gabriel-mec,6,0.0,,3.0,,,,12.0,9.0,1.0,6.0,18.0,,2.0,,,,,,,,
Hugo Leonardo,H. Leonardo,141606,SAO,276,0,False,https://s3.glbimg.com/v1/AUTH_58d78b787ec34892b5aaa0c7a146155f/clubes_2026/silhuetas/SAO/FORMATO.png,1,0.0,Hugo Leonardo Nunes Fernandes Santos,0.0,4,0.91,24,hugo-leonardo,6,0.0,,,,,,,,,,,,,,,,,,,,
Lucca,Lucca,141609,SAO,276,0,False,https://s3.glbimg.com/v1/AUTH_58d78b787ec34892b5aaa0c7a146155f/clubes_2026/silhuetas/SAO/FORMATO.png,4,0.23,Lucca Marques Alencar,0.0,5,2.05,24,lucca,6,0.0,,,,,,1.0,2.0,,,,,,,,,,,,,
Maik,Maik,141611,SAO,276,0,False,https://s3.glbimg.com/v1/AUTH_58d78b787ec34892b5aaa0c7a146155f/clubes_2026/silhuetas/SAO/FORMATO.png,5,3.48,Maik Gomes Viegas,0.0,2,5.52,24,maik,6,0.0,,,,,,8.0,3.0,,1.0,1.0,,,,,,,,,1.0,
Paulinho,Paulinho,141614,SAO,276,0,False,https://s3.glbimg.com/v1/AUTH_58d78b787ec34892b5aaa0c7a146155f/clubes_2026/silhuetas/SAO/FORMATO.png,0,0.0,Paulo Sérgio Venuto Bezerra,0.0,5,2.0,24,paulinho,6,0.0,,,,,,,,,,,,,,,,,,,,
Pedro Ferreira,P. Ferreira,141615,SAO,276,0,True,https://s3.glbimg.com/v1/AUTH_58d78b787ec34892b5aaa0c7a146155f/clubes_2026/silhuetas/SAO/FORMATO.png,3,0.87,Pedro Henrique Ferreira da Silva,0.2,4,1.25,24,pedro-ferreira,6,-0.26,,,,,,,2.0,1.0,,4.0,,,,,,,,,,
Pablo Lúcio,P. Lúcio,141628,FLA,262,0,False,https://s3.glbimg.com/v1/AUTH_58d78b787ec34892b5aaa0c7a146155f/clubes_2026/silhuetas/FLA/FORMATO.png,0,0.0,Pablo Lúcio,0.0,4,2.0,24,pablo-lucio,6,0.0,,,,,,,,,,,,,,,,,,,,
Caio Valle,C. Valle,141752,BOT,263,0,False,https://s3.glbimg.com/v1/AUTH_58d78b787ec34892b5aaa0c7a146155f/clubes_2026/silhuetas/BOT/FORMATO.png,0,0.0,Caio Ribeiro do Valle Silva,0.0,4,1.0,24,caio-valle,6,0.0,,,,,,,,,,,,,,,,,,,,
Gabriel Bontempo,G. Bontempo,141754,SAN,277,0,True,https://s3.glbimg.com/v1/AUTH_58d78b787ec34892b5aaa0c7a146155f/clubes_2026/silhuetas/SAN/FORMATO.png,18,3.74,Gabriel Morais Silva Bontempo,4.5,4,5.4,24,gabriel-bontempo,6,0.02,2.0,2.0,,,,29.0,7.0,1.0,6.0,22.0,,,,,,,,1.0,,
Fabiano Souza,F. Souza,141763,VIT,287,0,False,https://s3.glbimg.com/v1/AUTH_58d78b787ec34892b5aaa0c7a146155f/clubes_2026/silhuetas/VIT/FORMATO.png,3,0.23,Fabiano Josué de Souza Silva,0.0,2,3.85,24,fabiano-souza,6,0.0,,1.0,,,,2.0,2.0,,1.0,3.0,,,1.0,,,,,,,
Gustavo Henrique,G. Henrique,141776,SAN,277,0,True,https://s3.glbimg.com/v1/AUTH_58d78b787ec34892b5aaa0c7a146155f/clubes_2026/silhuetas/SAN/FORMATO.png,10,3.15,Gustavo Henrique Pereira,16.0,4,5.21,24,gustavo-henrique,7,2.32,,3.0,1.0,,,21.0,11.0,1.0,2.0,13.0,,,,,,,,,,
Kauan Coutinho,K. Coutinho,141795,VIT,287,0,False,https://s3.glbimg.com/v1/AUTH_58d78b787ec34892b5aaa0c7a146155f/clubes_2026/silhuetas/VIT/FORMATO.png,0,0.0,Kauan Santos Neves Coutinho,0.0,3,1.0,24,kauan-coutinho,6,0.0,,,,,,,,,,,,,,,,,,,,
Vini Lira,V. Lira,141868,SAN,277,0,False,https://s3.glbimg.com/v1/AUTH_58d78b787ec34892b5aaa0c7a146155f/clubes_2026/silhuetas/SAN/FORMATO.png,4,2.42,Vinicius Rodrigues Lira,0.0,2,3.79,24,vini-lira,5,0.0,,1.0,,,,7.0,6.0,1.0,1.0,,,,,,,,,,,
Jacaré,Jacaré,141873,COR,264,0,False,https://s3.glbimg.com/v1/AUTH_58d78b787ec34892b5aaa0c7a146155f/clubes_2026/silhuetas/COR/FORMATO.png,0,0.0,João Vitor Barros Silva,0.0,2,2.0,24,jacare,6,0.0,,,,,,,,,,,,,,,,,,,,
Tico,Tico,141991,REM,364,0,False,https://s3.glbimg.com/v1/AUTH_58d78b787ec34892b5aaa0c7a146155f/clubes_2026/silhuetas/REM/FORMATO.png,1,0.5,Paulo Sérgio da Costa Evangelista Junior,0.0,5,1.1,24,tico,6,0.0,,,,,,,,,,1.0,,,,,,,,,,
Dieguinho,Dieguinho,141995,COR,264,0,True,https://s3.glbimg.com/v1/AUTH_58d78b787ec34892b5aaa0c7a146155f/clubes_2026/silhuetas/COR/FORMATO.png,12,1.16,Diego da Cruz Lopes,-0.3,4,2.87,24,dieguinho,6,-0.16,,,,,,2.0,2.0,,2.0,4.0,,1.0,,,1.0,,,,,
Amuzu,Amuzu,142004,GRE,284,0,True,https://s3.glbimg.com/v1/AUTH_58d78b787ec34892b5aaa0c7a146155f/clubes_2026/silhuetas/GRE/FORMATO.png,20,3.9,Francis Amuzu,0.5,5,6.77,24,amuzu,7,-0.76,3.0,,,,,14.0,12.0,8.0,13.0,29.0,1.0,1.0,,,,,,,,
Kauan Toledo,K. Toledo,142086,BOT,263,0,True,https://s3.glbimg.com/v1/AUTH_58d78b787ec34892b5aaa0c7a146155f/clubes_2026/silhuetas/BOT/FORMATO.png,6,2.17,Kauan Almeida Toledo,2.1,5,2.53,24,kauan-toledo,6,-0.34,,1.0,,,,6.0,8.0,2.0,2.0,7.0,,,,,1.0,,,,,
Marcelo Eráclito,M. Eráclito,142130,CRU,283,0,False,https://s3.glbimg.com/v1/AUTH_58d78b787ec34892b5aaa0c7a146155f/clubes_2026/silhuetas/CRU/FORMATO.png,0,0.0,Marcelo Eráclito de Souza Filho,0.0,1,1.0,24,marcelo-eraclito,6,0.0,,,,,,,,,,,,,,,,,,,,
Luis Eduardo,L. Eduardo,142257,GRE,284,0,False,https://s3.glbimg.com/v1/AUTH_58d78b787ec34892b5aaa0c7a146155f/clubes_2026/silhuetas/GRE/FORMATO.png,2,-0.3,Luis Eduardo Guedes de Souza,0.0,3,1.45,24,luis-eduardo,6,0.0,,,,,,,2.0,,,,,,,,,,,,,
Bernardo Zortea,B. Zortea,142260,GRE,284,0,False,https://s3.glbimg.com/v1/AUTH_58d78b787ec34892b5aaa0c7a146155f/clubes_2026/silhuetas/GRE/FORMATO.png,3,0.13,Bernardo Schons Zortea,0.0,4,0.77,24,bernardo-zortea,6,0.0,,,,,,1.0,3.0,,1.0,,,,,,,1.0,,,,
Jeferson,Jeferson,142261,GRE,284,0,False,https://s3.glbimg.com/v1/AUTH_58d78b787ec34892b5aaa0c7a146155f/clubes_2026/silhuetas/GRE/FORMATO.png,0,0.0,Jeferson Borges dos Santos,0.0,5,1.0,24,jeferson,6,0.0,,,,,,,,,,,,,,,,,,,,
Dell,Dell,142265,BAH,265,0,False,https://s3.glbimg.com/v1/AUTH_58d78b787ec34892b5aaa0c7a146155f/clubes_2026/silhuetas/BAH/FORMATO.png,4,0.65,Wendeson Wanderley Santos de Melo,0.0,5,1.82,24,dell,6,0.0,,,1.0,,,2.0,3.0,1.0,1.0,3.0,,,,,,,,,,
Luiz Felipe,L. Felipe,142275,FLA,262,0,False,https://s3.glbimg.com/v1/AUTH_58d78b787ec34892b5aaa0c7a146155f/clubes_2026/silhuetas/FLA/FORMATO.png,0,0.0,Luiz Felipe Mariano dos Santos,0.0,4,1.0,24,luiz-felipe,6,0.0,,,,,,,,,,,,,,,,,,,,
Nuno Moreira,N. Moreira,142279,VAS,267,0,True,https://s3.glbimg.com/v1/AUTH_58d78b787ec34892b5aaa0c7a146155f/clubes_2026/silhuetas/VAS/FORMATO.png,18,2.06,Nuno Gonçalo Rocha Moreira,3.9,4,5.2,24,nuno-moreira,6,0.48,1.0,3.0,,,,11.0,12.0,4.0,7.0,8.0,,1.0,,,1.0,,,,,
Barrera,Barrera,142484,BOT,263,0,False,https://s3.glbimg.com/v1/AUTH_58d78b787ec34892b5aaa0c7a146155f/clubes_2026/silhuetas/BOT/FORMATO.png,11,2.46,Jordan Andrés Barrera Herrera,0.0,4,4.93,24,barrera,5,0.0,,,,,,5.0,9.0,6.0,2.0,5.0,1.0,1.0,,,,,,,,
João Victor,J. Victor,142638,INT,285,0,False,https://s3.glbimg.com/v1/AUTH_58d78b787ec34892b5aaa0c7a146155f/clubes_2026/silhuetas/INT/FORMATO.png,0,0.0,João Victor Alves de Morais Francisco,0.0,5,1.0,24,joao-victor,5,0.0,,,,,,,,,,,,,,,,,,,,
Franco Rossi,F. Rossi,142764,CHA,315,0,True,https://s3.glbimg.com/v1/AUTH_58d78b787ec34892b5aaa0c7a146155f/clubes_2026/silhuetas/CHA/FORMATO.png,3,1.67,Franco Andrés Rossi Donazar,0.5,5,3.2,24,franco-rossi,6,-0.49,,,,,,1.0,2.0,,2.0,5.0,,,,,,,,,,
Robinho Jr.,R. Jr.,142867,SAN,277,0,False,https://s3.glbimg.com/v1/AUTH_58d78b787ec34892b5aaa0c7a146155f/clubes_2026/silhuetas/SAN/FORMATO.png,4,0.62,Robson de Souza Júnior,0.0,5,2.76,24,robinho-jr,6,0.0,,,,,,1.0,1.0,,1.0,1.0,,,,,,,,,,
Johnny,Johnny,142868,FLA,262,0,False,https://s3.glbimg.com/v1/AUTH_58d78b787ec34892b5aaa0c7a146155f/clubes_2026/silhuetas/FLA/FORMATO.png,1,0.0,Johnny Monteiro Góes,0.0,2,0.89,24,johnny,6,0.0,,,,,,,,,,,,,,,,,,,,
Villalba,Villalba,142877,BOT,263,0,False,https://s3.glbimg.com/v1/AUTH_58d78b787ec34892b5aaa0c7a146155f/clubes_2026/silhuetas/BOT/FORMATO.png,10,1.61,Lucas Martín Villalba Jaume,0.0,5,4.33,24,villalba,6,0.0,,2.0,,,,6.0,6.0,1.0,1.0,2.0,,1.0,,,,,,,,
Montoro,Montoro,142890,BOT,263,0,True,https://s3.glbimg.com/v1/AUTH_58d78b787ec34892b5aaa0c7a146155f/clubes_2026/silhuetas/BOT/FORMATO.png,18,2.69,Álvaro Montoro,3.0,4,6.91,24,montoro,7,0.41,3.0,4.0,,,,9.0,15.0,5.0,5.0,25.0,2.0,,,,,,,,,
Gabriel Abdias,G. Abdias,143072,BOT,263,0,False,https://s3.glbimg.com/v1/AUTH_58d78b787ec34892b5aaa0c7a146155f/clubes_2026/silhuetas/BOT/FORMATO.png,0,0.0,Gabriel da Silva Abdias,0.0,2,3.0,24,gabriel-abdias,6,0.0,,,,,,,,,,,,,,,,,,,,
Tarzia,Tarzia,143153,VIT,287,0,True,https://s3.glbimg.com/v1/AUTH_58d78b787ec34892b5aaa0c7a146155f/clubes_2026/silhuetas/VIT/FORMATO.png,17,3.15,Diego Tarzia,0.7,5,3.68,24,tarzia,7,-0.99,1.0,1.0,,,,11.0,12.0,7.0,6.0,15.0,,2.0,,,1.0,,,,,
Viveros,Viveros,143193,CAP,293,0,True,https://s3.glbimg.com/v1/AUTH_58d78b787ec34892b5aaa0c7a146155f/clubes_2026/silhuetas/CAP/FORMATO.png,21,9.1,Kevin Stiven Viveros Rodallega,17.2,5,14.28,24,viveros,7,1.4,3.0,3.0,,,,3.0,47.0,19.0,17.0,66.0,2.0,14.0,,,16.0,,,3.0,,
Gean,Gean,143252,VIT,287,0,False,https://s3.glbimg.com/v1/AUTH_58d78b787ec34892b5aaa0c7a146155f/clubes_2026/silhuetas/VIT/FORMATO.png,0,0.0,Gean de Jesus Soares,0.0,2,1.0,24,gean,6,0.0,,,,,,,,,,,,,,,,,,,,
Wendell,Wendell,143253,VIT,287,0,False,https://s3.glbimg.com/v1/AUTH_58d78b787ec34892b5aaa0c7a146155f/clubes_2026/silhuetas/VIT/FORMATO.png,0,0.0,Wendell dos Santos Sacramento,0.0,4,2.0,24,wendell,6,0.0,,,,,,,,,,,,,,,,,,,,
Kauan Vitor,K. Vitor,143255,VIT,287,0,False,https://s3.glbimg.com/v1/AUTH_58d78b787ec34892b5aaa0c7a146155f/clubes_2026/silhuetas/VIT/FORMATO.png,0,0.0,Kauan Vitor Silva Ferreira de Melo,0.0,2,1.0,24,kauan-vitor,6,0.0,,,,,,,,,,,,,,,,,,,,
Joshua,Joshua,143295,FLA,262,0,False,https://s3.glbimg.com/v1/AUTH_58d78b787ec34892b5aaa0c7a146155f/clubes_2026/silhuetas/FLA/FORMATO.png,1,-0.3,Caio Joshua Lana de Andrade,0.0,4,2.6,24,joshua,6,0.0,,,,,,,1.0,,,,,,,,,,,,,
PH Gama,P. Gama,143455,REM,364,0,False,https://s3.glbimg.com/v1/AUTH_58d78b787ec34892b5aaa0c7a146155f/clubes_2026/silhuetas/REM/FORMATO.png,0,0.0,Darilson Gama Amador,0.0,4,2.0,24,ph-gama,6,0.0,,,,,,,,,,,,,,,,,,,,
Wesley Natã,W. Natã,143463,FLU,266,0,False,https://s3.glbimg.com/v1/AUTH_58d78b787ec34892b5aaa0c7a146155f/clubes_2026/silhuetas/FLU/FORMATO.png,1,-0.3,Wesley Natã de Freitas Prado,0.0,5,0.8,24,wesley-nata,6,0.0,,,,,,,1.0,,,,,,,,,,,,,
Keven Samuel,K. Samuel,143465,FLU,266,0,False,https://s3.glbimg.com/v1/AUTH_58d78b787ec34892b5aaa0c7a146155f/clubes_2026/silhuetas/FLU/FORMATO.png,0,0.0,Keven Samuel Moreira dos Santos,0.0,5,1.0,24,keven-samuel,6,0.0,,,,,,,,,,,,,,,,,,,,
Raykkonen,Raykkonen,143488,INT,285,0,False,https://s3.glbimg.com/v1/AUTH_58d78b787ec34892b5aaa0c7a146155f/clubes_2026/silhuetas/INT/FORMATO.png,1,0.5,Raykkonen Pereira Soares,0.0,5,2.63,24,raykkonen,6,0.0,,,,,,,,,,1.0,,,,,,,,,,
Carlos Eduardo,C. Eduardo,143532,CAP,293,0,False,https://s3.glbimg.com/v1/AUTH_58d78b787ec34892b5aaa0c7a146155f/clubes_2026/silhuetas/CAP/FORMATO.png,0,0.0,Carlos Eduardo Souza de Barros,0.0,1,1.0,24,carlos-eduardo,6,0.0,,,,,,,,,,,,,,,,,,,,
Kauã Moraes,K. Moraes,143600,CRU,283,0,False,https://s3.glbimg.com/v1/AUTH_58d78b787ec34892b5aaa0c7a146155f/clubes_2026/silhuetas/CRU/FORMATO.png,10,4.83,Kauã Moraes da Silva,0.0,2,6.81,24,kaua-moraes,6,0.0,1.0,2.0,,,,10.0,14.0,1.0,1.0,13.0,,2.0,,,,,,,2.0,
João Alencar,J. Alencar,144255,SAN,277,0,False,https://s3.glbimg.com/v1/AUTH_58d78b787ec34892b5aaa0c7a146155f/clubes_2026/silhuetas/SAN/FORMATO.png,0,0.0,João Alencar Santos Paes da Costa,0.0,3,1.0,24,joao-alencar,6,0.0,,,,,,,,,,,,,,,,,,,,
Nicolas Pontes,N. Pontes,144423,CRU,283,0,False,https://s3.glbimg.com/v1/AUTH_58d78b787ec34892b5aaa0c7a146155f/clubes_2026/silhuetas/CRU/FORMATO.png,0,0.0,Nicolas Pontes de Souza Almeida,0.0,2,1.0,24,nicolas-pontes,6,0.0,,,,,,,,,,,,,,,,,,,,
Vitor Lamounier,V. Lamounier,144424,CRU,283,0,False,https://s3.glbimg.com/v1/AUTH_58d78b787ec34892b5aaa0c7a146155f/clubes_2026/silhuetas/CRU/FORMATO.png,0,0.0,Vitor Lamounier Rego,0.0,1,2.0,24,vitor-lamounier,6,0.0,,,,,,,,,,,,,,,,,,,,
Victor Gabriel,V. Gabriel,144889,PAL,275,0,False,https://s3.glbimg.com/v1/AUTH_58d78b787ec34892b5aaa0c7a146155f/clubes_2026/silhuetas/PAL/FORMATO.png,0,0.0,Victor Gabriel Leite dos Santos,0.0,4,1.0,24,victor-gabriel,6,0.0,,,,,,,,,,,,,,,,,,,,
Vitinho,Vitinho,144898,CAP,293,0,False,https://s3.glbimg.com/v1/AUTH_58d78b787ec34892b5aaa0c7a146155f/clubes_2026/silhuetas/CAP/FORMATO.png,0,0.0,Victor Vinicius Teodoro Ferraz,0.0,2,1.0,24,vitinho,6,0.0,,,,,,,,,,,,,,,,,,,,
Domingos Andrade,D. Andrade,144976,BOT,263,0,False,https://s3.glbimg.com/v1/AUTH_58d78b787ec34892b5aaa0c7a146155f/clubes_2026/silhuetas/BOT/FORMATO.png,1,1.5,Domingos Paulo Andrade,0.0,4,5.04,24,domingos-andrade,6,0.0,,,,,,1.0,,,,,,,,,,,,,,
Fernando Pradella,F. Pradella,145036,SAN,277,0,False,https://s3.glbimg.com/v1/AUTH_58d78b787ec34892b5aaa0c7a146155f/clubes_2026/silhuetas/SAN/FORMATO.png,1,0.0,Fernando Pradella Rocha,0.0,5,0.82,24,fernando-pradella,6,0.0,,,,,,,,,,,,,,,,,,,,
Kauê Furquim,K. Furquim,145379,BAH,265,0,False,https://s3.glbimg.com/v1/AUTH_58d78b787ec34892b5aaa0c7a146155f/clubes_2026/silhuetas/BAH/FORMATO.png,5,1.28,Kauê Junior Furquim da Silva,0.0,5,2.24,24,kaue-furquim,6,0.0,,,,,,2.0,2.0,,,8.0,,,,,,,,,,
Rúben Ismael,R. Ismael,145387,VIT,287,0,False,https://s3.glbimg.com/v1/AUTH_58d78b787ec34892b5aaa0c7a146155f/clubes_2026/silhuetas/VIT/FORMATO.png,0,0.0,Rúben Ismael Valente Ramos,0.0,4,4.0,24,ruben-ismael,5,0.0,,,,,,,,,,,,,,,,,,,,
Cauê,Cauê,145400,RBB,280,0,False,https://s3.glbimg.com/v1/AUTH_58d78b787ec34892b5aaa0c7a146155f/clubes_2026/silhuetas/RBB/FORMATO.png,3,3.47,Cauê Nascimento Santos,0.0,2,4.23,24,caue,6,0.0,,1.0,,,,4.0,4.0,,2.0,,,,,,,,,,1.0,
Arthur,Arthur,145404,PAL,275,0,True,https://s3.glbimg.com/v1/AUTH_58d78b787ec34892b5aaa0c7a146155f/clubes_2026/silhuetas/PAL/FORMATO.png,16,4.01,Arthur Gabriel Santana Marcolino,3.4,2,4.49,24,arthur,6,0.11,,1.0,,,,19.0,18.0,2.0,5.0,11.0,,,,,,,,,6.0,
Rafael Coutinho,R. Coutinho,145413,PAL,275,0,False,https://s3.glbimg.com/v1/AUTH_58d78b787ec34892b5aaa0c7a146155f/clubes_2026/silhuetas/PAL/FORMATO.png,0,0.0,Rafael Barbosa Coutinho,0.0,4,1.0,24,rafael-coutinho,6,0.0,,,,,,,,,,,,,,,,,,,,
Belé,Belé,145436,PAL,275,0,False,https://s3.glbimg.com/v1/AUTH_58d78b787ec34892b5aaa0c7a146155f/clubes_2026/silhuetas/PAL/FORMATO.png,0,0.0,Erick Machado Belé,0.0,5,3.0,24,bele,6,0.0,,,,,,,,,,,,,,,,,,,,
João Ananias,J. Ananias,145563,SAN,277,0,False,https://s3.glbimg.com/v1/AUTH_58d78b787ec34892b5aaa0c7a146155f/clubes_2026/silhuetas/SAN/FORMATO.png,6,2.5,João Paulo Ananias Bento,0.0,3,3.43,24,joao-ananias,6,0.0,,1.0,,,,9.0,6.0,,1.0,3.0,,,1.0,,,,,,1.0,
Élan Ricardo,E. Ricardo,145609,CAP,293,0,False,https://s3.glbimg.com/v1/AUTH_58d78b787ec34892b5aaa0c7a146155f/clubes_2026/silhuetas/CAP/FORMATO.png,0,0.0,Élan Joshep Ricardo Ochoa,0.0,4,3.0,24,elan-ricardo,6,0.0,,,,,,,,,,,,,,,,,,,,
Nicolas,Nicolas,145659,SAO,276,0,False,https://s3.glbimg.com/v1/AUTH_58d78b787ec34892b5aaa0c7a146155f/clubes_2026/silhuetas/SAO/FORMATO.png,1,5.0,Nicolas Bosshardt,0.0,2,2.79,24,nicolas,6,0.0,,,,,,,,,,,,,,,,,,,1.0,
Luiz Felipe,L. Felipe,145660,INT,285,0,False,https://s3.glbimg.com/v1/AUTH_58d78b787ec34892b5aaa0c7a146155f/clubes_2026/silhuetas/INT/FORMATO.png,2,1.45,Luiz Felipe de Morais Francisco,0.0,2,1.65,24,luiz-felipe,6,0.0,,,,,,2.0,,,,,,,,,1.0,,,,,
Kaio Nóbrega,K. Nóbrega,145703,FLA,262,0,False,https://s3.glbimg.com/v1/AUTH_58d78b787ec34892b5aaa0c7a146155f/clubes_2026/silhuetas/FLA/FORMATO.png,0,0.0,Kaio Nóbrega Siqueira,0.0,4,1.0,24,kaio-nobrega,6,0.0,,,,,,,,,,,,,,,,,,,,
Douglas Telles,D. Telles,145705,FLA,262,0,False,https://s3.glbimg.com/v1/AUTH_58d78b787ec34892b5aaa0c7a146155f/clubes_2026/silhuetas/FLA/FORMATO.png,0,0.0,Douglas Costa Telles,0.0,5,2.0,24,douglas-telles,6,0.0,,,,,,,,,,,,,,,,,,,,
André,André,145744,COR,264,0,False,https://s3.glbimg.com/v1/AUTH_58d78b787ec34892b5aaa0c7a146155f/clubes_2026/silhuetas/COR/FORMATO.png,16,4.07,André Luiz Santos Dias,0.0,4,6.15,24,andre,5,0.0,2.0,1.0,2.0,,,20.0,16.0,1.0,5.0,15.0,,3.0,,,,,,,,
Bruno André,B. André,145781,VAS,267,0,False,https://s3.glbimg.com/v1/AUTH_58d78b787ec34892b5aaa0c7a146155f/clubes_2026/silhuetas/VAS/FORMATO.png,0,0.0,Bruno André Azevedo Ribeiro,0.0,3,1.0,24,bruno-andre,6,0.0,,,,,,,,,,,,,,,,,,,,
Tassano,Tassano,145782,REM,364,0,False,https://s3.glbimg.com/v1/AUTH_58d78b787ec34892b5aaa0c7a146155f/clubes_2026/silhuetas/REM/FORMATO.png,0,0.0,Cristian Marcelo González Tassano,0.0,3,3.0,24,tassano,6,0.0,,,,,,,,,,,,,,,,,,,,
Gilberto Junior,G. Junior,146374,CAP,293,0,False,https://s3.glbimg.com/v1/AUTH_58d78b787ec34892b5aaa0c7a146155f/clubes_2026/silhuetas/CAP/FORMATO.png,6,4.62,Gilberto Junior Leite dos Santos,0.0,2,6.14,24,gilberto-junior,6,0.0,,,,,,11.0,3.0,1.0,,2.0,,,,,1.0,,,,2.0,
Kadir,Kadir,146375,BOT,263,0,True,https://s3.glbimg.com/v1/AUTH_58d78b787ec34892b5aaa0c7a146155f/clubes_2026/silhuetas/BOT/FORMATO.png,10,2.08,José Kadir Barría Rose,1.7,5,4.21,24,kadir,6,0.06,1.0,1.0,,,,5.0,16.0,4.0,8.0,6.0,,,,,1.0,,,,,
Marquinhos,Marquinhos,146410,BOT,263,0,False,https://s3.glbimg.com/v1/AUTH_58d78b787ec34892b5aaa0c7a146155f/clubes_2026/silhuetas/BOT/FORMATO.png,1,0.0,Marcos Felipe Vinagre Souza,0.0,4,0.85,24,marquinhos,6,0.0,,,,,,,,,,,,,,,,,,,,
Justino,Justino,146430,BOT,263,0,True,https://s3.glbimg.com/v1/AUTH_58d78b787ec34892b5aaa0c7a146155f/clubes_2026/silhuetas/BOT/FORMATO.png,9,2.98,Gabriel Pereira Justino,4.9,3,3.93,24,justino,7,0.69,,3.0,,,,7.0,4.0,,,9.0,1.0,1.0,,,,,,,1.0,
Luis Pacheco,L. Pacheco,146623,PAL,275,0,False,https://s3.glbimg.com/v1/AUTH_58d78b787ec34892b5aaa0c7a146155f/clubes_2026/silhuetas/PAL/FORMATO.png,3,0.0,Luis Felipe Pacheco da Costa,0.0,4,1.98,24,luis-pacheco,6,0.0,,2.0,,,,1.0,1.0,,1.0,,,,,,,,,,,
Heittor,Heittor,146624,PAL,275,0,False,https://s3.glbimg.com/v1/AUTH_58d78b787ec34892b5aaa0c7a146155f/clubes_2026/silhuetas/PAL/FORMATO.png,2,0.55,Heittor Vinicius da Silva Nunes,0.0,5,1.17,24,heittor,6,0.0,,,,,,1.0,1.0,,,,,,,,1.0,,,,,
Alisson,Alisson,146632,INT,285,0,False,https://s3.glbimg.com/v1/AUTH_58d78b787ec34892b5aaa0c7a146155f/clubes_2026/silhuetas/INT/FORMATO.png,0,0.0,Alisson Rodrigues de Melo,0.0,2,1.0,24,alisson,6,0.0,,,,,,,,,,,,,,,,,,,,
Kauan Lima,K. Lima,146663,PAL,275,0,False,https://s3.glbimg.com/v1/AUTH_58d78b787ec34892b5aaa0c7a146155f/clubes_2026/silhuetas/PAL/FORMATO.png,0,0.0,Kauan Lima da Cunha,0.0,1,1.0,24,kauan-lima,6,0.0,,,,,,,,,,,,,,,,,,,,
Benjamin Arhin,B. Arhin,146701,INT,285,0,False,https://s3.glbimg.com/v1/AUTH_58d78b787ec34892b5aaa0c7a146155f/clubes_2026/silhuetas/INT/FORMATO.png,1,-0.3,Benjamin Arhin,0.0,4,1.73,24,benjamin-arhin,5,0.0,,,,,,,1.0,,,,,,,,,,,,,
Rayan Lelis,R. Lelis,146807,CRU,283,0,False,https://s3.glbimg.com/v1/AUTH_58d78b787ec34892b5aaa0c7a146155f/clubes_2026/silhuetas/CRU/FORMATO.png,0,0.0,Rayan Passaglia Lelis,0.0,5,2.0,24,rayan-lelis,6,0.0,,,,,,,,,,,,,,,,,,,,
Cléber Lucas,C. Lucas,146833,BOT,263,0,False,https://s3.glbimg.com/v1/AUTH_58d78b787ec34892b5aaa0c7a146155f/clubes_2026/silhuetas/BOT/FORMATO.png,0,0.0,Cléber Lucas Chieppe Chagas,0.0,1,1.0,24,cleber-lucas,6,0.0,,,,,,,,,,,,,,,,,,,,
Filipe Sirio,F. Sirio,146964,INT,285,0,False,https://s3.glbimg.com/v1/AUTH_58d78b787ec34892b5aaa0c7a146155f/clubes_2026/silhuetas/INT/FORMATO.png,0,0.0,Filipe Borba Sirio,0.0,1,1.0,24,filipe-sirio,6,0.0,,,,,,,,,,,,,,,,,,,,
Rhuan Gabriel,R. Gabriel,146991,CRU,283,0,False,https://s3.glbimg.com/v1/AUTH_58d78b787ec34892b5aaa0c7a146155f/clubes_2026/silhuetas/CRU/FORMATO.png,1,1.2,Rhuan Gabriel Rodrigues de Souza Silva,0.0,4,1.39,24,rhuan-gabriel,6,0.0,,,,,,,1.0,,,3.0,,,,,,,,,,
Cissé,Cissé,147088,CAM,282,0,True,https://s3.glbimg.com/v1/AUTH_58d78b787ec34892b5aaa0c7a146155f/clubes_2026/silhuetas/CAM/FORMATO.png,13,1.78,Mamady Cissé,2.6,4,2.49,24,cisse,6,0.15,,1.0,,,,5.0,9.0,1.0,4.0,14.0,,1.0,,,1.0,,,,,
Cauã Soares,C. Soares,147089,CAM,282,0,False,https://s3.glbimg.com/v1/AUTH_58d78b787ec34892b5aaa0c7a146155f/clubes_2026/silhuetas/CAM/FORMATO.png,5,0.64,Cauã Campos Soares,0.0,5,1.24,24,caua-soares,6,0.0,,,,,,1.0,,1.0,,1.0,,,,,,,,,,
Kauã Pascini,K. Pascini,147090,CAM,282,0,True,https://s3.glbimg.com/v1/AUTH_58d78b787ec34892b5aaa0c7a146155f/clubes_2026/silhuetas/CAM/FORMATO.png,6,3.9,Kauã Pascini Resende,7.2,2,4.68,24,kaua-pascini,6,0.69,,1.0,,,,6.0,3.0,,1.0,1.0,,,,,,,,,3.0,
Claudinho,Claudinho,147192,CAP,293,0,False,https://s3.glbimg.com/v1/AUTH_58d78b787ec34892b5aaa0c7a146155f/clubes_2026/silhuetas/CAP/FORMATO.png,6,7.52,Claudio Henrique de Jesus Passos,0.0,2,7.84,24,claudinho,5,0.0,1.0,,,,,13.0,8.0,1.0,1.0,6.0,1.0,,,,,,,,3.0,
João Kempes,J. Kempes,147201,INT,285,0,False,https://s3.glbimg.com/v1/AUTH_58d78b787ec34892b5aaa0c7a146155f/clubes_2026/silhuetas/INT/FORMATO.png,0,0.0,João Gabriel Kempes Gonçalves,0.0,4,2.0,24,joao-kempes,6,0.0,,,,,,,,,,,,,,,,,,,,
João Bezerra,J. Bezerra,147202,INT,285,0,False,https://s3.glbimg.com/v1/AUTH_58d78b787ec34892b5aaa0c7a146155f/clubes_2026/silhuetas/INT/FORMATO.png,2,0.6,João Pedro Bezerra de Oliveira Lo,0.0,5,1.19,24,joao-bezerra,6,0.0,,,,,,,,1.0,,,,,,,,,,,,
Anderson Pato,A. Pato,147268,VIT,287,0,False,https://s3.glbimg.com/v1/AUTH_58d78b787ec34892b5aaa0c7a146155f/clubes_2026/silhuetas/VIT/FORMATO.png,4,1.38,Anderson Bispo dos Santos,0.0,5,3.12,24,anderson-pato,5,0.0,,1.0,,,,4.0,1.0,,1.0,,,,,,,,,,,
Wellington,Wellington,147468,CHA,315,0,False,https://s3.glbimg.com/v1/AUTH_58d78b787ec34892b5aaa0c7a146155f/clubes_2026/silhuetas/CHA/FORMATO.png,0,0.0,Wellington Felipe Pradeiczuk,0.0,1,1.0,24,wellington,6,0.0,,,,,,,,,,,,,,,,,,,,
Gabriel Menegon,G. Menegon,147544,GRE,284,0,False,https://s3.glbimg.com/v1/AUTH_58d78b787ec34892b5aaa0c7a146155f/clubes_2026/silhuetas/GRE/FORMATO.png,1,0.0,Gabriel Otávio Menegon,0.0,1,1.81,24,gabriel-menegon,6,0.0,,,,,,,,,,,,,,,,,,,,
Jefinho,Jefinho,147545,GRE,284,0,False,https://s3.glbimg.com/v1/AUTH_58d78b787ec34892b5aaa0c7a146155f/clubes_2026/silhuetas/GRE/FORMATO.png,1,1.5,Jéferson Forneck,0.0,4,1.46,24,jefinho,6,0.0,,,,,,1.0,,,,,,,,,,,,,,
Roger,Roger,147546,GRE,284,0,False,https://s3.glbimg.com/v1/AUTH_58d78b787ec34892b5aaa0c7a146155f/clubes_2026/silhuetas/GRE/FORMATO.png,2,1.2,Roger Dias Fernandes,0.0,4,1.5,24,roger,6,0.0,,,,,,1.0,1.0,1.0,,,,,,,,,,,,
Caio Suassuna,C. Suassuna,147560,BAH,265,0,False,https://s3.glbimg.com/v1/AUTH_58d78b787ec34892b5aaa0c7a146155f/clubes_2026/silhuetas/BAH/FORMATO.png,1,2.0,Caio Suassuna Gonçalves Ferreira,0.0,5,2.64,24,caio-suassuna,6,0.0,,,,,,1.0,,,,1.0,,,,,,,,,,
Pepê Fermino,P. Fermino,147736,SAN,277,0,False,https://s3.glbimg.com/v1/AUTH_58d78b787ec34892b5aaa0c7a146155f/clubes_2026/silhuetas/SAN/FORMATO.png,0,0.0,Pedro Paulo Manoel Fermino,0.0,4,1.0,24,pepe-fermino,5,0.0,,,,,,,,,,,,,,,,,,,,
Arthur Novaes,A. Novaes,147782,BOT,263,0,False,https://s3.glbimg.com/v1/AUTH_58d78b787ec34892b5aaa0c7a146155f/clubes_2026/silhuetas/BOT/FORMATO.png,0,0.0,Arthur Alves Novaes,0.0,4,1.0,24,arthur-novaes,6,0.0,,,,,,,,,,,,,,,,,,,,
Arthur Izaque,A. Izaque,147788,BOT,263,0,False,https://s3.glbimg.com/v1/AUTH_58d78b787ec34892b5aaa0c7a146155f/clubes_2026/silhuetas/BOT/FORMATO.png,0,0.0,Arthur Izaque Bendayan de Castro Silva,0.0,5,1.0,24,arthur-izaque,6,0.0,,,,,,,,,,,,,,,,,,,,
Koné,Koné,147792,PAL,275,0,False,https://s3.glbimg.com/v1/AUTH_58d78b787ec34892b5aaa0c7a146155f/clubes_2026/silhuetas/PAL/FORMATO.png,0,0.0,Koné Zie Mohamed,0.0,3,2.0,24,kone,6,0.0,,,,,,,,,,,,,,,,,,,,
Rodrigo Bellão,R. Bellão,147850,BOT,263,0,True,https://s3.glbimg.com/v1/AUTH_58d78b787ec34892b5aaa0c7a146155f/clubes_2026/silhuetas/BOT/FORMATO.png,3,6.47,Rodrigo Dias Bellão,5.78,6,11.22,24,rodrigo-bellao,7,-0.52,,,,,,,,,,,,,,,,,,,,2.0
Daniel Silva,D. Silva,147875,FLA,262,0,False,https://s3.glbimg.com/v1/AUTH_58d78b787ec34892b5aaa0c7a146155f/clubes_2026/silhuetas/FLA/FORMATO.png,0,0.0,Daniel Carvalho Marinho da Silva,0.0,3,1.0,24,daniel-silva,6,0.0,,,,,,,,,,,,,,,,,,,,
Cauan Farias,C. Farias,147877,VIT,287,0,False,https://s3.glbimg.com/v1/AUTH_58d78b787ec34892b5aaa0c7a146155f/clubes_2026/silhuetas/VIT/FORMATO.png,0,0.0,Cauan de Jesus Farias,0.0,3,1.0,24,cauan-farias,6,0.0,,,,,,,,,,,,,,,,,,,,
Alejandro,Alejandro,147878,VIT,287,0,False,https://s3.glbimg.com/v1/AUTH_58d78b787ec34892b5aaa0c7a146155f/clubes_2026/silhuetas/VIT/FORMATO.png,0,0.0,Alejandro Ariel Almaraz,0.0,4,2.0,24,alejandro,6,0.0,,,,,,,,,,,,,,,,,,,,
João Vitor,J. Vitor,147883,VAS,267,0,False,https://s3.glbimg.com/v1/AUTH_58d78b787ec34892b5aaa0c7a146155f/clubes_2026/silhuetas/VAS/FORMATO.png,4,3.13,João Vitor Fonseca da Silva - JV Mutano,0.0,5,3.49,24,joao-vitor,6,0.0,,,,,,8.0,,,,1.0,,,,,,,,,,
Vitor Ramon,V. Ramon,148092,GRE,284,0,False,https://s3.glbimg.com/v1/AUTH_58d78b787ec34892b5aaa0c7a146155f/clubes_2026/silhuetas/GRE/FORMATO.png,1,0.2,Vitor Ramon Ribeiro de Oliveira,0.0,2,1.0,24,vitor-ramon,6,0.0,,1.0,,,,1.0,1.0,,,,,,,,,,,,,
Rafael Soares,R. Soares,148103,REM,364,0,False,https://s3.glbimg.com/v1/AUTH_58d78b787ec34892b5aaa0c7a146155f/clubes_2026/silhuetas/REM/FORMATO.png,0,0.0,Rafael Soares de Sousa,0.0,4,1.0,24,rafael-soares,6,0.0,,,,,,,,,,,,,,,,,,,,
Filipe Lima,F. Lima,148109,REM,364,0,False,https://s3.glbimg.com/v1/AUTH_58d78b787ec34892b5aaa0c7a146155f/clubes_2026/silhuetas/REM/FORMATO.png,0,0.0,Filipe Lima de Oliveira,0.0,5,1.0,24,filipe-lima,6,0.0,,,,,,,,,,,,,,,,,,,,
Vinicius,Vinicius,148124,CHA,315,0,False,https://s3.glbimg.com/v1/AUTH_58d78b787ec34892b5aaa0c7a146155f/clubes_2026/silhuetas/CHA/FORMATO.png,2,0.1,Vinicius Eduardo de Almeida Gomes da Silva,0.0,3,1.63,24,vinicius,5,0.0,,1.0,,,,1.0,1.0,,,,,,,,,,,,,
Ryan Augusto,R. Augusto,148125,RBB,280,0,False,https://s3.glbimg.com/v1/AUTH_58d78b787ec34892b5aaa0c7a146155f/clubes_2026/silhuetas/RBB/FORMATO.png,5,3.7,Ryan Augusto Tavares da Silva,0.0,2,3.78,24,ryan-augusto,6,0.0,,,,,,7.0,3.0,1.0,1.0,4.0,,,,,1.0,,,,1.0,
Weimar Palacios,W. Palacios,148126,RBB,280,0,False,https://s3.glbimg.com/v1/AUTH_58d78b787ec34892b5aaa0c7a146155f/clubes_2026/silhuetas/RBB/FORMATO.png,0,0.0,Weimar Enrique Vivas Palacios,0.0,3,1.0,24,weimar-palacios,6,0.0,,,,,,,,,,,,,,,,,,,,
Ararat,Ararat,148152,CFC,294,0,False,https://s3.glbimg.com/v1/AUTH_58d78b787ec34892b5aaa0c7a146155f/clubes_2026/silhuetas/CFC/FORMATO.png,0,0.0,Alejandro Ararat Díaz,0.0,4,4.0,24,ararat,6,0.0,,,,,,,,,,,,,,,,,,,,
Nadson,Nadson,148206,SAN,277,0,False,https://s3.glbimg.com/v1/AUTH_58d78b787ec34892b5aaa0c7a146155f/clubes_2026/silhuetas/SAN/FORMATO.png,0,0.0,Nadson Juan Maia da Silva de Souza,0.0,5,1.0,24,nadson,6,0.0,,,,,,,,,,,,,,,,,,,,
Djhordney,Djhordney,148215,SAO,276,0,False,https://s3.glbimg.com/v1/AUTH_58d78b787ec34892b5aaa0c7a146155f/clubes_2026/silhuetas/SAO/FORMATO.png,2,-0.2,Djhordney Ferreira,0.0,4,0.79,24,djhordney,6,0.0,,1.0,,,,1.0,3.0,,,,,,,,,,,,,
Tetê,Tetê,148717,SAO,276,0,False,https://s3.glbimg.com/v1/AUTH_58d78b787ec34892b5aaa0c7a146155f/clubes_2026/silhuetas/SAO/FORMATO.png,4,-0.4,Perivan dos Santos,0.0,5,0.65,24,tete,6,0.0,,1.0,,,,,2.0,,,,,,,,,,,,,
Rafael Gonzaga,R. Gonzaga,149715,SAN,277,0,False,https://s3.glbimg.com/v1/AUTH_58d78b787ec34892b5aaa0c7a146155f/clubes_2026/silhuetas/SAN/FORMATO.png,1,2.4,Rafael de Andrade Gonzaga,0.0,2,2.79,24,rafael-gonzaga,6,0.0,,,,,,2.0,2.0,,,,,,,,,,,,,
David,David,149991,CFC,294,0,False,https://s3.glbimg.com/v1/AUTH_58d78b787ec34892b5aaa0c7a146155f/clubes_2026/silhuetas/CFC/FORMATO.png,1,0.0,David Alves França,0.0,5,0.92,24,david,6,0.0,,,,,,,,,,,,,,,,,,,,
Iago Machado,I. Machado,149993,COR,264,0,False,https://s3.glbimg.com/v1/AUTH_58d78b787ec34892b5aaa0c7a146155f/clubes_2026/silhuetas/COR/FORMATO.png,0,0.0,Iago da Silva Machado,0.0,3,1.0,24,iago-machado,6,0.0,,,,,,,,,,,,,,,,,,,,
Jhuan Nunes,J. Nunes,149994,RBB,280,0,False,https://s3.glbimg.com/v1/AUTH_58d78b787ec34892b5aaa0c7a146155f/clubes_2026/silhuetas/RBB/FORMATO.png,1,2.3,Jhuan Nunes Coelho,0.0,5,1.83,24,jhuan-nunes,6,0.0,,,,,,1.0,,,1.0,,,,,,,,,,,
Ramon Rique,R. Rique,150180,VAS,267,0,True,https://s3.glbimg.com/v1/AUTH_58d78b787ec34892b5aaa0c7a146155f/clubes_2026/silhuetas/VAS/FORMATO.png,5,2.14,Ramon Rique Santos de Souza Barros,-0.6,4,2.45,24,ramon-rique,6,-0.48,1.0,,,,,4.0,5.0,1.0,,,,,,,,,,,,
Osorio,Osorio,150197,SAO,276,0,False,https://s3.glbimg.com/v1/AUTH_58d78b787ec34892b5aaa0c7a146155f/clubes_2026/silhuetas/SAO/FORMATO.png,5,2.32,Luís Osório Messias de Oliveira,0.0,3,2.24,24,osorio,6,0.0,1.0,1.0,,,,6.0,8.0,,,2.0,,,,,,,,,,
Samuel Pierri,S. Pierri,150757,SAN,277,0,False,https://s3.glbimg.com/v1/AUTH_58d78b787ec34892b5aaa0c7a146155f/clubes_2026/silhuetas/SAN/FORMATO.png,2,0.45,Samuel Pierri Mendes e Silva,0.0,4,1.88,24,samuel-pierri,6,0.0,,,,,,1.0,2.0,,,,,,,,,,,,,
Breno,Breno,150825,RBB,280,0,False,https://s3.glbimg.com/v1/AUTH_58d78b787ec34892b5aaa0c7a146155f/clubes_2026/silhuetas/RBB/FORMATO.png,2,3.35,Breno de Moraes Souza,0.0,3,2.8,24,breno,6,0.0,,,,,,1.0,1.0,,,1.0,,,,,,,,,1.0,
Nícollas,Nícollas,150826,COR,264,0,False,https://s3.glbimg.com/v1/AUTH_58d78b787ec34892b5aaa0c7a146155f/clubes_2026/silhuetas/COR/FORMATO.png,0,0.0,Nícollas Vitor Pascoal Melo,0.0,5,1.0,24,nicollas,6,0.0,,,,,,,,,,,,,,,,,,,,
Fabricio Prado,F. Prado,150841,INT,285,0,False,https://s3.glbimg.com/v1/AUTH_58d78b787ec34892b5aaa0c7a146155f/clubes_2026/silhuetas/INT/FORMATO.png,0,0.0,Fabricio Zechmeister do Prado,0.0,5,1.0,24,fabricio-prado,6,0.0,,,,,,,,,,,,,,,,,,,,
Gabriel Vinicius,G. Vinicius,150842,INT,285,0,False,https://s3.glbimg.com/v1/AUTH_58d78b787ec34892b5aaa0c7a146155f/clubes_2026/silhuetas/INT/FORMATO.png,0,0.0,Gabriel Vinicius Oliveira da Silva,0.0,4,1.0,24,gabriel-vinicius,6,0.0,,,,,,,,,,,,,,,,,,,,
Arthur Monteiro,A. Monteiro,150952,CAP,293,0,False,https://s3.glbimg.com/v1/AUTH_58d78b787ec34892b5aaa0c7a146155f/clubes_2026/silhuetas/CAP/FORMATO.png,0,0.0,Arthur Rodrigues Monteiro,0.0,2,1.0,24,arthur-monteiro,6,0.0,,,,,,,,,,,,,,,,,,,,
Davizinho,Davizinho,150959,SAN,277,0,True,https://s3.glbimg.com/v1/AUTH_58d78b787ec34892b5aaa0c7a146155f/clubes_2026/silhuetas/SAN/FORMATO.png,3,0.5,Davi Fernandes Cavalcante Ribeiro,1.5,2,1.07,24,davizinho,6,0.26,,,,,,1.0,,,,,,,,,,,,,,
Sayago,Sayago,150995,FLA,262,0,False,https://s3.glbimg.com/v1/AUTH_58d78b787ec34892b5aaa0c7a146155f/clubes_2026/silhuetas/FLA/FORMATO.png,0,0.0,Juan Gabriel Sayago,0.0,4,2.0,24,sayago,6,0.0,,,,,,,,,,,,,,,,,,,,
Eduardo,Eduardo,151003,PAL,275,0,False,https://s3.glbimg.com/v1/AUTH_58d78b787ec34892b5aaa0c7a146155f/clubes_2026/silhuetas/PAL/FORMATO.png,0,0.0,Eduardo Conceição Silva,0.0,5,1.0,24,eduardo,6,0.0,,,,,,,,,,,,,,,,,,,,
Jorge Rivaldo,J. Rivaldo,151120,CAP,293,0,False,https://s3.glbimg.com/v1/AUTH_58d78b787ec34892b5aaa0c7a146155f/clubes_2026/silhuetas/CAP/FORMATO.png,2,-0.15,Jorge Luis Rivaldo Pinto,0.0,5,3.86,24,jorge-rivaldo,6,0.0,,,,,,,1.0,,,,,,,,,,,,,
Felipe Morais,F. Morais,151292,CRU,283,0,False,https://s3.glbimg.com/v1/AUTH_58d78b787ec34892b5aaa0c7a146155f/clubes_2026/silhuetas/CRU/FORMATO.png,2,2.4,Felipe de Morais Barbosa Penna dos Santos,0.0,4,2.26,24,felipe-morais,6,0.0,,1.0,,,,3.0,6.0,,2.0,3.0,,,,,,,,,,
Juan Ferreira,J. Ferreira,151294,CHA,315,0,False,https://s3.glbimg.com/v1/AUTH_58d78b787ec34892b5aaa0c7a146155f/clubes_2026/silhuetas/CHA/FORMATO.png,0,0.0,Juan Ferreira Leite,0.0,4,1.0,24,juan-ferreira,6,0.0,,,,,,,,,,,,,,,,,,,,
Lucas Emanuel,L. Emanuel,151404,BOT,263,0,False,https://s3.glbimg.com/v1/AUTH_58d78b787ec34892b5aaa0c7a146155f/clubes_2026/silhuetas/BOT/FORMATO.png,1,1.4,Lucas Emanuel Jales do Nascimento,0.0,5,1.45,24,lucas-emanuel,6,0.0,,,,,,,1.0,1.0,,1.0,,,,,,,,,,
Victor Hugo,V. Hugo,151405,BOT,263,0,False,https://s3.glbimg.com/v1/AUTH_58d78b787ec34892b5aaa0c7a146155f/clubes_2026/silhuetas/BOT/FORMATO.png,0,0.0,Victor Hugo Gonçalves dos Santos,0.0,4,1.0,24,victor-hugo,6,0.0,,,,,,,,,,,,,,,,,,,,
Herick,Herick,151406,BOT,263,0,False,https://s3.glbimg.com/v1/AUTH_58d78b787ec34892b5aaa0c7a146155f/clubes_2026/silhuetas/BOT/FORMATO.png,0,0.0,Herick Garcia da Silva Neves,0.0,3,1.0,24,herick,6,0.0,,,,,,,,,,,,,,,,,,,,
Kássio,Kássio,151412,CHA,315,0,False,https://s3.glbimg.com/v1/AUTH_58d78b787ec34892b5aaa0c7a146155f/clubes_2026/silhuetas/CHA/FORMATO.png,1,1.5,Kássio da Silva de Jesus,0.0,5,1.49,24,kassio,6,0.0,,,,,,1.0,,,,,,,,,,,,,,
Miguel Bilong,M. Bilong,151436,PAL,275,0,False,https://s3.glbimg.com/v1/AUTH_58d78b787ec34892b5aaa0c7a146155f/clubes_2026/silhuetas/PAL/FORMATO.png,0,0.0,Miguel Cinoncelli Bilong,0.0,5,2.0,24,miguel-bilong,6,0.0,,,,,,,,,,,,,,,,,,,,
Gutte,Gutte,151440,CAM,282,0,False,https://s3.glbimg.com/v1/AUTH_58d78b787ec34892b5aaa0c7a146155f/clubes_2026/silhuetas/CAM/FORMATO.png,0,0.0,João Pedro Porto Lucrécio,0.0,4,1.0,24,gutte,6,0.0,,,,,,,,,,,,,,,,,,,,
Marquinhos,Marquinhos,151492,RBB,280,0,False,https://s3.glbimg.com/v1/AUTH_58d78b787ec34892b5aaa0c7a146155f/clubes_2026/silhuetas/RBB/FORMATO.png,0,0.0,Marcos Vinicius Krygsman Monteiro,0.0,2,1.0,24,marquinhos,6,0.0,,,,,,,,,,,,,,,,,,,,
Miguel Carvalho,M. Carvalho,151600,CHA,315,0,False,https://s3.glbimg.com/v1/AUTH_58d78b787ec34892b5aaa0c7a146155f/clubes_2026/silhuetas/CHA/FORMATO.png,0,0.0,Miguel Carvalho Vianna,0.0,4,4.0,24,miguel-carvalho,6,0.0,,,,,,,,,,,,,,,,,,,,
Lemos,Lemos,151632,CAM,282,0,False,https://s3.glbimg.com/v1/AUTH_58d78b787ec34892b5aaa0c7a146155f/clubes_2026/silhuetas/CAM/FORMATO.png,0,0.0,Pedro Henrique Lemos Barbosa,0.0,3,1.0,24,lemos,6,0.0,,,,,,,,,,,,,,,,,,,,
