atletas.apelido,atletas.apelido_abreviado,atletas.atleta_id,atletas.clube.id.full.name,atletas.clube_id,atletas.craque,atletas.entrou_em_campo,atletas.foto,atletas.jogos_num,atletas.media_num,atletas.nome,atletas.pontos_num,atletas.posicao_id,atletas.preco_num,atletas.rodada_id,atletas.slug,atletas.status_id,atletas.variacao_num,A,CA,CV,DE,DP,DS,FC,FD,FF,FS,FT,G,GC,GS,I,PC,PP,PS,SG,V
Fábio,Fábio,37656,FLU,266,0,True,https://s3.glbimg.com/v1/AUTH_58d78b787ec34892b5aaa0c7a146155f/clubes_2026/silhuetas/FLU/FORMATO.png,26,4.51,Fábio Deivson Lopes Maciel,4.8,1,9.21,27,fabio,7,-0.55,,1.0,,97.0,,,,,,7.0,,,,34.0,,2.0,,,5.0,
Thiago Silva,T. Silva,37715,FLU,266,0,False,https://s3.glbimg.com/v1/AUTH_58d78b787ec34892b5aaa0c7a146155f/clubes_2026/silhuetas/FLU/FORMATO.png,3,3.1,Thiago Emiliano da Silva,0.0,3,6.83,27,thiago-silva,7,0.0,,1.0,,,,2.0,2.0,,3.0,1.0,,,,,,,,,1.0,
Hulk,Hulk,39148,FLU,266,0,False,https://s3.glbimg.com/v1/AUTH_58d78b787ec34892b5aaa0c7a146155f/clubes_2026/silhuetas/FLU/FORMATO.png,19,6.35,Givanildo Vieira de Souza,0.0,5,12.51,27,hulk,7,0.0,4.0,2.0,,,,9.0,11.0,13.0,15.0,51.0,,5.0,,,6.0,,,,,
Alan Franco,A. Franco,39656,CAM,282,0,True,https://s3.glbimg.com/v1/AUTH_58d78b787ec34892b5aaa0c7a146155f/clubes_2026/silhuetas/CAM/FORMATO.png,20,1.95,Alan Steven Franco Palma,1.9,4,4.58,27,alan-franco,6,0.24,1.0,5.0,,,,25.0,27.0,3.0,3.0,8.0,,,,,2.0,,,,,
Vagner Mancini,V. Mancini,39850,RBB,280,0,True,https://s3.glbimg.com/v1/AUTH_58d78b787ec34892b5aaa0c7a146155f/clubes_2026/silhuetas/RBB/FORMATO.png,25,5.39,Vagner Carmo Mancini,3.88,6,8.34,27,vagner-mancini,7,-0.22,,,,,,,,,,,,,,,,,,,,10.0
Dorival Júnior,D. Júnior,40990,SAO,276,0,True,https://s3.glbimg.com/v1/AUTH_58d78b787ec34892b5aaa0c7a146155f/clubes_2026/silhuetas/SAO/FORMATO.png,19,4.48,Dorival Silvestre Júnior,5.47,6,9.44,27,dorival-junior,7,-0.59,,,,,,,,,,,,,,,,,,,,3.0
Renato Gaúcho,R. Gaúcho,41929,GRE,284,0,False,https://s3.glbimg.com/v1/AUTH_58d78b787ec34892b5aaa0c7a146155f/clubes_2026/silhuetas/GRE/FORMATO.png,14,5.08,Renato Portaluppi,0.0,6,9.79,27,renato-gaucho,7,0.0,,,,,,,,,,,,,,,,,,,,5.0
Osvaldo,Osvaldo,42222,VIT,287,0,False,https://s3.glbimg.com/v1/AUTH_58d78b787ec34892b5aaa0c7a146155f/clubes_2026/silhuetas/VIT/FORMATO.png,2,0.4,Osvaldo Lourenço Filho,0.0,5,4.07,27,osvaldo,6,0.0,,,,,,,,,1.0,,,,,,,,,,,
Cássio,Cássio,42234,CRU,283,0,False,https://s3.glbimg.com/v1/AUTH_58d78b787ec34892b5aaa0c7a146155f/clubes_2026/silhuetas/CRU/FORMATO.png,5,1.32,Cássio Roberto Ramos,0.0,1,6.89,27,cassio,6,0.0,,,,12.0,,,,,,2.0,,,,10.0,,,,,,
Cuca,Cuca,42411,SAN,277,0,True,https://s3.glbimg.com/v1/AUTH_58d78b787ec34892b5aaa0c7a146155f/clubes_2026/silhuetas/SAN/FORMATO.png,18,6.2,Alexi Stival,6.6,6,10.43,27,cuca,7,-0.05,,,,,,,,,,,,,,,,,,,,8.0
Fagner,Fagner,42500,CRU,283,0,True,https://s3.glbimg.com/v1/AUTH_58d78b787ec34892b5aaa0c7a146155f/clubes_2026/silhuetas/CRU/FORMATO.png,19,4.01,Fagner Conserva Lemos,3.9,2,6.26,27,fagner,7,-0.14,4.0,3.0,,,,30.0,23.0,2.0,4.0,11.0,,,,,,,,,2.0,
Walter,Walter,51413,MIR,2305,0,False,https://s3.glbimg.com/v1/AUTH_58d78b787ec34892b5aaa0c7a146155f/clubes_2026/silhuetas/MIR/FORMATO.png,20,2.69,Walter Leandro Capeloza Artune,0.0,1,5.06,27,walter,5,0.0,,3.0,,63.0,,,,,,2.0,,,,30.0,,1.0,,,1.0,
Everton Ribeiro,E. Ribeiro,51772,BAH,265,0,True,https://s3.glbimg.com/v1/AUTH_58d78b787ec34892b5aaa0c7a146155f/clubes_2026/silhuetas/BAH/FORMATO.png,17,4.19,Everton Augusto de Barros Ribeiro,-0.5,4,8.0,27,everton-ribeiro,6,-0.86,4.0,1.0,,,,22.0,12.0,4.0,6.0,29.0,,,,,,1.0,,,,
Alex Sandro,A. Sandro,61987,FLA,262,0,True,https://s3.glbimg.com/v1/AUTH_58d78b787ec34892b5aaa0c7a146155f/clubes_2026/silhuetas/FLA/FORMATO.png,16,3.31,Alex Sandro Lobo Silva,0.0,2,7.89,27,alex-sandro,6,-0.31,,3.0,,,,16.0,20.0,,1.0,14.0,,,,,,,,,6.0,
Ganso,Ganso,62977,FLU,266,0,True,https://s3.glbimg.com/v1/AUTH_58d78b787ec34892b5aaa0c7a146155f/clubes_2026/silhuetas/FLU/FORMATO.png,18,1.36,Paulo Henrique Chagas de Lima,-0.3,4,3.35,27,ganso,7,-0.31,,2.0,,,,12.0,10.0,2.0,1.0,11.0,1.0,,,,1.0,,,,,
Neymar,Neymar,63007,SAN,277,0,False,https://s3.glbimg.com/v1/AUTH_58d78b787ec34892b5aaa0c7a146155f/clubes_2026/silhuetas/SAN/FORMATO.png,12,9.78,Neymar da Silva Santos Júnior,0.0,4,18.9,27,neymar,5,0.0,2.0,7.0,,,,10.0,18.0,13.0,18.0,49.0,1.0,6.0,,,8.0,,,,,
Rafael Tolói,R. Tolói,63008,SAO,276,0,True,https://s3.glbimg.com/v1/AUTH_58d78b787ec34892b5aaa0c7a146155f/clubes_2026/silhuetas/SAO/FORMATO.png,7,4.49,Rafael Toloi,6.8,3,7.74,27,rafael-toloi,6,0.82,,3.0,,,,15.0,8.0,1.0,2.0,3.0,,,,,,,,,2.0,
Marcos Rocha,M. Rocha,63013,GRE,284,0,False,https://s3.glbimg.com/v1/AUTH_58d78b787ec34892b5aaa0c7a146155f/clubes_2026/silhuetas/GRE/FORMATO.png,4,0.8,Marcos Luis Rocha Aquino,0.0,2,5.95,27,marcos-rocha,6,0.0,,,,,,2.0,1.0,,,1.0,,,,,,,,,,
Edenílson,Edenílson,63289,BOT,263,0,False,https://s3.glbimg.com/v1/AUTH_58d78b787ec34892b5aaa0c7a146155f/clubes_2026/silhuetas/BOT/FORMATO.png,17,2.89,Edenílson Andrade dos Santos,0.0,4,5.84,27,edenilson,6,0.0,2.0,2.0,,,,6.0,10.0,2.0,3.0,7.0,1.0,3.0,,,1.0,,,,,
Rodrigo Moledo,R. Moledo,63354,CFC,294,0,False,https://s3.glbimg.com/v1/AUTH_58d78b787ec34892b5aaa0c7a146155f/clubes_2026/silhuetas/CFC/FORMATO.png,5,4.14,Rodrigo Modesto da Silva Moledo,0.0,3,6.22,27,rodrigo-moledo,6,0.0,,,,,,3.0,1.0,1.0,1.0,3.0,,1.0,,,,,,,1.0,
Alan Patrick,A. Patrick,68685,INT,285,0,True,https://s3.glbimg.com/v1/AUTH_58d78b787ec34892b5aaa0c7a146155f/clubes_2026/silhuetas/INT/FORMATO.png,22,3.87,Alan Patrick Lourenço,3.4,4,7.27,27,alan-patrick,7,0.45,1.0,1.0,,,,16.0,9.0,2.0,12.0,32.0,,4.0,,,1.0,,,,,
Eduardo,Eduardo,68708,MIR,2305,0,True,https://s3.glbimg.com/v1/AUTH_58d78b787ec34892b5aaa0c7a146155f/clubes_2026/silhuetas/MIR/FORMATO.png,19,3.37,Carlos Eduardo de Oliveira Alves,0.0,4,5.74,27,eduardo,7,-0.92,,1.0,1.0,,,12.0,10.0,3.0,10.0,13.0,1.0,4.0,,,,,,,,
Rafael Santos,R. Santos,68822,CHA,315,0,False,https://s3.glbimg.com/v1/AUTH_58d78b787ec34892b5aaa0c7a146155f/clubes_2026/silhuetas/CHA/FORMATO.png,4,3.75,Rafael de Carvalho Santos,0.0,1,4.94,27,rafael-santos,6,0.0,,,,20.0,,,,,,,,,,11.0,,,,,,
Marcelo Lomba,M. Lomba,68872,PAL,275,0,False,https://s3.glbimg.com/v1/AUTH_58d78b787ec34892b5aaa0c7a146155f/clubes_2026/silhuetas/PAL/FORMATO.png,1,8.9,Marcelo Lomba do Nascimento,0.0,1,7.08,27,marcelo-lomba,6,0.0,,,,3.0,,,,,,,,,,,,,,,1.0,
Philippe Coutinho,P. Coutinho,68899,SAN,277,0,False,https://s3.glbimg.com/v1/AUTH_58d78b787ec34892b5aaa0c7a146155f/clubes_2026/silhuetas/SAN/FORMATO.png,3,8.23,Philippe Coutinho Correia,0.0,4,13.21,27,philippe-coutinho,6,0.0,,,,,,1.0,,6.0,5.0,2.0,1.0,1.0,,,,,,,,
Dudu,Dudu,68920,CAM,282,0,False,https://s3.glbimg.com/v1/AUTH_58d78b787ec34892b5aaa0c7a146155f/clubes_2026/silhuetas/CAM/FORMATO.png,16,2.31,Eduardo Pereira Rodrigues,0.0,5,6.09,27,dudu,6,0.0,,,,,,3.0,3.0,6.0,5.0,12.0,,2.0,,,,,,,,
Rafael,Rafael,68928,SAO,276,0,False,https://s3.glbimg.com/v1/AUTH_58d78b787ec34892b5aaa0c7a146155f/clubes_2026/silhuetas/SAO/FORMATO.png,25,3.23,Rafael Pires Monteiro,0.0,1,7.48,27,rafael,7,0.0,,1.0,,64.0,,,,,,3.0,,,,28.0,,,,,5.0,
Giovanni Augusto,G. Augusto,68938,CHA,315,0,False,https://s3.glbimg.com/v1/AUTH_58d78b787ec34892b5aaa0c7a146155f/clubes_2026/silhuetas/CHA/FORMATO.png,17,3.65,Giovanni Augusto Oliveira Cardoso,0.0,4,4.54,27,giovanni-augusto,7,0.0,5.0,2.0,,,,12.0,11.0,3.0,3.0,21.0,,1.0,,,1.0,,,,,
Marinho,Marinho,68952,VIT,287,0,True,https://s3.glbimg.com/v1/AUTH_58d78b787ec34892b5aaa0c7a146155f/clubes_2026/silhuetas/VIT/FORMATO.png,12,2.02,Mário Sérgio Santos Costa,1.2,5,4.6,27,marinho,6,-0.13,,2.0,,,,9.0,10.0,2.0,5.0,19.0,,,,,2.0,,,,,
Willian José,W. José,68996,BAH,265,0,False,https://s3.glbimg.com/v1/AUTH_58d78b787ec34892b5aaa0c7a146155f/clubes_2026/silhuetas/BAH/FORMATO.png,21,2.33,Willian José da Silva,0.0,5,7.0,27,willian-jose,6,0.0,2.0,,,,,3.0,12.0,5.0,7.0,5.0,1.0,3.0,,,,,1.0,1.0,,
Santos,Santos,69012,CAP,293,0,False,https://s3.glbimg.com/v1/AUTH_58d78b787ec34892b5aaa0c7a146155f/clubes_2026/silhuetas/CAP/FORMATO.png,22,4.21,Aderbar Melo dos Santos Neto,0.0,1,7.97,27,santos,6,0.0,,2.0,,62.0,,,,,,4.0,,,,23.0,,,,,7.0,
Allan,Allan,69140,BOT,263,0,False,https://s3.glbimg.com/v1/AUTH_58d78b787ec34892b5aaa0c7a146155f/clubes_2026/silhuetas/BOT/FORMATO.png,11,2.05,Allan Marques Loureiro,0.0,4,4.5,27,allan,6,0.0,,3.0,,,,16.0,11.0,,3.0,5.0,,,,,,,,,,
Gabriel Paulista,G. Paulista,69208,COR,264,0,False,https://s3.glbimg.com/v1/AUTH_58d78b787ec34892b5aaa0c7a146155f/clubes_2026/silhuetas/COR/FORMATO.png,19,4.13,Gabriel Armando de Abreu,0.0,3,8.25,27,gabriel-paulista,7,0.0,,5.0,,,,20.0,14.0,1.0,11.0,9.0,,1.0,,,1.0,,,,7.0,
Danilo,Danilo,69783,FLA,262,0,True,https://s3.glbimg.com/v1/AUTH_58d78b787ec34892b5aaa0c7a146155f/clubes_2026/silhuetas/FLA/FORMATO.png,9,1.4,Danilo Luiz da Silva,1.5,3,4.85,27,danilo,6,0.12,,,1.0,,,7.0,4.0,,1.0,1.0,,,,,,,,,1.0,
Lucas Moura,L. Moura,70164,SAO,276,0,False,https://s3.glbimg.com/v1/AUTH_58d78b787ec34892b5aaa0c7a146155f/clubes_2026/silhuetas/SAO/FORMATO.png,8,2.32,Lucas Rodrigues Moura da Silva,0.0,4,7.5,27,lucas-moura,6,0.0,1.0,,,,,,5.0,2.0,2.0,6.0,,1.0,,,,,,,,
Eduardo Sasha,E. Sasha,70360,RBB,280,0,False,https://s3.glbimg.com/v1/AUTH_58d78b787ec34892b5aaa0c7a146155f/clubes_2026/silhuetas/RBB/FORMATO.png,18,0.98,Eduardo Colcenti Antunes,0.0,5,3.91,27,eduardo-sasha,5,0.0,,1.0,,,,6.0,2.0,6.0,6.0,13.0,,,,,3.0,,2.0,,,
Felipe Anderson,F. Anderson,70592,PAL,275,0,True,https://s3.glbimg.com/v1/AUTH_58d78b787ec34892b5aaa0c7a146155f/clubes_2026/silhuetas/PAL/FORMATO.png,20,3.34,Felipe Anderson Pereira Gomes,3.0,4,6.46,27,felipe-anderson,6,-0.25,1.0,1.0,,,,25.0,10.0,1.0,5.0,8.0,1.0,2.0,,,,,,,,
Marllon,Marllon,70666,REM,364,0,False,https://s3.glbimg.com/v1/AUTH_58d78b787ec34892b5aaa0c7a146155f/clubes_2026/silhuetas/REM/FORMATO.png,24,2.57,Marllon Gonçalves Jerônimo Borges,0.0,3,5.18,27,marllon,7,0.0,1.0,4.0,,,,27.0,13.0,,3.0,13.0,,1.0,1.0,,,,,,2.0,
Bruno Henrique,B. Henrique,70944,INT,285,0,True,https://s3.glbimg.com/v1/AUTH_58d78b787ec34892b5aaa0c7a146155f/clubes_2026/silhuetas/INT/FORMATO.png,24,2.34,Bruno Henrique Corsini,10.0,4,5.18,27,bruno-henrique,7,0.43,1.0,,,,,17.0,29.0,5.0,11.0,8.0,,2.0,,,1.0,,,,,
Léo Vieira,L. Vieira,71043,BAH,265,0,False,https://s3.glbimg.com/v1/AUTH_58d78b787ec34892b5aaa0c7a146155f/clubes_2026/silhuetas/BAH/FORMATO.png,16,5.02,Leonardo da Silva Vieira,0.0,1,6.82,27,leo-vieira,5,0.0,,1.0,,71.0,,,,,,4.0,,,,23.0,,,,,2.0,
Thiago Mendes,T. Mendes,71123,VAS,267,0,True,https://s3.glbimg.com/v1/AUTH_58d78b787ec34892b5aaa0c7a146155f/clubes_2026/silhuetas/VAS/FORMATO.png,22,4.34,Thiago Henrique Mendes Ribeiro,10.0,4,8.25,27,thiago-mendes,7,0.86,1.0,8.0,,,,18.0,17.0,5.0,8.0,48.0,,5.0,,,1.0,,,,,
Maicon,Maicon,71227,CFC,294,0,False,https://s3.glbimg.com/v1/AUTH_58d78b787ec34892b5aaa0c7a146155f/clubes_2026/silhuetas/CFC/FORMATO.png,15,1.79,Maicon Pereira Roque,0.0,3,3.7,27,maicon,6,0.0,,,1.0,,,7.0,5.0,,,4.0,,,,,1.0,1.0,,,4.0,
Luiz Gustavo,L. Gustavo,71536,CAP,293,0,False,https://s3.glbimg.com/v1/AUTH_58d78b787ec34892b5aaa0c7a146155f/clubes_2026/silhuetas/CAP/FORMATO.png,18,3.53,Luiz Gustavo Dias,0.0,4,6.56,27,luiz-gustavo,7,0.0,,2.0,,,,21.0,18.0,7.0,3.0,21.0,1.0,2.0,,,,1.0,,,,
Weverton,Weverton,71631,GRE,284,0,True,https://s3.glbimg.com/v1/AUTH_58d78b787ec34892b5aaa0c7a146155f/clubes_2026/silhuetas/GRE/FORMATO.png,23,4.55,Weverton Pereira da Silva,2.4,1,7.48,27,weverton,7,-0.46,1.0,2.0,,69.0,2.0,,,,,6.0,,,,29.0,,1.0,,,5.0,
Gustavo Gómez,G. Gómez,71684,PAL,275,0,True,https://s3.glbimg.com/v1/AUTH_58d78b787ec34892b5aaa0c7a146155f/clubes_2026/silhuetas/PAL/FORMATO.png,24,5.37,Gustavo Raúl Gómez Portillo,10.7,3,11.12,27,gustavo-gomez,7,0.18,3.0,2.0,,,,23.0,24.0,2.0,10.0,4.0,,4.0,,,7.0,,,,9.0,
Tiago Volpi,T. Volpi,72018,RBB,280,0,True,https://s3.glbimg.com/v1/AUTH_58d78b787ec34892b5aaa0c7a146155f/clubes_2026/silhuetas/RBB/FORMATO.png,18,5.6,Tiago Luis Volpi,6.8,1,9.93,27,tiago-volpi,7,0.84,,1.0,,57.0,,,,,,3.0,,2.0,,20.0,,,,,6.0,
Thomazella,Thomazella,72279,MIR,2305,0,False,https://s3.glbimg.com/v1/AUTH_58d78b787ec34892b5aaa0c7a146155f/clubes_2026/silhuetas/MIR/FORMATO.png,2,-1.35,Carlos Eduardo Lecciolle Thomazella,0.0,1,0.83,27,thomazella,6,0.0,,,,1.0,,,,,,,,,,4.0,,,,,,
Everson,Everson,72294,CAM,282,0,False,https://s3.glbimg.com/v1/AUTH_58d78b787ec34892b5aaa0c7a146155f/clubes_2026/silhuetas/CAM/FORMATO.png,23,4.58,Everson Felipe Marques Pires,0.0,1,9.67,27,everson,5,0.0,1.0,,,72.0,,,1.0,,,8.0,,,,27.0,,,,,6.0,
Fernando Diniz,F. Diniz,72391,COR,264,0,True,https://s3.glbimg.com/v1/AUTH_58d78b787ec34892b5aaa0c7a146155f/clubes_2026/silhuetas/COR/FORMATO.png,20,5.37,Fernando Diniz Silva,4.14,6,8.83,27,fernando-diniz,7,-0.1,,,,,,,,,,,,,,,,,,,,6.0
Bernard,Bernard,72460,CAM,282,0,True,https://s3.glbimg.com/v1/AUTH_58d78b787ec34892b5aaa0c7a146155f/clubes_2026/silhuetas/CAM/FORMATO.png,22,2.87,Bernard Anício Caldeira Duarte,1.7,4,4.61,27,bernard,7,-0.1,3.0,,,,,16.0,16.0,1.0,5.0,17.0,,2.0,,,3.0,,,,,
Alex Telles,A. Telles,72493,BOT,263,0,True,https://s3.glbimg.com/v1/AUTH_58d78b787ec34892b5aaa0c7a146155f/clubes_2026/silhuetas/BOT/FORMATO.png,20,4.25,Alex Nicolao Telles,9.0,2,9.66,27,alex-telles,7,1.25,4.0,4.0,,,,20.0,23.0,,11.0,8.0,,3.0,,,,1.0,,,2.0,
Vitor Hugo,V. Hugo,72605,CAM,282,0,True,https://s3.glbimg.com/v1/AUTH_58d78b787ec34892b5aaa0c7a146155f/clubes_2026/silhuetas/CAM/FORMATO.png,13,3.46,Vitor Hugo Franchescoli de Souza,0.0,3,6.23,27,vitor-hugo,2,-0.16,,1.0,,,,5.0,6.0,1.0,2.0,3.0,,2.0,,,,,,,4.0,
Mercado,Mercado,72951,INT,285,0,True,https://s3.glbimg.com/v1/AUTH_58d78b787ec34892b5aaa0c7a146155f/clubes_2026/silhuetas/INT/FORMATO.png,17,3.62,Gabriel Iván Mercado,1.7,3,5.88,27,mercado,7,-0.2,,6.0,,,,24.0,16.0,2.0,2.0,9.0,,1.0,,,1.0,,,,4.0,
Daniel Borges,D. Borges,73318,MIR,2305,0,False,https://s3.glbimg.com/v1/AUTH_58d78b787ec34892b5aaa0c7a146155f/clubes_2026/silhuetas/MIR/FORMATO.png,5,3.84,Daniel Fortunato Borges,0.0,2,5.14,27,daniel-borges,6,0.0,,1.0,,,,6.0,3.0,1.0,3.0,7.0,,,,,,,,,1.0,
Samuel Xavier,S. Xavier,73384,FLU,266,0,False,https://s3.glbimg.com/v1/AUTH_58d78b787ec34892b5aaa0c7a146155f/clubes_2026/silhuetas/FLU/FORMATO.png,15,3.56,Samuel Xavier Brito,0.0,2,7.3,27,samuel-xavier,6,0.0,,4.0,,,,21.0,18.0,2.0,2.0,25.0,,,,,2.0,,,,3.0,
Marcão,Marcão,73476,FLU,266,0,True,https://s3.glbimg.com/v1/AUTH_58d78b787ec34892b5aaa0c7a146155f/clubes_2026/silhuetas/FLU/FORMATO.png,5,7.46,Marco Aurélio de Oliveira Breves,5.83,6,12.13,27,marcao,7,-0.82,,,,,,,,,,,,,,,,,,,,3.0
Rodinei,Rodinei,73992,SAN,277,0,True,https://s3.glbimg.com/v1/AUTH_58d78b787ec34892b5aaa0c7a146155f/clubes_2026/silhuetas/SAN/FORMATO.png,1,1.3,Rodinei Marcelo de Almeida,1.3,2,6.71,27,rodinei,7,-0.29,,,,,,1.0,4.0,,,2.0,,,,,,,,,,
Carrillo,Carrillo,77485,COR,264,0,False,https://s3.glbimg.com/v1/AUTH_58d78b787ec34892b5aaa0c7a146155f/clubes_2026/silhuetas/COR/FORMATO.png,20,1.53,André Martín Carrillo Díaz,0.0,4,4.35,27,carrillo,7,0.0,1.0,4.0,,,,20.0,29.0,,6.0,8.0,,,,,3.0,,,,,
Fred,Fred,77510,CAM,282,0,True,https://s3.glbimg.com/v1/AUTH_58d78b787ec34892b5aaa0c7a146155f/clubes_2026/silhuetas/CAM/FORMATO.png,3,2.63,Frederico Rodrigues de Paula Santos,5.8,4,7.97,27,fred,7,0.36,,1.0,,,,2.0,5.0,,3.0,10.0,,,,,,,,,,
Cédric Soares,C. Soares,77656,SAO,276,0,False,https://s3.glbimg.com/v1/AUTH_58d78b787ec34892b5aaa0c7a146155f/clubes_2026/silhuetas/SAO/FORMATO.png,8,0.94,Cédric Ricardo Alves Soares,0.0,2,3.73,27,cedric-soares,6,0.0,,1.0,,,,5.0,2.0,,2.0,,,,,,,,,,,
João Schmidt,J. Schmidt,77777,SAN,277,0,True,https://s3.glbimg.com/v1/AUTH_58d78b787ec34892b5aaa0c7a146155f/clubes_2026/silhuetas/SAN/FORMATO.png,14,2.08,João Felipe Schmidt Urbano,6.4,4,4.96,27,joao-schmidt,6,0.93,,2.0,,,,20.0,20.0,1.0,5.0,4.0,,,,,,,,,,
Everaldo,Everaldo,78117,BAH,265,0,True,https://s3.glbimg.com/v1/AUTH_58d78b787ec34892b5aaa0c7a146155f/clubes_2026/silhuetas/BAH/FORMATO.png,17,3.39,Everaldo Stum,0.0,5,5.55,27,everaldo,6,0.18,,2.0,1.0,,,10.0,13.0,3.0,6.0,16.0,1.0,4.0,,,1.0,,,,,
Gustavo Henrique,G. Henrique,78248,COR,264,0,False,https://s3.glbimg.com/v1/AUTH_58d78b787ec34892b5aaa0c7a146155f/clubes_2026/silhuetas/COR/FORMATO.png,21,3.95,Gustavo Henrique Vernes,0.0,3,8.42,27,gustavo-henrique,7,0.0,1.0,3.0,,,,17.0,19.0,5.0,11.0,8.0,,1.0,,,,1.0,,,7.0,
Vitinho,Vitinho,78435,COR,264,0,False,https://s3.glbimg.com/v1/AUTH_58d78b787ec34892b5aaa0c7a146155f/clubes_2026/silhuetas/COR/FORMATO.png,7,2.13,Victor Vinícius Coelho dos Santos,0.0,5,5.06,27,vitinho,6,0.0,,,,,,5.0,5.0,2.0,5.0,5.0,,,,,,,,,,
Renê,Renê,78445,FLU,266,0,False,https://s3.glbimg.com/v1/AUTH_58d78b787ec34892b5aaa0c7a146155f/clubes_2026/silhuetas/FLU/FORMATO.png,18,6.29,Renê Rodrigues Martins,0.0,2,11.17,27,rene,7,0.0,2.0,1.0,,,,48.0,16.0,4.0,4.0,18.0,,,,,,,,,4.0,
Willian Arão,W. Arão,78478,SAN,277,0,True,https://s3.glbimg.com/v1/AUTH_58d78b787ec34892b5aaa0c7a146155f/clubes_2026/silhuetas/SAN/FORMATO.png,19,3.42,Willian Souza Arão da Silva,6.4,4,6.21,27,willian-arao,7,0.9,,2.0,,,,36.0,10.0,1.0,2.0,5.0,1.0,1.0,,,2.0,,,,,
Gabriel,Gabriel,78605,RBB,280,0,True,https://s3.glbimg.com/v1/AUTH_58d78b787ec34892b5aaa0c7a146155f/clubes_2026/silhuetas/RBB/FORMATO.png,18,3.08,Gabriel Girotto Franco,3.0,4,5.28,27,gabriel,6,0.13,,5.0,,,,25.0,15.0,5.0,3.0,8.0,,2.0,,,,1.0,,,,
Reinaldo,Reinaldo,78850,MIR,2305,0,True,https://s3.glbimg.com/v1/AUTH_58d78b787ec34892b5aaa0c7a146155f/clubes_2026/silhuetas/MIR/FORMATO.png,21,3.24,Reinaldo Manoel da Silva,2.1,2,7.97,27,reinaldo,7,-0.6,4.0,5.0,,,,11.0,13.0,6.0,13.0,14.0,1.0,1.0,,,,,,,1.0,
Thiago Santos,T. Santos,78855,CFC,294,0,False,https://s3.glbimg.com/v1/AUTH_58d78b787ec34892b5aaa0c7a146155f/clubes_2026/silhuetas/CFC/FORMATO.png,18,3.24,Thiago dos Santos,0.0,3,4.3,27,thiago-santos,7,0.0,,7.0,,,,23.0,23.0,2.0,3.0,16.0,,,,,,,,,5.0,
Alex Muralha,A. Muralha,79066,MIR,2305,0,True,https://s3.glbimg.com/v1/AUTH_58d78b787ec34892b5aaa0c7a146155f/clubes_2026/silhuetas/MIR/FORMATO.png,2,4.35,Alex Roberto Santana Rafael,3.2,1,4.99,27,alex-muralha,7,0.22,,1.0,,9.0,,,,,,,,,,3.0,,,,,,
Cano,Cano,79631,FLU,266,0,False,https://s3.glbimg.com/v1/AUTH_58d78b787ec34892b5aaa0c7a146155f/clubes_2026/silhuetas/FLU/FORMATO.png,8,2.28,Germán Ezequiel Cano,0.0,5,4.31,27,cano,5,0.0,,,,,,,1.0,3.0,5.0,,1.0,1.0,,,,,,,,
Lucas Silva,L. Silva,79701,CRU,283,0,True,https://s3.glbimg.com/v1/AUTH_58d78b787ec34892b5aaa0c7a146155f/clubes_2026/silhuetas/CRU/FORMATO.png,17,0.36,Lucas Silva Borges,0.0,4,3.22,27,lucas-silva,6,-0.06,,5.0,,,,7.0,8.0,,2.0,3.0,,,,,,,,,,
Saúl,Saúl,80061,FLA,262,0,False,https://s3.glbimg.com/v1/AUTH_58d78b787ec34892b5aaa0c7a146155f/clubes_2026/silhuetas/FLA/FORMATO.png,7,2.08,Saúl Ñíguez Esclapez,0.0,4,5.86,27,saul,2,0.0,1.0,,,,,7.0,3.0,,,,,,,,,,,,,
Zé Roberto,Z. Roberto,80076,MIR,2305,0,False,https://s3.glbimg.com/v1/AUTH_58d78b787ec34892b5aaa0c7a146155f/clubes_2026/silhuetas/MIR/FORMATO.png,0,0.0,José Roberto Assunção de Araújo Filho,0.0,5,4.0,27,ze-roberto,6,0.0,,,,,,,,,,,,,,,,,,,,
Jadson,Jadson,80129,CAP,293,0,False,https://s3.glbimg.com/v1/AUTH_58d78b787ec34892b5aaa0c7a146155f/clubes_2026/silhuetas/CAP/FORMATO.png,19,3.67,Jadson Alves dos Santos,0.0,4,5.15,27,jadson,7,0.0,1.0,5.0,,,,42.0,22.0,2.0,1.0,20.0,,,,,,,,,,
Yago Pikachu,Y. Pikachu,80196,REM,364,0,True,https://s3.glbimg.com/v1/AUTH_58d78b787ec34892b5aaa0c7a146155f/clubes_2026/silhuetas/REM/FORMATO.png,26,2.29,Glaybson Yago Souza Lisboa,0.7,4,4.72,27,yago-pikachu,7,-0.04,1.0,2.0,1.0,,,13.0,11.0,6.0,6.0,21.0,,3.0,,,1.0,,1.0,1.0,,
Luciano,Luciano,80287,SAO,276,0,False,https://s3.glbimg.com/v1/AUTH_58d78b787ec34892b5aaa0c7a146155f/clubes_2026/silhuetas/SAO/FORMATO.png,21,5.53,Luciano da Rocha Neves,0.0,5,13.73,27,luciano,7,0.0,1.0,4.0,,,,13.0,24.0,8.0,16.0,33.0,1.0,8.0,,,8.0,,1.0,2.0,,
Gilberto,Gilberto,80313,CAP,293,0,False,https://s3.glbimg.com/v1/AUTH_58d78b787ec34892b5aaa0c7a146155f/clubes_2026/silhuetas/CAP/FORMATO.png,13,4.74,Gilberto Moraes Júnior,0.0,2,7.36,27,gilberto,7,0.0,1.0,,,,,21.0,5.0,4.0,3.0,3.0,1.0,,,,1.0,,,,3.0,
Wendell,Wendell,80570,SAO,276,0,True,https://s3.glbimg.com/v1/AUTH_58d78b787ec34892b5aaa0c7a146155f/clubes_2026/silhuetas/SAO/FORMATO.png,18,4.28,Wendell Nascimento Borges,4.7,2,8.27,27,wendell,7,-0.39,3.0,4.0,,,,30.0,38.0,2.0,4.0,14.0,,,,,2.0,,,,4.0,
André Luis,A. Luis,81005,MIR,2305,0,True,https://s3.glbimg.com/v1/AUTH_58d78b787ec34892b5aaa0c7a146155f/clubes_2026/silhuetas/MIR/FORMATO.png,13,1.01,André Luis Silva de Aguiar,2.0,5,3.17,27,andre-luis,6,0.26,,2.0,,,,1.0,6.0,,2.0,12.0,,1.0,,,1.0,,,,,
Jair,Jair,81091,VAS,267,0,True,https://s3.glbimg.com/v1/AUTH_58d78b787ec34892b5aaa0c7a146155f/clubes_2026/silhuetas/VAS/FORMATO.png,4,2.47,Jair Rodrigues Júnior,0.5,4,5.81,27,jair,2,-0.56,,,,,,6.0,2.0,,,3.0,,,,,,,,,,
Lingard,Lingard,81720,COR,264,0,True,https://s3.glbimg.com/v1/AUTH_58d78b787ec34892b5aaa0c7a146155f/clubes_2026/silhuetas/COR/FORMATO.png,16,1.71,Jesse Ellis Lingard,1.7,5,3.96,27,lingard,6,-0.03,1.0,2.0,,,,12.0,18.0,3.0,6.0,7.0,,,,,1.0,,,,,
Alisson,Alisson,81845,FLU,266,0,False,https://s3.glbimg.com/v1/AUTH_58d78b787ec34892b5aaa0c7a146155f/clubes_2026/silhuetas/FLU/FORMATO.png,8,0.96,Alisson Euler de Freitas Castro,0.0,4,3.52,27,alisson,6,0.0,1.0,3.0,,,,3.0,5.0,1.0,,5.0,,,,,,1.0,,,,
Chico Kim,C. Kim,82407,MIR,2305,0,True,https://s3.glbimg.com/v1/AUTH_58d78b787ec34892b5aaa0c7a146155f/clubes_2026/silhuetas/MIR/FORMATO.png,6,1.32,Francisco Hyun-Sol Kim,6.2,4,3.64,27,chico-kim,6,1.15,,,,,,3.0,3.0,1.0,2.0,3.0,,,,,,,,,,
Otávio,Otávio,82463,FLU,266,0,True,https://s3.glbimg.com/v1/AUTH_58d78b787ec34892b5aaa0c7a146155f/clubes_2026/silhuetas/FLU/FORMATO.png,7,1.34,Otávio Henrique Passos Santos,5.9,4,3.64,27,otavio,6,0.77,,2.0,,,,7.0,7.0,1.0,1.0,2.0,,,,,,,,,,
Luiz Araújo,L. Araújo,82627,FLA,262,0,False,https://s3.glbimg.com/v1/AUTH_58d78b787ec34892b5aaa0c7a146155f/clubes_2026/silhuetas/FLA/FORMATO.png,14,3.09,Luiz de Araújo Guimarães Neto,0.0,5,6.92,27,luiz-araujo,2,0.0,1.0,2.0,,,,12.0,8.0,2.0,3.0,8.0,,2.0,,,1.0,,,,,
Tinga,Tinga,82628,CFC,294,0,False,https://s3.glbimg.com/v1/AUTH_58d78b787ec34892b5aaa0c7a146155f/clubes_2026/silhuetas/CFC/FORMATO.png,16,3.59,Guilherme de Jesus da Silva,0.0,2,5.53,27,tinga,5,0.0,2.0,,,,,20.0,3.0,1.0,2.0,11.0,,,,,,,,,2.0,
Marcelo Rangel,M. Rangel,82730,REM,364,0,True,https://s3.glbimg.com/v1/AUTH_58d78b787ec34892b5aaa0c7a146155f/clubes_2026/silhuetas/REM/FORMATO.png,26,4.0,Marcelo Rangel da Rosa,8.1,1,6.43,27,marcelo-rangel,7,0.57,,2.0,,101.0,1.0,,,,,6.0,,,,45.0,,,,,2.0,
Lucas Ramon,L. Ramon,82775,SAO,276,0,False,https://s3.glbimg.com/v1/AUTH_58d78b787ec34892b5aaa0c7a146155f/clubes_2026/silhuetas/SAO/FORMATO.png,19,4.98,Lucas Ramon Batista Silva,0.0,2,10.86,27,lucas-ramon,7,0.0,2.0,2.0,1.0,,,33.0,17.0,4.0,6.0,26.0,1.0,,,,3.0,,,,4.0,
Rafael Thyere,R. Thyere,83048,CHA,315,0,False,https://s3.glbimg.com/v1/AUTH_58d78b787ec34892b5aaa0c7a146155f/clubes_2026/silhuetas/CHA/FORMATO.png,3,-0.1,Rafael Thyere de Albuquerque Marques,0.0,3,2.75,27,rafael-thyere,6,0.0,,,,,,2.0,1.0,,,,,,1.0,,,,,,,
Ygor Vinhas,Y. Vinhas,83074,REM,364,0,False,https://s3.glbimg.com/v1/AUTH_58d78b787ec34892b5aaa0c7a146155f/clubes_2026/silhuetas/REM/FORMATO.png,0,0.0,Ygor Vinhas Oliveira Lima,0.0,1,3.0,27,ygor-vinhas,6,0.0,,,,,,,,,,,,,,,,,,,,
Gabriel,Gabriel,83257,SAN,277,0,False,https://s3.glbimg.com/v1/AUTH_58d78b787ec34892b5aaa0c7a146155f/clubes_2026/silhuetas/SAN/FORMATO.png,17,5.28,Gabriel Barbosa Almeida,0.0,5,10.57,27,gabriel,7,0.0,2.0,5.0,1.0,,,4.0,6.0,2.0,17.0,7.0,,8.0,,,12.0,,,1.0,,
Patrick,Patrick,83433,REM,364,0,True,https://s3.glbimg.com/v1/AUTH_58d78b787ec34892b5aaa0c7a146155f/clubes_2026/silhuetas/REM/FORMATO.png,23,3.73,Patrick Bezerra do Nascimento,2.2,4,5.31,27,patrick,7,-0.28,,,,,,42.0,15.0,2.0,7.0,23.0,3.0,,,,1.0,1.0,,,,
Léo Pereira,L. Pereira,83528,FLA,262,0,False,https://s3.glbimg.com/v1/AUTH_58d78b787ec34892b5aaa0c7a146155f/clubes_2026/silhuetas/FLA/FORMATO.png,20,5.03,Leonardo Pereira,0.0,3,10.07,27,leo-pereira,7,0.0,1.0,5.0,,,,15.0,14.0,3.0,10.0,9.0,,2.0,,,,,,,10.0,
Tiquinho Soares,T. Soares,84042,BOT,263,0,True,https://s3.glbimg.com/v1/AUTH_58d78b787ec34892b5aaa0c7a146155f/clubes_2026/silhuetas/BOT/FORMATO.png,8,1.5,Francisco das Chagas Soares dos Santos Meireles,-0.2,5,4.69,27,tiquinho-soares,6,-0.59,,1.0,,,,3.0,6.0,3.0,5.0,6.0,,,,,3.0,,,,,
Georgemy,Georgemy,84268,MIR,2305,0,False,https://s3.glbimg.com/v1/AUTH_58d78b787ec34892b5aaa0c7a146155f/clubes_2026/silhuetas/MIR/FORMATO.png,0,0.0,Georgemy Gonçalves,0.0,1,3.0,27,georgemy,6,0.0,,,,,,,,,,,,,,,,,,,,
Bruno Melo,B. Melo,84339,CFC,294,0,False,https://s3.glbimg.com/v1/AUTH_58d78b787ec34892b5aaa0c7a146155f/clubes_2026/silhuetas/CFC/FORMATO.png,24,3.06,Bruno Ferreira Melo,0.0,2,5.07,27,bruno-melo,7,0.0,1.0,2.0,1.0,,,18.0,10.0,,7.0,12.0,,1.0,,,3.0,,,,6.0,
Lucas Romero,L. Romero,84558,CRU,283,0,True,https://s3.glbimg.com/v1/AUTH_58d78b787ec34892b5aaa0c7a146155f/clubes_2026/silhuetas/CRU/FORMATO.png,19,4.89,Lucas Daniel Romero,3.0,4,8.51,27,lucas-romero,2,-1.37,3.0,3.0,,,,35.0,23.0,5.0,4.0,22.0,,2.0,,,,1.0,,,,
Josué,Josué,84626,CFC,294,0,False,https://s3.glbimg.com/v1/AUTH_58d78b787ec34892b5aaa0c7a146155f/clubes_2026/silhuetas/CFC/FORMATO.png,23,4.01,Josué Filipe Soares Pesqueira,0.0,4,5.65,27,josue,7,0.0,9.0,2.0,1.0,,,10.0,21.0,7.0,9.0,34.0,1.0,1.0,,,,,,,,
Lucas Evangelista,L. Evangelista,84674,PAL,275,0,True,https://s3.glbimg.com/v1/AUTH_58d78b787ec34892b5aaa0c7a146155f/clubes_2026/silhuetas/PAL/FORMATO.png,22,1.2,Lucas Evangelista Santana de Oliveira,1.3,4,3.98,27,lucas-evangelista,7,-0.31,1.0,,,,,7.0,8.0,1.0,5.0,17.0,,,,,1.0,,,,,
Jorginho,Jorginho,84735,FLA,262,0,True,https://s3.glbimg.com/v1/AUTH_58d78b787ec34892b5aaa0c7a146155f/clubes_2026/silhuetas/FLA/FORMATO.png,20,3.85,Jorge Luiz Frello Filho,-0.5,4,8.22,27,jorginho,7,-0.68,2.0,4.0,1.0,,,32.0,18.0,,3.0,26.0,,2.0,,,,,,,,
Varela,Varela,84816,FLA,262,0,True,https://s3.glbimg.com/v1/AUTH_58d78b787ec34892b5aaa0c7a146155f/clubes_2026/silhuetas/FLA/FORMATO.png,19,4.22,Guillermo Varela Olivera,1.0,2,7.54,27,varela,6,-0.01,2.0,3.0,,,,20.0,9.0,,4.0,14.0,,,,,1.0,,,1.0,7.0,
Luan Peres,L. Peres,84847,SAN,277,0,True,https://s3.glbimg.com/v1/AUTH_58d78b787ec34892b5aaa0c7a146155f/clubes_2026/silhuetas/SAN/FORMATO.png,19,3.31,Luan Peres Petroni,4.2,3,5.3,27,luan-peres,6,0.19,,2.0,1.0,,,21.0,21.0,,2.0,16.0,,1.0,,,,,,,5.0,
Sanabria,Sanabria,85035,INT,285,0,True,https://s3.glbimg.com/v1/AUTH_58d78b787ec34892b5aaa0c7a146155f/clubes_2026/silhuetas/INT/FORMATO.png,3,-0.23,Arnaldo Antonio Sanabria Ayala,-0.1,5,3.88,27,sanabria,6,-0.61,,,,,,,2.0,,,,,,,,1.0,,,,,
Memphis Depay,M. Depay,85048,COR,264,0,False,https://s3.glbimg.com/v1/AUTH_58d78b787ec34892b5aaa0c7a146155f/clubes_2026/silhuetas/COR/FORMATO.png,10,2.27,Memphis Depay,0.0,5,9.1,27,memphis-depay,7,0.0,,,,,,2.0,4.0,3.0,5.0,11.0,,1.0,,,2.0,,,,,
Danielzinho,Danielzinho,85403,SAO,276,0,True,https://s3.glbimg.com/v1/AUTH_58d78b787ec34892b5aaa0c7a146155f/clubes_2026/silhuetas/SAO/FORMATO.png,23,2.5,Daniel de Oliveira Sertanejo,2.0,4,6.1,27,danielzinho,6,-0.17,1.0,2.0,,,,20.0,20.0,1.0,4.0,34.0,,1.0,,,,,,1.0,,
João Paulo,J. Paulo,85425,SAN,277,0,False,https://s3.glbimg.com/v1/AUTH_58d78b787ec34892b5aaa0c7a146155f/clubes_2026/silhuetas/SAN/FORMATO.png,2,-0.35,João Paulo Silva Martins,0.0,1,6.94,27,joao-paulo,6,0.0,,2.0,,6.0,,,,,,1.0,,,,7.0,,,,,,
Alex Santana,A. Santana,85465,COR,264,0,False,https://s3.glbimg.com/v1/AUTH_58d78b787ec34892b5aaa0c7a146155f/clubes_2026/silhuetas/COR/FORMATO.png,1,0.8,Alex Paulo Menezes Santana,0.0,4,4.02,27,alex-santana,6,0.0,,,,,,,,,1.0,,,,,,,,,,,
Léo,Léo,85626,CAP,293,0,False,https://s3.glbimg.com/v1/AUTH_58d78b787ec34892b5aaa0c7a146155f/clubes_2026/silhuetas/CAP/FORMATO.png,2,4.9,Leonardo Pinheiro da Conceição,0.0,3,6.77,27,leo,6,0.0,,,,,,4.0,4.0,,,,,,,,,,,,1.0,
Bolasie,Bolasie,86292,CHA,315,0,True,https://s3.glbimg.com/v1/AUTH_58d78b787ec34892b5aaa0c7a146155f/clubes_2026/silhuetas/CHA/FORMATO.png,18,2.23,Yannick Bolasie,-1.6,5,3.77,27,bolasie,6,-1.12,2.0,4.0,,,,5.0,22.0,7.0,12.0,15.0,1.0,1.0,,,3.0,,1.0,1.0,,
Victor Luis,V. Luis,86410,MIR,2305,0,False,https://s3.glbimg.com/v1/AUTH_58d78b787ec34892b5aaa0c7a146155f/clubes_2026/silhuetas/MIR/FORMATO.png,7,1.2,Victor Luis Chuab Zamblauskas,0.0,2,3.65,27,victor-luis,6,0.0,,2.0,,,,4.0,7.0,,2.0,2.0,,,,,1.0,1.0,,,1.0,
Keno,Keno,86485,CFC,294,0,False,https://s3.glbimg.com/v1/AUTH_58d78b787ec34892b5aaa0c7a146155f/clubes_2026/silhuetas/CFC/FORMATO.png,7,0.61,Marcos da Silva França,0.0,5,3.09,27,keno,5,0.0,,,,,,,2.0,1.0,1.0,6.0,,,,,1.0,,,,,
Tchê Tchê,T. Tchê,86686,VAS,267,0,True,https://s3.glbimg.com/v1/AUTH_58d78b787ec34892b5aaa0c7a146155f/clubes_2026/silhuetas/VAS/FORMATO.png,19,2.95,Danilo das Neves Pinheiro,4.6,4,4.97,27,tche-tche,3,0.29,,3.0,,,,20.0,17.0,5.0,6.0,15.0,,2.0,,,1.0,,,,,
Richard,Richard,86711,CFC,294,0,False,https://s3.glbimg.com/v1/AUTH_58d78b787ec34892b5aaa0c7a146155f/clubes_2026/silhuetas/CFC/FORMATO.png,0,0.0,Richard Cândido Coelho,0.0,4,4.0,27,richard,6,0.0,,,,,,,,,,,,,,,,,,,,
Everton,Everton,86757,SAN,277,0,True,https://s3.glbimg.com/v1/AUTH_58d78b787ec34892b5aaa0c7a146155f/clubes_2026/silhuetas/SAN/FORMATO.png,11,2.07,Everton Sousa Soares,5.0,5,6.07,27,everton,3,0.11,1.0,2.0,,,,4.0,8.0,3.0,12.0,6.0,,,,,,,,,,
Danilo Barbosa,D. Barbosa,86777,GRE,284,0,False,https://s3.glbimg.com/v1/AUTH_58d78b787ec34892b5aaa0c7a146155f/clubes_2026/silhuetas/GRE/FORMATO.png,3,0.73,Danilo Barbosa da Silva,0.0,4,4.61,27,danilo-barbosa,6,0.0,,,,,,1.0,1.0,,,2.0,,,,,,,,,,
José Welison,J. Welison,86859,REM,364,0,True,https://s3.glbimg.com/v1/AUTH_58d78b787ec34892b5aaa0c7a146155f/clubes_2026/silhuetas/REM/FORMATO.png,22,2.61,José Welison da Silva - Zé,4.7,4,3.97,27,jose-welison,6,0.71,,5.0,,,,38.0,34.0,1.0,13.0,14.0,,,1.0,,,,,,,
Marlon,Marlon,86864,REM,364,0,True,https://s3.glbimg.com/v1/AUTH_58d78b787ec34892b5aaa0c7a146155f/clubes_2026/silhuetas/REM/FORMATO.png,5,3.86,Marlon Matheus Lopes do Nascimento,2.3,2,5.72,27,marlon,7,-0.52,,1.0,,,,12.0,4.0,1.0,1.0,3.0,,,,,,,,,,
Léo Jardim,L. Jardim,87008,VAS,267,0,True,https://s3.glbimg.com/v1/AUTH_58d78b787ec34892b5aaa0c7a146155f/clubes_2026/silhuetas/VAS/FORMATO.png,25,2.75,Leonardo César Jardim,5.5,1,6.38,27,leo-jardim,7,0.29,,1.0,,75.0,,1.0,1.0,,,3.0,,,,40.0,,,,,2.0,
Guilherme Arana,G. Arana,87228,FLU,266,0,True,https://s3.glbimg.com/v1/AUTH_58d78b787ec34892b5aaa0c7a146155f/clubes_2026/silhuetas/FLU/FORMATO.png,16,3.55,Guilherme Antonio Arana Lopes,4.7,2,7.88,27,guilherme-arana,6,-0.23,,2.0,,,,16.0,10.0,5.0,8.0,5.0,,1.0,,,1.0,,,,3.0,
Soteldo,Soteldo,87258,FLU,266,0,False,https://s3.glbimg.com/v1/AUTH_58d78b787ec34892b5aaa0c7a146155f/clubes_2026/silhuetas/FLU/FORMATO.png,19,2.12,Yeferson Julio Soteldo Martínez,0.0,5,4.53,27,soteldo,7,0.0,2.0,1.0,,,,8.0,3.0,5.0,8.0,16.0,,,,,1.0,,,,,
Kannemann,Kannemann,87342,GRE,284,0,True,https://s3.glbimg.com/v1/AUTH_58d78b787ec34892b5aaa0c7a146155f/clubes_2026/silhuetas/GRE/FORMATO.png,4,0.73,Walter Kannemann,4.5,3,3.82,27,kannemann,6,-0.12,,3.0,,,,5.0,2.0,,,,,,,,,1.0,,,,
Thaciano,Thaciano,87470,SAN,277,0,True,https://s3.glbimg.com/v1/AUTH_58d78b787ec34892b5aaa0c7a146155f/clubes_2026/silhuetas/SAN/FORMATO.png,16,2.13,Thaciano Mickael da Silva,1.1,4,5.57,27,thaciano,7,0.05,,1.0,,,,7.0,3.0,2.0,5.0,7.0,,2.0,,,5.0,,,,,
Vitor Bueno,V. Bueno,87552,REM,364,0,True,https://s3.glbimg.com/v1/AUTH_58d78b787ec34892b5aaa0c7a146155f/clubes_2026/silhuetas/REM/FORMATO.png,20,3.98,Vitor Frezarin Bueno,13.0,4,8.39,27,vitor-bueno,6,1.66,3.0,1.0,,,,7.0,11.0,9.0,6.0,15.0,1.0,4.0,,,,,,,,
Neto Moura,N. Moura,87742,MIR,2305,0,False,https://s3.glbimg.com/v1/AUTH_58d78b787ec34892b5aaa0c7a146155f/clubes_2026/silhuetas/MIR/FORMATO.png,14,1.76,Antônio Francisco Moura Neto,0.0,4,3.88,27,neto-moura,6,0.0,,6.0,,,,16.0,13.0,2.0,7.0,5.0,,,,,,,,,,
Yago Felipe,Y. Felipe,87747,CHA,315,0,True,https://s3.glbimg.com/v1/AUTH_58d78b787ec34892b5aaa0c7a146155f/clubes_2026/silhuetas/CHA/FORMATO.png,5,5.7,Yago Felipe da Costa Rocha,1.0,4,8.16,27,yago-felipe,7,-0.82,1.0,2.0,,,,14.0,12.0,4.0,1.0,5.0,,,,,,,,,,
Arrascaeta,Arrascaeta,87863,FLA,262,0,True,https://s3.glbimg.com/v1/AUTH_58d78b787ec34892b5aaa0c7a146155f/clubes_2026/silhuetas/FLA/FORMATO.png,18,5.3,Giorgian Daniel de Arrascaeta Benedetti,2.8,4,13.42,27,arrascaeta,7,-0.74,4.0,2.0,,,,11.0,8.0,7.0,17.0,15.0,3.0,3.0,,,1.0,,,1.0,,
Balbuena,Balbuena,87887,GRE,284,0,False,https://s3.glbimg.com/v1/AUTH_58d78b787ec34892b5aaa0c7a146155f/clubes_2026/silhuetas/GRE/FORMATO.png,7,3.94,Fabián Cornelio Balbuena González,0.0,3,6.98,27,balbuena,6,0.0,,,,,,11.0,2.0,,1.0,2.0,,,,,1.0,,,,2.0,
Gustavo Scarpa,G. Scarpa,87999,CAM,282,0,True,https://s3.glbimg.com/v1/AUTH_58d78b787ec34892b5aaa0c7a146155f/clubes_2026/silhuetas/CAM/FORMATO.png,13,2.88,Gustavo Henrique Furtado Scarpa,2.7,4,6.41,27,gustavo-scarpa,6,0.08,1.0,,,,,6.0,3.0,4.0,7.0,6.0,1.0,1.0,,,1.0,,,,,
Ivan,Ivan,88136,REM,364,0,False,https://s3.glbimg.com/v1/AUTH_58d78b787ec34892b5aaa0c7a146155f/clubes_2026/silhuetas/REM/FORMATO.png,1,10.2,Ivan Quaresma da Silva,0.0,1,7.58,27,ivan,6,0.0,,,,4.0,,,,,,,,,,,,,,,1.0,
Ayrton Lucas,A. Lucas,88393,FLA,262,0,True,https://s3.glbimg.com/v1/AUTH_58d78b787ec34892b5aaa0c7a146155f/clubes_2026/silhuetas/FLA/FORMATO.png,16,5.31,Ayrton Lucas Dantas de Medeiros,4.9,2,8.94,27,ayrton-lucas,7,-0.11,2.0,,,,,14.0,14.0,5.0,6.0,5.0,,,,,,,,,9.0,
Walace,Walace,88479,VIT,287,0,False,https://s3.glbimg.com/v1/AUTH_58d78b787ec34892b5aaa0c7a146155f/clubes_2026/silhuetas/VIT/FORMATO.png,6,1.23,Walace Souza Silva,0.0,4,2.99,27,walace,5,0.0,,,,,,3.0,4.0,1.0,3.0,1.0,,,,,,,,,,
Leonardo Jardim,L. Jardim,88963,FLA,262,0,True,https://s3.glbimg.com/v1/AUTH_58d78b787ec34892b5aaa0c7a146155f/clubes_2026/silhuetas/FLA/FORMATO.png,23,7.39,José Leonardo Nunes Alves Sousa Jardim,7.09,6,13.21,27,leonardo-jardim,7,-0.21,,,,,,,,,,,,,,,,,,,,15.0
Gerson,Gerson,89256,CRU,283,0,True,https://s3.glbimg.com/v1/AUTH_58d78b787ec34892b5aaa0c7a146155f/clubes_2026/silhuetas/CRU/FORMATO.png,23,4.73,Gerson Santos da Silva,10.4,4,9.51,27,gerson,7,-0.1,3.0,4.0,,,,45.0,25.0,7.0,8.0,47.0,,,,,5.0,,,,,
João Pedro,J. Pedro,89273,GRE,284,0,False,https://s3.glbimg.com/v1/AUTH_58d78b787ec34892b5aaa0c7a146155f/clubes_2026/silhuetas/GRE/FORMATO.png,6,0.6,João Pedro Maturano dos Santos,0.0,2,2.73,27,joao-pedro,6,0.0,,,,,,3.0,6.0,,,2.0,,,,,1.0,,,,,
Andreas Pereira,A. Pereira,89274,PAL,275,0,True,https://s3.glbimg.com/v1/AUTH_58d78b787ec34892b5aaa0c7a146155f/clubes_2026/silhuetas/PAL/FORMATO.png,26,4.69,Andreas Hugo Hoelgebaum Pereira,1.2,4,11.34,27,andreas-pereira,7,-0.88,10.0,3.0,,,,27.0,23.0,7.0,18.0,22.0,,1.0,,,3.0,,,,,
William,William,89275,CRU,283,0,False,https://s3.glbimg.com/v1/AUTH_58d78b787ec34892b5aaa0c7a146155f/clubes_2026/silhuetas/CRU/FORMATO.png,12,4.07,Willian de Asevedo Furtado,0.0,2,8.95,27,william,6,0.0,,1.0,1.0,,,22.0,13.0,4.0,2.0,5.0,,,,,1.0,,,,3.0,
Braithwaite,Braithwaite,89368,GRE,284,0,False,https://s3.glbimg.com/v1/AUTH_58d78b787ec34892b5aaa0c7a146155f/clubes_2026/silhuetas/GRE/FORMATO.png,16,0.48,Martin Christensen Braithwaite,0.0,5,5.31,27,braithwaite,6,0.0,,,,,,3.0,9.0,1.0,2.0,7.0,,,,,4.0,,,,,
Igor Rabello,I. Rabello,89493,FLU,266,0,True,https://s3.glbimg.com/v1/AUTH_58d78b787ec34892b5aaa0c7a146155f/clubes_2026/silhuetas/FLU/FORMATO.png,3,5.43,Igor Rabello da Costa,3.0,3,7.78,27,igor-rabello,6,-0.28,,,,,,7.0,,,1.0,,,,,,,,,,1.0,
Thiago Maia,T. Maia,89637,INT,285,0,False,https://s3.glbimg.com/v1/AUTH_58d78b787ec34892b5aaa0c7a146155f/clubes_2026/silhuetas/INT/FORMATO.png,12,2.02,Thiago Maia Alencar,0.0,4,4.72,27,thiago-maia,7,0.0,2.0,,,,,9.0,4.0,1.0,,2.0,,,,,1.0,,,,,
Lucho Acosta,L. Acosta,89837,FLU,266,0,True,https://s3.glbimg.com/v1/AUTH_58d78b787ec34892b5aaa0c7a146155f/clubes_2026/silhuetas/FLU/FORMATO.png,21,4.71,Luciano Federico Acosta,1.0,4,9.76,27,lucho-acosta,6,-1.24,4.0,5.0,,,,22.0,20.0,5.0,13.0,17.0,,4.0,,,,,,,,
Calleri,Calleri,89840,SAO,276,0,False,https://s3.glbimg.com/v1/AUTH_58d78b787ec34892b5aaa0c7a146155f/clubes_2026/silhuetas/SAO/FORMATO.png,22,5.02,Jonathan Calleri,0.0,5,10.92,27,calleri,7,0.0,1.0,5.0,,,,15.0,35.0,7.0,19.0,41.0,,7.0,,,7.0,1.0,,,,
Dodi,Dodi,89883,GRE,284,0,False,https://s3.glbimg.com/v1/AUTH_58d78b787ec34892b5aaa0c7a146155f/clubes_2026/silhuetas/GRE/FORMATO.png,8,-0.01,Douglas Moreira Fagundes,0.0,4,2.3,27,dodi,5,0.0,,2.0,,,,2.0,8.0,,1.0,1.0,,,,,,,,,,
Mendoza,Mendoza,90031,CAP,293,0,False,https://s3.glbimg.com/v1/AUTH_58d78b787ec34892b5aaa0c7a146155f/clubes_2026/silhuetas/CAP/FORMATO.png,24,4.19,John Stiven Mendoza Valencia,0.0,5,7.47,27,mendoza,7,0.0,1.0,,,,,18.0,11.0,5.0,13.0,13.0,3.0,5.0,,,3.0,,,,,
Bruno Pacheco,B. Pacheco,90061,CHA,315,0,True,https://s3.glbimg.com/v1/AUTH_58d78b787ec34892b5aaa0c7a146155f/clubes_2026/silhuetas/CHA/FORMATO.png,16,4.78,Bruno de Jesus Pacheco,10.9,2,7.76,27,bruno-pacheco,7,1.06,3.0,3.0,,,,31.0,11.0,,1.0,15.0,,1.0,,,1.0,,,,1.0,
Bruno Henrique,B. Henrique,90285,FLA,262,0,True,https://s3.glbimg.com/v1/AUTH_58d78b787ec34892b5aaa0c7a146155f/clubes_2026/silhuetas/FLA/FORMATO.png,18,2.97,Bruno Henrique Pinto,10.2,5,6.63,27,bruno-henrique,2,1.22,3.0,3.0,,,,9.0,14.0,4.0,7.0,12.0,,2.0,,,3.0,,,,,
Pedro Rocha,P. Rocha,90302,CFC,294,0,False,https://s3.glbimg.com/v1/AUTH_58d78b787ec34892b5aaa0c7a146155f/clubes_2026/silhuetas/CFC/FORMATO.png,25,4.82,Pedro Rocha Neves,0.0,5,8.88,27,pedro-rocha,7,0.0,1.0,1.0,1.0,,,10.0,25.0,13.0,22.0,26.0,1.0,8.0,,,11.0,,,,,
David,David,90309,VAS,267,0,False,https://s3.glbimg.com/v1/AUTH_58d78b787ec34892b5aaa0c7a146155f/clubes_2026/silhuetas/VAS/FORMATO.png,20,2.17,David Corrêa da Fonseca,0.0,5,4.93,27,david,6,0.0,1.0,,,,,4.0,14.0,4.0,6.0,8.0,,3.0,,,12.0,,,,,
Matheus Pereira,M. Pereira,90370,COR,264,0,True,https://s3.glbimg.com/v1/AUTH_58d78b787ec34892b5aaa0c7a146155f/clubes_2026/silhuetas/COR/FORMATO.png,18,0.89,Matheus Pereira da Silva,0.0,4,2.95,27,matheus-pereira,6,-0.13,,2.0,,,,9.0,13.0,2.0,5.0,4.0,,,,,,,,,,
Arthur Melo,A. Melo,90532,SAN,277,0,True,https://s3.glbimg.com/v1/AUTH_58d78b787ec34892b5aaa0c7a146155f/clubes_2026/silhuetas/SAN/FORMATO.png,12,3.24,Arthur Henrique Ramos de Oliveira Melo,4.2,4,7.95,27,arthur-melo,6,0.22,,1.0,,,,15.0,8.0,,1.0,38.0,,,,,,,,,,
Caíque,Caíque,90588,VIT,287,0,True,https://s3.glbimg.com/v1/AUTH_58d78b787ec34892b5aaa0c7a146155f/clubes_2026/silhuetas/VIT/FORMATO.png,20,2.6,Caique de Jesus Gonçalves,1.9,4,4.66,27,caique,2,-0.27,,5.0,,,,33.0,21.0,1.0,2.0,24.0,,,,,,1.0,,,,
Matheuzinho,Matheuzinho,90703,VIT,287,0,False,https://s3.glbimg.com/v1/AUTH_58d78b787ec34892b5aaa0c7a146155f/clubes_2026/silhuetas/VIT/FORMATO.png,22,3.32,Matheus Martins Fogaça de Paulo,0.0,4,5.74,27,matheuzinho,7,0.0,1.0,3.0,,,,12.0,11.0,13.0,12.0,29.0,,2.0,,,2.0,,,1.0,,
Fabrício Bruno,F. Bruno,90768,CRU,283,0,True,https://s3.glbimg.com/v1/AUTH_58d78b787ec34892b5aaa0c7a146155f/clubes_2026/silhuetas/CRU/FORMATO.png,23,1.89,Fabrício Bruno Soares de Faria,-2.8,3,5.25,27,fabricio-bruno,7,-0.53,,8.0,,,,19.0,14.0,4.0,4.0,6.0,,,1.0,,,1.0,,,4.0,
Carlos Eduardo,C. Eduardo,90917,MIR,2305,0,False,https://s3.glbimg.com/v1/AUTH_58d78b787ec34892b5aaa0c7a146155f/clubes_2026/silhuetas/MIR/FORMATO.png,14,2.82,Carlos Eduardo Ferreira de Souza,0.0,5,4.72,27,carlos-eduardo,6,0.0,1.0,1.0,,,,9.0,9.0,2.0,7.0,16.0,,1.0,,,5.0,,,1.0,,
Ronaldo,Ronaldo,91101,BAH,265,0,True,https://s3.glbimg.com/v1/AUTH_58d78b787ec34892b5aaa0c7a146155f/clubes_2026/silhuetas/BAH/FORMATO.png,17,4.99,Ronaldo de Oliveira Strada,1.6,1,7.51,27,ronaldo,7,-1.11,,2.0,,53.0,,1.0,,,,1.0,,,,14.0,,,,,6.0,
Fernandinho,Fernandinho,91130,MIR,2305,0,True,https://s3.glbimg.com/v1/AUTH_58d78b787ec34892b5aaa0c7a146155f/clubes_2026/silhuetas/MIR/FORMATO.png,7,1.79,Fernando José Marques Maciel,-0.1,5,3.53,27,fernandinho,7,-0.15,,1.0,,,,7.0,8.0,1.0,1.0,7.0,,,,,1.0,,,,,
Kaio,Kaio,91158,BOT,263,0,False,https://s3.glbimg.com/v1/AUTH_58d78b787ec34892b5aaa0c7a146155f/clubes_2026/silhuetas/BOT/FORMATO.png,0,0.0,Kaio Fernando da Silva Pantaleão,0.0,3,7.0,27,kaio,5,0.0,,,,,,,,,,,,,,,,,,,,
Warleson,Warleson,91204,BOT,263,0,False,https://s3.glbimg.com/v1/AUTH_58d78b787ec34892b5aaa0c7a146155f/clubes_2026/silhuetas/BOT/FORMATO.png,3,5.67,Warleson Steillon Lisboa Oliveira - Stellion,0.0,1,6.12,27,warleson,6,0.0,,1.0,,10.0,,,,,,4.0,,,,2.0,,,,,1.0,
Erick Pulgar,E. Pulgar,91473,FLA,262,0,True,https://s3.glbimg.com/v1/AUTH_58d78b787ec34892b5aaa0c7a146155f/clubes_2026/silhuetas/FLA/FORMATO.png,16,2.94,Erick Antonio Pulgar Farfán,3.1,4,6.4,27,erick-pulgar,3,0.34,,6.0,1.0,,,29.0,20.0,1.0,1.0,11.0,1.0,1.0,,,,,,,,
Arboleda,Arboleda,91573,SAO,276,0,True,https://s3.glbimg.com/v1/AUTH_58d78b787ec34892b5aaa0c7a146155f/clubes_2026/silhuetas/SAO/FORMATO.png,13,3.99,Robert Abel Arboleda Escobar,5.0,3,8.7,27,arboleda,7,-0.17,,1.0,,,,23.0,7.0,2.0,1.0,5.0,,,,,2.0,,,,3.0,
R. Rústico,R. Rústico,91607,SAN,277,0,True,https://s3.glbimg.com/v1/AUTH_58d78b787ec34892b5aaa0c7a146155f/clubes_2026/silhuetas/SAN/FORMATO.png,19,2.04,Ronielson da Silva Barbosa,2.9,5,5.13,27,r-rustico,6,0.36,,4.0,,,,16.0,23.0,3.0,10.0,30.0,,,,,8.0,,,,,
Paulinho,Paulinho,91626,BOT,263,0,True,https://s3.glbimg.com/v1/AUTH_58d78b787ec34892b5aaa0c7a146155f/clubes_2026/silhuetas/BOT/FORMATO.png,2,-0.15,Paulo Victor da Silva,0.0,2,3.83,27,paulinho,6,-0.57,,,,,,,1.0,,,,,,,,,,,,,
Marlon,Marlon,91706,GRE,284,0,False,https://s3.glbimg.com/v1/AUTH_58d78b787ec34892b5aaa0c7a146155f/clubes_2026/silhuetas/GRE/FORMATO.png,10,4.68,Marlon Rodrigues Xavier,0.0,2,8.13,27,marlon,5,0.0,1.0,3.0,,,,17.0,12.0,2.0,2.0,12.0,,1.0,,,1.0,,,,1.0,
David Duarte,D. Duarte,91772,BAH,265,0,True,https://s3.glbimg.com/v1/AUTH_58d78b787ec34892b5aaa0c7a146155f/clubes_2026/silhuetas/BAH/FORMATO.png,19,3.9,David de Duarte Macedo,0.6,3,5.84,27,david-duarte,7,-0.03,,4.0,,,,21.0,14.0,4.0,4.0,8.0,1.0,3.0,1.0,,2.0,,,,3.0,
Zé Ivaldo,Z. Ivaldo,91866,REM,364,0,True,https://s3.glbimg.com/v1/AUTH_58d78b787ec34892b5aaa0c7a146155f/clubes_2026/silhuetas/REM/FORMATO.png,9,2.49,José Ivaldo Almeida Silva,2.3,3,5.52,27,ze-ivaldo,6,-0.15,,3.0,,,,11.0,3.0,3.0,4.0,4.0,,,1.0,,,1.0,,,1.0,
Pavón,Pavón,91908,GRE,284,0,False,https://s3.glbimg.com/v1/AUTH_58d78b787ec34892b5aaa0c7a146155f/clubes_2026/silhuetas/GRE/FORMATO.png,22,4.32,Cristian David Pavón,0.0,5,6.2,27,pavon,7,0.0,3.0,6.0,,,,39.0,16.0,4.0,4.0,11.0,1.0,2.0,,,4.0,,,,,
Lyanco,Lyanco,92087,CAM,282,0,False,https://s3.glbimg.com/v1/AUTH_58d78b787ec34892b5aaa0c7a146155f/clubes_2026/silhuetas/CAM/FORMATO.png,9,3.04,Lyanco Evangelista Silveira Neves Vojnovic,0.0,3,7.8,27,lyanco,2,0.0,,2.0,1.0,,,10.0,10.0,,3.0,6.0,,,,,,,,,3.0,
Arthur Cabral,A. Cabral,92171,BOT,263,0,False,https://s3.glbimg.com/v1/AUTH_58d78b787ec34892b5aaa0c7a146155f/clubes_2026/silhuetas/BOT/FORMATO.png,19,5.74,Arthur Mendonça Cabral,0.0,5,9.11,27,arthur-cabral,7,0.0,1.0,3.0,1.0,,,13.0,31.0,13.0,20.0,25.0,,7.0,,,3.0,,,,,
Jair Ventura,J. Ventura,92180,VIT,287,0,True,https://s3.glbimg.com/v1/AUTH_58d78b787ec34892b5aaa0c7a146155f/clubes_2026/silhuetas/VIT/FORMATO.png,24,5.29,Jair Ventura,6.0,6,8.69,27,jair-ventura,7,-0.41,,,,,,,,,,,,,,,,,,,,8.0
Juninho,Juninho,92182,INT,285,0,True,https://s3.glbimg.com/v1/AUTH_58d78b787ec34892b5aaa0c7a146155f/clubes_2026/silhuetas/INT/FORMATO.png,9,2.77,José Carlos Ferreira Júnior,0.0,3,4.97,27,juninho,6,-0.63,,,,,,5.0,,,3.0,,,,,,,,,,3.0,
Odair Hellmann,O. Hellmann,92273,CAP,293,0,False,https://s3.glbimg.com/v1/AUTH_58d78b787ec34892b5aaa0c7a146155f/clubes_2026/silhuetas/CAP/FORMATO.png,24,5.92,Odair Hellmann,0.0,6,8.82,27,odair-hellmann,7,0.0,,,,,,,,,,,,,,,,,,,,12.0
André Ramalho,A. Ramalho,92440,COR,264,0,False,https://s3.glbimg.com/v1/AUTH_58d78b787ec34892b5aaa0c7a146155f/clubes_2026/silhuetas/COR/FORMATO.png,6,2.55,André Ramalho Silva,0.0,3,5.73,27,andre-ramalho,5,0.0,,4.0,,,,4.0,5.0,,1.0,8.0,,,,,,,,,2.0,
Renato Kayzer,R. Kayzer,92696,VIT,287,0,True,https://s3.glbimg.com/v1/AUTH_58d78b787ec34892b5aaa0c7a146155f/clubes_2026/silhuetas/VIT/FORMATO.png,16,2.77,Renato Kayzer de Souza,0.2,5,6.01,27,renato-kayzer,6,-0.19,1.0,2.0,,,,7.0,16.0,3.0,5.0,10.0,,3.0,,,11.0,,,,,
Eduardo Domínguez,E. Domínguez,92747,CAM,282,0,True,https://s3.glbimg.com/v1/AUTH_58d78b787ec34892b5aaa0c7a146155f/clubes_2026/silhuetas/CAM/FORMATO.png,22,5.41,Eduardo Rodrigo Domínguez,8.0,6,10.56,27,eduardo-dominguez,7,0.77,,,,,,,,,,,,,,,,,,,,11.0
Bruno Rodrigues,B. Rodrigues,92811,CRU,283,0,False,https://s3.glbimg.com/v1/AUTH_58d78b787ec34892b5aaa0c7a146155f/clubes_2026/silhuetas/CRU/FORMATO.png,15,2.4,Bruno Rafael Rodrigues do Nascimento,0.0,5,4.72,27,bruno-rodrigues,6,0.0,2.0,,,,,7.0,8.0,2.0,2.0,13.0,,1.0,,,6.0,,,,,
Ronaldo,Ronaldo,92981,INT,285,0,True,https://s3.glbimg.com/v1/AUTH_58d78b787ec34892b5aaa0c7a146155f/clubes_2026/silhuetas/INT/FORMATO.png,12,1.92,Ronaldo da Silva Souza Guerrero,0.0,4,3.37,27,ronaldo,6,-0.23,,2.0,,,,11.0,14.0,,4.0,3.0,,1.0,,,,,,,,
Lucas Veríssimo,L. Veríssimo,93368,SAN,277,0,False,https://s3.glbimg.com/v1/AUTH_58d78b787ec34892b5aaa0c7a146155f/clubes_2026/silhuetas/SAN/FORMATO.png,13,4.1,Lucas Veríssimo da Silva,0.0,3,8.78,27,lucas-verissimo,6,0.0,,3.0,,,,19.0,16.0,1.0,4.0,7.0,,,,,2.0,,,,5.0,
Rodrigo Rodrigues,R. Rodrigues,93371,CFC,294,0,False,https://s3.glbimg.com/v1/AUTH_58d78b787ec34892b5aaa0c7a146155f/clubes_2026/silhuetas/CFC/FORMATO.png,1,-0.9,Rodrigo Rodrigues Silva,0.0,5,3.28,27,rodrigo-rodrigues,6,0.0,,,,,,,3.0,,,,,,,,,,,,,
Wanderson,Wanderson,93478,CRU,283,0,False,https://s3.glbimg.com/v1/AUTH_58d78b787ec34892b5aaa0c7a146155f/clubes_2026/silhuetas/CRU/FORMATO.png,18,1.95,Wanderson Maciel Sousa Campos,0.0,5,3.98,27,wanderson,6,0.0,,,,,,8.0,8.0,3.0,6.0,3.0,,2.0,,,3.0,,,,,
Bruno Tubarão,B. Tubarão,93637,CHA,315,0,False,https://s3.glbimg.com/v1/AUTH_58d78b787ec34892b5aaa0c7a146155f/clubes_2026/silhuetas/CHA/FORMATO.png,1,1.1,Bruno Nunes de Barros,0.0,2,3.17,27,bruno-tubarao,5,0.0,,1.0,,,,1.0,2.0,1.0,,,,,,,,,,,,
Paulo Henrique,P. Henrique,93716,VAS,267,0,True,https://s3.glbimg.com/v1/AUTH_58d78b787ec34892b5aaa0c7a146155f/clubes_2026/silhuetas/VAS/FORMATO.png,18,3.01,Paulo Henrique de Oliveira Alves,1.7,2,7.07,27,paulo-henrique,7,-0.2,2.0,5.0,,,,24.0,20.0,1.0,4.0,22.0,,,,,1.0,1.0,,,1.0,
Marlon Freitas,M. Freitas,93790,PAL,275,0,False,https://s3.glbimg.com/v1/AUTH_58d78b787ec34892b5aaa0c7a146155f/clubes_2026/silhuetas/PAL/FORMATO.png,25,2.5,Marlon Rodrigues Freitas,0.0,4,5.49,27,marlon-freitas,7,0.0,1.0,6.0,,,,29.0,26.0,1.0,12.0,2.0,,2.0,,,1.0,,,,,
Keiller,Keiller,93834,CFC,294,0,False,https://s3.glbimg.com/v1/AUTH_58d78b787ec34892b5aaa0c7a146155f/clubes_2026/silhuetas/CFC/FORMATO.png,0,0.0,Keiller da Silva Nunes,0.0,1,4.0,27,keiller,6,0.0,,,,,,,,,,,,,,,,,,,,
Cleiton,Cleiton,93882,RBB,280,0,False,https://s3.glbimg.com/v1/AUTH_58d78b787ec34892b5aaa0c7a146155f/clubes_2026/silhuetas/RBB/FORMATO.png,7,2.56,Cleiton Schwengber,0.0,1,6.19,27,cleiton,6,0.0,,1.0,,13.0,,,,,,,,,,8.0,,,,,2.0,
Breno Lopes,B. Lopes,93988,CFC,294,0,False,https://s3.glbimg.com/v1/AUTH_58d78b787ec34892b5aaa0c7a146155f/clubes_2026/silhuetas/CFC/FORMATO.png,23,5.02,Breno Henrique Vasconcelos Lopes,0.0,5,8.7,27,breno-lopes,3,0.0,1.0,3.0,,,,15.0,9.0,7.0,7.0,31.0,,8.0,,,11.0,,,1.0,,
Kevin Ramírez,K. Ramírez,94034,CHA,315,0,False,https://s3.glbimg.com/v1/AUTH_58d78b787ec34892b5aaa0c7a146155f/clubes_2026/silhuetas/CHA/FORMATO.png,5,3.18,Kevin Federik Ramírez Dutra,0.0,5,4.21,27,kevin-ramirez,6,0.0,1.0,,,,,3.0,,3.0,1.0,4.0,,,,,,,,,,
Matheus Fernandes,M. Fernandes,94067,RBB,280,0,True,https://s3.glbimg.com/v1/AUTH_58d78b787ec34892b5aaa0c7a146155f/clubes_2026/silhuetas/RBB/FORMATO.png,14,2.78,Matheus Fernandes Siqueira,1.5,4,4.54,27,matheus-fernandes,6,-0.86,1.0,2.0,,,,19.0,14.0,1.0,10.0,5.0,,,,,1.0,,,,,
Maycon,Maycon,94154,CAM,282,0,True,https://s3.glbimg.com/v1/AUTH_58d78b787ec34892b5aaa0c7a146155f/clubes_2026/silhuetas/CAM/FORMATO.png,15,2.35,Maycon de Andrade Barberan,0.0,4,4.98,27,maycon,7,-0.33,,,,,,11.0,10.0,1.0,2.0,6.0,,2.0,,,,,,,,
Léo Duarte,L. Duarte,94214,CAM,282,0,False,https://s3.glbimg.com/v1/AUTH_58d78b787ec34892b5aaa0c7a146155f/clubes_2026/silhuetas/CAM/FORMATO.png,0,0.0,Leonardo Campos Duarte da Silva,0.0,3,5.0,27,leo-duarte,6,0.0,,,,,,,,,,,,,,,,,,,,
Lucas Oliveira,L. Oliveira,94514,MIR,2305,0,True,https://s3.glbimg.com/v1/AUTH_58d78b787ec34892b5aaa0c7a146155f/clubes_2026/silhuetas/MIR/FORMATO.png,10,2.87,Lucas da Cruz Oliveira,1.0,3,4.78,27,lucas-oliveira,6,-0.32,,2.0,,,,10.0,3.0,1.0,2.0,2.0,,1.0,,,1.0,,,,1.0,
Pedro,Pedro,94583,FLA,262,0,True,https://s3.glbimg.com/v1/AUTH_58d78b787ec34892b5aaa0c7a146155f/clubes_2026/silhuetas/FLA/FORMATO.png,25,8.24,Pedro Guilherme Abreu dos Santos,2.4,5,15.41,27,pedro,7,-0.69,4.0,1.0,,,,17.0,16.0,17.0,15.0,20.0,1.0,15.0,,,4.0,,,1.0,,
Lucas Paquetá,L. Paquetá,94930,FLA,262,0,True,https://s3.glbimg.com/v1/AUTH_58d78b787ec34892b5aaa0c7a146155f/clubes_2026/silhuetas/FLA/FORMATO.png,17,6.5,Lucas Tolentino Coelho de Lima,14.3,4,14.75,27,lucas-paqueta,3,0.74,,3.0,,,,35.0,25.0,6.0,17.0,32.0,,4.0,,,3.0,,,,,
Juninho Capixaba,J. Capixaba,94968,RBB,280,0,True,https://s3.glbimg.com/v1/AUTH_58d78b787ec34892b5aaa0c7a146155f/clubes_2026/silhuetas/RBB/FORMATO.png,23,7.0,Luis Antônio da Rocha Júnior,5.1,2,12.69,27,juninho-capixaba,3,-0.17,2.0,12.0,,,,51.0,44.0,5.0,12.0,31.0,2.0,3.0,,,2.0,1.0,,,8.0,
Gabriel Taliari,G. Taliari,95131,REM,364,0,True,https://s3.glbimg.com/v1/AUTH_58d78b787ec34892b5aaa0c7a146155f/clubes_2026/silhuetas/REM/FORMATO.png,15,4.64,Gabriel Pereira Taliari,2.7,5,8.38,27,gabriel-taliari,7,-0.22,,1.0,,,,10.0,24.0,6.0,12.0,25.0,,4.0,,,5.0,,,2.0,,
Marcinho,Marcinho,95332,CHA,315,0,True,https://s3.glbimg.com/v1/AUTH_58d78b787ec34892b5aaa0c7a146155f/clubes_2026/silhuetas/CHA/FORMATO.png,24,4.28,Márcio Antônio de Sousa Júnior,8.5,5,5.85,27,marcinho,7,-1.47,2.0,2.0,,,,22.0,16.0,6.0,12.0,20.0,,5.0,,,4.0,,,,,
Cassierra,Cassierra,95362,CAM,282,0,True,https://s3.glbimg.com/v1/AUTH_58d78b787ec34892b5aaa0c7a146155f/clubes_2026/silhuetas/CAM/FORMATO.png,20,2.06,Zander Mateo Casierra Cabezas,0.0,5,5.05,27,cassierra,6,-0.21,1.0,1.0,,,,2.0,11.0,5.0,7.0,9.0,2.0,2.0,,,4.0,,,,,
Igor Vinícius,I. Vinícius,95466,SAN,277,0,True,https://s3.glbimg.com/v1/AUTH_58d78b787ec34892b5aaa0c7a146155f/clubes_2026/silhuetas/SAN/FORMATO.png,18,6.39,Igor Vinícius de Souza,2.4,2,9.65,27,igor-vinicius,6,-0.57,1.0,4.0,,,,53.0,21.0,2.0,,17.0,,,,,,,,,6.0,
Gustavo Cazonatti,G. Cazonatti,95541,MIR,2305,0,False,https://s3.glbimg.com/v1/AUTH_58d78b787ec34892b5aaa0c7a146155f/clubes_2026/silhuetas/MIR/FORMATO.png,6,2.33,Gustavo Cazonatti,0.0,4,3.42,27,gustavo-cazonatti,5,0.0,,1.0,,,,8.0,4.0,1.0,,6.0,,,,,,,,,,
Raniele,Raniele,95556,COR,264,0,True,https://s3.glbimg.com/v1/AUTH_58d78b787ec34892b5aaa0c7a146155f/clubes_2026/silhuetas/COR/FORMATO.png,21,4.47,Raniele Almeida Melo,7.0,4,8.23,27,raniele,6,0.83,,6.0,,,,43.0,31.0,1.0,11.0,32.0,1.0,2.0,,,1.0,,,,,
Artur,Artur,95799,SAO,276,0,True,https://s3.glbimg.com/v1/AUTH_58d78b787ec34892b5aaa0c7a146155f/clubes_2026/silhuetas/SAO/FORMATO.png,21,5.12,Artur Victor Guimarães,2.0,5,8.6,27,artur,7,-1.14,3.0,1.0,,,,18.0,9.0,15.0,17.0,26.0,,3.0,,,1.0,,,1.0,,
Daniel Fuzato,D. Fuzato,95936,VAS,267,0,False,https://s3.glbimg.com/v1/AUTH_58d78b787ec34892b5aaa0c7a146155f/clubes_2026/silhuetas/VAS/FORMATO.png,0,-1.0,Daniel Cerântula Fuzato,0.0,1,1.59,27,daniel-fuzato,6,0.0,,1.0,,,,,,,,,,,,,,,,,,
Lima,Lima,96340,SAN,277,0,True,https://s3.glbimg.com/v1/AUTH_58d78b787ec34892b5aaa0c7a146155f/clubes_2026/silhuetas/SAN/FORMATO.png,3,-0.27,Vinícius Moreira de Lima,0.0,4,3.69,27,lima,6,-0.63,,1.0,,,,,1.0,,,1.0,,,,,,,,,,
Charles,Charles,96342,COR,264,0,True,https://s3.glbimg.com/v1/AUTH_58d78b787ec34892b5aaa0c7a146155f/clubes_2026/silhuetas/COR/FORMATO.png,4,2.25,Charles Rigon Mattos,5.9,4,4.49,27,charles,6,0.96,,1.0,,,,6.0,3.0,,,4.0,,,,,1.0,,,,,
Renan Lodi,R. Lodi,96591,CAM,282,0,False,https://s3.glbimg.com/v1/AUTH_58d78b787ec34892b5aaa0c7a146155f/clubes_2026/silhuetas/CAM/FORMATO.png,22,5.18,Renan Augusto Lodi dos Santos,0.0,2,9.75,27,renan-lodi,7,0.0,3.0,4.0,1.0,,,26.0,37.0,6.0,16.0,49.0,1.0,,,,6.0,,,1.0,6.0,
Matheus Pereira,M. Pereira,96610,CRU,283,0,True,https://s3.glbimg.com/v1/AUTH_58d78b787ec34892b5aaa0c7a146155f/clubes_2026/silhuetas/CRU/FORMATO.png,24,7.4,Matheus Fellipe Costa Pereira,14.7,4,15.3,27,matheus-pereira,7,0.3,4.0,9.0,,,,22.0,37.0,12.0,28.0,85.0,1.0,8.0,,,5.0,,1.0,3.0,,
Allan,Allan,96652,COR,264,0,False,https://s3.glbimg.com/v1/AUTH_58d78b787ec34892b5aaa0c7a146155f/clubes_2026/silhuetas/COR/FORMATO.png,20,1.74,Allan Rodrigues de Souza,0.0,4,3.12,27,allan,7,0.0,1.0,4.0,1.0,,,21.0,22.0,3.0,4.0,10.0,,,,,,,,,,
Camutanga,Camutanga,96793,VIT,287,0,False,https://s3.glbimg.com/v1/AUTH_58d78b787ec34892b5aaa0c7a146155f/clubes_2026/silhuetas/VIT/FORMATO.png,7,3.95,Cleidson Andrade de Souza Silva,0.0,3,6.71,27,camutanga,5,0.0,,,,,,8.0,2.0,1.0,2.0,3.0,,,1.0,,,,,,3.0,
Emerson Royal,E. Royal,96870,FLA,262,0,False,https://s3.glbimg.com/v1/AUTH_58d78b787ec34892b5aaa0c7a146155f/clubes_2026/silhuetas/FLA/FORMATO.png,12,5.63,Emerson Aparecido Leite de Souza Júnior,0.0,2,7.96,27,emerson-royal,7,0.0,1.0,,,,,18.0,13.0,1.0,1.0,5.0,,,,,2.0,,,,7.0,
Carlos Cuesta,C. Cuesta,97095,VAS,267,0,True,https://s3.glbimg.com/v1/AUTH_58d78b787ec34892b5aaa0c7a146155f/clubes_2026/silhuetas/VAS/FORMATO.png,15,1.51,Carlos Eccehomo Cuesta Figueroa,0.0,3,4.47,27,carlos-cuesta,7,-0.18,1.0,1.0,1.0,,,9.0,21.0,,3.0,6.0,1.0,,1.0,,,1.0,,,2.0,
Gabriel Rojas,G. Rojas,97101,CRU,283,0,True,https://s3.glbimg.com/v1/AUTH_58d78b787ec34892b5aaa0c7a146155f/clubes_2026/silhuetas/CRU/FORMATO.png,7,2.89,Gabriel Hernán Rojas,2.1,2,6.06,27,gabriel-rojas,7,0.15,,1.0,,,,9.0,11.0,1.0,1.0,8.0,,,,,,,,,1.0,
Villasanti,Villasanti,97145,GRE,284,0,True,https://s3.glbimg.com/v1/AUTH_58d78b787ec34892b5aaa0c7a146155f/clubes_2026/silhuetas/GRE/FORMATO.png,6,4.27,Mathías Adalberto Villasanti Rolón,18.2,4,8.46,27,villasanti,7,3.47,,1.0,,,,10.0,7.0,2.0,1.0,5.0,,1.0,,,,,,,,
Alesson,Alesson,97321,MIR,2305,0,True,https://s3.glbimg.com/v1/AUTH_58d78b787ec34892b5aaa0c7a146155f/clubes_2026/silhuetas/MIR/FORMATO.png,22,4.54,Alesson dos Santos Batista,2.6,5,8.05,27,alesson,3,-0.44,3.0,2.0,,,,34.0,21.0,13.0,10.0,33.0,1.0,,,,9.0,,,,,
Rogério Ceni,R. Ceni,97341,BAH,265,0,True,https://s3.glbimg.com/v1/AUTH_58d78b787ec34892b5aaa0c7a146155f/clubes_2026/silhuetas/BAH/FORMATO.png,26,5.78,Rogério Mücke Ceni,6.2,6,10.59,27,rogerio-ceni,7,-0.1,,,,,,,,,,,,,,,,,,,,11.0
Victor Caetano,V. Caetano,97432,CHA,315,0,False,https://s3.glbimg.com/v1/AUTH_58d78b787ec34892b5aaa0c7a146155f/clubes_2026/silhuetas/CHA/FORMATO.png,8,1.48,Victor Henrique Carvalho Caetano,0.0,3,3.16,27,victor-caetano,6,0.0,,3.0,,,,11.0,7.0,,,1.0,,,,,1.0,,,,,
Gustavo Mosquito,G. Mosquito,97450,MIR,2305,0,True,https://s3.glbimg.com/v1/AUTH_58d78b787ec34892b5aaa0c7a146155f/clubes_2026/silhuetas/MIR/FORMATO.png,6,3.12,Gustavo Henric da Silva,2.7,5,4.99,27,gustavo-mosquito,2,-0.88,,,,,,2.0,1.0,3.0,2.0,6.0,,1.0,,,2.0,,,,,
João Victor,J. Victor,97460,MIR,2305,0,False,https://s3.glbimg.com/v1/AUTH_58d78b787ec34892b5aaa0c7a146155f/clubes_2026/silhuetas/MIR/FORMATO.png,23,2.87,João Victor Carroll Santana - Caroll,0.0,3,5.05,27,joao-victor,7,0.0,1.0,2.0,,,,26.0,11.0,3.0,3.0,7.0,,2.0,1.0,,2.0,,,,1.0,
Marçal,Marçal,97468,BOT,263,0,False,https://s3.glbimg.com/v1/AUTH_58d78b787ec34892b5aaa0c7a146155f/clubes_2026/silhuetas/BOT/FORMATO.png,7,3.33,Fernando Marçal de Oliveira,0.0,2,7.03,27,marcal,6,0.0,,3.0,1.0,,,8.0,13.0,3.0,2.0,2.0,,,,,,,,,3.0,
Shaylon,Shaylon,97520,MIR,2305,0,True,https://s3.glbimg.com/v1/AUTH_58d78b787ec34892b5aaa0c7a146155f/clubes_2026/silhuetas/MIR/FORMATO.png,17,1.8,Shaylon Kallyson Cardozo - Cardoso,6.0,4,4.35,27,shaylon,6,0.83,1.0,2.0,,,,12.0,15.0,2.0,2.0,4.0,,1.0,,,,,,,,
Félix Torres,F. Torres,97642,INT,285,0,False,https://s3.glbimg.com/v1/AUTH_58d78b787ec34892b5aaa0c7a146155f/clubes_2026/silhuetas/INT/FORMATO.png,19,3.75,Félix Eduardo Torres Caicedo,0.0,3,5.18,27,felix-torres,6,0.0,,3.0,,,,28.0,16.0,2.0,5.0,6.0,,1.0,,,1.0,,,,4.0,
Thiago Couto,T. Couto,97645,VIT,287,0,False,https://s3.glbimg.com/v1/AUTH_58d78b787ec34892b5aaa0c7a146155f/clubes_2026/silhuetas/VIT/FORMATO.png,0,0.0,Thiago Couto Wenceslau,0.0,1,3.0,27,thiago-couto,6,0.0,,,,,,,,,,,,,,,,,,,,
Murilo,Murilo,97653,PAL,275,0,True,https://s3.glbimg.com/v1/AUTH_58d78b787ec34892b5aaa0c7a146155f/clubes_2026/silhuetas/PAL/FORMATO.png,23,3.87,Murilo Cerqueira Paim,12.9,3,8.11,27,murilo,3,1.82,1.0,3.0,1.0,,,21.0,32.0,6.0,3.0,5.0,,2.0,,,,,,,8.0,
Marcelinho,Marcelinho,97795,REM,364,0,False,https://s3.glbimg.com/v1/AUTH_58d78b787ec34892b5aaa0c7a146155f/clubes_2026/silhuetas/REM/FORMATO.png,22,5.1,Marcelo Rodrigues Souza,0.0,2,6.06,27,marcelinho,7,0.0,2.0,3.0,,,,27.0,8.0,6.0,14.0,30.0,1.0,2.0,,,2.0,,,,3.0,
Erick,Erick,97810,VIT,287,0,True,https://s3.glbimg.com/v1/AUTH_58d78b787ec34892b5aaa0c7a146155f/clubes_2026/silhuetas/VIT/FORMATO.png,22,4.12,Erick de Arruda Serafim,5.4,5,8.18,27,erick,7,0.63,5.0,2.0,,,,4.0,10.0,7.0,10.0,41.0,1.0,3.0,,,2.0,,,1.0,,
Léo Ortiz,L. Ortiz,97867,FLA,262,0,True,https://s3.glbimg.com/v1/AUTH_58d78b787ec34892b5aaa0c7a146155f/clubes_2026/silhuetas/FLA/FORMATO.png,21,4.24,Leonardo Rech Ortiz,4.5,3,8.81,27,leo-ortiz,7,-0.26,,,,,,16.0,13.0,,3.0,5.0,2.0,1.0,,,1.0,,,,10.0,
Iago,Iago,97868,SAO,276,0,True,https://s3.glbimg.com/v1/AUTH_58d78b787ec34892b5aaa0c7a146155f/clubes_2026/silhuetas/SAO/FORMATO.png,9,4.43,Iago Amaral Borduchi,4.5,2,6.04,27,iago,6,-1.22,,,,,,10.0,8.0,2.0,1.0,6.0,1.0,1.0,,,,,,,2.0,
Jacy,Jacy,97878,CFC,294,0,False,https://s3.glbimg.com/v1/AUTH_58d78b787ec34892b5aaa0c7a146155f/clubes_2026/silhuetas/CFC/FORMATO.png,23,3.99,Jacy Maranhão Oliveira,0.0,3,5.43,27,jacy,7,0.0,,2.0,1.0,,,38.0,16.0,,8.0,21.0,,1.0,,,1.0,,,,4.0,
Matheus Bahia,M. Bahia,97899,INT,285,0,False,https://s3.glbimg.com/v1/AUTH_58d78b787ec34892b5aaa0c7a146155f/clubes_2026/silhuetas/INT/FORMATO.png,17,4.25,Matheus Bahia Santos,0.0,2,6.05,27,matheus-bahia,7,0.0,2.0,3.0,1.0,,,29.0,18.0,1.0,1.0,19.0,,,,,3.0,1.0,,,4.0,
Vitão,Vitão,97900,FLA,262,0,False,https://s3.glbimg.com/v1/AUTH_58d78b787ec34892b5aaa0c7a146155f/clubes_2026/silhuetas/FLA/FORMATO.png,9,2.37,Vitor Eduardo da Silva Matos,0.0,3,6.62,27,vitao,6,0.0,,2.0,,,,2.0,6.0,,2.0,1.0,,,,,,,,,4.0,
Matheus Aurélio,M. Aurélio,97905,CHA,315,0,False,https://s3.glbimg.com/v1/AUTH_58d78b787ec34892b5aaa0c7a146155f/clubes_2026/silhuetas/CHA/FORMATO.png,2,1.7,Matheus Aurélio Palhares Guimarães,0.0,1,2.61,27,matheus-aurelio,6,0.0,,1.0,,8.0,,,,,,,,,,6.0,,,,,,
Riccieli,Riccieli,97906,VIT,287,0,False,https://s3.glbimg.com/v1/AUTH_58d78b787ec34892b5aaa0c7a146155f/clubes_2026/silhuetas/VIT/FORMATO.png,2,3.5,Riccieli Eduardo da Silva Júnior,0.0,3,4.85,27,riccieli,6,0.0,,,,,,1.0,1.0,,1.0,,,,,,,,,,1.0,
Lucas Silva,L. Silva,97911,VIT,287,0,False,https://s3.glbimg.com/v1/AUTH_58d78b787ec34892b5aaa0c7a146155f/clubes_2026/silhuetas/VIT/FORMATO.png,3,-0.17,Lucas Rodrigues da Silva,0.0,5,2.8,27,lucas-silva,6,0.0,,1.0,,,,,,,,1.0,,,,,,,,,,
Erick,Erick,98022,BAH,265,0,False,https://s3.glbimg.com/v1/AUTH_58d78b787ec34892b5aaa0c7a146155f/clubes_2026/silhuetas/BAH/FORMATO.png,19,4.59,Erick Luis Conrado de Carvalho,0.0,4,7.71,27,erick,7,0.0,,6.0,,,,30.0,23.0,2.0,7.0,19.0,2.0,4.0,,,1.0,,,,,
Jáderson,Jáderson,98224,REM,364,0,False,https://s3.glbimg.com/v1/AUTH_58d78b787ec34892b5aaa0c7a146155f/clubes_2026/silhuetas/REM/FORMATO.png,11,0.85,Jaderson Flores dos Reis,0.0,4,2.44,27,jaderson,6,0.0,,,,,,4.0,3.0,,1.0,7.0,,,,,,,,,,
Pedro Raul,P. Raul,98225,COR,264,0,False,https://s3.glbimg.com/v1/AUTH_58d78b787ec34892b5aaa0c7a146155f/clubes_2026/silhuetas/COR/FORMATO.png,13,1.29,Pedro Raul Garay da Silva,0.0,5,3.29,27,pedro-raul,6,0.0,,1.0,,,,3.0,9.0,3.0,2.0,6.0,,1.0,,,3.0,,,,,
Gabriel Batista,G. Batista,98333,BOT,263,0,True,https://s3.glbimg.com/v1/AUTH_58d78b787ec34892b5aaa0c7a146155f/clubes_2026/silhuetas/BOT/FORMATO.png,4,5.35,Gabriel Batista de Souza,8.1,1,5.89,27,gabriel-batista,7,0.48,,,,18.0,,,,,,,,,,7.0,,,,,1.0,
Negueba,Negueba,98384,MIR,2305,0,False,https://s3.glbimg.com/v1/AUTH_58d78b787ec34892b5aaa0c7a146155f/clubes_2026/silhuetas/MIR/FORMATO.png,8,5.23,Luiz Henrique Soares Firmino,0.0,5,8.57,27,negueba,5,0.0,,4.0,,,,15.0,5.0,3.0,6.0,17.0,,1.0,,,,,,,,
Kanu,Kanu,98484,BAH,265,0,True,https://s3.glbimg.com/v1/AUTH_58d78b787ec34892b5aaa0c7a146155f/clubes_2026/silhuetas/BAH/FORMATO.png,4,0.75,Victor Hugo Soares dos Santos,0.5,3,3.22,27,kanu,6,-0.46,,2.0,,,,,5.0,1.0,,1.0,,,,,2.0,,,,1.0,
Jean Lucas,J. Lucas,98517,BAH,265,0,True,https://s3.glbimg.com/v1/AUTH_58d78b787ec34892b5aaa0c7a146155f/clubes_2026/silhuetas/BAH/FORMATO.png,22,5.62,Jean Lucas de Souza Oliveira,10.2,4,10.32,27,jean-lucas,6,1.1,3.0,3.0,,,,41.0,34.0,3.0,11.0,20.0,2.0,4.0,,,1.0,,,,,
Maripán,Maripán,98617,INT,285,0,True,https://s3.glbimg.com/v1/AUTH_58d78b787ec34892b5aaa0c7a146155f/clubes_2026/silhuetas/INT/FORMATO.png,8,2.19,Guillermo Alfonso Maripán Loaysa,0.0,3,4.03,27,maripan,7,-0.22,,2.0,,,,5.0,12.0,1.0,3.0,4.0,,,,,,,,,2.0,
Savarino,Savarino,98672,FLU,266,0,True,https://s3.glbimg.com/v1/AUTH_58d78b787ec34892b5aaa0c7a146155f/clubes_2026/silhuetas/FLU/FORMATO.png,19,4.46,Jefferson David Savarino Quintero,5.3,4,8.98,27,savarino,6,0.68,2.0,2.0,,,,8.0,6.0,10.0,15.0,14.0,4.0,3.0,,,6.0,,,,,
Angileri,Angileri,98720,COR,264,0,True,https://s3.glbimg.com/v1/AUTH_58d78b787ec34892b5aaa0c7a146155f/clubes_2026/silhuetas/COR/FORMATO.png,10,4.09,Fabrizio Germán Angileri - Fabricio,1.5,2,5.32,27,angileri,6,-0.81,,3.0,,,,11.0,6.0,,4.0,6.0,,1.0,,,,,,,3.0,
Samuel Lino,S. Lino,98873,FLA,262,0,True,https://s3.glbimg.com/v1/AUTH_58d78b787ec34892b5aaa0c7a146155f/clubes_2026/silhuetas/FLA/FORMATO.png,25,8.64,Samuel Dias Lino,8.8,5,12.45,27,samuel-lino,3,-1.01,7.0,3.0,,,,41.0,23.0,12.0,19.0,44.0,2.0,9.0,,,4.0,,,,,
Cuello,Cuello,98909,CAM,282,0,True,https://s3.glbimg.com/v1/AUTH_58d78b787ec34892b5aaa0c7a146155f/clubes_2026/silhuetas/CAM/FORMATO.png,22,6.61,Tomás Esteban Cuello,16.2,5,11.04,27,cuello,7,2.25,2.0,2.0,,,,34.0,19.0,7.0,19.0,36.0,4.0,5.0,,,15.0,,,,,
Viña,Viña,98974,CRU,283,0,False,https://s3.glbimg.com/v1/AUTH_58d78b787ec34892b5aaa0c7a146155f/clubes_2026/silhuetas/CRU/FORMATO.png,0,0.0,Matías Nicolás Viña Susperreguy,0.0,2,5.0,27,vina,6,0.0,,,,,,,,,,,,,,,,,,,,
Elias,Elias,99034,MIR,2305,0,False,https://s3.glbimg.com/v1/AUTH_58d78b787ec34892b5aaa0c7a146155f/clubes_2026/silhuetas/MIR/FORMATO.png,1,1.8,Elias Lira Nogueira Júnior,0.0,2,3.41,27,elias,6,0.0,,1.0,,,,2.0,4.0,,,2.0,,,,,,,,,,
Puma Rodríguez,P. Rodríguez,99213,VAS,267,0,True,https://s3.glbimg.com/v1/AUTH_58d78b787ec34892b5aaa0c7a146155f/clubes_2026/silhuetas/VAS/FORMATO.png,17,4.16,José Luis Rodríguez Bebanz,0.0,2,6.92,27,puma-rodriguez,6,-0.17,4.0,3.0,,,,12.0,5.0,6.0,7.0,1.0,1.0,2.0,,,1.0,,,,1.0,
De la Cruz,D. Cruz,99228,FLA,262,0,False,https://s3.glbimg.com/v1/AUTH_58d78b787ec34892b5aaa0c7a146155f/clubes_2026/silhuetas/FLA/FORMATO.png,10,0.82,Diego Nicolás de la Cruz Arcosa,0.0,4,4.41,27,de-la-cruz,2,0.0,,3.0,,,,4.0,8.0,,2.0,12.0,,,,,,,,,,
Pochettino,Pochettino,99267,VIT,287,0,True,https://s3.glbimg.com/v1/AUTH_58d78b787ec34892b5aaa0c7a146155f/clubes_2026/silhuetas/VIT/FORMATO.png,8,2.3,Tomás Pochettino,3.0,4,5.0,27,pochettino,6,0.38,,,,,,6.0,2.0,3.0,3.0,2.0,1.0,,,,,,,,,
Alexander Barboza,A. Barboza,99274,PAL,275,0,False,https://s3.glbimg.com/v1/AUTH_58d78b787ec34892b5aaa0c7a146155f/clubes_2026/silhuetas/PAL/FORMATO.png,16,5.21,Alexander Nahuel Barboza Ullúa,0.0,3,10.33,27,alexander-barboza,7,0.0,2.0,5.0,2.0,,,35.0,29.0,5.0,7.0,2.0,,1.0,,,,,,,4.0,
Baralhas,Baralhas,99440,VIT,287,0,False,https://s3.glbimg.com/v1/AUTH_58d78b787ec34892b5aaa0c7a146155f/clubes_2026/silhuetas/VIT/FORMATO.png,15,5.24,Gabriel Baralhas dos Santos,0.0,4,9.25,27,baralhas,5,0.0,2.0,4.0,,,,31.0,26.0,1.0,9.0,19.0,,2.0,,,,,,,,
Ziyech,Ziyech,99520,BOT,263,0,False,https://s3.glbimg.com/v1/AUTH_58d78b787ec34892b5aaa0c7a146155f/clubes_2026/silhuetas/BOT/FORMATO.png,0,0.0,Hakim Ziyech,0.0,4,10.0,27,ziyech,6,0.0,,,,,,,,,,,,,,,,,,,,
Rossi,Rossi,99552,FLA,262,0,True,https://s3.glbimg.com/v1/AUTH_58d78b787ec34892b5aaa0c7a146155f/clubes_2026/silhuetas/FLA/FORMATO.png,25,4.88,Agustín Daniel Rossi,-1.0,1,7.86,27,rossi,7,-1.07,,,,67.0,,,,,,2.0,,,,21.0,,,,,11.0,
Brenner,Brenner,99789,VAS,267,0,False,https://s3.glbimg.com/v1/AUTH_58d78b787ec34892b5aaa0c7a146155f/clubes_2026/silhuetas/VAS/FORMATO.png,14,2.9,Brenner Souza da Silva,0.0,5,6.94,27,brenner,6,0.0,,1.0,,,,8.0,4.0,5.0,7.0,11.0,2.0,1.0,,,3.0,,,,,
Arias,Arias,99815,PAL,275,0,True,https://s3.glbimg.com/v1/AUTH_58d78b787ec34892b5aaa0c7a146155f/clubes_2026/silhuetas/PAL/FORMATO.png,21,7.09,Jhon Adolfo Arias Andrade,3.4,4,13.77,27,arias,7,-0.06,3.0,4.0,,,,47.0,25.0,9.0,15.0,35.0,1.0,4.0,,,4.0,,,,,
Paulinho,Paulinho,99818,PAL,275,0,False,https://s3.glbimg.com/v1/AUTH_58d78b787ec34892b5aaa0c7a146155f/clubes_2026/silhuetas/PAL/FORMATO.png,6,3.42,Paulo Henrique Sampaio Filho,0.0,5,10.37,27,paulinho,5,0.0,,1.0,,,,1.0,1.0,,3.0,4.0,,2.0,,,1.0,,,,,
Igor Gomes,I. Gomes,100084,CAM,282,0,True,https://s3.glbimg.com/v1/AUTH_58d78b787ec34892b5aaa0c7a146155f/clubes_2026/silhuetas/CAM/FORMATO.png,9,1.86,Igor Silveira Gomes,1.1,4,4.51,27,igor-gomes,6,-0.62,1.0,1.0,,,,2.0,6.0,1.0,,5.0,,1.0,,,1.0,,,,,
Léo Andrade,L. Andrade,100342,REM,364,0,False,https://s3.glbimg.com/v1/AUTH_58d78b787ec34892b5aaa0c7a146155f/clubes_2026/silhuetas/REM/FORMATO.png,4,2.95,Leonardo de Andrade Silva,0.0,3,4.79,27,leo-andrade,6,0.0,,1.0,,,,9.0,4.0,,,1.0,,,,,,,,,,
Krovinovic,Krovinovic,100596,GRE,284,0,True,https://s3.glbimg.com/v1/AUTH_58d78b787ec34892b5aaa0c7a146155f/clubes_2026/silhuetas/GRE/FORMATO.png,5,2.14,Filip Krovinović,2.8,4,4.71,27,krovinovic,7,0.04,,,,,,4.0,6.0,1.0,6.0,1.0,,,,,,,,,,
Yuri Alberto,Y. Alberto,100652,COR,264,0,False,https://s3.glbimg.com/v1/AUTH_58d78b787ec34892b5aaa0c7a146155f/clubes_2026/silhuetas/COR/FORMATO.png,17,4.1,Yuri Alberto Monteiro da Silva,0.0,5,10.58,27,yuri-alberto,5,0.0,2.0,2.0,,,,8.0,23.0,14.0,14.0,12.0,,3.0,,,13.0,,,,,
Fernando,Fernando,100695,RBB,280,0,True,https://s3.glbimg.com/v1/AUTH_58d78b787ec34892b5aaa0c7a146155f/clubes_2026/silhuetas/RBB/FORMATO.png,12,5.17,Fernando dos Santos Pedro,2.6,5,5.57,27,fernando,7,0.05,1.0,1.0,,,,13.0,7.0,3.0,6.0,11.0,1.0,3.0,,,3.0,,,,,
Matheus Henrique,M. Henrique,100742,CRU,283,0,True,https://s3.glbimg.com/v1/AUTH_58d78b787ec34892b5aaa0c7a146155f/clubes_2026/silhuetas/CRU/FORMATO.png,24,2.19,Matheus Henrique de Souza,2.7,4,5.04,27,matheus-henrique,7,-0.14,1.0,3.0,,,,24.0,17.0,1.0,8.0,26.0,,,,,,1.0,,,,
Tchamba,Tchamba,100804,REM,364,0,True,https://s3.glbimg.com/v1/AUTH_58d78b787ec34892b5aaa0c7a146155f/clubes_2026/silhuetas/REM/FORMATO.png,19,2.78,Duplexe Tchamba Bangou,1.5,3,4.59,27,tchamba,7,-0.54,1.0,1.0,,,,25.0,8.0,1.0,5.0,9.0,,,2.0,,1.0,,,,2.0,
Ruan,Ruan,100842,CAM,282,0,False,https://s3.glbimg.com/v1/AUTH_58d78b787ec34892b5aaa0c7a146155f/clubes_2026/silhuetas/CAM/FORMATO.png,20,3.7,Ruan Tressoldi Netto,0.0,3,6.2,27,ruan,5,0.0,,7.0,,,,26.0,17.0,2.0,2.0,14.0,,2.0,,,1.0,,,,4.0,
Luan Cândido,L. Cândido,100848,VIT,287,0,True,https://s3.glbimg.com/v1/AUTH_58d78b787ec34892b5aaa0c7a146155f/clubes_2026/silhuetas/VIT/FORMATO.png,16,3.45,Luan Cândido de Almeida,-0.1,2,5.46,27,luan-candido,7,-0.73,2.0,1.0,1.0,,,13.0,13.0,2.0,4.0,5.0,,,,,5.0,,,1.0,5.0,
Vitinho,Vitinho,100898,BOT,263,0,True,https://s3.glbimg.com/v1/AUTH_58d78b787ec34892b5aaa0c7a146155f/clubes_2026/silhuetas/BOT/FORMATO.png,21,4.94,Victor Alexander da Silva,10.0,2,10.0,27,vitinho,7,0.57,2.0,3.0,,,,45.0,23.0,,3.0,16.0,1.0,1.0,,,1.0,,,,3.0,
Nonato,Nonato,100987,FLU,266,0,True,https://s3.glbimg.com/v1/AUTH_58d78b787ec34892b5aaa0c7a146155f/clubes_2026/silhuetas/FLU/FORMATO.png,14,2.64,Gustavo Nonato Santana,4.0,4,5.8,27,nonato,7,-0.12,1.0,5.0,,,,17.0,15.0,1.0,1.0,12.0,,1.0,,,,,,,,
Júnior Santos,J. Santos,101002,BOT,263,0,True,https://s3.glbimg.com/v1/AUTH_58d78b787ec34892b5aaa0c7a146155f/clubes_2026/silhuetas/BOT/FORMATO.png,13,1.96,José Antonio dos Santos Júnior,1.9,5,4.33,27,junior-santos,6,0.2,,1.0,,,,3.0,10.0,3.0,7.0,11.0,1.0,1.0,,,5.0,,,,,
Eliasson,Eliasson,101237,INT,285,0,True,https://s3.glbimg.com/v1/AUTH_58d78b787ec34892b5aaa0c7a146155f/clubes_2026/silhuetas/INT/FORMATO.png,4,0.13,Niclas Eliasson Santana,0.0,5,3.01,27,eliasson,6,-0.47,,,,,,,,,,1.0,,,,,,,,,,
Alef Manga,A. Manga,101254,REM,364,0,True,https://s3.glbimg.com/v1/AUTH_58d78b787ec34892b5aaa0c7a146155f/clubes_2026/silhuetas/REM/FORMATO.png,27,4.09,Alef Mangueira Severino Pereira,0.6,5,7.33,27,alef-manga,7,-0.03,3.0,1.0,,,,20.0,19.0,10.0,20.0,21.0,,5.0,,,22.0,,1.0,,,
Ferreira,Ferreira,101290,SAO,276,0,True,https://s3.glbimg.com/v1/AUTH_58d78b787ec34892b5aaa0c7a146155f/clubes_2026/silhuetas/SAO/FORMATO.png,21,3.76,Aldemir dos Santos Ferreira,10.5,5,7.6,27,ferreira,6,1.28,,2.0,,,,17.0,6.0,5.0,9.0,24.0,,4.0,,,,,,,,
Ademir,Ademir,101314,BAH,265,0,True,https://s3.glbimg.com/v1/AUTH_58d78b787ec34892b5aaa0c7a146155f/clubes_2026/silhuetas/BAH/FORMATO.png,24,2.29,Ademir da Silva Santos Júnior,1.3,5,5.3,27,ademir,7,-0.27,1.0,3.0,,,,15.0,18.0,6.0,7.0,27.0,,1.0,,,5.0,,,2.0,,
Guga,Guga,101319,FLU,266,0,False,https://s3.glbimg.com/v1/AUTH_58d78b787ec34892b5aaa0c7a146155f/clubes_2026/silhuetas/FLU/FORMATO.png,15,3.47,Cláudio Rodrigues Gomes,0.0,2,6.36,27,guga,7,0.0,2.0,3.0,,,,18.0,12.0,,3.0,9.0,,,,,1.0,,,,3.0,
Bruno Matias,B. Matias,101352,CHA,315,0,True,https://s3.glbimg.com/v1/AUTH_58d78b787ec34892b5aaa0c7a146155f/clubes_2026/silhuetas/CHA/FORMATO.png,8,2.07,Bruno Matias dos Santos,1.2,4,3.11,27,bruno-matias,6,0.12,,1.0,,,,10.0,5.0,,5.0,2.0,,,,,,1.0,,,,
Eduardo Doma,E. Doma,101393,CHA,315,0,True,https://s3.glbimg.com/v1/AUTH_58d78b787ec34892b5aaa0c7a146155f/clubes_2026/silhuetas/CHA/FORMATO.png,23,2.22,Eduardo Vinícius Domachowski,-1.6,3,3.51,27,eduardo-doma,7,-0.49,,5.0,1.0,,,25.0,16.0,2.0,7.0,3.0,,1.0,,,,1.0,,,2.0,
Wallisson,Wallisson,101405,MIR,2305,0,True,https://s3.glbimg.com/v1/AUTH_58d78b787ec34892b5aaa0c7a146155f/clubes_2026/silhuetas/MIR/FORMATO.png,17,2.7,Wallisson Luiz Alves Máximo,4.7,4,4.96,27,wallisson,7,-0.65,,4.0,1.0,,,32.0,23.0,,5.0,16.0,,,,,1.0,,,,,
Marcelo Pitaluga,M. Pitaluga,101478,FLU,266,0,False,https://s3.glbimg.com/v1/AUTH_58d78b787ec34892b5aaa0c7a146155f/clubes_2026/silhuetas/FLU/FORMATO.png,0,0.0,Marcelo de Araújo Pitaluga Filho,0.0,1,3.0,27,marcelo-pitaluga,6,0.0,,,,,,,,,,,,,,,,,,,,
Hugo Souza,H. Souza,101574,COR,264,0,True,https://s3.glbimg.com/v1/AUTH_58d78b787ec34892b5aaa0c7a146155f/clubes_2026/silhuetas/COR/FORMATO.png,22,4.24,Hugo de Souza Nogueira,7.1,1,9.35,27,hugo-souza,7,0.73,,2.0,,53.0,1.0,1.0,,,,1.0,,,,22.0,,1.0,,,8.0,
Ramon,Ramon,101597,VIT,287,0,False,https://s3.glbimg.com/v1/AUTH_58d78b787ec34892b5aaa0c7a146155f/clubes_2026/silhuetas/VIT/FORMATO.png,17,4.81,Ramon Ramos Lima,0.0,2,8.07,27,ramon,5,0.0,,4.0,,,,23.0,26.0,3.0,5.0,11.0,,2.0,,,,,,,6.0,
Felipe Jonatan,F. Jonatan,101708,CFC,294,0,False,https://s3.glbimg.com/v1/AUTH_58d78b787ec34892b5aaa0c7a146155f/clubes_2026/silhuetas/CFC/FORMATO.png,17,2.08,Felipe Jonatan Rocha Andrade,0.0,2,4.31,27,felipe-jonatan,5,0.0,,,,,,10.0,5.0,2.0,2.0,6.0,,,,,1.0,,,,3.0,
Alerrandro,Alerrandro,101715,INT,285,0,False,https://s3.glbimg.com/v1/AUTH_58d78b787ec34892b5aaa0c7a146155f/clubes_2026/silhuetas/INT/FORMATO.png,21,3.45,Alerrandro Barra Mansa Realino de Souza,0.0,5,6.18,27,alerrandro,6,0.0,3.0,1.0,,,,8.0,22.0,7.0,13.0,21.0,,3.0,,,5.0,,,,,
Matheuzinho,Matheuzinho,101727,COR,264,0,True,https://s3.glbimg.com/v1/AUTH_58d78b787ec34892b5aaa0c7a146155f/clubes_2026/silhuetas/COR/FORMATO.png,21,6.12,Matheus França Silva,3.8,2,10.44,27,matheuzinho,7,0.06,2.0,3.0,1.0,,,49.0,22.0,4.0,7.0,16.0,,1.0,1.0,,4.0,,,,7.0,
Fabinho,Fabinho,101729,CFC,294,0,False,https://s3.glbimg.com/v1/AUTH_58d78b787ec34892b5aaa0c7a146155f/clubes_2026/silhuetas/CFC/FORMATO.png,10,1.55,Fabio Augusto Luciano da Silva,0.0,5,3.08,27,fabinho,6,0.0,1.0,1.0,,,,1.0,6.0,1.0,2.0,2.0,,1.0,,,,,,,,
Oliva,Oliva,101807,SAN,277,0,True,https://s3.glbimg.com/v1/AUTH_58d78b787ec34892b5aaa0c7a146155f/clubes_2026/silhuetas/SAN/FORMATO.png,17,3.49,Christian Gabriel Oliva Giménez,0.8,4,6.32,27,oliva,7,-1.33,2.0,,,,,20.0,26.0,1.0,6.0,10.0,,2.0,,,,,,,,
Mayk,Mayk,101820,REM,364,0,False,https://s3.glbimg.com/v1/AUTH_58d78b787ec34892b5aaa0c7a146155f/clubes_2026/silhuetas/REM/FORMATO.png,14,3.27,Mayksilvan da Silva Ferreira,0.0,2,5.75,27,mayk,6,0.0,1.0,,,,,14.0,4.0,,3.0,7.0,,,,,,,,,3.0,
Willian Machado,W. Machado,101908,MIR,2305,0,True,https://s3.glbimg.com/v1/AUTH_58d78b787ec34892b5aaa0c7a146155f/clubes_2026/silhuetas/MIR/FORMATO.png,20,3.19,Willian Estefani Machado,-0.1,3,4.88,27,willian-machado,7,-0.08,1.0,3.0,,,,28.0,18.0,3.0,3.0,12.0,,1.0,,,,,,,1.0,
Vitinho,Vitinho,101960,INT,285,0,True,https://s3.glbimg.com/v1/AUTH_58d78b787ec34892b5aaa0c7a146155f/clubes_2026/silhuetas/INT/FORMATO.png,26,4.72,Vitor Hugo Naum dos Santos,3.6,5,7.54,27,vitinho,7,-0.18,3.0,5.0,,,,38.0,33.0,11.0,16.0,42.0,1.0,2.0,,,3.0,1.0,,1.0,,
Brítez,Brítez,101995,VIT,287,0,True,https://s3.glbimg.com/v1/AUTH_58d78b787ec34892b5aaa0c7a146155f/clubes_2026/silhuetas/VIT/FORMATO.png,7,2.61,Emanuel Fermín Brítez,-0.8,3,4.53,27,britez,6,-1.18,,2.0,,,,6.0,5.0,,1.0,4.0,,,,,,,,,2.0,
Piquerez,Piquerez,102130,PAL,275,0,True,https://s3.glbimg.com/v1/AUTH_58d78b787ec34892b5aaa0c7a146155f/clubes_2026/silhuetas/PAL/FORMATO.png,13,6.45,Joaquín Piquerez Moreira,5.5,2,11.09,27,piquerez,2,-0.01,4.0,1.0,,,,15.0,5.0,2.0,4.0,11.0,1.0,,,,1.0,,,,6.0,
Vitor Eudes,V. Eudes,102137,FLU,266,0,False,https://s3.glbimg.com/v1/AUTH_58d78b787ec34892b5aaa0c7a146155f/clubes_2026/silhuetas/FLU/FORMATO.png,0,0.0,Vitor Eudes de Souza Costa,0.0,1,2.0,27,vitor-eudes,6,0.0,,,,,,,,,,,,,,,,,,,,
Santiago Sosa,S. Sosa,102255,VAS,267,0,True,https://s3.glbimg.com/v1/AUTH_58d78b787ec34892b5aaa0c7a146155f/clubes_2026/silhuetas/VAS/FORMATO.png,5,4.12,Santiago Leonel Sosa,0.9,4,7.49,27,santiago-sosa,7,-1.32,,,,,,14.0,13.0,1.0,3.0,,,,,,1.0,,,,,
Rollheiser,Rollheiser,102256,SAN,277,0,True,https://s3.glbimg.com/v1/AUTH_58d78b787ec34892b5aaa0c7a146155f/clubes_2026/silhuetas/SAN/FORMATO.png,20,3.58,Benjamín Rollheiser,16.1,4,7.66,27,rollheiser,7,1.33,2.0,2.0,,,,12.0,11.0,4.0,9.0,10.0,,4.0,,,1.0,,,,,
Matheus Felipe,M. Felipe,102310,REM,364,0,True,https://s3.glbimg.com/v1/AUTH_58d78b787ec34892b5aaa0c7a146155f/clubes_2026/silhuetas/REM/FORMATO.png,3,2.03,Matheus Felipe Santos Nascimento,0.7,3,3.85,27,matheus-felipe,3,-0.29,,3.0,,,,4.0,3.0,,,,,,,,,1.0,,,1.0,
Caio Paulista,C. Paulista,102318,GRE,284,0,False,https://s3.glbimg.com/v1/AUTH_58d78b787ec34892b5aaa0c7a146155f/clubes_2026/silhuetas/GRE/FORMATO.png,9,3.08,Caio Fernando de Oliveira,0.0,2,5.54,27,caio-paulista,6,0.0,,1.0,,,,11.0,3.0,,2.0,3.0,,,,,,,,,2.0,
Cacá,Cacá,102340,VIT,287,0,True,https://s3.glbimg.com/v1/AUTH_58d78b787ec34892b5aaa0c7a146155f/clubes_2026/silhuetas/VIT/FORMATO.png,18,2.47,Carlos de Menezes Júnior,-0.3,3,4.93,27,caca,7,-0.41,,5.0,1.0,,,8.0,10.0,1.0,4.0,4.0,,1.0,,,,1.0,,,6.0,
Gabriel Poveda,G. Poveda,102877,REM,364,0,True,https://s3.glbimg.com/v1/AUTH_58d78b787ec34892b5aaa0c7a146155f/clubes_2026/silhuetas/REM/FORMATO.png,14,0.66,Gabriel Buscariol Poveda,1.5,5,2.68,27,gabriel-poveda,6,0.11,,,,,,4.0,4.0,1.0,1.0,5.0,,,,,,,,,,
Anderson,Anderson,102906,CHA,315,0,True,https://s3.glbimg.com/v1/AUTH_58d78b787ec34892b5aaa0c7a146155f/clubes_2026/silhuetas/CHA/FORMATO.png,12,3.21,Anderson Silva da Paixão,0.6,1,5.35,27,anderson,7,-0.79,,1.0,,42.0,,,,,,4.0,,,,22.0,,,,,1.0,
Zé Ricardo,Z. Ricardo,102911,REM,364,0,True,https://s3.glbimg.com/v1/AUTH_58d78b787ec34892b5aaa0c7a146155f/clubes_2026/silhuetas/REM/FORMATO.png,25,3.0,José Ricardo Araújo Fernandes,-0.1,4,4.32,27,ze-ricardo,7,-0.34,1.0,5.0,1.0,,,37.0,37.0,6.0,6.0,29.0,,1.0,,,3.0,,,,,
Canobbio,Canobbio,102928,FLU,266,0,True,https://s3.glbimg.com/v1/AUTH_58d78b787ec34892b5aaa0c7a146155f/clubes_2026/silhuetas/FLU/FORMATO.png,19,7.14,Agustín Canobbio Graviz,4.7,5,10.83,27,canobbio,6,-0.22,3.0,5.0,1.0,,,37.0,27.0,11.0,8.0,32.0,2.0,5.0,,,3.0,,,,,
Escobar,Escobar,102975,SAN,277,0,False,https://s3.glbimg.com/v1/AUTH_58d78b787ec34892b5aaa0c7a146155f/clubes_2026/silhuetas/SAN/FORMATO.png,18,6.61,Gonzalo Daniel Escobar,0.0,2,10.06,27,escobar,7,0.0,1.0,6.0,,,,54.0,18.0,1.0,4.0,16.0,1.0,,,,1.0,1.0,,,6.0,
Laquintana,Laquintana,103014,VIT,287,0,False,https://s3.glbimg.com/v1/AUTH_58d78b787ec34892b5aaa0c7a146155f/clubes_2026/silhuetas/VIT/FORMATO.png,0,0.0,Ignacio Jesús Laquintana Marsico - Nacho,0.0,5,4.0,27,laquintana,6,0.0,,,,,,,,,,,,,,,,,,,,
Gabriel Brazão,G. Brazão,103056,SAN,277,0,True,https://s3.glbimg.com/v1/AUTH_58d78b787ec34892b5aaa0c7a146155f/clubes_2026/silhuetas/SAN/FORMATO.png,22,2.81,Gabriel Nascimento Rezende Brazão - Resende,0.6,1,5.21,27,gabriel-brazao,7,-0.31,,5.0,,56.0,,,,1.0,,4.0,,,,33.0,,1.0,,,5.0,
Andrew,Andrew,103183,FLA,262,0,False,https://s3.glbimg.com/v1/AUTH_58d78b787ec34892b5aaa0c7a146155f/clubes_2026/silhuetas/FLA/FORMATO.png,0,0.0,Andrew da Silva Ventura,0.0,1,3.0,27,andrew,6,0.0,,,,,,,,,,,,,,,,,,,,
Eric Ramires,E. Ramires,103295,RBB,280,0,True,https://s3.glbimg.com/v1/AUTH_58d78b787ec34892b5aaa0c7a146155f/clubes_2026/silhuetas/RBB/FORMATO.png,17,0.63,Eric dos Santos Rodrigues,1.3,4,2.3,27,eric-ramires,7,0.1,,2.0,,,,6.0,11.0,,2.0,9.0,,,,,,,,1.0,,
Matheus Alexandre,M. Alexandre,103347,REM,364,0,False,https://s3.glbimg.com/v1/AUTH_58d78b787ec34892b5aaa0c7a146155f/clubes_2026/silhuetas/REM/FORMATO.png,11,1.92,Matheus Alexandre Anastácio de Souza,0.0,2,4.19,27,matheus-alexandre,6,0.0,,1.0,,,,5.0,4.0,,1.0,,,,,,,,,,3.0,
Emmanuel Martínez,E. Martínez,103388,VIT,287,0,False,https://s3.glbimg.com/v1/AUTH_58d78b787ec34892b5aaa0c7a146155f/clubes_2026/silhuetas/VIT/FORMATO.png,18,3.27,Leandro Emmanuel Martínez,0.0,4,5.95,27,emmanuel-martinez,5,0.0,,6.0,,,,35.0,28.0,2.0,4.0,30.0,,,,,1.0,,,,,
Kaio Jorge,K. Jorge,103445,CRU,283,0,True,https://s3.glbimg.com/v1/AUTH_58d78b787ec34892b5aaa0c7a146155f/clubes_2026/silhuetas/CRU/FORMATO.png,20,4.69,Kaio Jorge Pinto Ramos,0.5,5,10.31,27,kaio-jorge,7,-1.71,,2.0,,,,5.0,6.0,6.0,19.0,21.0,,7.0,,,6.0,,,2.0,,
Ignácio,Ignácio,103523,FLU,266,0,False,https://s3.glbimg.com/v1/AUTH_58d78b787ec34892b5aaa0c7a146155f/clubes_2026/silhuetas/FLU/FORMATO.png,13,4.64,Ignácio da Silva Oliveira,0.0,3,7.19,27,ignacio,5,0.0,,4.0,,,,19.0,10.0,,6.0,10.0,1.0,2.0,,,,,,,2.0,
Guido Herrera,G. Herrera,103562,BAH,265,0,False,https://s3.glbimg.com/v1/AUTH_58d78b787ec34892b5aaa0c7a146155f/clubes_2026/silhuetas/BAH/FORMATO.png,0,0.0,Guido Gabriel Herrera,0.0,1,6.0,27,guido-herrera,6,0.0,,,,,,,,,,,,,,,,,,,,
Ocampo,Ocampo,103626,CFC,294,0,False,https://s3.glbimg.com/v1/AUTH_58d78b787ec34892b5aaa0c7a146155f/clubes_2026/silhuetas/CFC/FORMATO.png,3,1.1,Brian Alexis Ocampo Ferreira,0.0,5,4.51,27,ocampo,5,0.0,,,,,,1.0,1.0,,2.0,1.0,,,,,,,,,,
Gabriel Menino,G. Menino,103767,SAN,277,0,False,https://s3.glbimg.com/v1/AUTH_58d78b787ec34892b5aaa0c7a146155f/clubes_2026/silhuetas/SAN/FORMATO.png,9,5.45,Gabriel Vinícius Menino,0.0,4,9.92,27,gabriel-menino,6,0.0,,2.0,,,,19.0,5.0,5.0,4.0,14.0,,1.0,,,1.0,,,,,
Bruno Santos,B. Santos,103967,MIR,2305,0,True,https://s3.glbimg.com/v1/AUTH_58d78b787ec34892b5aaa0c7a146155f/clubes_2026/silhuetas/MIR/FORMATO.png,8,4.45,Bruno Santos de Oliveira,15.5,5,6.57,27,bruno-santos,7,1.53,,,,,,3.0,10.0,3.0,7.0,7.0,2.0,2.0,,,6.0,,,,,
Rafael Guanaes,R. Guanaes,104027,MIR,2305,0,True,https://s3.glbimg.com/v1/AUTH_58d78b787ec34892b5aaa0c7a146155f/clubes_2026/silhuetas/MIR/FORMATO.png,24,4.37,Rafael Silva Guanaes,6.39,6,7.49,27,rafael-guanaes,7,-0.1,,,,,,,,,,,,,,,,,,,,6.0
Labyad,Labyad,104036,COR,264,0,False,https://s3.glbimg.com/v1/AUTH_58d78b787ec34892b5aaa0c7a146155f/clubes_2026/silhuetas/COR/FORMATO.png,11,2.05,Zakaria Labyad,0.0,4,4.52,27,labyad,5,0.0,2.0,1.0,,,,3.0,6.0,,1.0,4.0,,1.0,,,,,,,,
Sabino,Sabino,104075,SAO,276,0,False,https://s3.glbimg.com/v1/AUTH_58d78b787ec34892b5aaa0c7a146155f/clubes_2026/silhuetas/SAO/FORMATO.png,19,3.79,José Sabino Chagas Monteiro,0.0,3,7.26,27,sabino,7,0.0,,1.0,,,,26.0,24.0,1.0,3.0,13.0,1.0,1.0,,,,,,,4.0,
Carlos Miguel,C. Miguel,104084,PAL,275,0,True,https://s3.glbimg.com/v1/AUTH_58d78b787ec34892b5aaa0c7a146155f/clubes_2026/silhuetas/PAL/FORMATO.png,26,5.2,Carlos Miguel dos Santos Pereira,7.6,1,8.72,27,carlos-miguel,7,-0.28,,3.0,,80.0,,,,,,11.0,,,,21.0,,,,,10.0,
Bruno Fuchs,B. Fuchs,104085,PAL,275,0,True,https://s3.glbimg.com/v1/AUTH_58d78b787ec34892b5aaa0c7a146155f/clubes_2026/silhuetas/PAL/FORMATO.png,8,4.61,Bruno de Lara Fuchs,7.4,3,8.31,27,bruno-fuchs,6,-0.19,,,,,,9.0,7.0,,,1.0,,,,,,,,,5.0,
Lucas Arcanjo,L. Arcanjo,104118,VIT,287,0,True,https://s3.glbimg.com/v1/AUTH_58d78b787ec34892b5aaa0c7a146155f/clubes_2026/silhuetas/VIT/FORMATO.png,21,6.03,Lucas Willians Assis Arcanjo,8.2,1,9.9,27,lucas-arcanjo,7,-0.47,1.0,1.0,,79.0,2.0,,,,,2.0,,,,29.0,,1.0,,,7.0,
Fabri,Fabri,104134,VIT,287,0,False,https://s3.glbimg.com/v1/AUTH_58d78b787ec34892b5aaa0c7a146155f/clubes_2026/silhuetas/VIT/FORMATO.png,9,2.49,Fabrício do Rosário dos Santos,0.0,5,5.12,27,fabri,6,0.0,1.0,,,,,6.0,3.0,2.0,3.0,3.0,1.0,,,,,,,,,
Edson Carioca,E. Carioca,104204,MIR,2305,0,True,https://s3.glbimg.com/v1/AUTH_58d78b787ec34892b5aaa0c7a146155f/clubes_2026/silhuetas/MIR/FORMATO.png,15,3.02,Edson Guilherme Mendes dos Santos,15.8,5,6.38,27,edson-carioca,6,2.24,,5.0,,,,15.0,15.0,2.0,9.0,8.0,1.0,2.0,,,1.0,,,,,
João Lucas,J. Lucas,104257,REM,364,0,False,https://s3.glbimg.com/v1/AUTH_58d78b787ec34892b5aaa0c7a146155f/clubes_2026/silhuetas/REM/FORMATO.png,6,2.82,João Lucas de Almeida Carvalho,0.0,2,4.59,27,joao-lucas,5,0.0,,3.0,,,,11.0,8.0,1.0,2.0,6.0,,,,,,,,,,
Dudu,Dudu,104330,VIT,287,0,False,https://s3.glbimg.com/v1/AUTH_58d78b787ec34892b5aaa0c7a146155f/clubes_2026/silhuetas/VIT/FORMATO.png,2,3.95,Eduardo Marcelo Rodrigues Nunes,0.0,4,5.01,27,dudu,5,0.0,,,,,,,2.0,,,1.0,,1.0,,,,,,,,
Gabriel Pereira,G. Pereira,104387,VAS,267,0,False,https://s3.glbimg.com/v1/AUTH_58d78b787ec34892b5aaa0c7a146155f/clubes_2026/silhuetas/VAS/FORMATO.png,0,0.0,Gabriel Pereira Magalhães dos Santos,0.0,3,5.0,27,gabriel-pereira,6,0.0,,,,,,,,,,,,,,,,,,,,
Everton,Everton,104470,CHA,315,0,True,https://s3.glbimg.com/v1/AUTH_58d78b787ec34892b5aaa0c7a146155f/clubes_2026/silhuetas/CHA/FORMATO.png,20,1.93,Everton Souza da Cruz,3.5,2,3.89,27,everton,7,0.47,1.0,4.0,1.0,,,12.0,15.0,2.0,7.0,18.0,,,,,,,,,2.0,
Camilo,Camilo,104519,CHA,315,0,True,https://s3.glbimg.com/v1/AUTH_58d78b787ec34892b5aaa0c7a146155f/clubes_2026/silhuetas/CHA/FORMATO.png,21,3.05,Camilo Reijers de Oliveira,2.6,4,5.0,27,camilo,7,-0.18,,7.0,,,,46.0,39.0,2.0,6.0,13.0,,,,,,,,,,
Fabrício,Fabrício,104588,RBB,280,0,False,https://s3.glbimg.com/v1/AUTH_58d78b787ec34892b5aaa0c7a146155f/clubes_2026/silhuetas/RBB/FORMATO.png,0,0.0,Fabrício Oliveira de Souza,0.0,1,2.0,27,fabricio,6,0.0,,,,,,,,,,,,,,,,,,,,
Heitor,Heitor,104649,CHA,315,0,False,https://s3.glbimg.com/v1/AUTH_58d78b787ec34892b5aaa0c7a146155f/clubes_2026/silhuetas/CHA/FORMATO.png,4,7.05,Heitor Rodrigues da Fonseca,0.0,2,8.3,27,heitor,5,0.0,1.0,,,,,12.0,3.0,,2.0,1.0,,,,,,1.0,,,1.0,
Moisés,Moisés,104666,SAN,277,0,False,https://s3.glbimg.com/v1/AUTH_58d78b787ec34892b5aaa0c7a146155f/clubes_2026/silhuetas/SAN/FORMATO.png,13,2.35,Moisés Vieira da Veiga,0.0,5,4.78,27,moises,6,0.0,1.0,,,,,2.0,5.0,4.0,,5.0,,2.0,,,,,,1.0,,
Newton,Newton,104693,SAO,276,0,True,https://s3.glbimg.com/v1/AUTH_58d78b787ec34892b5aaa0c7a146155f/clubes_2026/silhuetas/SAO/FORMATO.png,10,2.05,Newton Araújo da Costa Júnior,3.2,4,4.54,27,newton,6,0.43,,2.0,,,,12.0,6.0,1.0,2.0,7.0,,,,,,,,,,
Enzo Díaz,E. Díaz,104758,SAO,276,0,False,https://s3.glbimg.com/v1/AUTH_58d78b787ec34892b5aaa0c7a146155f/clubes_2026/silhuetas/SAO/FORMATO.png,13,3.9,Enzo Hernán Díaz,0.0,2,9.04,27,enzo-diaz,6,0.0,1.0,7.0,,,,28.0,23.0,2.0,3.0,16.0,,,,,2.0,,,,1.0,
Acevedo,Acevedo,104783,BAH,265,0,True,https://s3.glbimg.com/v1/AUTH_58d78b787ec34892b5aaa0c7a146155f/clubes_2026/silhuetas/BAH/FORMATO.png,24,5.13,Nicolás Brian Acevedo Tabárez,4.1,4,7.51,27,acevedo,7,0.28,1.0,7.0,,,,66.0,52.0,6.0,6.0,31.0,2.0,1.0,,,,,,,,
Sebastián Gómez,S. Gómez,104811,CFC,294,0,False,https://s3.glbimg.com/v1/AUTH_58d78b787ec34892b5aaa0c7a146155f/clubes_2026/silhuetas/CFC/FORMATO.png,22,2.88,Sebastián Gómez Londoño,0.0,4,4.75,27,sebastian-gomez,7,0.0,1.0,3.0,,,,33.0,30.0,4.0,7.0,21.0,,,,,,,,,,
Wagner Leonardo,W. Leonardo,104994,GRE,284,0,False,https://s3.glbimg.com/v1/AUTH_58d78b787ec34892b5aaa0c7a146155f/clubes_2026/silhuetas/GRE/FORMATO.png,10,2.5,Wagner Leonardo Calvelo de Souza,0.0,3,5.23,27,wagner-leonardo,6,0.0,,1.0,1.0,,,13.0,10.0,,2.0,2.0,,,,,1.0,,,,2.0,
João Marcelo,J. Marcelo,105047,CRU,283,0,True,https://s3.glbimg.com/v1/AUTH_58d78b787ec34892b5aaa0c7a146155f/clubes_2026/silhuetas/CRU/FORMATO.png,12,2.28,João Marcelo Messias Ferreira,0.4,3,3.87,27,joao-marcelo,7,-0.7,,2.0,,,,10.0,13.0,,1.0,9.0,,1.0,,,,,,,1.0,
Jajá,Jajá,105048,REM,364,0,True,https://s3.glbimg.com/v1/AUTH_58d78b787ec34892b5aaa0c7a146155f/clubes_2026/silhuetas/REM/FORMATO.png,22,5.27,Jandir Breno Souza Silva,1.5,5,6.44,27,jaja,6,0.16,1.0,2.0,1.0,,,23.0,17.0,10.0,10.0,22.0,,7.0,,,7.0,,,,,
Reinier,Reinier,105068,CAM,282,0,True,https://s3.glbimg.com/v1/AUTH_58d78b787ec34892b5aaa0c7a146155f/clubes_2026/silhuetas/CAM/FORMATO.png,19,4.18,Reinier Jesus Carvalho,17.2,4,7.03,27,reinier,7,2.59,2.0,1.0,,,,12.0,10.0,9.0,6.0,10.0,1.0,4.0,,,,,,,,
Tetê,Tetê,105089,GRE,284,0,True,https://s3.glbimg.com/v1/AUTH_58d78b787ec34892b5aaa0c7a146155f/clubes_2026/silhuetas/GRE/FORMATO.png,20,3.64,Mateus Cardoso Lemos Martins,7.0,5,9.12,27,tete,7,0.73,,1.0,,,,18.0,9.0,9.0,15.0,16.0,1.0,2.0,,,1.0,,,,,
Villagra,Villagra,105157,INT,285,0,True,https://s3.glbimg.com/v1/AUTH_58d78b787ec34892b5aaa0c7a146155f/clubes_2026/silhuetas/INT/FORMATO.png,20,1.99,Rodrigo Román Villagra,3.5,4,5.16,27,villagra,3,0.47,,3.0,,,,22.0,28.0,3.0,5.0,21.0,,,,,,,,,,
Khellven,Khellven,105175,PAL,275,0,True,https://s3.glbimg.com/v1/AUTH_58d78b787ec34892b5aaa0c7a146155f/clubes_2026/silhuetas/PAL/FORMATO.png,19,3.25,Khellven Douglas Silva Oliveira,11.0,2,6.49,27,khellven,6,0.97,1.0,3.0,,,,20.0,18.0,,3.0,8.0,1.0,,1.0,,1.0,1.0,,,6.0,
Sant'Anna,Sant'Anna,105213,RBB,280,0,True,https://s3.glbimg.com/v1/AUTH_58d78b787ec34892b5aaa0c7a146155f/clubes_2026/silhuetas/RBB/FORMATO.png,11,5.77,Ariel Agustín Sant'Anna Quintero,1.5,2,8.39,27,sant-anna,7,-0.61,2.0,3.0,,,,14.0,9.0,3.0,3.0,5.0,,,,,3.0,,,,6.0,
Ferraresi,Ferraresi,105300,BOT,263,0,True,https://s3.glbimg.com/v1/AUTH_58d78b787ec34892b5aaa0c7a146155f/clubes_2026/silhuetas/BOT/FORMATO.png,21,3.61,Nahuel Adolfo Ferraresi Hernández,4.2,3,6.53,27,ferraresi,7,-0.56,,5.0,,,,37.0,24.0,2.0,5.0,13.0,,1.0,1.0,,2.0,,,,3.0,
Carrascal,Carrascal,105436,FLA,262,0,True,https://s3.glbimg.com/v1/AUTH_58d78b787ec34892b5aaa0c7a146155f/clubes_2026/silhuetas/FLA/FORMATO.png,19,6.05,Jorge Andrés Carrascal Guardo,0.0,4,10.11,27,carrascal,7,-0.41,5.0,2.0,2.0,,,24.0,11.0,6.0,12.0,21.0,2.0,4.0,,,,,,,,
Renan Peixoto,R. Peixoto,105518,CAP,293,0,False,https://s3.glbimg.com/v1/AUTH_58d78b787ec34892b5aaa0c7a146155f/clubes_2026/silhuetas/CAP/FORMATO.png,9,0.8,Renan Peixoto Nepomuceno,0.0,5,2.67,27,renan-peixoto,7,0.0,,,,,,1.0,4.0,1.0,1.0,4.0,1.0,,,,1.0,,,,,
Matheus Bidu,M. Bidu,105531,COR,264,0,True,https://s3.glbimg.com/v1/AUTH_58d78b787ec34892b5aaa0c7a146155f/clubes_2026/silhuetas/COR/FORMATO.png,20,7.31,Matheus Lima Beltrão Oliveira Valin,1.0,2,11.72,27,matheus-bidu,7,-1.58,1.0,4.0,,,,40.0,24.0,1.0,9.0,53.0,,3.0,,,7.0,1.0,,,7.0,
Carlos Vinícius,C. Vinícius,105563,GRE,284,0,True,https://s3.glbimg.com/v1/AUTH_58d78b787ec34892b5aaa0c7a146155f/clubes_2026/silhuetas/GRE/FORMATO.png,24,4.65,Carlos Vinícius Alves Morais,1.4,5,12.49,27,carlos-vinicius,7,-0.21,1.0,4.0,,,,6.0,27.0,13.0,11.0,25.0,1.0,9.0,,,19.0,,,,,
Lucas Piton,L. Piton,105584,VAS,267,0,True,https://s3.glbimg.com/v1/AUTH_58d78b787ec34892b5aaa0c7a146155f/clubes_2026/silhuetas/VAS/FORMATO.png,18,2.34,Lucas Piton Crivellaro,-0.6,2,4.81,27,lucas-piton,6,-0.74,1.0,,,,,17.0,14.0,4.0,5.0,4.0,,,,,1.0,,,,1.0,
Maurício,Maurício,105647,PAL,275,0,False,https://s3.glbimg.com/v1/AUTH_58d78b787ec34892b5aaa0c7a146155f/clubes_2026/silhuetas/PAL/FORMATO.png,23,4.62,Maurício Magalhães Prado,0.0,4,7.72,27,mauricio,6,0.0,1.0,2.0,,,,14.0,17.0,11.0,12.0,18.0,,7.0,,,2.0,,,,,
Edu,Edu,105842,VIT,287,0,False,https://s3.glbimg.com/v1/AUTH_58d78b787ec34892b5aaa0c7a146155f/clubes_2026/silhuetas/VIT/FORMATO.png,1,1.5,Lucas Eduardo Ribeiro de Souza,0.0,3,4.13,27,edu,5,0.0,,,,,,1.0,,,,,,,,,,,,,,
Edson Fernando,E. Fernando,105901,REM,364,0,False,https://s3.glbimg.com/v1/AUTH_58d78b787ec34892b5aaa0c7a146155f/clubes_2026/silhuetas/REM/FORMATO.png,2,-1.05,Edson Fernando da Silva Gomes,0.0,4,1.76,27,edson-fernando,6,0.0,,,1.0,,,1.0,2.0,,,,,,,,,,,,,
Aldo Filho,A. Filho,105903,MIR,2305,0,False,https://s3.glbimg.com/v1/AUTH_58d78b787ec34892b5aaa0c7a146155f/clubes_2026/silhuetas/MIR/FORMATO.png,15,2.09,José Aldo Soares de Oliveira Filho,0.0,4,3.8,27,aldo-filho,5,0.0,1.0,7.0,,,,18.0,20.0,3.0,6.0,8.0,,,,,1.0,,,,,
Rochet,Rochet,105949,INT,285,0,False,https://s3.glbimg.com/v1/AUTH_58d78b787ec34892b5aaa0c7a146155f/clubes_2026/silhuetas/INT/FORMATO.png,11,3.33,Sergio Ramón Rochet Álvarez,0.0,1,6.28,27,rochet,5,0.0,,1.0,,22.0,,3.0,,,,1.0,,,,11.0,,,,,3.0,
Coronel,Coronel,106028,SAO,276,0,True,https://s3.glbimg.com/v1/AUTH_58d78b787ec34892b5aaa0c7a146155f/clubes_2026/silhuetas/SAO/FORMATO.png,1,4.5,Carlos Miguel Coronel,4.5,1,6.15,27,coronel,6,1.15,,,,5.0,,,,,,,,,,2.0,,,,,,
Enamorado,Enamorado,106104,GRE,284,0,True,https://s3.glbimg.com/v1/AUTH_58d78b787ec34892b5aaa0c7a146155f/clubes_2026/silhuetas/GRE/FORMATO.png,21,3.18,José David Enamorado Gómez,0.7,5,6.45,27,enamorado,6,-0.18,3.0,3.0,,,,21.0,16.0,3.0,9.0,28.0,1.0,,,,2.0,,,,,
Gabriel Pec,G. Pec,106199,CRU,283,0,False,https://s3.glbimg.com/v1/AUTH_58d78b787ec34892b5aaa0c7a146155f/clubes_2026/silhuetas/CRU/FORMATO.png,1,4.1,Gabriel Fortes Chaves,0.0,5,7.94,27,gabriel-pec,5,0.0,,,,,,1.0,1.0,1.0,1.0,2.0,,,,,1.0,,,,,
Bruno Gomes,B. Gomes,106202,INT,285,0,True,https://s3.glbimg.com/v1/AUTH_58d78b787ec34892b5aaa0c7a146155f/clubes_2026/silhuetas/INT/FORMATO.png,26,3.76,Bruno Gomes da Silva Clevelário,3.4,4,6.66,27,bruno-gomes,7,-0.5,,4.0,,,,50.0,29.0,2.0,8.0,47.0,1.0,,,,,,,,,
Marcos Antônio,M. Antônio,106294,SAO,276,0,False,https://s3.glbimg.com/v1/AUTH_58d78b787ec34892b5aaa0c7a146155f/clubes_2026/silhuetas/SAO/FORMATO.png,19,3.06,Marcos Antônio Silva Santos,0.0,4,7.1,27,marcos-antonio,7,0.0,2.0,1.0,,,,22.0,14.0,4.0,8.0,18.0,,,,,2.0,,,,,
Preciado,Preciado,106302,CAM,282,0,False,https://s3.glbimg.com/v1/AUTH_58d78b787ec34892b5aaa0c7a146155f/clubes_2026/silhuetas/CAM/FORMATO.png,11,4.38,Ángelo Smit Preciado Quiñónez,0.0,2,7.65,27,preciado,6,0.0,1.0,4.0,,,,17.0,19.0,1.0,4.0,16.0,,,,,,,,,3.0,
Domingos Duarte,D. Duarte,106313,SAO,276,0,False,https://s3.glbimg.com/v1/AUTH_58d78b787ec34892b5aaa0c7a146155f/clubes_2026/silhuetas/SAO/FORMATO.png,4,6.12,Domingos de Sousa Coutinho Meneses Duarte,0.0,3,8.38,27,domingos-duarte,7,0.0,,,,,,11.0,4.0,2.0,1.0,2.0,,,,,,,,,1.0,
Caio Alexandre,C. Alexandre,106323,BAH,265,0,True,https://s3.glbimg.com/v1/AUTH_58d78b787ec34892b5aaa0c7a146155f/clubes_2026/silhuetas/BAH/FORMATO.png,16,1.06,Caio Alexandre Souza e Silva,3.0,4,3.85,27,caio-alexandre,6,0.39,,1.0,,,,10.0,14.0,,1.0,13.0,,,,,,,,,,
Eduardo Santos,E. Santos,106434,RBB,280,0,True,https://s3.glbimg.com/v1/AUTH_58d78b787ec34892b5aaa0c7a146155f/clubes_2026/silhuetas/RBB/FORMATO.png,4,1.05,Eduardo Gonzaga Mendes Santos,0.0,3,3.6,27,eduardo-santos,6,-1.0,,,,,,1.0,1.0,,,,1.0,,,,,,,,,
Villalba,Villalba,106593,CRU,283,0,False,https://s3.glbimg.com/v1/AUTH_58d78b787ec34892b5aaa0c7a146155f/clubes_2026/silhuetas/CRU/FORMATO.png,14,2.87,Lucas Hernán Villalba,0.0,3,6.47,27,villalba,6,0.0,2.0,2.0,,,,12.0,15.0,1.0,2.0,4.0,,,,,1.0,1.0,,,3.0,
Igor Formiga,I. Formiga,106708,MIR,2305,0,True,https://s3.glbimg.com/v1/AUTH_58d78b787ec34892b5aaa0c7a146155f/clubes_2026/silhuetas/MIR/FORMATO.png,21,5.5,Igor Marques Paciência Cardoso,8.5,2,8.7,27,igor-formiga,7,-0.82,3.0,2.0,,,,48.0,32.0,3.0,11.0,7.0,,3.0,,,,,,,,
Rodrigo Nestor,R. Nestor,106822,BAH,265,0,True,https://s3.glbimg.com/v1/AUTH_58d78b787ec34892b5aaa0c7a146155f/clubes_2026/silhuetas/BAH/FORMATO.png,19,3.91,Rodrigo Nestor Bertalia,2.6,4,5.8,27,rodrigo-nestor,7,-1.11,4.0,4.0,,,,21.0,22.0,8.0,22.0,12.0,,,,,1.0,,,,,
Borrero,Borrero,106843,CHA,315,0,True,https://s3.glbimg.com/v1/AUTH_58d78b787ec34892b5aaa0c7a146155f/clubes_2026/silhuetas/CHA/FORMATO.png,3,1.5,Dylan Felipe Borrero Caicedo,1.5,4,3.99,27,borrero,6,-0.05,,,,,,3.0,,,,,,,,,,,,,,
Rafael Lacerda,R. Lacerda,106907,CHA,315,0,True,https://s3.glbimg.com/v1/AUTH_58d78b787ec34892b5aaa0c7a146155f/clubes_2026/silhuetas/CHA/FORMATO.png,8,5.14,Rafael dos Santos Lacerda,3.67,6,8.22,27,rafael-lacerda,7,-0.35,,,,,,,,,,,,,,,,,,,,2.0
Fernando,Fernando,106950,CHA,315,0,True,https://s3.glbimg.com/v1/AUTH_58d78b787ec34892b5aaa0c7a146155f/clubes_2026/silhuetas/CHA/FORMATO.png,7,2.3,Fernando Augusto Pereira Bueno Júnior,-1.0,2,3.94,27,fernando,6,-0.41,,1.0,,,,7.0,8.0,,,8.0,,,,,,,,,1.0,
Yuri Sena,Y. Sena,107075,VIT,287,0,False,https://s3.glbimg.com/v1/AUTH_58d78b787ec34892b5aaa0c7a146155f/clubes_2026/silhuetas/VIT/FORMATO.png,0,0.0,Yuri Sena dos Reis Batista,0.0,1,1.0,27,yuri-sena,6,0.0,,,,,,,,,,,,,,,,,,,,
Luciano Juba,L. Juba,107093,BAH,265,0,True,https://s3.glbimg.com/v1/AUTH_58d78b787ec34892b5aaa0c7a146155f/clubes_2026/silhuetas/BAH/FORMATO.png,23,7.19,Luciano Batista da Silva Júnior,9.2,2,11.65,27,luciano-juba,7,-0.21,1.0,3.0,,,,27.0,16.0,7.0,7.0,15.0,1.0,9.0,,,,,1.0,,7.0,
Michel Araújo,M. Araújo,107173,BAH,265,0,False,https://s3.glbimg.com/v1/AUTH_58d78b787ec34892b5aaa0c7a146155f/clubes_2026/silhuetas/BAH/FORMATO.png,18,0.98,Michel Daryl Araújo Villar,0.0,4,2.37,27,michel-araujo,6,0.0,1.0,1.0,1.0,,,8.0,15.0,2.0,5.0,6.0,,,,,3.0,,,,,
Max,Max,107203,CHA,315,0,False,https://s3.glbimg.com/v1/AUTH_58d78b787ec34892b5aaa0c7a146155f/clubes_2026/silhuetas/CHA/FORMATO.png,2,1.85,Max Alves da Silva,0.0,4,4.39,27,max,5,0.0,,,,,,2.0,2.0,,1.0,1.0,,,,,,,,,,
Danilo,Danilo,107231,BOT,263,0,True,https://s3.glbimg.com/v1/AUTH_58d78b787ec34892b5aaa0c7a146155f/clubes_2026/silhuetas/BOT/FORMATO.png,18,7.35,Danilo dos Santos de Oliveira,2.9,4,13.57,27,danilo,7,-0.41,2.0,1.0,,,,31.0,11.0,6.0,11.0,10.0,1.0,7.0,,,,,,,,
Vanderlan,Vanderlan,107236,RBB,280,0,False,https://s3.glbimg.com/v1/AUTH_58d78b787ec34892b5aaa0c7a146155f/clubes_2026/silhuetas/RBB/FORMATO.png,1,-0.3,Vanderlan Barbosa da Silva,0.0,2,4.41,27,vanderlan,5,0.0,,1.0,,,,,1.0,,,,,,,,,,,,,
Zé Vitor,Z. Vitor,107256,VIT,287,0,True,https://s3.glbimg.com/v1/AUTH_58d78b787ec34892b5aaa0c7a146155f/clubes_2026/silhuetas/VIT/FORMATO.png,16,4.65,Jose Vitor Silva Neves,2.8,4,6.03,27,ze-vitor,7,-0.99,,4.0,,,,36.0,34.0,3.0,13.0,27.0,,1.0,,,,1.0,,,,
Alex Bruno,A. Bruno,107300,VIT,287,0,False,https://s3.glbimg.com/v1/AUTH_58d78b787ec34892b5aaa0c7a146155f/clubes_2026/silhuetas/VIT/FORMATO.png,1,1.3,Alex Bruno da Costa Lima,0.0,5,4.03,27,alex-bruno,6,0.0,,,,,,,,,1.0,1.0,,,,,,,,,,
João Paulo,J. Paulo,107453,CHA,315,0,False,https://s3.glbimg.com/v1/AUTH_58d78b787ec34892b5aaa0c7a146155f/clubes_2026/silhuetas/CHA/FORMATO.png,6,3.13,João Paulo Silveira dos Santos,-1.0,3,4.5,27,joao-paulo,3,-0.3,1.0,3.0,,,,6.0,11.0,,2.0,3.0,,1.0,,,,,,,,
Natanael,Natanael,107554,CAM,282,0,True,https://s3.glbimg.com/v1/AUTH_58d78b787ec34892b5aaa0c7a146155f/clubes_2026/silhuetas/CAM/FORMATO.png,17,4.79,Natanael Moreira Milouski,9.5,2,9.09,27,natanael,7,0.88,2.0,,1.0,,,29.0,15.0,2.0,5.0,29.0,,,,,4.0,,,,3.0,
Eduardo Melo,E. Melo,107700,REM,364,0,False,https://s3.glbimg.com/v1/AUTH_58d78b787ec34892b5aaa0c7a146155f/clubes_2026/silhuetas/REM/FORMATO.png,1,1.4,Eduardo de Queiroz Melo,0.0,5,2.13,27,eduardo-melo,6,0.0,,,,,,1.0,,,,,,,,,1.0,,,,,
Praxedes,Praxedes,107744,RBB,280,0,False,https://s3.glbimg.com/v1/AUTH_58d78b787ec34892b5aaa0c7a146155f/clubes_2026/silhuetas/RBB/FORMATO.png,0,0.0,Bruno Conceição Praxedes,0.0,4,4.0,27,praxedes,6,0.0,,,,,,,,,,,,,,,,,,,,
Fintelman,Fintelman,107859,VIT,287,0,False,https://s3.glbimg.com/v1/AUTH_58d78b787ec34892b5aaa0c7a146155f/clubes_2026/silhuetas/VIT/FORMATO.png,0,0.0,Alexandre Fintelman de Mello Ribeiro da Silva,0.0,1,2.0,27,fintelman,6,0.0,,,,,,,,,,,,,,,,,,,,
Bobadilla,Bobadilla,107873,SAO,276,0,False,https://s3.glbimg.com/v1/AUTH_58d78b787ec34892b5aaa0c7a146155f/clubes_2026/silhuetas/SAO/FORMATO.png,16,3.94,Damián Josué Bobadilla Benítez,0.0,4,8.06,27,bobadilla,5,0.0,2.0,3.0,,,,31.0,20.0,6.0,3.0,6.0,1.0,,,,1.0,,,,,
Hugo,Hugo,107908,COR,264,0,False,https://s3.glbimg.com/v1/AUTH_58d78b787ec34892b5aaa0c7a146155f/clubes_2026/silhuetas/COR/FORMATO.png,0,0.0,Hugo Ferreira de Farias,0.0,2,4.0,27,hugo,6,0.0,,,,,,,,,,,,,,,,,,,,
Terán,Terán,107985,CAP,293,0,False,https://s3.glbimg.com/v1/AUTH_58d78b787ec34892b5aaa0c7a146155f/clubes_2026/silhuetas/CAP/FORMATO.png,13,4.09,Carlos Terán Díaz,0.0,3,6.98,27,teran,6,0.0,,,,,,15.0,10.0,3.0,2.0,7.0,,,,,,,,,5.0,
Carbonero,Carbonero,107989,INT,285,0,True,https://s3.glbimg.com/v1/AUTH_58d78b787ec34892b5aaa0c7a146155f/clubes_2026/silhuetas/INT/FORMATO.png,26,5.31,Johan Stiven Carbonero Balanta,13.9,5,10.01,27,carbonero,7,1.48,4.0,4.0,,,,9.0,29.0,15.0,23.0,53.0,,7.0,,,14.0,,,,,
Garcez,Garcez,108131,CHA,315,0,True,https://s3.glbimg.com/v1/AUTH_58d78b787ec34892b5aaa0c7a146155f/clubes_2026/silhuetas/CHA/FORMATO.png,12,3.65,Maurício Garcez de Jesus,11.3,5,5.77,27,garcez,7,1.56,,,,,,9.0,9.0,3.0,10.0,11.0,,2.0,,,2.0,,,,,
Isidro Pitta,I. Pitta,108133,RBB,280,0,True,https://s3.glbimg.com/v1/AUTH_58d78b787ec34892b5aaa0c7a146155f/clubes_2026/silhuetas/RBB/FORMATO.png,23,3.43,Isidro Miguel Pitta Saldívar,0.8,5,5.14,27,isidro-pitta,7,0.2,2.0,3.0,,,,2.0,26.0,8.0,27.0,13.0,1.0,5.0,,,12.0,,1.0,1.0,,
Nardoni,Nardoni,108162,GRE,284,0,True,https://s3.glbimg.com/v1/AUTH_58d78b787ec34892b5aaa0c7a146155f/clubes_2026/silhuetas/GRE/FORMATO.png,16,1.89,Juan Ignacio Martín Nardoni,2.5,4,6.05,27,nardoni,6,0.17,,2.0,,,,11.0,19.0,1.0,4.0,18.0,,1.0,,,1.0,,,,,
Valencia,Valencia,108602,FLA,262,0,False,https://s3.glbimg.com/v1/AUTH_58d78b787ec34892b5aaa0c7a146155f/clubes_2026/silhuetas/FLA/FORMATO.png,1,1.5,Anthony Lenín Valencia Bajaña,0.0,5,5.91,27,valencia,6,0.0,,,,,,1.0,,,,,,,,,,,,,,
Emiliano Martínez,E. Martínez,108683,PAL,275,0,False,https://s3.glbimg.com/v1/AUTH_58d78b787ec34892b5aaa0c7a146155f/clubes_2026/silhuetas/PAL/FORMATO.png,13,2.06,Emiliano Martínez Toranza,0.0,4,3.84,27,emiliano-martinez,6,0.0,,1.0,,,,17.0,8.0,2.0,1.0,3.0,,,,,,,,,,
Galeano,Galeano,108713,REM,364,0,True,https://s3.glbimg.com/v1/AUTH_58d78b787ec34892b5aaa0c7a146155f/clubes_2026/silhuetas/REM/FORMATO.png,15,1.71,Antonio Javier Galeano Ferreira,1.5,5,4.45,27,galeano,6,-0.09,,2.0,,,,5.0,3.0,5.0,7.0,19.0,,,,,2.0,,,,,
Victor Sá,V. Sá,108946,SAO,276,0,True,https://s3.glbimg.com/v1/AUTH_58d78b787ec34892b5aaa0c7a146155f/clubes_2026/silhuetas/SAO/FORMATO.png,5,3.06,João Victor Santos Sá,4.5,5,5.51,27,victor-sa,6,-0.57,1.0,,,,,5.0,3.0,1.0,,5.0,,,,,,,,,,
Plata,Plata,109096,FLA,262,0,True,https://s3.glbimg.com/v1/AUTH_58d78b787ec34892b5aaa0c7a146155f/clubes_2026/silhuetas/FLA/FORMATO.png,14,6.85,Gonzalo Jordy Plata Jiménez,9.5,5,11.47,27,plata,2,0.93,2.0,2.0,,,,29.0,7.0,11.0,6.0,13.0,2.0,2.0,,,,,,,,
Jovane Cabral,J. Cabral,109097,GRE,284,0,True,https://s3.glbimg.com/v1/AUTH_58d78b787ec34892b5aaa0c7a146155f/clubes_2026/silhuetas/GRE/FORMATO.png,4,3.6,Jovane Eduardo Borges Cabral,4.0,5,7.62,27,jovane-cabral,7,0.01,1.0,,,,,4.0,2.0,1.0,1.0,4.0,,,,,,,,,,
Matheus Nascimento,M. Nascimento,109114,GRE,284,0,True,https://s3.glbimg.com/v1/AUTH_58d78b787ec34892b5aaa0c7a146155f/clubes_2026/silhuetas/GRE/FORMATO.png,1,1.2,Matheus Nascimento de Paula,1.2,5,4.01,27,matheus-nascimento,6,0.01,,,,,,,,1.0,,,,,,,,,,,,
Tiago Cóser,T. Cóser,109127,CFC,294,0,False,https://s3.glbimg.com/v1/AUTH_58d78b787ec34892b5aaa0c7a146155f/clubes_2026/silhuetas/CFC/FORMATO.png,22,2.77,Tiago Cóser,0.0,3,3.35,27,tiago-coser,7,0.0,,3.0,1.0,,,10.0,25.0,,2.0,8.0,,3.0,,,,,,,6.0,
Rafael Carvalheira,R. Carvalheira,109336,CHA,315,0,False,https://s3.glbimg.com/v1/AUTH_58d78b787ec34892b5aaa0c7a146155f/clubes_2026/silhuetas/CHA/FORMATO.png,14,2.72,Rafael dos Santos Carvalheira Natividade,0.0,4,5.7,27,rafael-carvalheira,5,0.0,,2.0,,,,15.0,19.0,2.0,5.0,4.0,,2.0,,,1.0,1.0,,,,
Erick Pulga,E. Pulga,109401,BAH,265,0,True,https://s3.glbimg.com/v1/AUTH_58d78b787ec34892b5aaa0c7a146155f/clubes_2026/silhuetas/BAH/FORMATO.png,25,4.67,Erick da Costa Farias,8.6,5,8.49,27,erick-pulga,7,0.87,2.0,5.0,,,,26.0,25.0,14.0,10.0,49.0,2.0,3.0,,,12.0,1.0,,3.0,,
Calebe,Calebe,109461,INT,285,0,False,https://s3.glbimg.com/v1/AUTH_58d78b787ec34892b5aaa0c7a146155f/clubes_2026/silhuetas/INT/FORMATO.png,3,0.83,Calebe Gonçalves Ferreira da Silva,0.0,4,4.65,27,calebe,5,0.0,,,,,,,1.0,,1.0,4.0,,,,,,,,,,
Martinelli,Martinelli,109573,FLU,266,0,False,https://s3.glbimg.com/v1/AUTH_58d78b787ec34892b5aaa0c7a146155f/clubes_2026/silhuetas/FLU/FORMATO.png,18,2.43,Matheus Martinelli Lima,0.0,4,5.89,27,martinelli,7,0.0,2.0,4.0,,,,17.0,27.0,6.0,9.0,12.0,,,,,,,,,,
Medina,Medina,109987,BOT,263,0,False,https://s3.glbimg.com/v1/AUTH_58d78b787ec34892b5aaa0c7a146155f/clubes_2026/silhuetas/BOT/FORMATO.png,16,3.38,Cristian Nicolás Medina,0.0,4,6.35,27,medina,7,0.0,,3.0,1.0,,,25.0,17.0,2.0,6.0,23.0,,1.0,,,,,,1.0,,
Spinelli,Spinelli,110144,VAS,267,0,False,https://s3.glbimg.com/v1/AUTH_58d78b787ec34892b5aaa0c7a146155f/clubes_2026/silhuetas/VAS/FORMATO.png,16,2.95,Claudio Paul Spinelli,0.0,5,5.59,27,spinelli,6,0.0,,,,,,10.0,16.0,9.0,13.0,10.0,1.0,1.0,,,,,,,,
Bernabei,Bernabei,110426,INT,285,0,True,https://s3.glbimg.com/v1/AUTH_58d78b787ec34892b5aaa0c7a146155f/clubes_2026/silhuetas/INT/FORMATO.png,23,6.16,Alexandro Ezequiel Bernabei,1.9,2,9.48,27,bernabei,7,-0.72,1.0,6.0,1.0,,,32.0,43.0,11.0,27.0,26.0,1.0,4.0,,,9.0,1.0,,,6.0,
Abel Ferreira,A. Ferreira,110506,PAL,275,0,True,https://s3.glbimg.com/v1/AUTH_58d78b787ec34892b5aaa0c7a146155f/clubes_2026/silhuetas/PAL/FORMATO.png,27,6.74,Abel Fernando Moreira Ferreira,9.91,6,12.37,27,abel-ferreira,7,0.44,,,,,,,,,,,,,,,,,,,,16.0
Aguirre,Aguirre,110510,INT,285,0,False,https://s3.glbimg.com/v1/AUTH_58d78b787ec34892b5aaa0c7a146155f/clubes_2026/silhuetas/INT/FORMATO.png,18,4.21,Braian Nahuel Aguirre,0.0,2,6.73,27,aguirre,6,0.0,1.0,3.0,,,,21.0,18.0,4.0,7.0,3.0,,2.0,,,2.0,,,,4.0,
Marino Hinestroza,M. Hinestroza,110598,VAS,267,0,False,https://s3.glbimg.com/v1/AUTH_58d78b787ec34892b5aaa0c7a146155f/clubes_2026/silhuetas/VAS/FORMATO.png,13,1.42,Marino Hinestroza Angulo,0.0,5,5.03,27,marino-hinestroza,6,0.0,,,,,,5.0,6.0,,4.0,13.0,1.0,,,,,,,,,
Vinícius Balieiro,V. Balieiro,110605,CHA,315,0,False,https://s3.glbimg.com/v1/AUTH_58d78b787ec34892b5aaa0c7a146155f/clubes_2026/silhuetas/CHA/FORMATO.png,5,1.84,Vinícius Balieiro Lourenço de Carvalho,0.0,4,3.62,27,vinicius-balieiro,5,0.0,,,,,,5.0,1.0,,,4.0,,,,,,,,,,
Gustavo,Gustavo,110633,CFC,294,0,False,https://s3.glbimg.com/v1/AUTH_58d78b787ec34892b5aaa0c7a146155f/clubes_2026/silhuetas/CFC/FORMATO.png,4,0.9,Gustavo Silva de Oliveira,0.0,4,3.3,27,gustavo,6,0.0,,,,,,1.0,,,2.0,1.0,,,,,,,,,,
Esquivel,Esquivel,110668,CAP,293,0,False,https://s3.glbimg.com/v1/AUTH_58d78b787ec34892b5aaa0c7a146155f/clubes_2026/silhuetas/CAP/FORMATO.png,15,4.67,Lucas Ángel Esquivel,0.0,2,6.9,27,esquivel,7,0.0,3.0,1.0,1.0,,,20.0,28.0,1.0,6.0,13.0,,,,,,,,,5.0,
Mycael,Mycael,110698,CAP,293,0,False,https://s3.glbimg.com/v1/AUTH_58d78b787ec34892b5aaa0c7a146155f/clubes_2026/silhuetas/CAP/FORMATO.png,2,6.1,Mycael Pontes Moreira,0.0,1,7.67,27,mycael,7,0.0,,2.0,,4.0,1.0,,,,,,,,,3.0,,1.0,,,1.0,
Pedro Rangel,P. Rangel,110708,CFC,294,0,False,https://s3.glbimg.com/v1/AUTH_58d78b787ec34892b5aaa0c7a146155f/clubes_2026/silhuetas/CFC/FORMATO.png,17,4.67,Pedro Felipe de Faria Rangel,0.0,1,7.48,27,pedro-rangel,6,0.0,,1.0,,53.0,,1.0,,,,4.0,,,,22.0,,,,,6.0,
Andrés Hurtado,A. Hurtado,110715,RBB,280,0,True,https://s3.glbimg.com/v1/AUTH_58d78b787ec34892b5aaa0c7a146155f/clubes_2026/silhuetas/RBB/FORMATO.png,16,3.35,José Andrés Hurtado Cheme,1.2,2,5.23,27,andres-hurtado,6,-0.33,,2.0,,,,13.0,10.0,2.0,7.0,6.0,,1.0,,,,,,,4.0,
Gustavo Marques,G. Marques,110750,RBB,280,0,True,https://s3.glbimg.com/v1/AUTH_58d78b787ec34892b5aaa0c7a146155f/clubes_2026/silhuetas/RBB/FORMATO.png,22,4.65,Gustavo Marques Alves dos Santos,3.7,3,7.38,27,gustavo-marques,7,-0.24,,3.0,,,,28.0,16.0,5.0,7.0,17.0,,1.0,,,1.0,,,,8.0,
John Kennedy,J. Kennedy,110759,FLU,266,0,False,https://s3.glbimg.com/v1/AUTH_58d78b787ec34892b5aaa0c7a146155f/clubes_2026/silhuetas/FLU/FORMATO.png,17,7.3,John Kennedy Batista de Souza,0.0,5,10.92,27,john-kennedy,5,0.0,1.0,,,,,13.0,19.0,16.0,9.0,8.0,1.0,9.0,,,2.0,,,,,
Alix Vinicius,A. Vinicius,111246,RBB,280,0,False,https://s3.glbimg.com/v1/AUTH_58d78b787ec34892b5aaa0c7a146155f/clubes_2026/silhuetas/RBB/FORMATO.png,18,2.84,Alix Vinicius de Souza Sampaio,0.0,3,4.91,27,alix-vinicius,7,0.0,,5.0,1.0,,,16.0,30.0,2.0,4.0,7.0,,,,,,,,,7.0,
Mancha,Mancha,111279,CHA,315,0,False,https://s3.glbimg.com/v1/AUTH_58d78b787ec34892b5aaa0c7a146155f/clubes_2026/silhuetas/CHA/FORMATO.png,0,0.0,Gianluca Piola Minozzo,0.0,2,3.0,27,mancha,6,0.0,,,,,,,,,,,,,,,,,,,,
Gustavo Martins,G. Martins,111309,GRE,284,0,False,https://s3.glbimg.com/v1/AUTH_58d78b787ec34892b5aaa0c7a146155f/clubes_2026/silhuetas/GRE/FORMATO.png,16,3.69,Gustavo Martins de Souza Santos,0.0,3,6.53,27,gustavo-martins,7,0.0,2.0,4.0,,,,14.0,17.0,2.0,6.0,6.0,,2.0,1.0,,1.0,1.0,,,3.0,
Arthur Chaves,A. Chaves,111412,BOT,263,0,False,https://s3.glbimg.com/v1/AUTH_58d78b787ec34892b5aaa0c7a146155f/clubes_2026/silhuetas/BOT/FORMATO.png,0,0.0,Arthur Largura Chaves,0.0,3,6.0,27,arthur-chaves,6,0.0,,,,,,,,,,,,,,,,,,,,
Victor Gabriel,V. Gabriel,111466,INT,285,0,False,https://s3.glbimg.com/v1/AUTH_58d78b787ec34892b5aaa0c7a146155f/clubes_2026/silhuetas/INT/FORMATO.png,16,2.16,Victor Gabriel da Conceição Ribeiro,0.0,3,3.51,27,victor-gabriel,3,0.0,,6.0,1.0,,,20.0,22.0,,2.0,9.0,,,,,,1.0,,,3.0,
Adson,Adson,111682,VAS,267,0,True,https://s3.glbimg.com/v1/AUTH_58d78b787ec34892b5aaa0c7a146155f/clubes_2026/silhuetas/VAS/FORMATO.png,14,3.49,Adson Ferreira Soares,3.6,4,6.21,27,adson,6,0.42,,1.0,,,,20.0,7.0,7.0,10.0,11.0,,,,,,,,,,
Anthoni,Anthoni,111683,INT,285,0,False,https://s3.glbimg.com/v1/AUTH_58d78b787ec34892b5aaa0c7a146155f/clubes_2026/silhuetas/INT/FORMATO.png,10,2.79,Anthoni Spier Souza,0.0,1,4.63,27,anthoni,6,0.0,,,,25.0,,,,,,1.0,,,,15.0,,,,,2.0,
Matheus Cunha,M. Cunha,111690,INT,285,0,True,https://s3.glbimg.com/v1/AUTH_58d78b787ec34892b5aaa0c7a146155f/clubes_2026/silhuetas/INT/FORMATO.png,16,3.18,Matheus Cunha Queiroz,0.3,1,4.12,27,matheus-cunha,7,0.31,1.0,2.0,,28.0,,,,,,3.0,,,,20.0,,,,,6.0,
Fabinho,Fabinho,111760,RBB,280,0,True,https://s3.glbimg.com/v1/AUTH_58d78b787ec34892b5aaa0c7a146155f/clubes_2026/silhuetas/RBB/FORMATO.png,10,1.01,Fábio Silva de Freitas,4.5,4,2.77,27,fabinho,7,0.42,,,1.0,,,8.0,12.0,,1.0,8.0,,,,,,,,,,
Kayky,Kayky,111829,INT,285,0,False,https://s3.glbimg.com/v1/AUTH_58d78b787ec34892b5aaa0c7a146155f/clubes_2026/silhuetas/INT/FORMATO.png,6,1.27,Kayky da Silva Chagas,0.0,5,3.63,27,kayky,5,0.0,,,,,,2.0,,3.0,,2.0,,,,,,,,,,
Matheus Martins,M. Martins,111831,BOT,263,0,False,https://s3.glbimg.com/v1/AUTH_58d78b787ec34892b5aaa0c7a146155f/clubes_2026/silhuetas/BOT/FORMATO.png,18,4.13,Matheus Martins Silva dos Santos,0.0,5,6.69,27,matheus-martins,6,0.0,,1.0,,,,10.0,10.0,11.0,7.0,19.0,1.0,4.0,,,,,,,,
Jefté,Jefté,111832,PAL,275,0,False,https://s3.glbimg.com/v1/AUTH_58d78b787ec34892b5aaa0c7a146155f/clubes_2026/silhuetas/PAL/FORMATO.png,7,2.47,Jefté Vital da Silva Dias,0.0,2,4.16,27,jefte,5,0.0,1.0,1.0,,,,3.0,5.0,,,1.0,,,,,2.0,,,,2.0,
Mateus Silva,M. Silva,111879,VIT,287,0,True,https://s3.glbimg.com/v1/AUTH_58d78b787ec34892b5aaa0c7a146155f/clubes_2026/silhuetas/VIT/FORMATO.png,6,6.0,Mateus da Silva Duarte,8.0,2,7.44,27,mateus-silva,7,-0.22,1.0,1.0,,,,12.0,2.0,,2.0,6.0,,,,,,,,,2.0,
Felipinho,Felipinho,112017,CAP,293,0,False,https://s3.glbimg.com/v1/AUTH_58d78b787ec34892b5aaa0c7a146155f/clubes_2026/silhuetas/CAP/FORMATO.png,8,2.99,Antonio Feliphe Costa Silva,0.0,4,4.79,27,felipinho,6,0.0,,2.0,,,,16.0,8.0,,1.0,1.0,1.0,,,,,,,,,
Vini Paulista,V. Paulista,112576,CFC,294,0,False,https://s3.glbimg.com/v1/AUTH_58d78b787ec34892b5aaa0c7a146155f/clubes_2026/silhuetas/CFC/FORMATO.png,23,2.35,Vinicius Romualdo dos Santos,0.0,4,4.03,27,vini-paulista,6,0.0,,3.0,,,,31.0,11.0,1.0,5.0,12.0,1.0,,,,1.0,,,,,
Gabriel Grando,G. Grando,112616,GRE,284,0,False,https://s3.glbimg.com/v1/AUTH_58d78b787ec34892b5aaa0c7a146155f/clubes_2026/silhuetas/GRE/FORMATO.png,1,0.3,Gabriel Hamester Grando,0.0,1,3.77,27,gabriel-grando,6,0.0,,,,1.0,,,,,,,,,,1.0,,,,,,
Ramón Sosa,R. Sosa,112863,PAL,275,0,False,https://s3.glbimg.com/v1/AUTH_58d78b787ec34892b5aaa0c7a146155f/clubes_2026/silhuetas/PAL/FORMATO.png,19,3.31,Ramón Sosa Acosta,0.0,5,5.87,27,ramon-sosa,6,0.0,2.0,3.0,,,,4.0,18.0,3.0,8.0,22.0,1.0,4.0,,,9.0,,,,,
Lucas Barbosa,L. Barbosa,112886,RBB,280,0,True,https://s3.glbimg.com/v1/AUTH_58d78b787ec34892b5aaa0c7a146155f/clubes_2026/silhuetas/RBB/FORMATO.png,23,6.24,Lucas Henrique Barbosa,5.0,5,9.71,27,lucas-barbosa,7,-1.16,2.0,5.0,,,,30.0,40.0,17.0,28.0,41.0,1.0,5.0,,,7.0,,,,,
Catarozzi,Catarozzi,112939,REM,364,0,False,https://s3.glbimg.com/v1/AUTH_58d78b787ec34892b5aaa0c7a146155f/clubes_2026/silhuetas/REM/FORMATO.png,1,0.9,Franco Catarozzi Parafita,0.0,4,5.41,27,catarozzi,6,0.0,,,,,,1.0,2.0,,,,,,,,,,,,,
Peralta,Peralta,112985,CRU,283,0,False,https://s3.glbimg.com/v1/AUTH_58d78b787ec34892b5aaa0c7a146155f/clubes_2026/silhuetas/CRU/FORMATO.png,0,0.0,Fabrizio José Peralta Ramírez,0.0,4,4.0,27,peralta,5,0.0,,,,,,,,,,,,,,,,,,,,
Freytes,Freytes,113034,FLU,266,0,True,https://s3.glbimg.com/v1/AUTH_58d78b787ec34892b5aaa0c7a146155f/clubes_2026/silhuetas/FLU/FORMATO.png,18,2.49,Juan Pablo Freytes,1.2,3,4.55,27,freytes,6,0.12,,4.0,,,,15.0,15.0,1.0,6.0,10.0,,,,,,,,,4.0,
Flaco López,F. López,113103,PAL,275,0,True,https://s3.glbimg.com/v1/AUTH_58d78b787ec34892b5aaa0c7a146155f/clubes_2026/silhuetas/PAL/FORMATO.png,24,6.91,José Manuel Alberto López,4.5,5,13.45,27,flaco-lopez,7,0.0,3.0,2.0,,,,28.0,33.0,12.0,24.0,49.0,,8.0,,,14.0,,,,,
Benavídez,Benavídez,113113,CAP,293,0,False,https://s3.glbimg.com/v1/AUTH_58d78b787ec34892b5aaa0c7a146155f/clubes_2026/silhuetas/CAP/FORMATO.png,19,5.4,Gastón Américo Benavídez,0.0,2,9.33,27,benavidez,5,0.0,4.0,6.0,,,,22.0,15.0,3.0,4.0,21.0,,1.0,,,2.0,,,,7.0,
Picco,Picco,113125,REM,364,0,True,https://s3.glbimg.com/v1/AUTH_58d78b787ec34892b5aaa0c7a146155f/clubes_2026/silhuetas/REM/FORMATO.png,24,3.49,Leonel Marcelo Picco,2.0,4,6.22,27,picco,7,-0.58,,2.0,,,,45.0,24.0,1.0,8.0,4.0,,2.0,,,,,,,,
Nathan Mendes,N. Mendes,113157,VIT,287,0,False,https://s3.glbimg.com/v1/AUTH_58d78b787ec34892b5aaa0c7a146155f/clubes_2026/silhuetas/VIT/FORMATO.png,12,5.02,Nathan Gabriel de Souza Mendes,0.0,2,7.52,27,nathan-mendes,5,0.0,1.0,3.0,,,,21.0,14.0,,1.0,10.0,,,,,,,,,5.0,
Marquinhos,Marquinhos,113158,CRU,283,0,False,https://s3.glbimg.com/v1/AUTH_58d78b787ec34892b5aaa0c7a146155f/clubes_2026/silhuetas/CRU/FORMATO.png,2,0.45,Marcus Vinícius Oliveira Alencar,0.0,5,3.54,27,marquinhos,6,0.0,,,,,,,2.0,,,3.0,,,,,,,,,,
Pablo Maia,P. Maia,113359,SAO,276,0,True,https://s3.glbimg.com/v1/AUTH_58d78b787ec34892b5aaa0c7a146155f/clubes_2026/silhuetas/SAO/FORMATO.png,18,1.85,Pablo Gonçalves Maia Fortunato,3.4,4,4.44,27,pablo-maia,3,0.36,,3.0,,,,14.0,28.0,1.0,10.0,13.0,,1.0,,,,,,,,
Cristian Olivera,C. Olivera,113397,BAH,265,0,True,https://s3.glbimg.com/v1/AUTH_58d78b787ec34892b5aaa0c7a146155f/clubes_2026/silhuetas/BAH/FORMATO.png,20,4.1,Cristian Gonzalo Olivera Ibarra - Kike,9.3,5,8.1,27,cristian-olivera,3,1.03,2.0,3.0,,,,17.0,14.0,15.0,8.0,38.0,1.0,1.0,,,7.0,,,,,
Bruninho,Bruninho,113558,RBB,280,0,False,https://s3.glbimg.com/v1/AUTH_58d78b787ec34892b5aaa0c7a146155f/clubes_2026/silhuetas/RBB/FORMATO.png,0,0.0,Bruno Gonçalves de Jesus,0.0,4,4.0,27,bruninho,6,0.0,,,,,,,,,,,,,,,,,,,,
Diógenes,Diógenes,113690,SAN,277,0,False,https://s3.glbimg.com/v1/AUTH_58d78b787ec34892b5aaa0c7a146155f/clubes_2026/silhuetas/SAN/FORMATO.png,2,5.55,Diógenes Vinícius da Silva,0.0,1,5.0,27,diogenes,6,0.0,,1.0,,7.0,,,,,,,,,,2.0,,,,,1.0,
Minda,Minda,114040,CAM,282,0,False,https://s3.glbimg.com/v1/AUTH_58d78b787ec34892b5aaa0c7a146155f/clubes_2026/silhuetas/CAM/FORMATO.png,15,3.58,Alan Steve Minda García,0.0,5,6.94,27,minda,6,0.0,2.0,,,,,6.0,2.0,4.0,5.0,7.0,2.0,2.0,,,2.0,,,1.0,,
Alejo Véliz,A. Véliz,114208,BAH,265,0,True,https://s3.glbimg.com/v1/AUTH_58d78b787ec34892b5aaa0c7a146155f/clubes_2026/silhuetas/BAH/FORMATO.png,8,5.96,Alejo Véliz,3.5,5,7.19,27,alejo-veliz,7,-0.91,1.0,,,,,1.0,11.0,3.0,13.0,12.0,,3.0,,,5.0,,,1.0,,
Colidio,Colidio,114323,VAS,267,0,True,https://s3.glbimg.com/v1/AUTH_58d78b787ec34892b5aaa0c7a146155f/clubes_2026/silhuetas/VAS/FORMATO.png,5,7.24,Facundo Colidio,12.5,5,10.59,27,colidio,7,1.83,,1.0,,,,3.0,5.0,5.0,6.0,15.0,,2.0,,,1.0,,,,,
Sinisterra,Sinisterra,114405,CRU,283,0,False,https://s3.glbimg.com/v1/AUTH_58d78b787ec34892b5aaa0c7a146155f/clubes_2026/silhuetas/CRU/FORMATO.png,8,3.27,Luis Fernando Sinisterra Lucumí,0.0,5,5.85,27,sinisterra,5,0.0,,,,,,8.0,8.0,2.0,7.0,1.0,,1.0,,,,,,,,
Danilo Pereira,D. Pereira,114801,BOT,263,0,True,https://s3.glbimg.com/v1/AUTH_58d78b787ec34892b5aaa0c7a146155f/clubes_2026/silhuetas/BOT/FORMATO.png,6,3.47,Danilo Pereira da Silva,2.9,5,5.61,27,danilo-pereira,7,-0.17,1.0,,,,,3.0,4.0,6.0,5.0,3.0,,,,,2.0,,,,,
Vitor Roque,V. Roque,114802,PAL,275,0,True,https://s3.glbimg.com/v1/AUTH_58d78b787ec34892b5aaa0c7a146155f/clubes_2026/silhuetas/PAL/FORMATO.png,15,6.08,Vitor Hugo Roque Ferreira,14.0,5,15.87,27,vitor-roque,7,1.52,,1.0,,,,12.0,15.0,5.0,10.0,36.0,2.0,5.0,,,4.0,,,1.0,,
Miguelito,Miguelito,115025,SAN,277,0,True,https://s3.glbimg.com/v1/AUTH_58d78b787ec34892b5aaa0c7a146155f/clubes_2026/silhuetas/SAN/FORMATO.png,10,4.05,Miguel Àngel Terceros,2.0,4,5.19,27,miguelito,6,0.22,2.0,1.0,,,,13.0,8.0,1.0,4.0,6.0,,1.0,,,,1.0,,,,
Lucas Freitas,L. Freitas,115141,VAS,267,0,False,https://s3.glbimg.com/v1/AUTH_58d78b787ec34892b5aaa0c7a146155f/clubes_2026/silhuetas/VAS/FORMATO.png,3,4.67,Lucas de Freitas Molarinho Chagas,0.0,3,6.03,27,lucas-freitas,6,0.0,,,,,,,1.0,,1.0,1.0,,1.0,,,,,,,1.0,
Renan Viana,R. Viana,115266,CAP,293,0,False,https://s3.glbimg.com/v1/AUTH_58d78b787ec34892b5aaa0c7a146155f/clubes_2026/silhuetas/CAP/FORMATO.png,0,0.0,Renan Rodrigues Fonseca Viana,0.0,5,2.0,27,renan-viana,6,0.0,,,,,,,,,,,,,,,,,,,,
Paulo Pezzolano,P. Pezzolano,115479,INT,285,0,True,https://s3.glbimg.com/v1/AUTH_58d78b787ec34892b5aaa0c7a146155f/clubes_2026/silhuetas/INT/FORMATO.png,27,4.83,Paulo César Pezzolano Suárez,4.84,6,7.66,27,paulo-pezzolano,7,0.11,,,,,,,,,,,,,,,,,,,,6.0
Marcos Victor,M. Victor,115537,BAH,265,0,True,https://s3.glbimg.com/v1/AUTH_58d78b787ec34892b5aaa0c7a146155f/clubes_2026/silhuetas/BAH/FORMATO.png,5,2.84,Marcos Victor Ferreira da Silva,3.2,3,3.88,27,marcos-victor,7,0.14,,,,,,6.0,1.0,,,1.0,,,,,,,,,1.0,
Gabriel Delfim,G. Delfim,115674,CAM,282,0,True,https://s3.glbimg.com/v1/AUTH_58d78b787ec34892b5aaa0c7a146155f/clubes_2026/silhuetas/CAM/FORMATO.png,3,1.87,Gabriel Delfim Ferreira,1.6,1,2.72,27,gabriel-delfim,7,-0.03,,,,7.0,,,,,,1.0,,,,4.0,,,,,,
Benassi,Benassi,115840,CFC,294,0,False,https://s3.glbimg.com/v1/AUTH_58d78b787ec34892b5aaa0c7a146155f/clubes_2026/silhuetas/CFC/FORMATO.png,0,0.0,João Victor Silva Benassi,0.0,1,1.0,27,benassi,6,0.0,,,,,,,,,,,,,,,,,,,,
Evertton Araújo,E. Araújo,115914,FLA,262,0,False,https://s3.glbimg.com/v1/AUTH_58d78b787ec34892b5aaa0c7a146155f/clubes_2026/silhuetas/FLA/FORMATO.png,18,1.17,Everton Gustavo Fernandes Araújo,0.0,4,2.59,27,evertton-araujo,5,0.0,1.0,3.0,1.0,,,9.0,18.0,,12.0,3.0,1.0,,,,,,,,,
Denilson,Denilson,115986,MIR,2305,0,False,https://s3.glbimg.com/v1/AUTH_58d78b787ec34892b5aaa0c7a146155f/clubes_2026/silhuetas/MIR/FORMATO.png,16,3.07,Denilson Alves Borges,0.0,4,4.52,27,denilson,7,0.0,,4.0,,,,29.0,29.0,2.0,2.0,15.0,,1.0,,,,1.0,,,,
Victor Hugo,V. Hugo,116034,CAM,282,0,False,https://s3.glbimg.com/v1/AUTH_58d78b787ec34892b5aaa0c7a146155f/clubes_2026/silhuetas/CAM/FORMATO.png,20,3.55,Victor Hugo Gomes Silva,0.0,4,6.4,27,victor-hugo,5,0.0,1.0,1.0,,,,10.0,5.0,6.0,6.0,19.0,,4.0,,,,,,,,
Cuiabano,Cuiabano,116065,VAS,267,0,True,https://s3.glbimg.com/v1/AUTH_58d78b787ec34892b5aaa0c7a146155f/clubes_2026/silhuetas/VAS/FORMATO.png,15,7.23,Luís Eduardo Soares da Silva,5.2,2,12.12,27,cuiabano,7,0.11,4.0,4.0,,,,41.0,16.0,7.0,9.0,15.0,,1.0,,,,,,,1.0,
Rubens,Rubens,116066,CHA,315,0,True,https://s3.glbimg.com/v1/AUTH_58d78b787ec34892b5aaa0c7a146155f/clubes_2026/silhuetas/CHA/FORMATO.png,10,1.24,Rubens Tadeu Hartmann Ricoldi,0.0,5,2.38,27,rubens,6,-0.1,,2.0,,,,3.0,7.0,1.0,1.0,4.0,,1.0,,,,,,,,
Thiago Beltrame,T. Beltrame,116067,GRE,284,0,False,https://s3.glbimg.com/v1/AUTH_58d78b787ec34892b5aaa0c7a146155f/clubes_2026/silhuetas/GRE/FORMATO.png,1,0.7,Thiago Beltrame Stallbaum,0.0,1,2.08,27,thiago-beltrame,6,0.0,,,1.0,5.0,,,1.0,,,1.0,,,,3.0,,,,,,
Hércules,Hércules,116447,FLU,266,0,True,https://s3.glbimg.com/v1/AUTH_58d78b787ec34892b5aaa0c7a146155f/clubes_2026/silhuetas/FLU/FORMATO.png,22,3.5,Hércules Pereira do Nascimento,2.0,4,6.69,27,hercules,6,0.22,,3.0,,,,28.0,29.0,8.0,11.0,9.0,,3.0,,,2.0,,,,,
Jamerson,Jamerson,116461,VIT,287,0,True,https://s3.glbimg.com/v1/AUTH_58d78b787ec34892b5aaa0c7a146155f/clubes_2026/silhuetas/VIT/FORMATO.png,13,4.78,Jamerson Santos de Jesus,12.6,2,7.73,27,jamerson,7,0.56,,1.0,,,,20.0,4.0,2.0,3.0,9.0,,,,,,,,,5.0,
Andrés Gómez,A. Gómez,116706,VAS,267,0,True,https://s3.glbimg.com/v1/AUTH_58d78b787ec34892b5aaa0c7a146155f/clubes_2026/silhuetas/VAS/FORMATO.png,22,6.88,Carlos Andrés Gómez Hinestroza,5.3,5,11.8,27,andres-gomez,7,0.19,2.0,8.0,,,,41.0,28.0,14.0,28.0,33.0,3.0,4.0,,,5.0,,,,,
Gabriel Knesowitsch,G. Knesowitsch,117061,MIR,2305,0,True,https://s3.glbimg.com/v1/AUTH_58d78b787ec34892b5aaa0c7a146155f/clubes_2026/silhuetas/MIR/FORMATO.png,6,-0.2,Gabriel Knesowitsch,0.2,3,1.41,27,gabriel-knesowitsch,6,-0.05,,2.0,,,,1.0,5.0,,1.0,,,,,,,,,,,
Thiago Borbas,T. Borbas,117314,CAM,282,0,False,https://s3.glbimg.com/v1/AUTH_58d78b787ec34892b5aaa0c7a146155f/clubes_2026/silhuetas/CAM/FORMATO.png,3,4.3,Thiago Nicolás Borbas Silva,0.0,5,5.75,27,thiago-borbas,5,0.0,,,,,,1.0,4.0,,2.0,6.0,,1.0,,,,,,,,
Robert Renan,R. Renan,117330,VAS,267,0,True,https://s3.glbimg.com/v1/AUTH_58d78b787ec34892b5aaa0c7a146155f/clubes_2026/silhuetas/VAS/FORMATO.png,24,2.84,Robert Renan Alves Barbosa,5.2,3,5.62,27,robert-renan,7,0.49,,4.0,,,,36.0,23.0,1.0,5.0,4.0,,1.0,,,,,,,2.0,
Renato Marques,R. Marques,117403,CFC,294,0,False,https://s3.glbimg.com/v1/AUTH_58d78b787ec34892b5aaa0c7a146155f/clubes_2026/silhuetas/CFC/FORMATO.png,7,0.74,Renato Marques de Oliveira Júnior,0.0,5,2.73,27,renato-marques,6,0.0,,,1.0,,,,3.0,1.0,3.0,5.0,1.0,,,,,,,,,
Otávio,Otávio,117404,CRU,283,0,True,https://s3.glbimg.com/v1/AUTH_58d78b787ec34892b5aaa0c7a146155f/clubes_2026/silhuetas/CRU/FORMATO.png,14,3.45,Otávio Eleodoro Rezende Costa,8.4,1,4.25,27,otavio,7,0.46,,2.0,,48.0,,,,,,2.0,,,,18.0,,,,,1.0,
Garro,Garro,117632,COR,264,0,True,https://s3.glbimg.com/v1/AUTH_58d78b787ec34892b5aaa0c7a146155f/clubes_2026/silhuetas/COR/FORMATO.png,24,4.68,Rodrigo Garro,-1.6,4,9.28,27,garro,7,-0.69,6.0,8.0,,,,11.0,25.0,13.0,14.0,66.0,2.0,2.0,,,2.0,,,,,
Young,Young,117818,SAO,276,0,False,https://s3.glbimg.com/v1/AUTH_58d78b787ec34892b5aaa0c7a146155f/clubes_2026/silhuetas/SAO/FORMATO.png,0,0.0,Young Navarro Moraes,0.0,1,3.0,27,young,6,0.0,,,,,,,,,,,,,,,,,,,,
Wesley,Wesley,117909,CRU,283,0,True,https://s3.glbimg.com/v1/AUTH_58d78b787ec34892b5aaa0c7a146155f/clubes_2026/silhuetas/CRU/FORMATO.png,5,2.44,Wesley Gassova Ribeiro Teixeira,1.5,5,7.08,27,wesley,6,-0.62,,2.0,,,,1.0,2.0,1.0,2.0,5.0,,1.0,,,,,,,,
Breno Bidon,B. Bidon,117910,COR,264,0,True,https://s3.glbimg.com/v1/AUTH_58d78b787ec34892b5aaa0c7a146155f/clubes_2026/silhuetas/COR/FORMATO.png,24,3.5,Breno de Souza Bidon,-1.3,4,7.7,27,breno-bidon,7,-1.25,1.0,4.0,,,,25.0,31.0,2.0,7.0,55.0,1.0,2.0,,,2.0,,,,,
Nicolás Fonseca,N. Fonseca,117926,CFC,294,0,False,https://s3.glbimg.com/v1/AUTH_58d78b787ec34892b5aaa0c7a146155f/clubes_2026/silhuetas/CFC/FORMATO.png,0,0.0,Nicolás Fonseca,0.0,4,6.0,27,nicolas-fonseca,6,0.0,,,,,,,,,,,,,,,,,,,,
Lavega,Lavega,117930,CFC,294,0,False,https://s3.glbimg.com/v1/AUTH_58d78b787ec34892b5aaa0c7a146155f/clubes_2026/silhuetas/CFC/FORMATO.png,24,3.3,Joaquín Lavega Colzada,0.0,5,5.15,27,lavega,7,0.0,2.0,3.0,,,,13.0,14.0,3.0,10.0,11.0,,5.0,,,4.0,,,,,
Ronald,Ronald,118238,GRE,284,0,False,https://s3.glbimg.com/v1/AUTH_58d78b787ec34892b5aaa0c7a146155f/clubes_2026/silhuetas/GRE/FORMATO.png,0,0.0,Ronald Cardoso Falkoski,0.0,4,3.0,27,ronald,6,0.0,,,,,,,,,,,,,,,,,,,,
Rodriguinho,Rodriguinho,118563,RBB,280,0,False,https://s3.glbimg.com/v1/AUTH_58d78b787ec34892b5aaa0c7a146155f/clubes_2026/silhuetas/RBB/FORMATO.png,14,3.64,Rodrigo Huendra Almeida Mendonça,0.0,4,6.13,27,rodriguinho,6,0.0,,3.0,,,,16.0,17.0,3.0,10.0,7.0,1.0,2.0,,,1.0,,,1.0,,
Saldivia,Saldivia,118655,VAS,267,0,False,https://s3.glbimg.com/v1/AUTH_58d78b787ec34892b5aaa0c7a146155f/clubes_2026/silhuetas/VAS/FORMATO.png,11,2.55,Alan Gabriel Saldivia Vázquez,0.0,3,5.83,27,saldivia,6,0.0,,3.0,,,,16.0,11.0,1.0,4.0,8.0,,,1.0,,,,,,1.0,
Mateus Carvalho,M. Carvalho,118752,VAS,267,0,False,https://s3.glbimg.com/v1/AUTH_58d78b787ec34892b5aaa0c7a146155f/clubes_2026/silhuetas/VAS/FORMATO.png,0,0.0,Mateus Carvalho dos Santos,0.0,4,4.0,27,mateus-carvalho,5,0.0,,,,,,,,,,,,,,,,,,,,
Alexsander,Alexsander,118774,CAM,282,0,False,https://s3.glbimg.com/v1/AUTH_58d78b787ec34892b5aaa0c7a146155f/clubes_2026/silhuetas/CAM/FORMATO.png,7,2.2,Alexsander Cristhian Gomes da Costa - Christian,0.0,4,5.43,27,alexsander,6,0.0,,1.0,,,,7.0,5.0,3.0,1.0,6.0,,,,,,,,,,
Lautaro Díaz,L. Díaz,118775,SAN,277,0,False,https://s3.glbimg.com/v1/AUTH_58d78b787ec34892b5aaa0c7a146155f/clubes_2026/silhuetas/SAN/FORMATO.png,8,2.28,Lautaro Ariel Díaz,0.0,5,5.26,27,lautaro-diaz,6,0.0,,,,,,2.0,2.0,1.0,4.0,1.0,1.0,1.0,,,,,,,,
Buta,Buta,118806,SAO,276,0,False,https://s3.glbimg.com/v1/AUTH_58d78b787ec34892b5aaa0c7a146155f/clubes_2026/silhuetas/SAO/FORMATO.png,1,4.0,Aurélio Gabriel Ulineia Buta,0.0,2,5.94,27,buta,5,0.0,,,,,,2.0,,,,2.0,,,,,,,,,,
Kaio César,K. César,118844,COR,264,0,True,https://s3.glbimg.com/v1/AUTH_58d78b787ec34892b5aaa0c7a146155f/clubes_2026/silhuetas/COR/FORMATO.png,15,5.87,Kaio César Andrade Lima,7.7,5,10.35,27,kaio-cesar,7,0.52,2.0,2.0,,,,25.0,12.0,7.0,5.0,36.0,,2.0,,,1.0,,,,,
Léo Derik,L. Derik,120433,CAP,293,0,False,https://s3.glbimg.com/v1/AUTH_58d78b787ec34892b5aaa0c7a146155f/clubes_2026/silhuetas/CAP/FORMATO.png,9,3.65,Leonardo Derik Dias Gonçalves,0.0,2,5.81,27,leo-derik,6,0.0,,,,,,11.0,1.0,1.0,,1.0,,,,,,,,,3.0,
Marco Moreno,M. Moreno,120681,BAH,265,0,False,https://s3.glbimg.com/v1/AUTH_58d78b787ec34892b5aaa0c7a146155f/clubes_2026/silhuetas/BAH/FORMATO.png,0,0.0,Marco Moreno Ojeda,0.0,3,4.0,27,marco-moreno,6,0.0,,,,,,,,,,,,,,,,,,,,
Da Silva,D. Silva,121811,CHA,315,0,False,https://s3.glbimg.com/v1/AUTH_58d78b787ec34892b5aaa0c7a146155f/clubes_2026/silhuetas/CHA/FORMATO.png,0,0.0,Fernando Carlos da Silva Filho,0.0,4,3.0,27,da-silva,6,0.0,,,,,,,,,,,,,,,,,,,,
Kauê,Kauê,121823,COR,264,0,False,https://s3.glbimg.com/v1/AUTH_58d78b787ec34892b5aaa0c7a146155f/clubes_2026/silhuetas/COR/FORMATO.png,4,4.98,Kauê Vinicius de Souza Camargo,0.0,1,5.21,27,kaue,6,0.0,,2.0,,18.0,,,,,,1.0,,,,7.0,,,,,1.0,
Kayke,Kayke,121824,COR,264,0,False,https://s3.glbimg.com/v1/AUTH_58d78b787ec34892b5aaa0c7a146155f/clubes_2026/silhuetas/COR/FORMATO.png,6,1.65,Kayke Ferrari Guimarães,0.0,5,3.64,27,kayke,5,0.0,,,,,,5.0,1.0,1.0,,3.0,,,,,,,,,,
Gustavo Talles,G. Talles,121870,CHA,315,0,False,https://s3.glbimg.com/v1/AUTH_58d78b787ec34892b5aaa0c7a146155f/clubes_2026/silhuetas/CHA/FORMATO.png,0,0.0,Gustavo Talles da Silva,0.0,2,2.0,27,gustavo-talles,6,0.0,,,,,,,,,,,,,,,,,,,,
Túlio Eduardo,T. Eduardo,122121,CHA,315,0,True,https://s3.glbimg.com/v1/AUTH_58d78b787ec34892b5aaa0c7a146155f/clubes_2026/silhuetas/CHA/FORMATO.png,6,3.8,Túlio Eduardo Silva de Oliveira,0.1,5,5.87,27,tulio-eduardo,7,-0.15,,1.0,,,,1.0,12.0,4.0,5.0,3.0,,2.0,,,4.0,,,,,
Batata,Batata,122316,CAP,293,0,False,https://s3.glbimg.com/v1/AUTH_58d78b787ec34892b5aaa0c7a146155f/clubes_2026/silhuetas/CAP/FORMATO.png,0,0.0,João Vitor Vigolo Gomes,0.0,2,1.0,27,batata,6,0.0,,,,,,,,,,,,,,,,,,,,
Dyogo Alves,D. Alves,122318,FLA,262,0,False,https://s3.glbimg.com/v1/AUTH_58d78b787ec34892b5aaa0c7a146155f/clubes_2026/silhuetas/FLA/FORMATO.png,0,0.0,Francisco Dyogo Bento Alves,0.0,1,3.0,27,dyogo-alves,6,0.0,,,,,,,,,,,,,,,,,,,,
Daniel Sales,D. Sales,122320,FLA,262,0,False,https://s3.glbimg.com/v1/AUTH_58d78b787ec34892b5aaa0c7a146155f/clubes_2026/silhuetas/FLA/FORMATO.png,0,0.0,Daniel dos Santos Salles,0.0,2,2.0,27,daniel-sales,6,0.0,,,,,,,,,,,,,,,,,,,,
Lorran,Lorran,122321,FLA,262,0,False,https://s3.glbimg.com/v1/AUTH_58d78b787ec34892b5aaa0c7a146155f/clubes_2026/silhuetas/FLA/FORMATO.png,3,5.93,Lorran Lucas Pereira de Sousa,0.0,4,8.0,27,lorran,6,0.0,,,,,,5.0,6.0,3.0,,1.0,,1.0,,,,,,,,
Rodrigo Gelado,R. Gelado,122390,CFC,294,0,False,https://s3.glbimg.com/v1/AUTH_58d78b787ec34892b5aaa0c7a146155f/clubes_2026/silhuetas/CFC/FORMATO.png,0,0.0,Rodrigo Silva Nascimento,0.0,2,2.0,27,rodrigo-gelado,6,0.0,,,,,,,,,,,,,,,,,,,,
Gustavinho,Gustavinho,122394,RBB,280,0,False,https://s3.glbimg.com/v1/AUTH_58d78b787ec34892b5aaa0c7a146155f/clubes_2026/silhuetas/RBB/FORMATO.png,18,2.46,Gustavo Ribeiro Neves,0.0,4,5.32,27,gustavinho,6,0.0,2.0,1.0,,,,15.0,15.0,4.0,2.0,6.0,,1.0,,,,,,,,
Ryan,Ryan,122396,COR,264,0,False,https://s3.glbimg.com/v1/AUTH_58d78b787ec34892b5aaa0c7a146155f/clubes_2026/silhuetas/COR/FORMATO.png,0,0.0,Ryan Gustavo de Lima,0.0,4,3.0,27,ryan,6,0.0,,,,,,,,,,,,,,,,,,,,
Barros,Barros,122485,VAS,267,0,False,https://s3.glbimg.com/v1/AUTH_58d78b787ec34892b5aaa0c7a146155f/clubes_2026/silhuetas/VAS/FORMATO.png,18,4.64,Cauan Lucas Barros da Luz,0.0,4,8.61,27,barros,6,0.0,,5.0,1.0,,,32.0,31.0,,10.0,44.0,,3.0,,,,1.0,,,,
Wallace Yan,W. Yan,122573,RBB,280,0,True,https://s3.glbimg.com/v1/AUTH_58d78b787ec34892b5aaa0c7a146155f/clubes_2026/silhuetas/RBB/FORMATO.png,9,1.24,Wallace Yan de Souza Barreto,0.0,5,2.92,27,wallace-yan,3,-1.35,1.0,1.0,1.0,,,3.0,7.0,3.0,1.0,7.0,,,,,2.0,,,,,
Japa,Japa,122660,MIR,2305,0,False,https://s3.glbimg.com/v1/AUTH_58d78b787ec34892b5aaa0c7a146155f/clubes_2026/silhuetas/MIR/FORMATO.png,8,3.71,João Wellington Gadelha Melo de Oliveira,0.0,4,5.51,27,japa,6,0.0,,,,,,7.0,4.0,3.0,6.0,8.0,,1.0,,,,,,,,
Diego Caito,D. Caito,122670,GRE,284,0,True,https://s3.glbimg.com/v1/AUTH_58d78b787ec34892b5aaa0c7a146155f/clubes_2026/silhuetas/GRE/FORMATO.png,6,4.55,Diego Caito Barcellos Oliveira dos Santos,7.1,2,6.68,27,diego-caito,6,0.84,,2.0,,,,7.0,9.0,4.0,4.0,11.0,,1.0,,,,,,,,
Lucas Cunha,L. Cunha,122755,RBB,280,0,False,https://s3.glbimg.com/v1/AUTH_58d78b787ec34892b5aaa0c7a146155f/clubes_2026/silhuetas/RBB/FORMATO.png,0,0.0,Lucas de Souza Cunha,0.0,3,3.0,27,lucas-cunha,6,0.0,,,,,,,,,,,,,,,,,,,,
Caballero,Caballero,122781,SAN,277,0,False,https://s3.glbimg.com/v1/AUTH_58d78b787ec34892b5aaa0c7a146155f/clubes_2026/silhuetas/SAN/FORMATO.png,6,1.97,Gustavo Rubén Caballero González,0.0,5,3.75,27,caballero,6,0.0,,,,,,2.0,5.0,1.0,4.0,4.0,1.0,,,,1.0,,,1.0,,
Guzmán Rodríguez,G. Rodríguez,122897,RBB,280,0,True,https://s3.glbimg.com/v1/AUTH_58d78b787ec34892b5aaa0c7a146155f/clubes_2026/silhuetas/RBB/FORMATO.png,1,3.0,Guzmán Rodríguez Ferrari,3.0,3,6.47,27,guzman-rodriguez,6,0.93,,1.0,,,,2.0,,,,,,,,,,,,,,
Patrick,Patrick,122990,RBB,280,0,False,https://s3.glbimg.com/v1/AUTH_58d78b787ec34892b5aaa0c7a146155f/clubes_2026/silhuetas/RBB/FORMATO.png,0,0.0,Patrick Roberto da Silva Campos,0.0,4,4.0,27,patrick,6,0.0,,,,,,,,,,,,,,,,,,,,
Victor Nascimento,V. Nascimento,122994,BAH,265,0,False,https://s3.glbimg.com/v1/AUTH_58d78b787ec34892b5aaa0c7a146155f/clubes_2026/silhuetas/BAH/FORMATO.png,0,0.0,Victor dos Santos Nascimento,0.0,1,1.0,27,victor-nascimento,6,0.0,,,,,,,,,,,,,,,,,,,,
Sidney,Sidney,123005,BAH,265,0,False,https://s3.glbimg.com/v1/AUTH_58d78b787ec34892b5aaa0c7a146155f/clubes_2026/silhuetas/BAH/FORMATO.png,0,0.0,Sidney de Carvalho Duarte,0.0,4,1.0,27,sidney,6,0.0,,,,,,,,,,,,,,,,,,,,
David Braga,D. Braga,123016,REM,364,0,False,https://s3.glbimg.com/v1/AUTH_58d78b787ec34892b5aaa0c7a146155f/clubes_2026/silhuetas/REM/FORMATO.png,11,1.05,David Francisco Trindade Braga,0.0,4,2.88,27,david-braga,6,0.0,,2.0,,,,6.0,5.0,1.0,1.0,8.0,,,,,,,,,,
Leozinho,Leozinho,123101,CAP,293,0,False,https://s3.glbimg.com/v1/AUTH_58d78b787ec34892b5aaa0c7a146155f/clubes_2026/silhuetas/CAP/FORMATO.png,13,5.18,Leonardo Caetano Silva,0.0,5,5.81,27,leozinho,2,0.0,,1.0,,,,13.0,7.0,4.0,9.0,8.0,1.0,4.0,,,,,,,,
Cauly,Cauly,123360,SAO,276,0,True,https://s3.glbimg.com/v1/AUTH_58d78b787ec34892b5aaa0c7a146155f/clubes_2026/silhuetas/SAO/FORMATO.png,15,2.95,Cauly Oliveira Souza,4.7,4,6.41,27,cauly,6,0.22,,,,,,16.0,14.0,4.0,6.0,14.0,,1.0,,,,,,,,
Rosivan,Rosivan,123433,CHA,315,0,False,https://s3.glbimg.com/v1/AUTH_58d78b787ec34892b5aaa0c7a146155f/clubes_2026/silhuetas/CHA/FORMATO.png,0,0.0,Rosivan Macedo Soares,0.0,4,2.0,27,rosivan,6,0.0,,,,,,,,,,,,,,,,,,,,
Dantas,Dantas,123445,CAP,293,0,False,https://s3.glbimg.com/v1/AUTH_58d78b787ec34892b5aaa0c7a146155f/clubes_2026/silhuetas/CAP/FORMATO.png,4,2.92,João Vitor Silva Dantas de Oliveira,0.0,3,5.1,27,dantas,7,0.0,1.0,1.0,,,,6.0,6.0,,,1.0,,,,,,,,,,
Lucas Ronier,L. Ronier,123648,CFC,294,0,False,https://s3.glbimg.com/v1/AUTH_58d78b787ec34892b5aaa0c7a146155f/clubes_2026/silhuetas/CFC/FORMATO.png,18,6.7,Lucas Ronier Vieira Pires,0.0,5,10.77,27,lucas-ronier,5,0.0,3.0,3.0,,,,36.0,19.0,7.0,16.0,50.0,2.0,1.0,,,1.0,,,,,
Milans,Milans,123689,COR,264,0,True,https://s3.glbimg.com/v1/AUTH_58d78b787ec34892b5aaa0c7a146155f/clubes_2026/silhuetas/COR/FORMATO.png,7,4.26,Pedro Milans Carámbula,0.7,2,7.2,27,milans,6,-0.56,,,,,,9.0,7.0,,,7.0,,,,,1.0,,,,3.0,
Zé Guilherme,Z. Guilherme,123717,BAH,265,0,False,https://s3.glbimg.com/v1/AUTH_58d78b787ec34892b5aaa0c7a146155f/clubes_2026/silhuetas/BAH/FORMATO.png,5,2.88,José Guilherme de Lima Costa,0.0,2,4.29,27,ze-guilherme,6,0.0,,2.0,,,,6.0,4.0,,2.0,4.0,,,,,,,,,1.0,
Herrera,Herrera,123738,RBB,280,0,True,https://s3.glbimg.com/v1/AUTH_58d78b787ec34892b5aaa0c7a146155f/clubes_2026/silhuetas/RBB/FORMATO.png,20,2.59,José María Herrera Ares,2.7,5,4.79,27,herrera,6,-0.43,,3.0,,,,18.0,22.0,11.0,11.0,9.0,,1.0,,,2.0,,,,,
Lucho Rodríguez,L. Rodríguez,123795,CRU,283,0,True,https://s3.glbimg.com/v1/AUTH_58d78b787ec34892b5aaa0c7a146155f/clubes_2026/silhuetas/CRU/FORMATO.png,4,3.27,Luciano Rodríguez Rosales,4.7,5,7.48,27,lucho-rodriguez,6,0.32,2.0,1.0,,,,,2.0,1.0,,1.0,1.0,,,,,,,,,
Aguirre,Aguirre,123869,CAP,293,0,False,https://s3.glbimg.com/v1/AUTH_58d78b787ec34892b5aaa0c7a146155f/clubes_2026/silhuetas/CAP/FORMATO.png,21,3.42,Juan Felipe Aguirre Tabares,0.0,3,5.1,27,aguirre,7,0.0,,2.0,,,,22.0,27.0,5.0,3.0,5.0,1.0,,,,1.0,,,,7.0,
Millán,Millán,124219,FLU,266,0,False,https://s3.glbimg.com/v1/AUTH_58d78b787ec34892b5aaa0c7a146155f/clubes_2026/silhuetas/FLU/FORMATO.png,6,1.47,Julián Camilo Millán Díaz,0.0,3,4.49,27,millan,7,0.0,,1.0,,,,2.0,6.0,1.0,3.0,,,,,,,,,,1.0,
Henry Mosquera,H. Mosquera,124239,RBB,280,0,False,https://s3.glbimg.com/v1/AUTH_58d78b787ec34892b5aaa0c7a146155f/clubes_2026/silhuetas/RBB/FORMATO.png,19,3.43,Henry David Mosquera Sánchez,0.0,5,5.39,27,henry-mosquera,7,0.0,4.0,4.0,,,,15.0,20.0,11.0,15.0,16.0,,,,,6.0,,,,,
Kauan Jesus,K. Jesus,124264,INT,285,0,False,https://s3.glbimg.com/v1/AUTH_58d78b787ec34892b5aaa0c7a146155f/clubes_2026/silhuetas/INT/FORMATO.png,0,0.0,Kauan Jesus Santos Oliveira,0.0,1,1.0,27,kauan-jesus,6,0.0,,,,,,,,,,,,,,,,,,,,
Allex,Allex,124270,INT,285,0,False,https://s3.glbimg.com/v1/AUTH_58d78b787ec34892b5aaa0c7a146155f/clubes_2026/silhuetas/INT/FORMATO.png,10,1.24,Allex Rodrigues Pereira da Silva,0.0,4,2.11,27,allex,6,0.0,,1.0,,,,5.0,3.0,1.0,2.0,8.0,,,,,,,,,,
Léo Aragão,L. Aragão,124369,CRU,283,0,False,https://s3.glbimg.com/v1/AUTH_58d78b787ec34892b5aaa0c7a146155f/clubes_2026/silhuetas/CRU/FORMATO.png,0,0.0,Leonardo de Aragão Carvalho,0.0,1,2.0,27,leo-aragao,6,0.0,,,,,,,,,,,,,,,,,,,,
Kainã,Kainã,124386,CHA,315,0,False,https://s3.glbimg.com/v1/AUTH_58d78b787ec34892b5aaa0c7a146155f/clubes_2026/silhuetas/CHA/FORMATO.png,0,0.0,Kainã Correa Dal Magro,0.0,1,1.0,27,kaina,6,0.0,,,,,,,,,,,,,,,,,,,,
Rodrigo Castillo,R. Castillo,124424,FLU,266,0,True,https://s3.glbimg.com/v1/AUTH_58d78b787ec34892b5aaa0c7a146155f/clubes_2026/silhuetas/FLU/FORMATO.png,14,4.07,Rodrigo Castillo,6.8,5,7.9,27,rodrigo-castillo,6,0.03,1.0,2.0,,,,8.0,26.0,4.0,6.0,17.0,,4.0,,,3.0,,,,,
Mateo Ponte,M. Ponte,124481,BOT,263,0,True,https://s3.glbimg.com/v1/AUTH_58d78b787ec34892b5aaa0c7a146155f/clubes_2026/silhuetas/BOT/FORMATO.png,10,3.31,Mateo Ponte Costa,1.5,2,5.38,27,mateo-ponte,6,-1.03,1.0,3.0,,,,11.0,6.0,,,7.0,1.0,,,,1.0,,,,2.0,
Lucas Monzón,L. Monzón,124483,BOT,263,0,True,https://s3.glbimg.com/v1/AUTH_58d78b787ec34892b5aaa0c7a146155f/clubes_2026/silhuetas/BOT/FORMATO.png,4,1.37,Lucas Gabriel Nunes Monzón Lemos,-0.8,3,3.15,27,lucas-monzon,7,-1.04,,2.0,,,,3.0,4.0,1.0,,2.0,,,1.0,,,,,,1.0,
Giay,Giay,124526,PAL,275,0,True,https://s3.glbimg.com/v1/AUTH_58d78b787ec34892b5aaa0c7a146155f/clubes_2026/silhuetas/PAL/FORMATO.png,22,4.84,Agustín Giay,5.2,2,7.32,27,giay,7,-0.15,,4.0,,,,35.0,24.0,1.0,4.0,32.0,,,,,1.0,,,,9.0,
Lescano,Lescano,124552,VAS,267,0,True,https://s3.glbimg.com/v1/AUTH_58d78b787ec34892b5aaa0c7a146155f/clubes_2026/silhuetas/VAS/FORMATO.png,1,3.0,Alan Hernán Lescano,3.0,4,7.36,27,lescano,2,0.36,,,,,,2.0,,,,,,,,,,,,,,
Ruan Assis,R. Assis,124834,CFC,294,0,False,https://s3.glbimg.com/v1/AUTH_58d78b787ec34892b5aaa0c7a146155f/clubes_2026/silhuetas/CFC/FORMATO.png,0,0.0,Ruan Lucas de Assis,0.0,5,1.0,27,ruan-assis,6,0.0,,,,,,,,,,,,,,,,,,,,
Jonathan Jesus,J. Jesus,124912,CRU,283,0,False,https://s3.glbimg.com/v1/AUTH_58d78b787ec34892b5aaa0c7a146155f/clubes_2026/silhuetas/CRU/FORMATO.png,16,4.11,Jonathan de Jesus Alves,0.0,3,6.03,27,jonathan-jesus,6,0.0,,3.0,,,,32.0,16.0,1.0,8.0,6.0,,,,,1.0,,,,3.0,
Castaño,Castaño,124961,CAM,282,0,True,https://s3.glbimg.com/v1/AUTH_58d78b787ec34892b5aaa0c7a146155f/clubes_2026/silhuetas/CAM/FORMATO.png,4,1.25,Kevin Duván Castaño Gil,2.7,4,5.07,27,castano,7,-0.17,,1.0,,,,4.0,4.0,1.0,,,,,,,,,,,,
João Pedro,J. Pedro,125488,COR,264,0,True,https://s3.glbimg.com/v1/AUTH_58d78b787ec34892b5aaa0c7a146155f/clubes_2026/silhuetas/COR/FORMATO.png,5,4.12,João Pedro de Sousa Rodrigues - Tchoca,0.0,3,6.91,27,joao-pedro,6,-0.8,,1.0,,,,4.0,3.0,1.0,1.0,3.0,,1.0,,,,,,,1.0,
Dudu,Dudu,125746,CAP,293,0,False,https://s3.glbimg.com/v1/AUTH_58d78b787ec34892b5aaa0c7a146155f/clubes_2026/silhuetas/CAP/FORMATO.png,16,1.55,Eduardo Kogitzki Anastacio,0.0,4,2.21,27,dudu,2,0.0,,,,,,9.0,7.0,1.0,2.0,5.0,,1.0,,,,,,,,
Pedro Morisco,P. Morisco,125803,CFC,294,0,False,https://s3.glbimg.com/v1/AUTH_58d78b787ec34892b5aaa0c7a146155f/clubes_2026/silhuetas/CFC/FORMATO.png,10,4.55,Pedro Luccas Morisco da Silva,0.0,1,7.83,27,pedro-morisco,7,0.0,,1.0,,40.0,1.0,,,,,3.0,,,,13.0,,1.0,,,,
Zapelli,Zapelli,125926,CAP,293,0,False,https://s3.glbimg.com/v1/AUTH_58d78b787ec34892b5aaa0c7a146155f/clubes_2026/silhuetas/CAP/FORMATO.png,16,1.38,Bruno Zapelli,0.0,4,4.21,27,zapelli,6,0.0,1.0,4.0,1.0,,,11.0,8.0,2.0,5.0,7.0,,,,,,,,,,
Marcelinho,Marcelinho,126120,RBB,280,0,False,https://s3.glbimg.com/v1/AUTH_58d78b787ec34892b5aaa0c7a146155f/clubes_2026/silhuetas/RBB/FORMATO.png,5,2.18,Marcelo Braz da Silva,0.0,4,3.16,27,marcelinho,6,0.0,1.0,,,,,2.0,4.0,1.0,2.0,3.0,,,,,2.0,,,,,
Paulinho,Paulinho,126182,INT,285,0,True,https://s3.glbimg.com/v1/AUTH_58d78b787ec34892b5aaa0c7a146155f/clubes_2026/silhuetas/INT/FORMATO.png,20,1.93,Paulo Lucas Santos de Paula,1.4,4,3.91,27,paulinho,6,-0.14,,7.0,,,,23.0,29.0,5.0,5.0,20.0,,,,,1.0,,,,,
Tomás Pérez,T. Pérez,126189,CAM,282,0,False,https://s3.glbimg.com/v1/AUTH_58d78b787ec34892b5aaa0c7a146155f/clubes_2026/silhuetas/CAM/FORMATO.png,14,1.66,Tomás Pérez,0.0,4,3.99,27,tomas-perez,6,0.0,,2.0,,,,16.0,13.0,2.0,1.0,4.0,,,,,,,,,,
Barreal,Barreal,126471,SAN,277,0,False,https://s3.glbimg.com/v1/AUTH_58d78b787ec34892b5aaa0c7a146155f/clubes_2026/silhuetas/SAN/FORMATO.png,19,5.37,Álvaro Martín Barreal,0.0,4,10.11,27,barreal,5,0.0,1.0,5.0,1.0,,,36.0,22.0,6.0,14.0,17.0,,4.0,,,3.0,1.0,,,,
Fernando Seabra,F. Seabra,126977,CFC,294,0,False,https://s3.glbimg.com/v1/AUTH_58d78b787ec34892b5aaa0c7a146155f/clubes_2026/silhuetas/CFC/FORMATO.png,26,5.19,Fernando Seabra,0.0,6,7.84,27,fernando-seabra,7,0.0,,,,,,,,,,,,,,,,,,,,10.0
Paulinho,Paulinho,126996,VAS,267,0,False,https://s3.glbimg.com/v1/AUTH_58d78b787ec34892b5aaa0c7a146155f/clubes_2026/silhuetas/VAS/FORMATO.png,0,0.0,Paulo Ricardo Alves Ibelli,0.0,2,4.0,27,paulinho,6,0.0,,,,,,,,,,,,,,,,,,,,
Bahia,Bahia,127242,COR,264,0,False,https://s3.glbimg.com/v1/AUTH_58d78b787ec34892b5aaa0c7a146155f/clubes_2026/silhuetas/COR/FORMATO.png,0,0.0,Luiz Gustavo Lemos Carvalho,0.0,4,2.0,27,bahia,6,0.0,,,,,,,,,,,,,,,,,,,,
Artur Jorge,A. Jorge,127273,CRU,283,0,True,https://s3.glbimg.com/v1/AUTH_58d78b787ec34892b5aaa0c7a146155f/clubes_2026/silhuetas/CRU/FORMATO.png,19,6.37,Artur Jorge Torres Gomes Araújo Amorim,5.15,6,11.53,27,artur-jorge,7,-0.41,,,,,,,,,,,,,,,,,,,,12.0
Lautaro López,L. López,127628,BAH,265,0,False,https://s3.glbimg.com/v1/AUTH_58d78b787ec34892b5aaa0c7a146155f/clubes_2026/silhuetas/BAH/FORMATO.png,0,0.0,Lautaro López,0.0,4,4.0,27,lautaro-lopez,6,0.0,,,,,,,,,,,,,,,,,,,,
Vargas,Vargas,127871,CAP,293,0,False,https://s3.glbimg.com/v1/AUTH_58d78b787ec34892b5aaa0c7a146155f/clubes_2026/silhuetas/CAP/FORMATO.png,5,3.86,Kerwin Andrés Calderón Vargas,0.0,5,7.22,27,vargas,6,0.0,1.0,,,,,2.0,1.0,,2.0,4.0,,1.0,,,,,,,,
Júlio Fidelis,J. Fidelis,127932,FLU,266,0,True,https://s3.glbimg.com/v1/AUTH_58d78b787ec34892b5aaa0c7a146155f/clubes_2026/silhuetas/FLU/FORMATO.png,3,5.47,Julio Cesar Lima Fidelis,10.2,2,5.15,27,julio-fidelis,6,1.83,,,,,,8.0,2.0,,,,,,,,,,,,1.0,
Matheus Reis,M. Reis,127969,FLU,266,0,False,https://s3.glbimg.com/v1/AUTH_58d78b787ec34892b5aaa0c7a146155f/clubes_2026/silhuetas/FLU/FORMATO.png,0,0.0,Matheus dos Reis Francisco,0.0,5,1.0,27,matheus-reis,5,0.0,,,,,,,,,,,,,,,,,,,,
Felipe Chiqueti,F. Chiqueti,127970,CAP,293,0,False,https://s3.glbimg.com/v1/AUTH_58d78b787ec34892b5aaa0c7a146155f/clubes_2026/silhuetas/CAP/FORMATO.png,7,1.35,Felipe Chiqueti Bandeira,0.0,4,2.07,27,felipe-chiqueti,6,0.0,,1.0,,,,4.0,8.0,1.0,2.0,8.0,,,,,,,,,,
Pedro Emanuel,P. Emanuel,128177,VAS,267,0,True,https://s3.glbimg.com/v1/AUTH_58d78b787ec34892b5aaa0c7a146155f/clubes_2026/silhuetas/VAS/FORMATO.png,7,5.26,Pedro Emanuel dos Santos Martins Silva,6.78,6,10.04,27,pedro-emanuel,7,0.47,,,,,,,,,,,,,,,,,,,,2.0
Alejandro García,A. García,128427,CAP,293,0,False,https://s3.glbimg.com/v1/AUTH_58d78b787ec34892b5aaa0c7a146155f/clubes_2026/silhuetas/CAP/FORMATO.png,0,0.0,Alejandro García Castillo,0.0,4,4.0,27,alejandro-garcia,6,0.0,,,,,,,,,,,,,,,,,,,,
João Cruz,J. Cruz,128431,CAP,293,0,False,https://s3.glbimg.com/v1/AUTH_58d78b787ec34892b5aaa0c7a146155f/clubes_2026/silhuetas/CAP/FORMATO.png,19,4.18,João Victor Machado Cruz,0.0,4,6.55,27,joao-cruz,3,0.0,4.0,1.0,,,,17.0,12.0,7.0,12.0,9.0,,2.0,,,2.0,,,,,
Johan Rojas,J. Rojas,128433,VAS,267,0,False,https://s3.glbimg.com/v1/AUTH_58d78b787ec34892b5aaa0c7a146155f/clubes_2026/silhuetas/VAS/FORMATO.png,16,1.58,Johan Rojas Echavarría,0.0,4,3.78,27,johan-rojas,6,0.0,1.0,3.0,,,,5.0,13.0,8.0,7.0,3.0,1.0,,,,3.0,,,,,
Wendel,Wendel,129661,BAH,265,0,False,https://s3.glbimg.com/v1/AUTH_58d78b787ec34892b5aaa0c7a146155f/clubes_2026/silhuetas/BAH/FORMATO.png,0,0.0,Wendel Silva Passos,0.0,4,1.0,27,wendel,6,0.0,,,,,,,,,,,,,,,,,,,,
Ruan Pablo,R. Pablo,129663,BAH,265,0,False,https://s3.glbimg.com/v1/AUTH_58d78b787ec34892b5aaa0c7a146155f/clubes_2026/silhuetas/BAH/FORMATO.png,3,0.17,Ruan Pablo Barbosa Sousa,0.0,5,1.44,27,ruan-pablo,6,0.0,,,,,,,1.0,,1.0,,,,,,,,,,,
Pablo,Pablo,129665,VAS,267,0,False,https://s3.glbimg.com/v1/AUTH_58d78b787ec34892b5aaa0c7a146155f/clubes_2026/silhuetas/VAS/FORMATO.png,0,0.0,Pablo de Paula Cardoso,0.0,1,1.0,27,pablo,6,0.0,,,,,,,,,,,,,,,,,,,,
Cristhian Loor,C. Loor,129930,BOT,263,0,False,https://s3.glbimg.com/v1/AUTH_58d78b787ec34892b5aaa0c7a146155f/clubes_2026/silhuetas/BOT/FORMATO.png,0,0.0,Cristhian Joel Loor Santamaría - Christian,0.0,1,2.0,27,cristhian-loor,6,0.0,,,,,,,,,,,,,,,,,,,,
Noriega,Noriega,130048,GRE,284,0,True,https://s3.glbimg.com/v1/AUTH_58d78b787ec34892b5aaa0c7a146155f/clubes_2026/silhuetas/GRE/FORMATO.png,19,3.65,Erick Carlos Noriega Loret de Mola,-1.2,3,6.42,27,noriega,7,-0.42,1.0,4.0,,,,25.0,30.0,3.0,4.0,20.0,,1.0,,,,,,,3.0,
João Costa,J. Costa,130121,CRU,283,0,True,https://s3.glbimg.com/v1/AUTH_58d78b787ec34892b5aaa0c7a146155f/clubes_2026/silhuetas/CRU/FORMATO.png,6,1.48,João Gabriel e Costa Cesco,3.5,5,3.85,27,joao-costa,6,0.57,,,,,,3.0,8.0,4.0,2.0,1.0,,,,,1.0,,,,,
Léo Nannetti,L. Nannetti,130189,FLA,262,0,False,https://s3.glbimg.com/v1/AUTH_58d78b787ec34892b5aaa0c7a146155f/clubes_2026/silhuetas/FLA/FORMATO.png,0,0.0,Leonardo Nannetti Lopes,0.0,1,2.0,27,leo-nannetti,6,0.0,,,,,,,,,,,,,,,,,,,,
Renê,Renê,130209,VIT,287,0,True,https://s3.glbimg.com/v1/AUTH_58d78b787ec34892b5aaa0c7a146155f/clubes_2026/silhuetas/VIT/FORMATO.png,18,7.21,Carlos Renê de Sousa Ferreira - Souza,20.3,5,11.31,27,rene,7,0.99,1.0,2.0,,,,14.0,16.0,15.0,12.0,33.0,1.0,8.0,,,3.0,,,,,
Iuri,Iuri,130233,BAH,265,0,False,https://s3.glbimg.com/v1/AUTH_58d78b787ec34892b5aaa0c7a146155f/clubes_2026/silhuetas/BAH/FORMATO.png,0,0.0,Iuri Jean Carlo Neres dos Santos,0.0,1,1.0,27,iuri,6,0.0,,,,,,,,,,,,,,,,,,,,
Euder,Euder,130252,VAS,267,0,False,https://s3.glbimg.com/v1/AUTH_58d78b787ec34892b5aaa0c7a146155f/clubes_2026/silhuetas/VAS/FORMATO.png,0,0.0,Euder Galdino da Silva,0.0,4,1.0,27,euder,6,0.0,,,,,,,,,,,,,,,,,,,,
Lukas Zuccarello,L. Zuccarello,130279,VAS,267,0,False,https://s3.glbimg.com/v1/AUTH_58d78b787ec34892b5aaa0c7a146155f/clubes_2026/silhuetas/VAS/FORMATO.png,1,1.3,Lukas Rocha Zuccarello,0.0,4,2.32,27,lukas-zuccarello,6,0.0,,,,,,,,,1.0,1.0,,,,,,,,,,
Phillipe Gabriel,P. Gabriel,130280,VAS,267,0,False,https://s3.glbimg.com/v1/AUTH_58d78b787ec34892b5aaa0c7a146155f/clubes_2026/silhuetas/VAS/FORMATO.png,0,0.0,Phillipe Gabriel Pires de Oliveira,0.0,1,1.0,27,phillipe-gabriel,6,0.0,,,,,,,,,,,,,,,,,,,,
Anthony,Anthony,130282,BOT,263,0,False,https://s3.glbimg.com/v1/AUTH_58d78b787ec34892b5aaa0c7a146155f/clubes_2026/silhuetas/BOT/FORMATO.png,0,0.0,Anthony Wesley Ciriano Oliveira,0.0,3,3.0,27,anthony,6,0.0,,,,,,,,,,,,,,,,,,,,
Matheus Dias,M. Dias,130283,CFC,294,0,False,https://s3.glbimg.com/v1/AUTH_58d78b787ec34892b5aaa0c7a146155f/clubes_2026/silhuetas/CFC/FORMATO.png,0,0.0,Matheus Dalsasso Dias,0.0,4,1.0,27,matheus-dias,6,0.0,,,,,,,,,,,,,,,,,,,,
Wallace,Wallace,130307,GRE,284,0,True,https://s3.glbimg.com/v1/AUTH_58d78b787ec34892b5aaa0c7a146155f/clubes_2026/silhuetas/GRE/FORMATO.png,6,3.08,Wallace Gomes da Silva Santos,3.2,3,5.07,27,wallace,7,0.25,,2.0,,,,7.0,7.0,,2.0,5.0,,1.0,,,,,,,,
Rodrigo Falcão,R. Falcão,130309,SAN,277,0,False,https://s3.glbimg.com/v1/AUTH_58d78b787ec34892b5aaa0c7a146155f/clubes_2026/silhuetas/SAN/FORMATO.png,0,0.0,Rodrigo Plazezwski Falcão,0.0,1,1.0,27,rodrigo-falcao,6,0.0,,,,,,,,,,,,,,,,,,,,
Luiz Gustavo,L. Gustavo,130393,BAH,265,0,False,https://s3.glbimg.com/v1/AUTH_58d78b787ec34892b5aaa0c7a146155f/clubes_2026/silhuetas/BAH/FORMATO.png,0,0.0,Luiz Gustavo Marinho Ribeiro dos Santos,0.0,3,1.0,27,luiz-gustavo,6,0.0,,,,,,,,,,,,,,,,,,,,
Igor Felisberto,I. Felisberto,130399,SAO,276,0,False,https://s3.glbimg.com/v1/AUTH_58d78b787ec34892b5aaa0c7a146155f/clubes_2026/silhuetas/SAO/FORMATO.png,0,0.0,Igor Teixeira Felisberto,0.0,2,1.0,27,igor-felisberto,6,0.0,,,,,,,,,,,,,,,,,,,,
Robert,Robert,130414,CHA,315,0,False,https://s3.glbimg.com/v1/AUTH_58d78b787ec34892b5aaa0c7a146155f/clubes_2026/silhuetas/CHA/FORMATO.png,1,3.0,Robert dos Santos Conceição,0.0,4,3.51,27,robert,5,0.0,,,,,,2.0,,,,,,,,,,,,,,
Diego,Diego,130438,INT,285,0,False,https://s3.glbimg.com/v1/AUTH_58d78b787ec34892b5aaa0c7a146155f/clubes_2026/silhuetas/INT/FORMATO.png,0,0.0,Diego Esser Pereira,0.0,1,1.0,27,diego,6,0.0,,,,,,,,,,,,,,,,,,,,
Luciano,Luciano,130443,CHA,315,0,False,https://s3.glbimg.com/v1/AUTH_58d78b787ec34892b5aaa0c7a146155f/clubes_2026/silhuetas/CHA/FORMATO.png,0,0.0,Luciano Bertolo Ludwig,0.0,3,1.0,27,luciano,6,0.0,,,,,,,,,,,,,,,,,,,,
Rodrigo,Rodrigo,130444,CHA,315,0,False,https://s3.glbimg.com/v1/AUTH_58d78b787ec34892b5aaa0c7a146155f/clubes_2026/silhuetas/CHA/FORMATO.png,0,0.0,Rodrigo Endrio Azevedo Tiago,0.0,5,1.0,27,rodrigo,6,0.0,,,,,,,,,,,,,,,,,,,,
Pedro Lima,P. Lima,130525,SAO,276,0,False,https://s3.glbimg.com/v1/AUTH_58d78b787ec34892b5aaa0c7a146155f/clubes_2026/silhuetas/SAO/FORMATO.png,0,0.0,Pedro Henrique Cardoso de Lima,0.0,2,4.0,27,pedro-lima,6,0.0,,,,,,,,,,,,,,,,,,,,
Edenílson,Edenílson,130620,VIT,287,0,True,https://s3.glbimg.com/v1/AUTH_58d78b787ec34892b5aaa0c7a146155f/clubes_2026/silhuetas/VIT/FORMATO.png,11,1.42,Edenílson Santos Nascimento Filho,0.2,4,2.96,27,edenilson,2,-0.26,,2.0,1.0,,,15.0,8.0,,,1.0,,,,,,,,,,
Kadu,Kadu,130698,BOT,263,0,False,https://s3.glbimg.com/v1/AUTH_58d78b787ec34892b5aaa0c7a146155f/clubes_2026/silhuetas/BOT/FORMATO.png,0,0.0,Carlos Eduardo da Silva Santos,0.0,2,1.0,27,kadu,6,0.0,,,,,,,,,,,,,,,,,,,,
Kauan,Kauan,130806,CHA,315,0,True,https://s3.glbimg.com/v1/AUTH_58d78b787ec34892b5aaa0c7a146155f/clubes_2026/silhuetas/CHA/FORMATO.png,6,1.25,Kauan Faria Gomes,3.2,3,1.74,27,kauan,7,0.71,,1.0,,,,4.0,4.0,1.0,,1.0,,,1.0,,,,,,1.0,
Matheus Soares,M. Soares,130842,CAP,293,0,False,https://s3.glbimg.com/v1/AUTH_58d78b787ec34892b5aaa0c7a146155f/clubes_2026/silhuetas/CAP/FORMATO.png,0,0.0,Matheus Soares Rocha,0.0,1,1.0,27,matheus-soares,6,0.0,,,,,,,,,,,,,,,,,,,,
Arthur Dias,A. Dias,130843,CAP,293,0,False,https://s3.glbimg.com/v1/AUTH_58d78b787ec34892b5aaa0c7a146155f/clubes_2026/silhuetas/CAP/FORMATO.png,22,3.52,Arthur dos Santos Barbosa Dias,0.0,3,5.75,27,arthur-dias,7,0.0,,5.0,,,,29.0,20.0,,4.0,14.0,,,,,1.0,,,,7.0,
Riquelme,Riquelme,130889,GRE,284,0,False,https://s3.glbimg.com/v1/AUTH_58d78b787ec34892b5aaa0c7a146155f/clubes_2026/silhuetas/GRE/FORMATO.png,2,-1.45,Riquelme Freitas dos Santos,0.0,4,2.42,27,riquelme,6,0.0,,,1.0,,,,3.0,,,2.0,,,,,,,,,,
Riquelme,Riquelme,130906,CAP,293,0,False,https://s3.glbimg.com/v1/AUTH_58d78b787ec34892b5aaa0c7a146155f/clubes_2026/silhuetas/CAP/FORMATO.png,5,1.06,Diogo Riquelme Rivas do Nascimento,0.0,4,1.53,27,riquelme,6,0.0,,1.0,,,,4.0,3.0,1.0,,,,,,,,,,,,
Thiago Azaf,T. Azaf,131279,CFC,294,0,False,https://s3.glbimg.com/v1/AUTH_58d78b787ec34892b5aaa0c7a146155f/clubes_2026/silhuetas/CFC/FORMATO.png,0,0.0,Thiago Azaf Siqueira Soares,0.0,5,1.0,27,thiago-azaf,6,0.0,,,,,,,,,,,,,,,,,,,,
Athos,Athos,131454,GRE,284,0,False,https://s3.glbimg.com/v1/AUTH_58d78b787ec34892b5aaa0c7a146155f/clubes_2026/silhuetas/GRE/FORMATO.png,0,0.0,Athos Thawan Miranda da Silva,0.0,3,1.0,27,athos,6,0.0,,,,,,,,,,,,,,,,,,,,
JP Chermont,J. Chermont,131516,CFC,294,0,False,https://s3.glbimg.com/v1/AUTH_58d78b787ec34892b5aaa0c7a146155f/clubes_2026/silhuetas/CFC/FORMATO.png,16,3.58,João Pedro Chermont Crema,0.0,2,5.05,27,jp-chermont,7,0.0,3.0,1.0,,,,16.0,11.0,4.0,1.0,6.0,,,,,,1.0,,,3.0,
André Silva,A. Silva,131617,SAO,276,0,True,https://s3.glbimg.com/v1/AUTH_58d78b787ec34892b5aaa0c7a146155f/clubes_2026/silhuetas/SAO/FORMATO.png,15,0.53,André Oliveira e Silva,3.3,5,3.73,27,andre-silva,6,0.26,,5.0,,,,2.0,12.0,5.0,3.0,10.0,,,,,,,,,,
Felipe Longo,F. Longo,131753,COR,264,0,False,https://s3.glbimg.com/v1/AUTH_58d78b787ec34892b5aaa0c7a146155f/clubes_2026/silhuetas/COR/FORMATO.png,0,0.0,Felipe Longo Fernandes da Silva,0.0,1,2.0,27,felipe-longo,6,0.0,,,,,,,,,,,,,,,,,,,,
Isac,Isac,131762,SAO,276,0,False,https://s3.glbimg.com/v1/AUTH_58d78b787ec34892b5aaa0c7a146155f/clubes_2026/silhuetas/SAO/FORMATO.png,0,0.0,Isac Silvestre da Silva,0.0,3,1.0,27,isac,6,0.0,,,,,,,,,,,,,,,,,,,,
Portilla,Portilla,131832,CAP,293,0,False,https://s3.glbimg.com/v1/AUTH_58d78b787ec34892b5aaa0c7a146155f/clubes_2026/silhuetas/CAP/FORMATO.png,17,1.42,Juan Camilo Portilla Orozco,0.0,4,3.35,27,portilla,6,0.0,,4.0,,,,15.0,20.0,1.0,5.0,13.0,,,,,,,,,,
Jhoan Hernández,J. Hernández,131964,BOT,263,0,False,https://s3.glbimg.com/v1/AUTH_58d78b787ec34892b5aaa0c7a146155f/clubes_2026/silhuetas/BOT/FORMATO.png,1,0.0,Jhoan Hernández Mejía,0.0,2,3.69,27,jhoan-hernandez,6,0.0,,,,,,,,,,,,,,,,,,,,
Villarreal,Villarreal,131967,CRU,283,0,False,https://s3.glbimg.com/v1/AUTH_58d78b787ec34892b5aaa0c7a146155f/clubes_2026/silhuetas/CRU/FORMATO.png,14,4.98,Neyser Villarreal - Neiser,0.0,5,7.96,27,villarreal,6,0.0,1.0,,,,,12.0,9.0,5.0,11.0,16.0,1.0,3.0,,,2.0,,,,,
Serna,Serna,132071,FLU,266,0,True,https://s3.glbimg.com/v1/AUTH_58d78b787ec34892b5aaa0c7a146155f/clubes_2026/silhuetas/FLU/FORMATO.png,25,3.73,Kevin Steven Serna Jaramillo,8.0,5,6.92,27,serna,7,0.78,3.0,1.0,,,,20.0,22.0,8.0,9.0,25.0,1.0,3.0,,,7.0,,,,,
Arroyo,Arroyo,132264,CRU,283,0,True,https://s3.glbimg.com/v1/AUTH_58d78b787ec34892b5aaa0c7a146155f/clubes_2026/silhuetas/CRU/FORMATO.png,22,3.44,Keny Alexander Arroyo Alvarado,2.7,5,5.54,27,arroyo,7,0.06,1.0,4.0,1.0,,,13.0,18.0,14.0,13.0,25.0,,3.0,,,2.0,,,,,
Ignacio Sosa,I. Sosa,132274,RBB,280,0,False,https://s3.glbimg.com/v1/AUTH_58d78b787ec34892b5aaa0c7a146155f/clubes_2026/silhuetas/RBB/FORMATO.png,15,1.5,Ignacio Sosa Ospital,0.0,4,3.41,27,ignacio-sosa,6,0.0,,5.0,,,,14.0,17.0,1.0,1.0,19.0,,,,,,,,,,
Román Gómez,R. Gómez,132412,BAH,265,0,True,https://s3.glbimg.com/v1/AUTH_58d78b787ec34892b5aaa0c7a146155f/clubes_2026/silhuetas/BAH/FORMATO.png,12,5.01,Román Agustín Gómez,0.0,2,7.82,27,roman-gomez,7,-0.53,,2.0,,,,24.0,15.0,,7.0,10.0,,,,,,,,,4.0,
Jemmes,Jemmes,132553,FLU,266,0,True,https://s3.glbimg.com/v1/AUTH_58d78b787ec34892b5aaa0c7a146155f/clubes_2026/silhuetas/FLU/FORMATO.png,18,3.26,Jemmes Bruno Ribeiro da Silva,1.5,3,6.22,27,jemmes,6,0.13,1.0,3.0,,,,26.0,13.0,,3.0,9.0,,,,,1.0,,,,3.0,
Vinicinho,Vinicinho,132580,RBB,280,0,False,https://s3.glbimg.com/v1/AUTH_58d78b787ec34892b5aaa0c7a146155f/clubes_2026/silhuetas/RBB/FORMATO.png,14,2.23,Vinicius Mendonça Pereira,0.0,5,3.92,27,vinicinho,6,0.0,,,,,,11.0,4.0,3.0,3.0,20.0,,,,,1.0,,,,,
João Pedro,J. Pedro,132750,SAN,277,0,False,https://s3.glbimg.com/v1/AUTH_58d78b787ec34892b5aaa0c7a146155f/clubes_2026/silhuetas/SAN/FORMATO.png,0,0.0,João Pedro Lucio da Silva,0.0,1,1.0,27,joao-pedro,6,0.0,,,,,,,,,,,,,,,,,,,,
Gui Negão,G. Negão,133543,COR,264,0,True,https://s3.glbimg.com/v1/AUTH_58d78b787ec34892b5aaa0c7a146155f/clubes_2026/silhuetas/COR/FORMATO.png,9,2.04,Guilherme William Silva Inácio,10.5,5,4.71,27,gui-negao,6,1.7,,,,,,6.0,4.0,,2.0,2.0,,1.0,,,,,,,,
Gustavo Reis,G. Reis,133671,RBB,280,0,False,https://s3.glbimg.com/v1/AUTH_58d78b787ec34892b5aaa0c7a146155f/clubes_2026/silhuetas/RBB/FORMATO.png,0,0.0,Gustavo Reis de Alcântara,0.0,1,1.0,27,gustavo-reis,6,0.0,,,,,,,,,,,,,,,,,,,,
Mateus Xavier,M. Xavier,133673,SAN,277,0,False,https://s3.glbimg.com/v1/AUTH_58d78b787ec34892b5aaa0c7a146155f/clubes_2026/silhuetas/SAN/FORMATO.png,1,1.2,Mateus Xavier de Sousa,0.0,5,2.33,27,mateus-xavier,6,0.0,,,,,,1.0,1.0,,,,,,,,,,,,,
Benedetti,Benedetti,133679,PAL,275,0,False,https://s3.glbimg.com/v1/AUTH_58d78b787ec34892b5aaa0c7a146155f/clubes_2026/silhuetas/PAL/FORMATO.png,2,4.85,Luis Gustavo Roncholeta Benedetti - Luiz,0.0,3,5.42,27,benedetti,6,0.0,,,,,,,1.0,,,,,,,,,,,,2.0,
Bruno Lopes,B. Lopes,133690,VAS,267,0,False,https://s3.glbimg.com/v1/AUTH_58d78b787ec34892b5aaa0c7a146155f/clubes_2026/silhuetas/VAS/FORMATO.png,1,1.7,Bruno Lopes Ferreira,0.0,5,1.57,27,bruno-lopes,6,0.0,,,,,,,1.0,1.0,1.0,,,,,,,,,,,
Wallace Davi,W. Davi,133696,BOT,263,0,False,https://s3.glbimg.com/v1/AUTH_58d78b787ec34892b5aaa0c7a146155f/clubes_2026/silhuetas/BOT/FORMATO.png,0,0.0,Wallace Davi Nunes da Silva Dias,0.0,4,4.0,27,wallace-davi,6,0.0,,,,,,,,,,,,,,,,,,,,
Larson,Larson,136156,PAL,275,0,True,https://s3.glbimg.com/v1/AUTH_58d78b787ec34892b5aaa0c7a146155f/clubes_2026/silhuetas/PAL/FORMATO.png,6,0.05,Larson Torna Ferreira dos Santos,-1.3,4,1.34,27,larson,6,-0.35,,1.0,,,,,4.0,1.0,1.0,1.0,,,,,,,,,,
Sanabria,Sanabria,136955,BAH,265,0,False,https://s3.glbimg.com/v1/AUTH_58d78b787ec34892b5aaa0c7a146155f/clubes_2026/silhuetas/BAH/FORMATO.png,14,2.69,Mateo Naín Sanabria Doracio,0.0,5,5.44,27,sanabria,6,0.0,1.0,2.0,,,,5.0,10.0,2.0,8.0,11.0,,2.0,,,2.0,,,,,
Kaique Kenji,K. Kenji,137542,CRU,283,0,False,https://s3.glbimg.com/v1/AUTH_58d78b787ec34892b5aaa0c7a146155f/clubes_2026/silhuetas/CRU/FORMATO.png,11,1.25,Kaique Kenji Takamura Correa,0.0,5,2.61,27,kaique-kenji,6,0.0,,3.0,,,,2.0,5.0,3.0,2.0,4.0,,1.0,,,,,,,,
Tevis,Tevis,137543,CRU,283,0,False,https://s3.glbimg.com/v1/AUTH_58d78b787ec34892b5aaa0c7a146155f/clubes_2026/silhuetas/CRU/FORMATO.png,0,0.0,Tevis Gabriel Alves Santos,0.0,5,2.0,27,tevis,6,0.0,,,,,,,,,,,,,,,,,,,,
Palacios,Palacios,138021,RBB,280,0,False,https://s3.glbimg.com/v1/AUTH_58d78b787ec34892b5aaa0c7a146155f/clubes_2026/silhuetas/RBB/FORMATO.png,0,0.0,Sergio Stevan Palacios Zapata,0.0,3,3.0,27,palacios,6,0.0,,,,,,,,,,,,,,,,,,,,
Bruno Duarte,B. Duarte,138941,VAS,267,0,True,https://s3.glbimg.com/v1/AUTH_58d78b787ec34892b5aaa0c7a146155f/clubes_2026/silhuetas/VAS/FORMATO.png,2,4.6,Bruno Duarte da Silva,6.2,5,7.39,27,bruno-duarte,7,0.91,1.0,,,,,3.0,1.0,,,,,,,,,,,,,
Pedro Kauã,P. Kauã,139200,INT,285,0,False,https://s3.glbimg.com/v1/AUTH_58d78b787ec34892b5aaa0c7a146155f/clubes_2026/silhuetas/INT/FORMATO.png,0,0.0,Pedro Kauã Rodrigues Machado,0.0,3,1.0,27,pedro-kaua,6,0.0,,,,,,,,,,,,,,,,,,,,
Luizinho,Luizinho,140167,COR,264,0,False,https://s3.glbimg.com/v1/AUTH_58d78b787ec34892b5aaa0c7a146155f/clubes_2026/silhuetas/COR/FORMATO.png,0,0.0,Luiz Fernando dos Santos de Nardi,0.0,5,1.0,27,luizinho,6,0.0,,,,,,,,,,,,,,,,,,,,
David,David,140438,CHA,315,0,False,https://s3.glbimg.com/v1/AUTH_58d78b787ec34892b5aaa0c7a146155f/clubes_2026/silhuetas/CHA/FORMATO.png,8,0.73,David Antunes da Silva,0.0,4,1.08,27,david,6,0.0,,,,,,3.0,2.0,,3.0,1.0,,,,,,1.0,,,,
Riquelme Felipe,R. Felipe,140484,FLU,266,0,True,https://s3.glbimg.com/v1/AUTH_58d78b787ec34892b5aaa0c7a146155f/clubes_2026/silhuetas/FLU/FORMATO.png,5,1.68,Riquelme Felipe Silva de Almeida,1.3,5,3.55,27,riquelme-felipe,6,-0.63,1.0,1.0,,,,2.0,3.0,,1.0,3.0,,,,,,,,,,
João Victor,J. Victor,140492,FLA,262,0,False,https://s3.glbimg.com/v1/AUTH_58d78b787ec34892b5aaa0c7a146155f/clubes_2026/silhuetas/FLA/FORMATO.png,1,6.5,João Victor de Souza Cunha,0.0,3,4.34,27,joao-victor,6,0.0,,,,,,1.0,,,,,,,,,,,,,1.0,
Tiaguinho,Tiaguinho,140496,GRE,284,0,False,https://s3.glbimg.com/v1/AUTH_58d78b787ec34892b5aaa0c7a146155f/clubes_2026/silhuetas/GRE/FORMATO.png,1,0.0,Tiago Augusto Gonçalves,0.0,4,0.93,27,tiaguinho,6,0.0,,,,,,,,,,,,,,,,,,,,
Ryan Francisco,R. Francisco,140542,SAO,276,0,False,https://s3.glbimg.com/v1/AUTH_58d78b787ec34892b5aaa0c7a146155f/clubes_2026/silhuetas/SAO/FORMATO.png,1,-0.3,Ryan Francisco Rodrigues dos Santos Silva,0.0,5,4.35,27,ryan-francisco,6,0.0,,,,,,,1.0,,,,,,,,,,,,,
David Martins,D. Martins,140726,BAH,265,0,False,https://s3.glbimg.com/v1/AUTH_58d78b787ec34892b5aaa0c7a146155f/clubes_2026/silhuetas/BAH/FORMATO.png,3,-0.1,David Martins Almeida de Lira,0.0,4,0.65,27,david-martins,6,0.0,,,,,,,1.0,,,,,,,,,,,,,
Davi Gomes,D. Gomes,140906,RBB,280,0,False,https://s3.glbimg.com/v1/AUTH_58d78b787ec34892b5aaa0c7a146155f/clubes_2026/silhuetas/RBB/FORMATO.png,2,4.25,Davi Gomes de Alvarenga,0.0,5,5.19,27,davi-gomes,5,0.0,,,,,,1.0,,2.0,2.0,,1.0,,,,,,,,,
Bruno Bertinato,B. Bertinato,140908,PAL,275,0,False,https://s3.glbimg.com/v1/AUTH_58d78b787ec34892b5aaa0c7a146155f/clubes_2026/silhuetas/PAL/FORMATO.png,0,0.0,Bruno Oliveira Bertinato,0.0,1,3.0,27,bruno-bertinato,6,0.0,,,,,,,,,,,,,,,,,,,,
Robert,Robert,141125,CAM,282,0,False,https://s3.glbimg.com/v1/AUTH_58d78b787ec34892b5aaa0c7a146155f/clubes_2026/silhuetas/CAM/FORMATO.png,0,0.0,Robert Pinto Alves Assunção,0.0,1,1.0,27,robert,6,0.0,,,,,,,,,,,,,,,,,,,,
Pedro Cobra,P. Cobra,141126,CAM,282,0,False,https://s3.glbimg.com/v1/AUTH_58d78b787ec34892b5aaa0c7a146155f/clubes_2026/silhuetas/CAM/FORMATO.png,0,0.0,Pedro Cobra Rodrigues,0.0,1,1.0,27,pedro-cobra,6,0.0,,,,,,,,,,,,,,,,,,,,
Vitão,Vitão,141131,CAM,282,0,True,https://s3.glbimg.com/v1/AUTH_58d78b787ec34892b5aaa0c7a146155f/clubes_2026/silhuetas/CAM/FORMATO.png,4,5.3,Vitor Fernandes Chaves Teixeira,12.7,3,5.76,27,vitao,7,2.66,,,,,,3.0,2.0,,1.0,1.0,1.0,1.0,,,,,,,1.0,
Zé Lucas,Z. Lucas,141160,CRU,283,0,True,https://s3.glbimg.com/v1/AUTH_58d78b787ec34892b5aaa0c7a146155f/clubes_2026/silhuetas/CRU/FORMATO.png,6,2.35,José Lucas Gomes da Silva,1.0,4,5.12,27,ze-lucas,2,-0.11,,,,,,7.0,4.0,,1.0,8.0,,,,,,,,,,
Walace Falcão,W. Falcão,141184,VAS,267,0,False,https://s3.glbimg.com/v1/AUTH_58d78b787ec34892b5aaa0c7a146155f/clubes_2026/silhuetas/VAS/FORMATO.png,0,0.0,Wallace Fernandes Alves Falcão,0.0,3,1.0,27,walace-falcao,6,0.0,,,,,,,,,,,,,,,,,,,,
Lucas Crepaldi,L. Crepaldi,141335,CFC,294,0,False,https://s3.glbimg.com/v1/AUTH_58d78b787ec34892b5aaa0c7a146155f/clubes_2026/silhuetas/CFC/FORMATO.png,0,0.0,Lucas Crepaldi Pimentel,0.0,5,1.0,27,lucas-crepaldi,6,0.0,,,,,,,,,,,,,,,,,,,,
Lucas Taverna,L. Taverna,141337,CFC,294,0,False,https://s3.glbimg.com/v1/AUTH_58d78b787ec34892b5aaa0c7a146155f/clubes_2026/silhuetas/CFC/FORMATO.png,4,1.95,Lucas Taverna,0.0,2,2.69,27,lucas-taverna,5,0.0,,1.0,,,,3.0,4.0,,,1.0,,,,,,,,,1.0,
Paulo Roberto,P. Roberto,141339,CFC,294,0,False,https://s3.glbimg.com/v1/AUTH_58d78b787ec34892b5aaa0c7a146155f/clubes_2026/silhuetas/CFC/FORMATO.png,6,4.65,Paulo Roberto da Silva Souza,0.0,5,5.18,27,paulo-roberto,7,0.0,1.0,1.0,,,,5.0,2.0,,,2.0,,2.0,,,,,,,,
Vitor Tissi,V. Tissi,141344,CFC,294,0,False,https://s3.glbimg.com/v1/AUTH_58d78b787ec34892b5aaa0c7a146155f/clubes_2026/silhuetas/CFC/FORMATO.png,6,0.9,Vitor Gonçalves Tissi,0.0,4,1.26,27,vitor-tissi,6,0.0,,1.0,,,,3.0,2.0,,,5.0,,,,,,,,,,
Gustavo Santana,G. Santana,141382,SAO,276,0,False,https://s3.glbimg.com/v1/AUTH_58d78b787ec34892b5aaa0c7a146155f/clubes_2026/silhuetas/SAO/FORMATO.png,4,3.6,Gustavo Domingos Santana,0.0,5,3.6,27,gustavo-santana,6,0.0,,,,,,1.0,3.0,2.0,3.0,2.0,,1.0,,,,,,,,
João Victor,J. Victor,141385,REM,364,0,False,https://s3.glbimg.com/v1/AUTH_58d78b787ec34892b5aaa0c7a146155f/clubes_2026/silhuetas/REM/FORMATO.png,0,0.0,João Victor Ferreira da Silva,0.0,1,1.0,27,joao-victor,6,0.0,,,,,,,,,,,,,,,,,,,,
Marcos Alexandre,M. Alexandre,141386,REM,364,0,False,https://s3.glbimg.com/v1/AUTH_58d78b787ec34892b5aaa0c7a146155f/clubes_2026/silhuetas/REM/FORMATO.png,0,0.0,Marcos Alexandre Ferreira Campos Filho,0.0,1,1.0,27,marcos-alexandre,6,0.0,,,,,,,,,,,,,,,,,,,,
Huguinho,Huguinho,141400,BOT,263,0,True,https://s3.glbimg.com/v1/AUTH_58d78b787ec34892b5aaa0c7a146155f/clubes_2026/silhuetas/BOT/FORMATO.png,9,3.08,Victor Hugo Custódio de Melo Moura,1.8,4,4.68,27,huguinho,7,-0.37,,3.0,,,,11.0,16.0,,5.0,16.0,,1.0,,,,1.0,,,,
Avellar,Avellar,141405,VAS,267,0,False,https://s3.glbimg.com/v1/AUTH_58d78b787ec34892b5aaa0c7a146155f/clubes_2026/silhuetas/VAS/FORMATO.png,2,3.45,Riquelme Avellar da Silva Fortes,0.0,2,2.8,27,avellar,6,0.0,,,,,,4.0,1.0,1.0,,,,,,,,,,,,
Andrey Fernandes,A. Fernandes,141406,VAS,267,0,False,https://s3.glbimg.com/v1/AUTH_58d78b787ec34892b5aaa0c7a146155f/clubes_2026/silhuetas/VAS/FORMATO.png,1,1.7,Andrey Fernandes de Oliveira Nunes,0.0,5,1.41,27,andrey-fernandes,6,0.0,,,,,,,,1.0,,1.0,,,,,,,,,,
Fredi Lippert,F. Lippert,141419,BAH,265,0,False,https://s3.glbimg.com/v1/AUTH_58d78b787ec34892b5aaa0c7a146155f/clubes_2026/silhuetas/BAH/FORMATO.png,0,0.0,Frederico Lippert Neto Gomes,0.0,3,2.0,27,fredi-lippert,6,0.0,,,,,,,,,,,,,,,,,,,,
Yuri Alves,Y. Alves,141536,RBB,280,0,False,https://s3.glbimg.com/v1/AUTH_58d78b787ec34892b5aaa0c7a146155f/clubes_2026/silhuetas/RBB/FORMATO.png,4,1.05,Yuri Alves de Aquino,0.0,4,1.55,27,yuri-alves,6,0.0,,,,,,2.0,2.0,,1.0,2.0,,,,,,,,,,
Índio,Índio,141551,CAM,282,0,False,https://s3.glbimg.com/v1/AUTH_58d78b787ec34892b5aaa0c7a146155f/clubes_2026/silhuetas/CAM/FORMATO.png,0,0.0,Hendel dos Santos Nascimento,0.0,4,1.0,27,indio,6,0.0,,,,,,,,,,,,,,,,,,,,
Pedro Gabriel,P. Gabriel,141594,GRE,284,0,True,https://s3.glbimg.com/v1/AUTH_58d78b787ec34892b5aaa0c7a146155f/clubes_2026/silhuetas/GRE/FORMATO.png,14,2.79,Pedro Gabriel Crisostomo Pinheiro,-1.3,2,4.09,27,pedro-gabriel,7,-0.55,1.0,6.0,,,,13.0,19.0,3.0,2.0,2.0,,,,,,,,,4.0,
Lucca,Lucca,141609,SAO,276,0,False,https://s3.glbimg.com/v1/AUTH_58d78b787ec34892b5aaa0c7a146155f/clubes_2026/silhuetas/SAO/FORMATO.png,4,0.23,Lucca Marques Alencar,0.0,5,2.05,27,lucca,6,0.0,,,,,,1.0,2.0,,,,,,,,,,,,,
Pedro Ferreira,P. Ferreira,141615,SAO,276,0,False,https://s3.glbimg.com/v1/AUTH_58d78b787ec34892b5aaa0c7a146155f/clubes_2026/silhuetas/SAO/FORMATO.png,3,0.87,Pedro Henrique Ferreira da Silva,0.0,4,1.25,27,pedro-ferreira,6,0.0,,,,,,,2.0,1.0,,4.0,,,,,,,,,,
Pablo Lúcio,P. Lúcio,141628,FLA,262,0,False,https://s3.glbimg.com/v1/AUTH_58d78b787ec34892b5aaa0c7a146155f/clubes_2026/silhuetas/FLA/FORMATO.png,0,0.0,Pablo Lúcio,0.0,4,2.0,27,pablo-lucio,6,0.0,,,,,,,,,,,,,,,,,,,,
Caio Valle,C. Valle,141752,BOT,263,0,False,https://s3.glbimg.com/v1/AUTH_58d78b787ec34892b5aaa0c7a146155f/clubes_2026/silhuetas/BOT/FORMATO.png,0,0.0,Caio Ribeiro do Valle Silva,0.0,4,1.0,27,caio-valle,6,0.0,,,,,,,,,,,,,,,,,,,,
Gabriel Bontempo,G. Bontempo,141754,SAN,277,0,True,https://s3.glbimg.com/v1/AUTH_58d78b787ec34892b5aaa0c7a146155f/clubes_2026/silhuetas/SAN/FORMATO.png,21,3.82,Gabriel Morais Silva Bontempo,4.8,4,5.55,27,gabriel-bontempo,7,0.26,2.0,2.0,,,,34.0,10.0,3.0,9.0,25.0,,,,,,,,1.0,,
Fabiano Souza,F. Souza,141763,VIT,287,0,False,https://s3.glbimg.com/v1/AUTH_58d78b787ec34892b5aaa0c7a146155f/clubes_2026/silhuetas/VIT/FORMATO.png,3,0.23,Fabiano Josué de Souza Silva,0.0,2,3.85,27,fabiano-souza,6,0.0,,1.0,,,,2.0,2.0,,1.0,3.0,,,1.0,,,,,,,
Gustavo Henrique,G. Henrique,141776,SAN,277,0,True,https://s3.glbimg.com/v1/AUTH_58d78b787ec34892b5aaa0c7a146155f/clubes_2026/silhuetas/SAN/FORMATO.png,13,3.43,Gustavo Henrique Pereira,3.4,4,4.03,27,gustavo-henrique,7,-0.74,,4.0,1.0,,,28.0,16.0,2.0,3.0,19.0,,,,,,,,,,
Kauan Coutinho,K. Coutinho,141795,VIT,287,0,False,https://s3.glbimg.com/v1/AUTH_58d78b787ec34892b5aaa0c7a146155f/clubes_2026/silhuetas/VIT/FORMATO.png,0,0.0,Kauan Santos Neves Coutinho,0.0,3,1.0,27,kauan-coutinho,6,0.0,,,,,,,,,,,,,,,,,,,,
Vini Lira,V. Lira,141868,SAN,277,0,False,https://s3.glbimg.com/v1/AUTH_58d78b787ec34892b5aaa0c7a146155f/clubes_2026/silhuetas/SAN/FORMATO.png,4,2.42,Vinicius Rodrigues Lira,0.0,2,3.79,27,vini-lira,5,0.0,,1.0,,,,7.0,6.0,1.0,1.0,,,,,,,,,,,
Jacaré,Jacaré,141873,COR,264,0,False,https://s3.glbimg.com/v1/AUTH_58d78b787ec34892b5aaa0c7a146155f/clubes_2026/silhuetas/COR/FORMATO.png,0,0.0,João Vitor Barros Silva,0.0,2,2.0,27,jacare,6,0.0,,,,,,,,,,,,,,,,,,,,
Khensane,Khensane,141954,CFC,294,0,False,https://s3.glbimg.com/v1/AUTH_58d78b787ec34892b5aaa0c7a146155f/clubes_2026/silhuetas/CFC/FORMATO.png,0,0.0,Khensane Mpusane Eustaquio Machel,0.0,4,1.0,27,khensane,6,0.0,,,,,,,,,,,,,,,,,,,,
Tico,Tico,141991,REM,364,0,False,https://s3.glbimg.com/v1/AUTH_58d78b787ec34892b5aaa0c7a146155f/clubes_2026/silhuetas/REM/FORMATO.png,1,0.5,Paulo Sérgio da Costa Evangelista Junior,0.0,5,1.1,27,tico,6,0.0,,,,,,,,,,1.0,,,,,,,,,,
Dieguinho,Dieguinho,141995,COR,264,0,True,https://s3.glbimg.com/v1/AUTH_58d78b787ec34892b5aaa0c7a146155f/clubes_2026/silhuetas/COR/FORMATO.png,15,1.43,Diego da Cruz Lopes,1.5,4,3.19,27,dieguinho,6,-0.02,,,,,,6.0,2.0,1.0,2.0,5.0,,1.0,,,1.0,,,,,
Amuzu,Amuzu,142004,GRE,284,0,False,https://s3.glbimg.com/v1/AUTH_58d78b787ec34892b5aaa0c7a146155f/clubes_2026/silhuetas/GRE/FORMATO.png,21,3.76,Francis Amuzu,0.0,5,6.72,27,amuzu,5,0.0,3.0,,,,,14.0,12.0,8.0,13.0,31.0,1.0,1.0,,,,,,,,
Kauan Toledo,K. Toledo,142086,BOT,263,0,True,https://s3.glbimg.com/v1/AUTH_58d78b787ec34892b5aaa0c7a146155f/clubes_2026/silhuetas/BOT/FORMATO.png,7,1.93,Kauan Almeida Toledo,0.5,5,2.27,27,kauan-toledo,6,-0.26,,1.0,,,,6.0,8.0,2.0,2.0,8.0,,,,,1.0,,,,,
Marcelo Eráclito,M. Eráclito,142130,CRU,283,0,False,https://s3.glbimg.com/v1/AUTH_58d78b787ec34892b5aaa0c7a146155f/clubes_2026/silhuetas/CRU/FORMATO.png,0,0.0,Marcelo Eráclito de Souza Filho,0.0,1,1.0,27,marcelo-eraclito,6,0.0,,,,,,,,,,,,,,,,,,,,
Luis Eduardo,L. Eduardo,142257,GRE,284,0,False,https://s3.glbimg.com/v1/AUTH_58d78b787ec34892b5aaa0c7a146155f/clubes_2026/silhuetas/GRE/FORMATO.png,2,-0.3,Luis Eduardo Guedes de Souza,0.0,3,1.45,27,luis-eduardo,6,0.0,,,,,,,2.0,,,,,,,,,,,,,
Bernardo Zortea,B. Zortea,142260,GRE,284,0,False,https://s3.glbimg.com/v1/AUTH_58d78b787ec34892b5aaa0c7a146155f/clubes_2026/silhuetas/GRE/FORMATO.png,4,1.17,Bernardo Schons Zortea,0.0,4,1.72,27,bernardo-zortea,6,0.0,,,,,,3.0,3.0,,2.0,1.0,,,,,,1.0,,,,
Jeferson,Jeferson,142261,GRE,284,0,False,https://s3.glbimg.com/v1/AUTH_58d78b787ec34892b5aaa0c7a146155f/clubes_2026/silhuetas/GRE/FORMATO.png,0,0.0,Jeferson Borges dos Santos,0.0,5,1.0,27,jeferson,6,0.0,,,,,,,,,,,,,,,,,,,,
Dell,Dell,142265,BAH,265,0,False,https://s3.glbimg.com/v1/AUTH_58d78b787ec34892b5aaa0c7a146155f/clubes_2026/silhuetas/BAH/FORMATO.png,4,0.65,Wendeson Wanderley Santos de Melo,0.0,5,1.82,27,dell,6,0.0,,,1.0,,,2.0,3.0,1.0,1.0,3.0,,,,,,,,,,
Luiz Felipe,L. Felipe,142275,FLA,262,0,False,https://s3.glbimg.com/v1/AUTH_58d78b787ec34892b5aaa0c7a146155f/clubes_2026/silhuetas/FLA/FORMATO.png,0,0.0,Luiz Felipe Mariano dos Santos,0.0,4,1.0,27,luiz-felipe,6,0.0,,,,,,,,,,,,,,,,,,,,
Nuno Moreira,N. Moreira,142279,VAS,267,0,False,https://s3.glbimg.com/v1/AUTH_58d78b787ec34892b5aaa0c7a146155f/clubes_2026/silhuetas/VAS/FORMATO.png,18,2.06,Nuno Gonçalo Rocha Moreira,0.0,4,5.2,27,nuno-moreira,6,0.0,1.0,3.0,,,,11.0,12.0,4.0,7.0,8.0,,1.0,,,1.0,,,,,
Barrera,Barrera,142484,BOT,263,0,False,https://s3.glbimg.com/v1/AUTH_58d78b787ec34892b5aaa0c7a146155f/clubes_2026/silhuetas/BOT/FORMATO.png,11,2.46,Jordan Andrés Barrera Herrera,0.0,4,4.93,27,barrera,5,0.0,,,,,,5.0,9.0,6.0,2.0,5.0,1.0,1.0,,,,,,,,
João Victor,J. Victor,142638,INT,285,0,True,https://s3.glbimg.com/v1/AUTH_58d78b787ec34892b5aaa0c7a146155f/clubes_2026/silhuetas/INT/FORMATO.png,1,-0.8,João Victor Alves de Morais Francisco,-0.8,5,0.63,27,joao-victor,6,-0.37,,1.0,,,,,1.0,,,1.0,,,,,,,,,,
Franco Rossi,F. Rossi,142764,CHA,315,0,False,https://s3.glbimg.com/v1/AUTH_58d78b787ec34892b5aaa0c7a146155f/clubes_2026/silhuetas/CHA/FORMATO.png,4,2.4,Franco Andrés Rossi Donazar,0.0,5,3.91,27,franco-rossi,6,0.0,,,,,,1.0,3.0,3.0,3.0,6.0,,,,,,,,,,
Johnny,Johnny,142868,FLA,262,0,False,https://s3.glbimg.com/v1/AUTH_58d78b787ec34892b5aaa0c7a146155f/clubes_2026/silhuetas/FLA/FORMATO.png,1,0.0,Johnny Monteiro Góes,0.0,2,0.89,27,johnny,6,0.0,,,,,,,,,,,,,,,,,,,,
Villalba,Villalba,142877,BOT,263,0,True,https://s3.glbimg.com/v1/AUTH_58d78b787ec34892b5aaa0c7a146155f/clubes_2026/silhuetas/BOT/FORMATO.png,13,1.65,Lucas Martín Villalba Jaume,1.5,5,4.07,27,villalba,6,-0.33,,2.0,,,,9.0,6.0,1.0,2.0,2.0,,1.0,,,,,,,,
Montoro,Montoro,142890,BOT,263,0,True,https://s3.glbimg.com/v1/AUTH_58d78b787ec34892b5aaa0c7a146155f/clubes_2026/silhuetas/BOT/FORMATO.png,21,2.73,Álvaro Montoro,5.6,4,7.14,27,montoro,7,0.48,3.0,5.0,,,,12.0,17.0,9.0,6.0,26.0,2.0,,,,,,,,,
Gabriel Abdias,G. Abdias,143072,BOT,263,0,False,https://s3.glbimg.com/v1/AUTH_58d78b787ec34892b5aaa0c7a146155f/clubes_2026/silhuetas/BOT/FORMATO.png,0,0.0,Gabriel da Silva Abdias,0.0,2,3.0,27,gabriel-abdias,6,0.0,,,,,,,,,,,,,,,,,,,,
Tarzia,Tarzia,143153,VIT,287,0,True,https://s3.glbimg.com/v1/AUTH_58d78b787ec34892b5aaa0c7a146155f/clubes_2026/silhuetas/VIT/FORMATO.png,20,2.93,Diego Tarzia,3.4,5,3.96,27,tarzia,7,0.09,1.0,2.0,,,,14.0,19.0,7.0,7.0,21.0,,2.0,,,1.0,,,,,
Viveros,Viveros,143193,CAP,293,0,False,https://s3.glbimg.com/v1/AUTH_58d78b787ec34892b5aaa0c7a146155f/clubes_2026/silhuetas/CAP/FORMATO.png,23,8.96,Kevin Stiven Viveros Rodallega,0.0,5,12.78,27,viveros,3,0.0,3.0,4.0,,,,3.0,53.0,24.0,18.0,71.0,2.0,15.0,,,21.0,,,4.0,,
Gean,Gean,143252,VIT,287,0,False,https://s3.glbimg.com/v1/AUTH_58d78b787ec34892b5aaa0c7a146155f/clubes_2026/silhuetas/VIT/FORMATO.png,0,0.0,Gean de Jesus Soares,0.0,2,1.0,27,gean,6,0.0,,,,,,,,,,,,,,,,,,,,
Wendell,Wendell,143253,VIT,287,0,False,https://s3.glbimg.com/v1/AUTH_58d78b787ec34892b5aaa0c7a146155f/clubes_2026/silhuetas/VIT/FORMATO.png,0,0.0,Wendell dos Santos Sacramento,0.0,4,2.0,27,wendell,6,0.0,,,,,,,,,,,,,,,,,,,,
Kauan Vitor,K. Vitor,143255,VIT,287,0,False,https://s3.glbimg.com/v1/AUTH_58d78b787ec34892b5aaa0c7a146155f/clubes_2026/silhuetas/VIT/FORMATO.png,0,0.0,Kauan Vitor Silva Ferreira de Melo,0.0,2,1.0,27,kauan-vitor,6,0.0,,,,,,,,,,,,,,,,,,,,
Joshua,Joshua,143295,FLA,262,0,False,https://s3.glbimg.com/v1/AUTH_58d78b787ec34892b5aaa0c7a146155f/clubes_2026/silhuetas/FLA/FORMATO.png,1,-0.3,Caio Joshua Lana de Andrade,0.0,4,2.6,27,joshua,6,0.0,,,,,,,1.0,,,,,,,,,,,,,
PH Gama,P. Gama,143455,REM,364,0,False,https://s3.glbimg.com/v1/AUTH_58d78b787ec34892b5aaa0c7a146155f/clubes_2026/silhuetas/REM/FORMATO.png,0,0.0,Darilson Gama Amador,0.0,4,2.0,27,ph-gama,6,0.0,,,,,,,,,,,,,,,,,,,,
Wesley Natã,W. Natã,143463,FLU,266,0,False,https://s3.glbimg.com/v1/AUTH_58d78b787ec34892b5aaa0c7a146155f/clubes_2026/silhuetas/FLU/FORMATO.png,1,-0.3,Wesley Natã de Freitas Prado,0.0,5,0.8,27,wesley-nata,6,0.0,,,,,,,1.0,,,,,,,,,,,,,
Keven Samuel,K. Samuel,143465,FLU,266,0,False,https://s3.glbimg.com/v1/AUTH_58d78b787ec34892b5aaa0c7a146155f/clubes_2026/silhuetas/FLU/FORMATO.png,0,0.0,Keven Samuel Moreira dos Santos,0.0,5,1.0,27,keven-samuel,6,0.0,,,,,,,,,,,,,,,,,,,,
Raykkonen,Raykkonen,143488,INT,285,0,False,https://s3.glbimg.com/v1/AUTH_58d78b787ec34892b5aaa0c7a146155f/clubes_2026/silhuetas/INT/FORMATO.png,1,0.5,Raykkonen Pereira Soares,0.0,5,2.63,27,raykkonen,6,0.0,,,,,,,,,,1.0,,,,,,,,,,
Carlos Eduardo,C. Eduardo,143532,CAP,293,0,False,https://s3.glbimg.com/v1/AUTH_58d78b787ec34892b5aaa0c7a146155f/clubes_2026/silhuetas/CAP/FORMATO.png,0,0.0,Carlos Eduardo Souza de Barros,0.0,1,1.0,27,carlos-eduardo,6,0.0,,,,,,,,,,,,,,,,,,,,
Kauã Moraes,K. Moraes,143600,CRU,283,0,False,https://s3.glbimg.com/v1/AUTH_58d78b787ec34892b5aaa0c7a146155f/clubes_2026/silhuetas/CRU/FORMATO.png,10,4.83,Kauã Moraes da Silva,0.0,2,6.81,27,kaua-moraes,6,0.0,1.0,2.0,,,,10.0,14.0,1.0,1.0,13.0,,2.0,,,,,,,2.0,
João Alencar,J. Alencar,144255,SAN,277,0,False,https://s3.glbimg.com/v1/AUTH_58d78b787ec34892b5aaa0c7a146155f/clubes_2026/silhuetas/SAN/FORMATO.png,0,0.0,João Alencar Santos Paes da Costa,0.0,3,1.0,27,joao-alencar,6,0.0,,,,,,,,,,,,,,,,,,,,
Nicolas Pontes,N. Pontes,144423,CRU,283,0,False,https://s3.glbimg.com/v1/AUTH_58d78b787ec34892b5aaa0c7a146155f/clubes_2026/silhuetas/CRU/FORMATO.png,0,0.0,Nicolas Pontes de Souza Almeida,0.0,2,1.0,27,nicolas-pontes,6,0.0,,,,,,,,,,,,,,,,,,,,
Vitor Lamounier,V. Lamounier,144424,CRU,283,0,False,https://s3.glbimg.com/v1/AUTH_58d78b787ec34892b5aaa0c7a146155f/clubes_2026/silhuetas/CRU/FORMATO.png,0,0.0,Vitor Lamounier Rego,0.0,1,2.0,27,vitor-lamounier,6,0.0,,,,,,,,,,,,,,,,,,,,
Victor Gabriel,V. Gabriel,144889,PAL,275,0,False,https://s3.glbimg.com/v1/AUTH_58d78b787ec34892b5aaa0c7a146155f/clubes_2026/silhuetas/PAL/FORMATO.png,0,0.0,Victor Gabriel Leite dos Santos,0.0,4,1.0,27,victor-gabriel,6,0.0,,,,,,,,,,,,,,,,,,,,
Vitinho,Vitinho,144898,CAP,293,0,False,https://s3.glbimg.com/v1/AUTH_58d78b787ec34892b5aaa0c7a146155f/clubes_2026/silhuetas/CAP/FORMATO.png,0,0.0,Victor Vinicius Teodoro Ferraz,0.0,2,1.0,27,vitinho,6,0.0,,,,,,,,,,,,,,,,,,,,
Domingos Andrade,D. Andrade,144976,BOT,263,0,False,https://s3.glbimg.com/v1/AUTH_58d78b787ec34892b5aaa0c7a146155f/clubes_2026/silhuetas/BOT/FORMATO.png,1,1.5,Domingos Paulo Andrade,0.0,4,5.04,27,domingos-andrade,6,0.0,,,,,,1.0,,,,,,,,,,,,,,
Fernando Pradella,F. Pradella,145036,SAN,277,0,False,https://s3.glbimg.com/v1/AUTH_58d78b787ec34892b5aaa0c7a146155f/clubes_2026/silhuetas/SAN/FORMATO.png,1,0.0,Fernando Pradella Rocha,0.0,5,0.82,27,fernando-pradella,6,0.0,,,,,,,,,,,,,,,,,,,,
Kauê Furquim,K. Furquim,145379,BAH,265,0,False,https://s3.glbimg.com/v1/AUTH_58d78b787ec34892b5aaa0c7a146155f/clubes_2026/silhuetas/BAH/FORMATO.png,5,1.28,Kauê Junior Furquim da Silva,0.0,5,2.24,27,kaue-furquim,6,0.0,,,,,,2.0,2.0,,,8.0,,,,,,,,,,
Rúben Ismael,R. Ismael,145387,VIT,287,0,False,https://s3.glbimg.com/v1/AUTH_58d78b787ec34892b5aaa0c7a146155f/clubes_2026/silhuetas/VIT/FORMATO.png,0,0.0,Rúben Ismael Valente Ramos,0.0,4,4.0,27,ruben-ismael,6,0.0,,,,,,,,,,,,,,,,,,,,
Cauê,Cauê,145400,RBB,280,0,False,https://s3.glbimg.com/v1/AUTH_58d78b787ec34892b5aaa0c7a146155f/clubes_2026/silhuetas/RBB/FORMATO.png,3,3.47,Cauê Nascimento Santos,0.0,2,4.23,27,caue,7,0.0,,1.0,,,,4.0,4.0,,2.0,,,,,,,,,,1.0,
Arthur,Arthur,145404,PAL,275,0,True,https://s3.glbimg.com/v1/AUTH_58d78b787ec34892b5aaa0c7a146155f/clubes_2026/silhuetas/PAL/FORMATO.png,18,4.25,Arthur Gabriel Santana Marcolino,11.9,2,5.77,27,arthur,2,1.73,,1.0,1.0,,,25.0,22.0,3.0,6.0,12.0,,,,,,,,,7.0,
Rafael Coutinho,R. Coutinho,145413,PAL,275,0,False,https://s3.glbimg.com/v1/AUTH_58d78b787ec34892b5aaa0c7a146155f/clubes_2026/silhuetas/PAL/FORMATO.png,0,0.0,Rafael Barbosa Coutinho,0.0,4,1.0,27,rafael-coutinho,6,0.0,,,,,,,,,,,,,,,,,,,,
Belé,Belé,145436,PAL,275,0,False,https://s3.glbimg.com/v1/AUTH_58d78b787ec34892b5aaa0c7a146155f/clubes_2026/silhuetas/PAL/FORMATO.png,0,0.0,Erick Machado Belé,0.0,5,3.0,27,bele,6,0.0,,,,,,,,,,,,,,,,,,,,
João Ananias,J. Ananias,145563,SAN,277,0,False,https://s3.glbimg.com/v1/AUTH_58d78b787ec34892b5aaa0c7a146155f/clubes_2026/silhuetas/SAN/FORMATO.png,6,2.5,João Paulo Ananias Bento,0.0,3,3.43,27,joao-ananias,7,0.0,,1.0,,,,9.0,6.0,,1.0,3.0,,,1.0,,,,,,1.0,
Élan Ricardo,E. Ricardo,145609,CAP,293,0,False,https://s3.glbimg.com/v1/AUTH_58d78b787ec34892b5aaa0c7a146155f/clubes_2026/silhuetas/CAP/FORMATO.png,0,0.0,Élan Joshep Ricardo Ochoa,0.0,4,3.0,27,elan-ricardo,6,0.0,,,,,,,,,,,,,,,,,,,,
Nicolas,Nicolas,145659,SAO,276,0,False,https://s3.glbimg.com/v1/AUTH_58d78b787ec34892b5aaa0c7a146155f/clubes_2026/silhuetas/SAO/FORMATO.png,1,5.0,Nicolas Bosshardt,0.0,2,2.79,27,nicolas,5,0.0,,,,,,,,,,,,,,,,,,,1.0,
Luiz Felipe,L. Felipe,145660,INT,285,0,False,https://s3.glbimg.com/v1/AUTH_58d78b787ec34892b5aaa0c7a146155f/clubes_2026/silhuetas/INT/FORMATO.png,2,1.45,Luiz Felipe de Morais Francisco,0.0,2,1.65,27,luiz-felipe,6,0.0,,,,,,2.0,,,,,,,,,1.0,,,,,
Kaio Nóbrega,K. Nóbrega,145703,FLA,262,0,False,https://s3.glbimg.com/v1/AUTH_58d78b787ec34892b5aaa0c7a146155f/clubes_2026/silhuetas/FLA/FORMATO.png,0,0.0,Kaio Nóbrega Siqueira,0.0,4,1.0,27,kaio-nobrega,6,0.0,,,,,,,,,,,,,,,,,,,,
Douglas Telles,D. Telles,145705,FLA,262,0,False,https://s3.glbimg.com/v1/AUTH_58d78b787ec34892b5aaa0c7a146155f/clubes_2026/silhuetas/FLA/FORMATO.png,0,0.0,Douglas Costa Telles,0.0,5,2.0,27,douglas-telles,6,0.0,,,,,,,,,,,,,,,,,,,,
André,André,145744,COR,264,0,False,https://s3.glbimg.com/v1/AUTH_58d78b787ec34892b5aaa0c7a146155f/clubes_2026/silhuetas/COR/FORMATO.png,16,4.07,André Luiz Santos Dias,0.0,4,6.15,27,andre,6,0.0,2.0,1.0,2.0,,,20.0,16.0,1.0,5.0,15.0,,3.0,,,,,,,,
Bruno André,B. André,145781,VAS,267,0,False,https://s3.glbimg.com/v1/AUTH_58d78b787ec34892b5aaa0c7a146155f/clubes_2026/silhuetas/VAS/FORMATO.png,0,0.0,Bruno André Azevedo Ribeiro,0.0,3,1.0,27,bruno-andre,6,0.0,,,,,,,,,,,,,,,,,,,,
Tassano,Tassano,145782,REM,364,0,False,https://s3.glbimg.com/v1/AUTH_58d78b787ec34892b5aaa0c7a146155f/clubes_2026/silhuetas/REM/FORMATO.png,0,0.0,Cristian Marcelo González Tassano,0.0,3,3.0,27,tassano,6,0.0,,,,,,,,,,,,,,,,,,,,
Gilberto Junior,G. Junior,146374,CAP,293,0,False,https://s3.glbimg.com/v1/AUTH_58d78b787ec34892b5aaa0c7a146155f/clubes_2026/silhuetas/CAP/FORMATO.png,6,4.62,Gilberto Junior Leite dos Santos,0.0,2,6.14,27,gilberto-junior,6,0.0,,,,,,11.0,3.0,1.0,,2.0,,,,,1.0,,,,2.0,
Kadir,Kadir,146375,BOT,263,0,True,https://s3.glbimg.com/v1/AUTH_58d78b787ec34892b5aaa0c7a146155f/clubes_2026/silhuetas/BOT/FORMATO.png,12,2.04,José Kadir Barría Rose,1.7,5,4.15,27,kadir,6,-0.08,1.0,2.0,,,,6.0,18.0,5.0,10.0,8.0,,,,,1.0,,,,,
Marquinhos,Marquinhos,146410,BOT,263,0,False,https://s3.glbimg.com/v1/AUTH_58d78b787ec34892b5aaa0c7a146155f/clubes_2026/silhuetas/BOT/FORMATO.png,1,0.0,Marcos Felipe Vinagre Souza,0.0,4,0.85,27,marquinhos,6,0.0,,,,,,,,,,,,,,,,,,,,
Justino,Justino,146430,BOT,263,0,False,https://s3.glbimg.com/v1/AUTH_58d78b787ec34892b5aaa0c7a146155f/clubes_2026/silhuetas/BOT/FORMATO.png,10,2.75,Gabriel Pereira Justino,0.0,3,3.34,27,justino,6,0.0,,4.0,,,,8.0,5.0,,,10.0,1.0,1.0,,,,,,,1.0,
Luis Pacheco,L. Pacheco,146623,PAL,275,0,True,https://s3.glbimg.com/v1/AUTH_58d78b787ec34892b5aaa0c7a146155f/clubes_2026/silhuetas/PAL/FORMATO.png,4,-0.08,Luis Felipe Pacheco da Costa,-0.3,4,1.72,27,luis-pacheco,6,-0.26,,2.0,,,,1.0,2.0,,1.0,,,,,,,,,,,
Heittor,Heittor,146624,PAL,275,0,False,https://s3.glbimg.com/v1/AUTH_58d78b787ec34892b5aaa0c7a146155f/clubes_2026/silhuetas/PAL/FORMATO.png,3,0.53,Heittor Vinicius da Silva Nunes,0.0,5,1.15,27,heittor,6,0.0,,,,,,1.0,1.0,,,1.0,,,,,1.0,,,,,
Alisson,Alisson,146632,INT,285,0,False,https://s3.glbimg.com/v1/AUTH_58d78b787ec34892b5aaa0c7a146155f/clubes_2026/silhuetas/INT/FORMATO.png,0,0.0,Alisson Rodrigues de Melo,0.0,2,1.0,27,alisson,6,0.0,,,,,,,,,,,,,,,,,,,,
Kauan Lima,K. Lima,146663,PAL,275,0,False,https://s3.glbimg.com/v1/AUTH_58d78b787ec34892b5aaa0c7a146155f/clubes_2026/silhuetas/PAL/FORMATO.png,0,0.0,Kauan Lima da Cunha,0.0,1,1.0,27,kauan-lima,6,0.0,,,,,,,,,,,,,,,,,,,,
Benjamin Arhin,B. Arhin,146701,INT,285,0,False,https://s3.glbimg.com/v1/AUTH_58d78b787ec34892b5aaa0c7a146155f/clubes_2026/silhuetas/INT/FORMATO.png,1,-0.3,Benjamin Arhin,0.0,4,1.73,27,benjamin-arhin,6,0.0,,,,,,,1.0,,,,,,,,,,,,,
Rayan Lelis,R. Lelis,146807,CRU,283,0,False,https://s3.glbimg.com/v1/AUTH_58d78b787ec34892b5aaa0c7a146155f/clubes_2026/silhuetas/CRU/FORMATO.png,0,0.0,Rayan Passaglia Lelis,0.0,5,2.0,27,rayan-lelis,6,0.0,,,,,,,,,,,,,,,,,,,,
Josmar,Josmar,146814,FLA,262,0,False,https://s3.glbimg.com/v1/AUTH_58d78b787ec34892b5aaa0c7a146155f/clubes_2026/silhuetas/FLA/FORMATO.png,0,0.0,Josmar Silva Miranda,0.0,5,2.0,27,josmar,6,0.0,,,,,,,,,,,,,,,,,,,,
Cléber Lucas,C. Lucas,146833,BOT,263,0,False,https://s3.glbimg.com/v1/AUTH_58d78b787ec34892b5aaa0c7a146155f/clubes_2026/silhuetas/BOT/FORMATO.png,0,0.0,Cléber Lucas Chieppe Chagas,0.0,1,1.0,27,cleber-lucas,6,0.0,,,,,,,,,,,,,,,,,,,,
Filipe Sirio,F. Sirio,146964,INT,285,0,False,https://s3.glbimg.com/v1/AUTH_58d78b787ec34892b5aaa0c7a146155f/clubes_2026/silhuetas/INT/FORMATO.png,0,0.0,Filipe Borba Sirio,0.0,1,1.0,27,filipe-sirio,6,0.0,,,,,,,,,,,,,,,,,,,,
Yago Melo,Y. Melo,146985,COR,264,0,False,https://s3.glbimg.com/v1/AUTH_58d78b787ec34892b5aaa0c7a146155f/clubes_2026/silhuetas/COR/FORMATO.png,0,0.0,Yago Vitor de Melo Veloso,0.0,3,1.0,27,yago-melo,6,0.0,,,,,,,,,,,,,,,,,,,,
Rhuan Gabriel,R. Gabriel,146991,CRU,283,0,False,https://s3.glbimg.com/v1/AUTH_58d78b787ec34892b5aaa0c7a146155f/clubes_2026/silhuetas/CRU/FORMATO.png,1,1.2,Rhuan Gabriel Rodrigues de Souza Silva,0.0,4,1.39,27,rhuan-gabriel,6,0.0,,,,,,,1.0,,,3.0,,,,,,,,,,
Cissé,Cissé,147088,CAM,282,0,True,https://s3.glbimg.com/v1/AUTH_58d78b787ec34892b5aaa0c7a146155f/clubes_2026/silhuetas/CAM/FORMATO.png,15,1.93,Mamady Cissé,0.9,4,2.41,27,cisse,6,-0.5,,2.0,,,,9.0,13.0,1.0,4.0,18.0,,1.0,,,1.0,,,,,
Cauã Soares,C. Soares,147089,CAM,282,0,False,https://s3.glbimg.com/v1/AUTH_58d78b787ec34892b5aaa0c7a146155f/clubes_2026/silhuetas/CAM/FORMATO.png,6,0.73,Cauã Campos Soares,0.0,5,1.39,27,caua-soares,6,0.0,,,,,,1.0,,2.0,,1.0,,,,,,,,,,
Kauã Pascini,K. Pascini,147090,CAM,282,0,True,https://s3.glbimg.com/v1/AUTH_58d78b787ec34892b5aaa0c7a146155f/clubes_2026/silhuetas/CAM/FORMATO.png,8,3.66,Kauã Pascini Resende,3.0,2,4.29,27,kaua-pascini,6,0.07,,1.0,,,,10.0,6.0,,2.0,1.0,,,,,,,,,3.0,
Claudinho,Claudinho,147192,CAP,293,0,False,https://s3.glbimg.com/v1/AUTH_58d78b787ec34892b5aaa0c7a146155f/clubes_2026/silhuetas/CAP/FORMATO.png,6,7.52,Claudio Henrique de Jesus Passos,0.0,2,7.84,27,claudinho,5,0.0,1.0,,,,,13.0,8.0,1.0,1.0,6.0,1.0,,,,,,,,3.0,
João Kempes,J. Kempes,147201,INT,285,0,False,https://s3.glbimg.com/v1/AUTH_58d78b787ec34892b5aaa0c7a146155f/clubes_2026/silhuetas/INT/FORMATO.png,0,0.0,João Gabriel Kempes Gonçalves,0.0,4,2.0,27,joao-kempes,6,0.0,,,,,,,,,,,,,,,,,,,,
João Bezerra,J. Bezerra,147202,INT,285,0,False,https://s3.glbimg.com/v1/AUTH_58d78b787ec34892b5aaa0c7a146155f/clubes_2026/silhuetas/INT/FORMATO.png,2,0.6,João Pedro Bezerra de Oliveira Lo,0.0,5,1.19,27,joao-bezerra,6,0.0,,,,,,,,1.0,,,,,,,,,,,,
Anderson Pato,A. Pato,147268,VIT,287,0,False,https://s3.glbimg.com/v1/AUTH_58d78b787ec34892b5aaa0c7a146155f/clubes_2026/silhuetas/VIT/FORMATO.png,4,1.38,Anderson Bispo dos Santos,0.0,5,3.12,27,anderson-pato,5,0.0,,1.0,,,,4.0,1.0,,1.0,,,,,,,,,,,
Wellington,Wellington,147468,CHA,315,0,False,https://s3.glbimg.com/v1/AUTH_58d78b787ec34892b5aaa0c7a146155f/clubes_2026/silhuetas/CHA/FORMATO.png,0,0.0,Wellington Felipe Pradeiczuk,0.0,1,1.0,27,wellington,6,0.0,,,,,,,,,,,,,,,,,,,,
Gabriel Menegon,G. Menegon,147544,GRE,284,0,False,https://s3.glbimg.com/v1/AUTH_58d78b787ec34892b5aaa0c7a146155f/clubes_2026/silhuetas/GRE/FORMATO.png,1,0.0,Gabriel Otávio Menegon,0.0,1,1.81,27,gabriel-menegon,6,0.0,,,,,,,,,,,,,,,,,,,,
Jefinho,Jefinho,147545,GRE,284,0,False,https://s3.glbimg.com/v1/AUTH_58d78b787ec34892b5aaa0c7a146155f/clubes_2026/silhuetas/GRE/FORMATO.png,1,1.5,Jéferson Forneck,0.0,4,1.46,27,jefinho,6,0.0,,,,,,1.0,,,,,,,,,,,,,,
Roger,Roger,147546,GRE,284,0,False,https://s3.glbimg.com/v1/AUTH_58d78b787ec34892b5aaa0c7a146155f/clubes_2026/silhuetas/GRE/FORMATO.png,2,1.2,Roger Dias Fernandes,0.0,4,1.5,27,roger,6,0.0,,,,,,1.0,1.0,1.0,,,,,,,,,,,,
Pepê Fermino,P. Fermino,147736,SAN,277,0,False,https://s3.glbimg.com/v1/AUTH_58d78b787ec34892b5aaa0c7a146155f/clubes_2026/silhuetas/SAN/FORMATO.png,0,0.0,Pedro Paulo Manoel Fermino,0.0,4,1.0,27,pepe-fermino,6,0.0,,,,,,,,,,,,,,,,,,,,
Arthur Novaes,A. Novaes,147782,BOT,263,0,False,https://s3.glbimg.com/v1/AUTH_58d78b787ec34892b5aaa0c7a146155f/clubes_2026/silhuetas/BOT/FORMATO.png,0,0.0,Arthur Alves Novaes,0.0,4,1.0,27,arthur-novaes,6,0.0,,,,,,,,,,,,,,,,,,,,
Arthur Izaque,A. Izaque,147788,BOT,263,0,False,https://s3.glbimg.com/v1/AUTH_58d78b787ec34892b5aaa0c7a146155f/clubes_2026/silhuetas/BOT/FORMATO.png,0,0.0,Arthur Izaque Bendayan de Castro Silva,0.0,5,1.0,27,arthur-izaque,6,0.0,,,,,,,,,,,,,,,,,,,,
Koné,Koné,147792,PAL,275,0,False,https://s3.glbimg.com/v1/AUTH_58d78b787ec34892b5aaa0c7a146155f/clubes_2026/silhuetas/PAL/FORMATO.png,0,0.0,Koné Zie Mohamed,0.0,3,2.0,27,kone,6,0.0,,,,,,,,,,,,,,,,,,,,
Rodrigo Bellão,R. Bellão,147850,BOT,263,0,True,https://s3.glbimg.com/v1/AUTH_58d78b787ec34892b5aaa0c7a146155f/clubes_2026/silhuetas/BOT/FORMATO.png,6,5.51,Rodrigo Dias Bellão,4.6,6,10.1,27,rodrigo-bellao,7,-0.37,,,,,,,,,,,,,,,,,,,,2.0
Daniel Silva,D. Silva,147875,FLA,262,0,False,https://s3.glbimg.com/v1/AUTH_58d78b787ec34892b5aaa0c7a146155f/clubes_2026/silhuetas/FLA/FORMATO.png,0,0.0,Daniel Carvalho Marinho da Silva,0.0,3,1.0,27,daniel-silva,6,0.0,,,,,,,,,,,,,,,,,,,,
Cauan Farias,C. Farias,147877,VIT,287,0,False,https://s3.glbimg.com/v1/AUTH_58d78b787ec34892b5aaa0c7a146155f/clubes_2026/silhuetas/VIT/FORMATO.png,0,0.0,Cauan de Jesus Farias,0.0,3,1.0,27,cauan-farias,6,0.0,,,,,,,,,,,,,,,,,,,,
Alejandro,Alejandro,147878,VIT,287,0,False,https://s3.glbimg.com/v1/AUTH_58d78b787ec34892b5aaa0c7a146155f/clubes_2026/silhuetas/VIT/FORMATO.png,0,0.0,Alejandro Ariel Almaraz,0.0,4,2.0,27,alejandro,6,0.0,,,,,,,,,,,,,,,,,,,,
João Vitor,J. Vitor,147883,VAS,267,0,False,https://s3.glbimg.com/v1/AUTH_58d78b787ec34892b5aaa0c7a146155f/clubes_2026/silhuetas/VAS/FORMATO.png,4,3.13,João Vitor Fonseca da Silva - JV Mutano,0.0,5,3.49,27,joao-vitor,6,0.0,,,,,,8.0,,,,1.0,,,,,,,,,,
Vitor Ramon,V. Ramon,148092,GRE,284,0,False,https://s3.glbimg.com/v1/AUTH_58d78b787ec34892b5aaa0c7a146155f/clubes_2026/silhuetas/GRE/FORMATO.png,1,0.2,Vitor Ramon Ribeiro de Oliveira,0.0,2,1.0,27,vitor-ramon,6,0.0,,1.0,,,,1.0,1.0,,,,,,,,,,,,,
Rafael Soares,R. Soares,148103,REM,364,0,False,https://s3.glbimg.com/v1/AUTH_58d78b787ec34892b5aaa0c7a146155f/clubes_2026/silhuetas/REM/FORMATO.png,0,0.0,Rafael Soares de Sousa,0.0,4,1.0,27,rafael-soares,6,0.0,,,,,,,,,,,,,,,,,,,,
Filipe Lima,F. Lima,148109,REM,364,0,False,https://s3.glbimg.com/v1/AUTH_58d78b787ec34892b5aaa0c7a146155f/clubes_2026/silhuetas/REM/FORMATO.png,0,0.0,Filipe Lima de Oliveira,0.0,5,1.0,27,filipe-lima,6,0.0,,,,,,,,,,,,,,,,,,,,
Vinicius,Vinicius,148124,CHA,315,0,False,https://s3.glbimg.com/v1/AUTH_58d78b787ec34892b5aaa0c7a146155f/clubes_2026/silhuetas/CHA/FORMATO.png,2,0.1,Vinicius Eduardo de Almeida Gomes da Silva,0.0,3,1.63,27,vinicius,5,0.0,,1.0,,,,1.0,1.0,,,,,,,,,,,,,
Ryan Augusto,R. Augusto,148125,RBB,280,0,False,https://s3.glbimg.com/v1/AUTH_58d78b787ec34892b5aaa0c7a146155f/clubes_2026/silhuetas/RBB/FORMATO.png,6,3.17,Ryan Augusto Tavares da Silva,0.0,2,3.55,27,ryan-augusto,6,0.0,,,,,,7.0,3.0,1.0,1.0,5.0,,,,,1.0,,,,1.0,
Weimar Palacios,W. Palacios,148126,RBB,280,0,False,https://s3.glbimg.com/v1/AUTH_58d78b787ec34892b5aaa0c7a146155f/clubes_2026/silhuetas/RBB/FORMATO.png,0,0.0,Weimar Enrique Vivas Palacios,0.0,3,1.0,27,weimar-palacios,6,0.0,,,,,,,,,,,,,,,,,,,,
Ararat,Ararat,148152,CFC,294,0,False,https://s3.glbimg.com/v1/AUTH_58d78b787ec34892b5aaa0c7a146155f/clubes_2026/silhuetas/CFC/FORMATO.png,0,0.0,Alejandro Ararat Díaz,0.0,4,4.0,27,ararat,6,0.0,,,,,,,,,,,,,,,,,,,,
Nadson,Nadson,148206,SAN,277,0,False,https://s3.glbimg.com/v1/AUTH_58d78b787ec34892b5aaa0c7a146155f/clubes_2026/silhuetas/SAN/FORMATO.png,0,0.0,Nadson Juan Maia da Silva de Souza,0.0,5,1.0,27,nadson,6,0.0,,,,,,,,,,,,,,,,,,,,
Djhordney,Djhordney,148215,SAO,276,0,True,https://s3.glbimg.com/v1/AUTH_58d78b787ec34892b5aaa0c7a146155f/clubes_2026/silhuetas/SAO/FORMATO.png,5,0.52,Djhordney Ferreira,4.7,4,1.33,27,djhordney,7,0.69,,2.0,,,,4.0,8.0,,,2.0,,,,,,,,,,
Darlan Dutra,D. Dutra,148439,VIT,287,0,False,https://s3.glbimg.com/v1/AUTH_58d78b787ec34892b5aaa0c7a146155f/clubes_2026/silhuetas/VIT/FORMATO.png,0,0.0,Darlan Silva Dutra,0.0,3,1.0,27,darlan-dutra,6,0.0,,,,,,,,,,,,,,,,,,,,
Tetê,Tetê,148717,SAO,276,0,True,https://s3.glbimg.com/v1/AUTH_58d78b787ec34892b5aaa0c7a146155f/clubes_2026/silhuetas/SAO/FORMATO.png,5,-0.32,Perivan dos Santos,0.0,5,0.63,27,tete,6,-0.02,,1.0,,,,,2.0,,,,,,,,,,,,,
Rafael Gonzaga,R. Gonzaga,149715,SAN,277,0,False,https://s3.glbimg.com/v1/AUTH_58d78b787ec34892b5aaa0c7a146155f/clubes_2026/silhuetas/SAN/FORMATO.png,1,2.4,Rafael de Andrade Gonzaga,0.0,2,2.79,27,rafael-gonzaga,6,0.0,,,,,,2.0,2.0,,,,,,,,,,,,,
Wanderson,Wanderson,149807,VIT,287,0,False,https://s3.glbimg.com/v1/AUTH_58d78b787ec34892b5aaa0c7a146155f/clubes_2026/silhuetas/VIT/FORMATO.png,0,0.0,Wanderson Estrela Oliveira,0.0,2,1.0,27,wanderson,6,0.0,,,,,,,,,,,,,,,,,,,,
David,David,149991,CFC,294,0,False,https://s3.glbimg.com/v1/AUTH_58d78b787ec34892b5aaa0c7a146155f/clubes_2026/silhuetas/CFC/FORMATO.png,1,0.0,David Alves França,0.0,5,0.92,27,david,6,0.0,,,,,,,,,,,,,,,,,,,,
Iago Machado,I. Machado,149993,COR,264,0,True,https://s3.glbimg.com/v1/AUTH_58d78b787ec34892b5aaa0c7a146155f/clubes_2026/silhuetas/COR/FORMATO.png,1,0.0,Iago da Silva Machado,0.0,3,0.89,27,iago-machado,6,-0.11,,,,,,,,,,,,,,,,,,,,
Jhuan Nunes,J. Nunes,149994,RBB,280,0,False,https://s3.glbimg.com/v1/AUTH_58d78b787ec34892b5aaa0c7a146155f/clubes_2026/silhuetas/RBB/FORMATO.png,2,1.15,Jhuan Nunes Coelho,0.0,5,1.54,27,jhuan-nunes,6,0.0,,,,,,1.0,,,1.0,,,,,,,,,,,
Ramon Rique,R. Rique,150180,VAS,267,0,False,https://s3.glbimg.com/v1/AUTH_58d78b787ec34892b5aaa0c7a146155f/clubes_2026/silhuetas/VAS/FORMATO.png,7,2.16,Ramon Rique Santos de Souza Barros,0.0,4,2.62,27,ramon-rique,6,0.0,2.0,,,,,4.0,7.0,1.0,,,,,,,,,,,,
Osorio,Osorio,150197,SAO,276,0,True,https://s3.glbimg.com/v1/AUTH_58d78b787ec34892b5aaa0c7a146155f/clubes_2026/silhuetas/SAO/FORMATO.png,6,1.33,Luís Osório Messias de Oliveira,-3.6,3,1.38,27,osorio,3,-0.86,1.0,1.0,1.0,,,6.0,10.0,,,2.0,,,,,,,,,,
Joaquín Freitas,J. Freitas,150251,FLA,262,0,True,https://s3.glbimg.com/v1/AUTH_58d78b787ec34892b5aaa0c7a146155f/clubes_2026/silhuetas/FLA/FORMATO.png,2,3.1,Joaquín Freitas,5.5,5,4.91,27,joaquin-freitas,6,1.08,1.0,,,,,,1.0,,,3.0,,,,,,,,,,
Samuel Pierri,S. Pierri,150757,SAN,277,0,False,https://s3.glbimg.com/v1/AUTH_58d78b787ec34892b5aaa0c7a146155f/clubes_2026/silhuetas/SAN/FORMATO.png,2,0.45,Samuel Pierri Mendes e Silva,0.0,4,1.88,27,samuel-pierri,6,0.0,,,,,,1.0,2.0,,,,,,,,,,,,,
Breno,Breno,150825,RBB,280,0,False,https://s3.glbimg.com/v1/AUTH_58d78b787ec34892b5aaa0c7a146155f/clubes_2026/silhuetas/RBB/FORMATO.png,2,3.35,Breno de Moraes Souza,0.0,3,2.8,27,breno,6,0.0,,,,,,1.0,1.0,,,1.0,,,,,,,,,1.0,
Nícollas,Nícollas,150826,COR,264,0,False,https://s3.glbimg.com/v1/AUTH_58d78b787ec34892b5aaa0c7a146155f/clubes_2026/silhuetas/COR/FORMATO.png,0,0.0,Nícollas Vitor Pascoal Melo,0.0,5,1.0,27,nicollas,6,0.0,,,,,,,,,,,,,,,,,,,,
Fabricio Prado,F. Prado,150841,INT,285,0,False,https://s3.glbimg.com/v1/AUTH_58d78b787ec34892b5aaa0c7a146155f/clubes_2026/silhuetas/INT/FORMATO.png,0,0.0,Fabricio Zechmeister do Prado,0.0,5,1.0,27,fabricio-prado,6,0.0,,,,,,,,,,,,,,,,,,,,
Gabriel Vinicius,G. Vinicius,150842,INT,285,0,False,https://s3.glbimg.com/v1/AUTH_58d78b787ec34892b5aaa0c7a146155f/clubes_2026/silhuetas/INT/FORMATO.png,0,0.0,Gabriel Vinicius Oliveira da Silva,0.0,4,1.0,27,gabriel-vinicius,6,0.0,,,,,,,,,,,,,,,,,,,,
Arthur Monteiro,A. Monteiro,150952,CAP,293,0,False,https://s3.glbimg.com/v1/AUTH_58d78b787ec34892b5aaa0c7a146155f/clubes_2026/silhuetas/CAP/FORMATO.png,0,0.0,Arthur Rodrigues Monteiro,0.0,2,1.0,27,arthur-monteiro,6,0.0,,,,,,,,,,,,,,,,,,,,
Davizinho,Davizinho,150959,SAN,277,0,False,https://s3.glbimg.com/v1/AUTH_58d78b787ec34892b5aaa0c7a146155f/clubes_2026/silhuetas/SAN/FORMATO.png,4,1.62,Davi Fernandes Cavalcante Ribeiro,0.0,2,2.01,27,davizinho,6,0.0,,,,,,1.0,,,,,,,,,,,,,1.0,
Sayago,Sayago,150995,FLA,262,0,False,https://s3.glbimg.com/v1/AUTH_58d78b787ec34892b5aaa0c7a146155f/clubes_2026/silhuetas/FLA/FORMATO.png,0,0.0,Juan Gabriel Sayago,0.0,4,2.0,27,sayago,6,0.0,,,,,,,,,,,,,,,,,,,,
Eduardo,Eduardo,151003,PAL,275,0,False,https://s3.glbimg.com/v1/AUTH_58d78b787ec34892b5aaa0c7a146155f/clubes_2026/silhuetas/PAL/FORMATO.png,0,0.0,Eduardo Conceição Silva,0.0,5,1.0,27,eduardo,6,0.0,,,,,,,,,,,,,,,,,,,,
Jorge Rivaldo,J. Rivaldo,151120,CAP,293,0,False,https://s3.glbimg.com/v1/AUTH_58d78b787ec34892b5aaa0c7a146155f/clubes_2026/silhuetas/CAP/FORMATO.png,3,0.17,Jorge Luis Rivaldo Pinto,0.0,5,3.52,27,jorge-rivaldo,6,0.0,,,,,,,2.0,1.0,,,,,,,1.0,,,,,
Kelvin,Kelvin,151289,CRU,283,0,False,https://s3.glbimg.com/v1/AUTH_58d78b787ec34892b5aaa0c7a146155f/clubes_2026/silhuetas/CRU/FORMATO.png,0,0.0,Kelvin Vinicius Barbosa Coutinho,0.0,3,1.0,27,kelvin,6,0.0,,,,,,,,,,,,,,,,,,,,
Felipe Morais,F. Morais,151292,CRU,283,0,False,https://s3.glbimg.com/v1/AUTH_58d78b787ec34892b5aaa0c7a146155f/clubes_2026/silhuetas/CRU/FORMATO.png,3,4.7,Felipe de Morais Barbosa Penna dos Santos,0.0,4,4.28,27,felipe-morais,6,0.0,,1.0,,,,3.0,6.0,,3.0,4.0,,1.0,,,,,,,,
Juan Ferreira,J. Ferreira,151294,CHA,315,0,False,https://s3.glbimg.com/v1/AUTH_58d78b787ec34892b5aaa0c7a146155f/clubes_2026/silhuetas/CHA/FORMATO.png,0,0.0,Juan Ferreira Leite,0.0,4,1.0,27,juan-ferreira,6,0.0,,,,,,,,,,,,,,,,,,,,
Ruan Sales,R. Sales,151347,FLU,266,0,False,https://s3.glbimg.com/v1/AUTH_58d78b787ec34892b5aaa0c7a146155f/clubes_2026/silhuetas/FLU/FORMATO.png,0,0.0,Ruan Sales Oliveira,0.0,4,2.0,27,ruan-sales,6,0.0,,,,,,,,,,,,,,,,,,,,
Lucas Emanuel,L. Emanuel,151404,BOT,263,0,False,https://s3.glbimg.com/v1/AUTH_58d78b787ec34892b5aaa0c7a146155f/clubes_2026/silhuetas/BOT/FORMATO.png,1,1.4,Lucas Emanuel Jales do Nascimento,0.0,5,1.45,27,lucas-emanuel,6,0.0,,,,,,,1.0,1.0,,1.0,,,,,,,,,,
Victor Hugo,V. Hugo,151405,BOT,263,0,False,https://s3.glbimg.com/v1/AUTH_58d78b787ec34892b5aaa0c7a146155f/clubes_2026/silhuetas/BOT/FORMATO.png,0,0.0,Victor Hugo Gonçalves dos Santos,0.0,4,1.0,27,victor-hugo,6,0.0,,,,,,,,,,,,,,,,,,,,
Herick,Herick,151406,BOT,263,0,False,https://s3.glbimg.com/v1/AUTH_58d78b787ec34892b5aaa0c7a146155f/clubes_2026/silhuetas/BOT/FORMATO.png,0,0.0,Herick Garcia da Silva Neves,0.0,3,1.0,27,herick,6,0.0,,,,,,,,,,,,,,,,,,,,
Kássio,Kássio,151412,CHA,315,0,False,https://s3.glbimg.com/v1/AUTH_58d78b787ec34892b5aaa0c7a146155f/clubes_2026/silhuetas/CHA/FORMATO.png,1,1.5,Kássio da Silva de Jesus,0.0,5,1.49,27,kassio,6,0.0,,,,,,1.0,,,,,,,,,,,,,,
Miguel Bilong,M. Bilong,151436,PAL,275,0,False,https://s3.glbimg.com/v1/AUTH_58d78b787ec34892b5aaa0c7a146155f/clubes_2026/silhuetas/PAL/FORMATO.png,0,0.0,Miguel Cinoncelli Bilong,0.0,5,2.0,27,miguel-bilong,6,0.0,,,,,,,,,,,,,,,,,,,,
Gutte,Gutte,151440,CAM,282,0,False,https://s3.glbimg.com/v1/AUTH_58d78b787ec34892b5aaa0c7a146155f/clubes_2026/silhuetas/CAM/FORMATO.png,0,0.0,João Pedro Porto Lucrécio,0.0,4,1.0,27,gutte,6,0.0,,,,,,,,,,,,,,,,,,,,
Marquinhos,Marquinhos,151492,RBB,280,0,False,https://s3.glbimg.com/v1/AUTH_58d78b787ec34892b5aaa0c7a146155f/clubes_2026/silhuetas/RBB/FORMATO.png,0,0.0,Marcos Vinicius Krygsman Monteiro,0.0,2,1.0,27,marquinhos,6,0.0,,,,,,,,,,,,,,,,,,,,
Miguel Carvalho,M. Carvalho,151600,CHA,315,0,True,https://s3.glbimg.com/v1/AUTH_58d78b787ec34892b5aaa0c7a146155f/clubes_2026/silhuetas/CHA/FORMATO.png,3,2.4,Miguel Carvalho Vianna,1.2,4,4.52,27,miguel-carvalho,6,-0.4,,,,,,3.0,2.0,1.0,2.0,1.0,,,,,,,,,,
Lemos,Lemos,151632,CAM,282,0,False,https://s3.glbimg.com/v1/AUTH_58d78b787ec34892b5aaa0c7a146155f/clubes_2026/silhuetas/CAM/FORMATO.png,0,0.0,Pedro Henrique Lemos Barbosa,0.0,3,1.0,27,lemos,6,0.0,,,,,,,,,,,,,,,,,,,,
André Lucas,A. Lucas,151742,PAL,275,0,False,https://s3.glbimg.com/v1/AUTH_58d78b787ec34892b5aaa0c7a146155f/clubes_2026/silhuetas/PAL/FORMATO.png,0,0.0,André Lucas Ribeiro Domingos,0.0,2,1.0,27,andre-lucas,6,0.0,,,,,,,,,,,,,,,,,,,,
Gabriel Ibson,G. Ibson,151825,CFC,294,0,False,https://s3.glbimg.com/v1/AUTH_58d78b787ec34892b5aaa0c7a146155f/clubes_2026/silhuetas/CFC/FORMATO.png,0,0.0,Gabriel Ibson Evangelista da Silva,0.0,3,1.0,27,gabriel-ibson,6,0.0,,,,,,,,,,,,,,,,,,,,
