atletas.apelido,atletas.apelido_abreviado,atletas.atleta_id,atletas.clube.id.full.name,atletas.clube_id,atletas.craque,atletas.entrou_em_campo,atletas.foto,atletas.jogos_num,atletas.media_num,atletas.nome,atletas.pontos_num,atletas.posicao_id,atletas.preco_num,atletas.rodada_id,atletas.slug,atletas.status_id,atletas.variacao_num,A,CA,CV,DE,DP,DS,FC,FD,FF,FS,FT,G,GC,GS,I,PC,PP,PS,SG,V
Léo Condé,L. Condé,37457,REM,364,0,True,https://s3.glbimg.com/v1/AUTH_58d78b787ec34892b5aaa0c7a146155f/clubes_2026/silhuetas/REM/FORMATO.png,13,4.36,Leonardo Rodrigues Condé,4.19,6,7.85,17,leo-conde,7,-0.15,,,,,,,,,,,,,,,,,,,,3.0
Fábio,Fábio,37656,FLU,266,0,True,https://s3.glbimg.com/v1/AUTH_58d78b787ec34892b5aaa0c7a146155f/clubes_2026/silhuetas/FLU/FORMATO.png,17,4.55,Fábio Deivson Lopes Maciel,8.1,1,10.17,17,fabio,7,0.2,,1.0,,65.0,,,,,,4.0,,,,22.0,,1.0,,,3.0,
Hulk,Hulk,39148,FLU,266,0,False,https://s3.glbimg.com/v1/AUTH_58d78b787ec34892b5aaa0c7a146155f/clubes_2026/silhuetas/FLU/FORMATO.png,12,4.55,Givanildo Vieira de Souza,0.0,5,11.8,17,hulk,6,0.0,3.0,1.0,,,,4.0,9.0,6.0,8.0,32.0,,1.0,,,3.0,,,,,
Alan Franco,A. Franco,39656,CAM,282,0,True,https://s3.glbimg.com/v1/AUTH_58d78b787ec34892b5aaa0c7a146155f/clubes_2026/silhuetas/CAM/FORMATO.png,15,2.42,Alan Steven Franco Palma,0.9,4,4.99,17,alan-franco,6,-0.34,1.0,3.0,,,,23.0,23.0,2.0,3.0,4.0,,,,,1.0,,,,,
Vagner Mancini,V. Mancini,39850,RBB,280,0,True,https://s3.glbimg.com/v1/AUTH_58d78b787ec34892b5aaa0c7a146155f/clubes_2026/silhuetas/RBB/FORMATO.png,17,5.54,Vagner Carmo Mancini,10.21,6,9.35,17,vagner-mancini,7,0.51,,,,,,,,,,,,,,,,,,,,8.0
Dorival Júnior,D. Júnior,40990,SAO,276,0,True,https://s3.glbimg.com/v1/AUTH_58d78b787ec34892b5aaa0c7a146155f/clubes_2026/silhuetas/SAO/FORMATO.png,10,4.41,Dorival Silvestre Júnior,3.5,6,9.9,17,dorival-junior,7,-0.06,,,,,,,,,,,,,,,,,,,,1.0
Renato Gaúcho,R. Gaúcho,41929,VAS,267,0,True,https://s3.glbimg.com/v1/AUTH_58d78b787ec34892b5aaa0c7a146155f/clubes_2026/silhuetas/VAS/FORMATO.png,13,5.15,Renato Portaluppi,3.65,6,9.91,17,renato-gaucho,7,-0.11,,,,,,,,,,,,,,,,,,,,5.0
Willian,Willian,42135,GRE,284,0,False,https://s3.glbimg.com/v1/AUTH_58d78b787ec34892b5aaa0c7a146155f/clubes_2026/silhuetas/GRE/FORMATO.png,8,1.06,Willian Borges da Silva,0.0,4,3.74,17,willian,6,0.0,,,,,,2.0,1.0,1.0,2.0,6.0,,,,,,,,,,
Osvaldo,Osvaldo,42222,VIT,287,0,False,https://s3.glbimg.com/v1/AUTH_58d78b787ec34892b5aaa0c7a146155f/clubes_2026/silhuetas/VIT/FORMATO.png,1,0.8,Osvaldo Lourenço Filho,0.0,5,4.37,17,osvaldo,6,0.0,,,,,,,,,1.0,,,,,,,,,,,
Cássio,Cássio,42234,CRU,283,0,False,https://s3.glbimg.com/v1/AUTH_58d78b787ec34892b5aaa0c7a146155f/clubes_2026/silhuetas/CRU/FORMATO.png,5,1.32,Cássio Roberto Ramos,0.0,1,6.89,17,cassio,5,0.0,,,,12.0,,,,,,2.0,,,,10.0,,,,,,
Cuca,Cuca,42411,SAN,277,0,True,https://s3.glbimg.com/v1/AUTH_58d78b787ec34892b5aaa0c7a146155f/clubes_2026/silhuetas/SAN/FORMATO.png,10,5.45,Alexi Stival,4.86,6,10.07,17,cuca,7,0.17,,,,,,,,,,,,,,,,,,,,3.0
Fagner,Fagner,42500,CRU,283,0,True,https://s3.glbimg.com/v1/AUTH_58d78b787ec34892b5aaa0c7a146155f/clubes_2026/silhuetas/CRU/FORMATO.png,11,2.44,Fagner Conserva Lemos,-0.3,2,4.98,17,fagner,2,-0.42,1.0,1.0,,,,10.0,14.0,,,4.0,,,,,,,,,2.0,
Gabriel Leite,G. Leite,50742,CFC,294,0,False,https://s3.glbimg.com/v1/AUTH_58d78b787ec34892b5aaa0c7a146155f/clubes_2026/silhuetas/CFC/FORMATO.png,0,0.0,Gabriel Christoni Leite,0.0,1,3.0,17,gabriel-leite,6,0.0,,,,,,,,,,,,,,,,,,,,
Walter,Walter,51413,MIR,2305,0,True,https://s3.glbimg.com/v1/AUTH_58d78b787ec34892b5aaa0c7a146155f/clubes_2026/silhuetas/MIR/FORMATO.png,15,3.06,Walter Leandro Capeloza Artune,6.3,1,6.11,17,walter,7,0.78,,2.0,,50.0,,,,,,,,,,21.0,,1.0,,,1.0,
Everton Ribeiro,E. Ribeiro,51772,BAH,265,0,True,https://s3.glbimg.com/v1/AUTH_58d78b787ec34892b5aaa0c7a146155f/clubes_2026/silhuetas/BAH/FORMATO.png,12,5.42,Everton Augusto de Barros Ribeiro,9.0,4,10.23,17,everton-ribeiro,7,0.81,4.0,1.0,,,,19.0,10.0,4.0,3.0,27.0,,,,,,,,,,
Alex Sandro,A. Sandro,61987,FLA,262,0,True,https://s3.glbimg.com/v1/AUTH_58d78b787ec34892b5aaa0c7a146155f/clubes_2026/silhuetas/FLA/FORMATO.png,12,3.74,Alex Sandro Lobo Silva,1.5,2,8.8,17,alex-sandro,6,-0.11,,2.0,,,,13.0,15.0,,1.0,12.0,,,,,,,,,5.0,
Ganso,Ganso,62977,FLU,266,0,False,https://s3.glbimg.com/v1/AUTH_58d78b787ec34892b5aaa0c7a146155f/clubes_2026/silhuetas/FLU/FORMATO.png,12,0.85,Paulo Henrique Chagas de Lima,0.0,4,3.27,17,ganso,6,0.0,,1.0,,,,4.0,5.0,1.0,,5.0,1.0,,,,,,,,,
Neymar,Neymar,63007,SAN,277,0,False,https://s3.glbimg.com/v1/AUTH_58d78b787ec34892b5aaa0c7a146155f/clubes_2026/silhuetas/SAN/FORMATO.png,8,8.42,Neymar da Silva Santos Júnior,0.0,4,18.96,17,neymar,5,0.0,1.0,5.0,,,,5.0,12.0,5.0,10.0,36.0,,4.0,,,6.0,,,,,
Rafael Tolói,R. Tolói,63008,SAO,276,0,False,https://s3.glbimg.com/v1/AUTH_58d78b787ec34892b5aaa0c7a146155f/clubes_2026/silhuetas/SAO/FORMATO.png,5,4.82,Rafael Toloi,0.0,3,8.24,17,rafael-toloi,6,0.0,,3.0,,,,11.0,8.0,1.0,1.0,2.0,,,,,,,,,2.0,
Marcos Rocha,M. Rocha,63013,GRE,284,0,True,https://s3.glbimg.com/v1/AUTH_58d78b787ec34892b5aaa0c7a146155f/clubes_2026/silhuetas/GRE/FORMATO.png,3,0.67,Marcos Luis Rocha Aquino,0.0,2,6.56,17,marcos-rocha,6,-1.06,,,,,,1.0,,,,1.0,,,,,,,,,,
Edenílson,Edenílson,63289,BOT,263,0,True,https://s3.glbimg.com/v1/AUTH_58d78b787ec34892b5aaa0c7a146155f/clubes_2026/silhuetas/BOT/FORMATO.png,14,3.2,Edenílson Andrade dos Santos,0.0,4,6.15,17,edenilson,6,-0.34,2.0,1.0,,,,6.0,10.0,2.0,2.0,4.0,,3.0,,,1.0,,,,,
Rodrigo Moledo,R. Moledo,63354,CFC,294,0,False,https://s3.glbimg.com/v1/AUTH_58d78b787ec34892b5aaa0c7a146155f/clubes_2026/silhuetas/CFC/FORMATO.png,2,7.75,Rodrigo Modesto da Silva Moledo,0.0,3,7.4,17,rodrigo-moledo,6,0.0,,,,,,1.0,,,,2.0,,1.0,,,,,,,1.0,
Alan Patrick,A. Patrick,68685,INT,285,0,True,https://s3.glbimg.com/v1/AUTH_58d78b787ec34892b5aaa0c7a146155f/clubes_2026/silhuetas/INT/FORMATO.png,13,4.18,Alan Patrick Lourenço,0.0,4,7.37,17,alan-patrick,6,-0.28,,,,,,9.0,5.0,1.0,9.0,20.0,,3.0,,,,,,,,
Eduardo,Eduardo,68708,MIR,2305,0,True,https://s3.glbimg.com/v1/AUTH_58d78b787ec34892b5aaa0c7a146155f/clubes_2026/silhuetas/MIR/FORMATO.png,10,3.16,Carlos Eduardo de Oliveira Alves,0.5,4,6.07,17,eduardo,6,-0.72,,,1.0,,,8.0,9.0,2.0,3.0,9.0,,2.0,,,,,,,,
Neto,Neto,68806,BOT,263,0,True,https://s3.glbimg.com/v1/AUTH_58d78b787ec34892b5aaa0c7a146155f/clubes_2026/silhuetas/BOT/FORMATO.png,9,3.4,Norberto Murara Neto,1.6,1,7.5,17,neto,7,-0.06,,,,30.0,,,,,,1.0,,,,14.0,,,,,1.0,
Rafael Santos,R. Santos,68822,CHA,315,0,False,https://s3.glbimg.com/v1/AUTH_58d78b787ec34892b5aaa0c7a146155f/clubes_2026/silhuetas/CHA/FORMATO.png,4,3.75,Rafael de Carvalho Santos,0.0,1,4.94,17,rafael-santos,6,0.0,,,,20.0,,,,,,,,,,11.0,,,,,,
Marcelo Lomba,M. Lomba,68872,PAL,275,0,False,https://s3.glbimg.com/v1/AUTH_58d78b787ec34892b5aaa0c7a146155f/clubes_2026/silhuetas/PAL/FORMATO.png,0,0.0,Marcelo Lomba do Nascimento,0.0,1,4.0,17,marcelo-lomba,7,0.0,,,,,,,,,,,,,,,,,,,,
Dudu,Dudu,68920,CAM,282,0,False,https://s3.glbimg.com/v1/AUTH_58d78b787ec34892b5aaa0c7a146155f/clubes_2026/silhuetas/CAM/FORMATO.png,12,2.78,Eduardo Pereira Rodrigues,0.0,5,6.58,17,dudu,6,0.0,,,,,,2.0,2.0,6.0,4.0,9.0,,2.0,,,,,,,,
Rafael,Rafael,68928,SAO,276,0,True,https://s3.glbimg.com/v1/AUTH_58d78b787ec34892b5aaa0c7a146155f/clubes_2026/silhuetas/SAO/FORMATO.png,17,3.74,Rafael Pires Monteiro,4.5,1,8.15,17,rafael,7,0.62,,1.0,,48.0,,,,,,2.0,,,,19.0,,,,,4.0,
Giovanni Augusto,G. Augusto,68938,CHA,315,0,False,https://s3.glbimg.com/v1/AUTH_58d78b787ec34892b5aaa0c7a146155f/clubes_2026/silhuetas/CHA/FORMATO.png,9,1.11,Giovanni Augusto Oliveira Cardoso,0.0,4,3.51,17,giovanni-augusto,6,0.0,,1.0,,,,5.0,5.0,,,10.0,,,,,,,,,,
Marinho,Marinho,68952,VIT,287,0,True,https://s3.glbimg.com/v1/AUTH_58d78b787ec34892b5aaa0c7a146155f/clubes_2026/silhuetas/VIT/FORMATO.png,5,2.1,Mário Sérgio Santos Costa,2.5,5,5.37,17,marinho,6,-0.39,,,,,,4.0,2.0,1.0,2.0,5.0,,,,,2.0,,,,,
Willian José,W. José,68996,BAH,265,0,True,https://s3.glbimg.com/v1/AUTH_58d78b787ec34892b5aaa0c7a146155f/clubes_2026/silhuetas/BAH/FORMATO.png,15,2.85,Willian José da Silva,6.5,5,8.69,17,willian-jose,7,0.75,2.0,,,,,3.0,11.0,4.0,6.0,2.0,,3.0,,,,,1.0,1.0,,
Santos,Santos,69012,CAP,293,0,True,https://s3.glbimg.com/v1/AUTH_58d78b787ec34892b5aaa0c7a146155f/clubes_2026/silhuetas/CAP/FORMATO.png,15,3.35,Aderbar Melo dos Santos Neto,0.3,1,7.72,17,santos,7,-0.38,,1.0,,36.0,,,,,,1.0,,,,16.0,,,,,4.0,
Allan,Allan,69140,BOT,263,0,False,https://s3.glbimg.com/v1/AUTH_58d78b787ec34892b5aaa0c7a146155f/clubes_2026/silhuetas/BOT/FORMATO.png,10,2.03,Allan Marques Loureiro,0.0,4,4.48,17,allan,5,0.0,,3.0,,,,15.0,11.0,,2.0,5.0,,,,,,,,,,
Gabriel Paulista,G. Paulista,69208,COR,264,0,True,https://s3.glbimg.com/v1/AUTH_58d78b787ec34892b5aaa0c7a146155f/clubes_2026/silhuetas/COR/FORMATO.png,12,4.92,Gabriel Armando de Abreu,7.0,3,10.06,17,gabriel-paulista,7,0.66,,2.0,,,,14.0,12.0,1.0,8.0,6.0,,1.0,,,,,,,5.0,
Danilo,Danilo,69783,FLA,262,0,False,https://s3.glbimg.com/v1/AUTH_58d78b787ec34892b5aaa0c7a146155f/clubes_2026/silhuetas/FLA/FORMATO.png,4,0.48,Danilo Luiz da Silva,0.0,3,5.57,17,danilo,6,0.0,,,1.0,,,3.0,3.0,,1.0,1.0,,,,,,,,,,
Lucas Moura,L. Moura,70164,SAO,276,0,False,https://s3.glbimg.com/v1/AUTH_58d78b787ec34892b5aaa0c7a146155f/clubes_2026/silhuetas/SAO/FORMATO.png,8,2.32,Lucas Rodrigues Moura da Silva,0.0,4,7.5,17,lucas-moura,5,0.0,1.0,,,,,,5.0,2.0,2.0,6.0,,1.0,,,,,,,,
Eduardo Sasha,E. Sasha,70360,RBB,280,0,True,https://s3.glbimg.com/v1/AUTH_58d78b787ec34892b5aaa0c7a146155f/clubes_2026/silhuetas/RBB/FORMATO.png,13,1.14,Eduardo Colcenti Antunes,-1.2,5,4.16,17,eduardo-sasha,2,0.0,,,,,,5.0,1.0,6.0,4.0,11.0,,,,,3.0,,2.0,,,
Gabriel,Gabriel,70449,VIT,287,0,False,https://s3.glbimg.com/v1/AUTH_58d78b787ec34892b5aaa0c7a146155f/clubes_2026/silhuetas/VIT/FORMATO.png,2,2.2,Gabriel Vasconcelos Ferreira,0.0,1,5.6,17,gabriel,6,0.0,,,,3.0,,,,,,1.0,,,,5.0,,,,,1.0,
Felipe Anderson,F. Anderson,70592,PAL,275,0,True,https://s3.glbimg.com/v1/AUTH_58d78b787ec34892b5aaa0c7a146155f/clubes_2026/silhuetas/PAL/FORMATO.png,12,2.32,Felipe Anderson Pereira Gomes,1.5,4,6.07,17,felipe-anderson,7,-1.25,,1.0,,,,12.0,8.0,1.0,3.0,3.0,,1.0,,,,,,,,
Marllon,Marllon,70666,REM,364,0,True,https://s3.glbimg.com/v1/AUTH_58d78b787ec34892b5aaa0c7a146155f/clubes_2026/silhuetas/REM/FORMATO.png,17,2.83,Marllon Gonçalves Jerônimo Borges,2.7,3,5.51,17,marllon,7,0.3,,2.0,,,,23.0,11.0,,1.0,10.0,,1.0,,,,,,,1.0,
Bruno Henrique,B. Henrique,70944,INT,285,0,True,https://s3.glbimg.com/v1/AUTH_58d78b787ec34892b5aaa0c7a146155f/clubes_2026/silhuetas/INT/FORMATO.png,14,1.68,Bruno Henrique Corsini,2.0,4,4.06,17,bruno-henrique,7,0.03,,,,,,10.0,17.0,4.0,8.0,5.0,,,,,1.0,,,,,
Jean Carlos,J. Carlos,70958,CHA,315,0,True,https://s3.glbimg.com/v1/AUTH_58d78b787ec34892b5aaa0c7a146155f/clubes_2026/silhuetas/CHA/FORMATO.png,16,2.57,Jean Carlos Vicente,0.7,4,6.54,17,jean-carlos,6,-0.07,2.0,2.0,,,,3.0,5.0,4.0,8.0,6.0,,2.0,,,2.0,,,,,
Léo Vieira,L. Vieira,71043,BAH,265,0,True,https://s3.glbimg.com/v1/AUTH_58d78b787ec34892b5aaa0c7a146155f/clubes_2026/silhuetas/BAH/FORMATO.png,16,5.02,Leonardo da Silva Vieira,1.8,1,6.82,17,leo-vieira,6,0.23,,1.0,,71.0,,,,,,4.0,,,,23.0,,,,,2.0,
Thiago Mendes,T. Mendes,71123,VAS,267,0,True,https://s3.glbimg.com/v1/AUTH_58d78b787ec34892b5aaa0c7a146155f/clubes_2026/silhuetas/VAS/FORMATO.png,15,4.35,Thiago Henrique Mendes Ribeiro,2.9,4,7.64,17,thiago-mendes,7,-1.02,1.0,6.0,,,,10.0,13.0,2.0,4.0,35.0,,4.0,,,1.0,,,,,
Maicon,Maicon,71227,CFC,294,0,False,https://s3.glbimg.com/v1/AUTH_58d78b787ec34892b5aaa0c7a146155f/clubes_2026/silhuetas/CFC/FORMATO.png,13,2.08,Maicon Pereira Roque,0.0,3,4.14,17,maicon,5,0.0,,,1.0,,,7.0,5.0,,,4.0,,,,,,1.0,,,4.0,
Luiz Gustavo,L. Gustavo,71536,CAP,293,0,False,https://s3.glbimg.com/v1/AUTH_58d78b787ec34892b5aaa0c7a146155f/clubes_2026/silhuetas/CAP/FORMATO.png,11,3.75,Luiz Gustavo Dias,0.0,4,6.78,17,luiz-gustavo,5,0.0,,2.0,,,,8.0,11.0,4.0,2.0,18.0,1.0,2.0,,,,,,,,
Weverton,Weverton,71631,GRE,284,0,True,https://s3.glbimg.com/v1/AUTH_58d78b787ec34892b5aaa0c7a146155f/clubes_2026/silhuetas/GRE/FORMATO.png,17,4.89,Weverton Pereira da Silva,0.6,1,7.67,17,weverton,7,-0.64,1.0,1.0,,45.0,2.0,,,,,5.0,,,,20.0,,1.0,,,5.0,
Gustavo Gómez,G. Gómez,71684,PAL,275,0,True,https://s3.glbimg.com/v1/AUTH_58d78b787ec34892b5aaa0c7a146155f/clubes_2026/silhuetas/PAL/FORMATO.png,16,4.82,Gustavo Raúl Gómez Portillo,6.5,3,10.86,17,gustavo-gomez,6,0.58,1.0,,,,,10.0,15.0,1.0,7.0,3.0,,3.0,,,6.0,,,,6.0,
Gabriel Pires,G. Pires,71898,MIR,2305,0,False,https://s3.glbimg.com/v1/AUTH_58d78b787ec34892b5aaa0c7a146155f/clubes_2026/silhuetas/MIR/FORMATO.png,6,3.63,Gabriel Appelt Pires,0.0,4,5.77,17,gabriel-pires,6,0.0,1.0,1.0,,,,4.0,5.0,3.0,4.0,7.0,1.0,,,,,,,,,
Tiago Volpi,T. Volpi,72018,RBB,280,0,True,https://s3.glbimg.com/v1/AUTH_58d78b787ec34892b5aaa0c7a146155f/clubes_2026/silhuetas/RBB/FORMATO.png,10,5.71,Tiago Luis Volpi,12.8,1,10.98,17,tiago-volpi,7,0.07,,,,30.0,,,,,,,,1.0,,10.0,,,,,4.0,
Thomazella,Thomazella,72279,MIR,2305,0,False,https://s3.glbimg.com/v1/AUTH_58d78b787ec34892b5aaa0c7a146155f/clubes_2026/silhuetas/MIR/FORMATO.png,0,0.0,Carlos Eduardo Lecciolle Thomazella,0.0,1,2.0,17,thomazella,6,0.0,,,,,,,,,,,,,,,,,,,,
Everson,Everson,72294,CAM,282,0,True,https://s3.glbimg.com/v1/AUTH_58d78b787ec34892b5aaa0c7a146155f/clubes_2026/silhuetas/CAM/FORMATO.png,17,3.87,Everson Felipe Marques Pires,2.9,1,9.0,17,everson,7,0.2,1.0,,,51.0,,,,,,5.0,,,,23.0,,,,,3.0,
Fernando Diniz,F. Diniz,72391,COR,264,0,True,https://s3.glbimg.com/v1/AUTH_58d78b787ec34892b5aaa0c7a146155f/clubes_2026/silhuetas/COR/FORMATO.png,10,5.17,Fernando Diniz Silva,7.16,6,9.17,17,fernando-diniz,7,0.47,,,,,,,,,,,,,,,,,,,,3.0
Bernard,Bernard,72460,CAM,282,0,True,https://s3.glbimg.com/v1/AUTH_58d78b787ec34892b5aaa0c7a146155f/clubes_2026/silhuetas/CAM/FORMATO.png,14,2.28,Bernard Anício Caldeira Duarte,4.1,4,4.64,17,bernard,7,-0.31,1.0,,,,,8.0,8.0,1.0,2.0,14.0,,1.0,,,3.0,,,,,
Alex Telles,A. Telles,72493,BOT,263,0,False,https://s3.glbimg.com/v1/AUTH_58d78b787ec34892b5aaa0c7a146155f/clubes_2026/silhuetas/BOT/FORMATO.png,13,3.74,Alex Nicolao Telles,0.0,2,8.9,17,alex-telles,7,0.0,2.0,3.0,,,,14.0,17.0,,4.0,5.0,,2.0,,,,1.0,,,1.0,
Vitor Hugo,V. Hugo,72605,CAM,282,0,False,https://s3.glbimg.com/v1/AUTH_58d78b787ec34892b5aaa0c7a146155f/clubes_2026/silhuetas/CAM/FORMATO.png,5,2.5,Vitor Hugo Franchescoli de Souza,0.0,3,6.1,17,vitor-hugo,7,0.0,,1.0,,,,4.0,2.0,,2.0,3.0,,,,,,,,,1.0,
Mercado,Mercado,72951,INT,285,0,True,https://s3.glbimg.com/v1/AUTH_58d78b787ec34892b5aaa0c7a146155f/clubes_2026/silhuetas/INT/FORMATO.png,10,4.49,Gabriel Iván Mercado,0.9,3,6.37,17,mercado,7,-0.38,,3.0,,,,15.0,11.0,1.0,2.0,6.0,,1.0,,,1.0,,,,3.0,
Daniel Borges,D. Borges,73318,MIR,2305,0,True,https://s3.glbimg.com/v1/AUTH_58d78b787ec34892b5aaa0c7a146155f/clubes_2026/silhuetas/MIR/FORMATO.png,4,3.87,Daniel Fortunato Borges,7.9,2,5.99,17,daniel-borges,7,1.16,,,,,,3.0,2.0,1.0,3.0,6.0,,,,,,,,,1.0,
Samuel Xavier,S. Xavier,73384,FLU,266,0,True,https://s3.glbimg.com/v1/AUTH_58d78b787ec34892b5aaa0c7a146155f/clubes_2026/silhuetas/FLU/FORMATO.png,11,3.71,Samuel Xavier Brito,4.0,2,8.16,17,samuel-xavier,6,0.45,,2.0,,,,16.0,13.0,1.0,2.0,20.0,,,,,1.0,,,,2.0,
Rincón,Rincón,74187,SAN,277,0,False,https://s3.glbimg.com/v1/AUTH_58d78b787ec34892b5aaa0c7a146155f/clubes_2026/silhuetas/SAN/FORMATO.png,2,-0.7,Tomás Eduardo Rincón Hernández,0.0,4,2.81,17,rincon,6,0.0,,1.0,,,,,3.0,,,1.0,,,,,,,,,,
Carrillo,Carrillo,77485,COR,264,0,True,https://s3.glbimg.com/v1/AUTH_58d78b787ec34892b5aaa0c7a146155f/clubes_2026/silhuetas/COR/FORMATO.png,12,1.43,André Martín Carrillo Díaz,0.0,4,4.41,17,carrillo,6,-0.07,1.0,3.0,,,,12.0,23.0,,2.0,5.0,,,,,,,,,,
Cédric Soares,C. Soares,77656,SAO,276,0,False,https://s3.glbimg.com/v1/AUTH_58d78b787ec34892b5aaa0c7a146155f/clubes_2026/silhuetas/SAO/FORMATO.png,8,0.94,Cédric Ricardo Alves Soares,0.0,2,3.73,17,cedric-soares,6,0.0,,1.0,,,,5.0,2.0,,2.0,,,,,,,,,,,
João Schmidt,J. Schmidt,77777,SAN,277,0,False,https://s3.glbimg.com/v1/AUTH_58d78b787ec34892b5aaa0c7a146155f/clubes_2026/silhuetas/SAN/FORMATO.png,9,1.52,João Felipe Schmidt Urbano,0.0,4,4.61,17,joao-schmidt,5,0.0,,1.0,,,,10.0,13.0,,2.0,4.0,,,,,,,,,,
Everaldo,Everaldo,78117,BAH,265,0,True,https://s3.glbimg.com/v1/AUTH_58d78b787ec34892b5aaa0c7a146155f/clubes_2026/silhuetas/BAH/FORMATO.png,14,4.16,Everaldo Stum,8.0,5,7.14,17,everaldo,6,0.79,,2.0,,,,9.0,13.0,3.0,5.0,16.0,1.0,4.0,,,1.0,,,,,
Gustavo Henrique,G. Henrique,78248,COR,264,0,True,https://s3.glbimg.com/v1/AUTH_58d78b787ec34892b5aaa0c7a146155f/clubes_2026/silhuetas/COR/FORMATO.png,13,3.82,Gustavo Henrique Vernes,8.8,3,9.39,17,gustavo-henrique,7,1.05,,3.0,,,,12.0,14.0,4.0,8.0,7.0,,,,,,1.0,,,5.0,
Vitinho,Vitinho,78435,COR,264,0,False,https://s3.glbimg.com/v1/AUTH_58d78b787ec34892b5aaa0c7a146155f/clubes_2026/silhuetas/COR/FORMATO.png,7,2.13,Victor Vinícius Coelho dos Santos,0.0,5,5.06,17,vitinho,6,0.0,,,,,,5.0,5.0,2.0,5.0,5.0,,,,,,,,,,
Renê,Renê,78445,FLU,266,0,True,https://s3.glbimg.com/v1/AUTH_58d78b787ec34892b5aaa0c7a146155f/clubes_2026/silhuetas/FLU/FORMATO.png,10,5.87,Renê Rodrigues Martins,10.0,2,10.43,17,rene,6,1.59,2.0,1.0,,,,22.0,7.0,3.0,2.0,7.0,,,,,,,,,2.0,
Willian Arão,W. Arão,78478,SAN,277,0,True,https://s3.glbimg.com/v1/AUTH_58d78b787ec34892b5aaa0c7a146155f/clubes_2026/silhuetas/SAN/FORMATO.png,11,2.25,Willian Souza Arão da Silva,3.0,4,5.33,17,willian-arao,7,-0.03,,,,,,14.0,4.0,,,4.0,1.0,,,,,,,,,
Gabriel,Gabriel,78605,RBB,280,0,True,https://s3.glbimg.com/v1/AUTH_58d78b787ec34892b5aaa0c7a146155f/clubes_2026/silhuetas/RBB/FORMATO.png,15,3.32,Gabriel Girotto Franco,4.5,4,5.77,17,gabriel,7,0.25,,5.0,,,,21.0,11.0,5.0,2.0,8.0,,2.0,,,,1.0,,,,
Reinaldo,Reinaldo,78850,MIR,2305,0,True,https://s3.glbimg.com/v1/AUTH_58d78b787ec34892b5aaa0c7a146155f/clubes_2026/silhuetas/MIR/FORMATO.png,12,2.38,Reinaldo Manoel da Silva,6.4,2,8.88,17,reinaldo,7,-0.06,1.0,5.0,,,,8.0,10.0,2.0,9.0,10.0,,,,,,,,,1.0,
Thiago Santos,T. Santos,78855,CFC,294,0,True,https://s3.glbimg.com/v1/AUTH_58d78b787ec34892b5aaa0c7a146155f/clubes_2026/silhuetas/CFC/FORMATO.png,10,3.2,Thiago dos Santos,5.4,3,4.63,17,thiago-santos,7,-0.32,,3.0,,,,9.0,8.0,,,8.0,,,,,,,,,4.0,
Alex Muralha,A. Muralha,79066,MIR,2305,0,False,https://s3.glbimg.com/v1/AUTH_58d78b787ec34892b5aaa0c7a146155f/clubes_2026/silhuetas/MIR/FORMATO.png,0,-1.0,Alex Roberto Santana Rafael,0.0,1,2.64,17,alex-muralha,6,0.0,,1.0,,,,,,,,,,,,,,,,,,
Cano,Cano,79631,FLU,266,0,True,https://s3.glbimg.com/v1/AUTH_58d78b787ec34892b5aaa0c7a146155f/clubes_2026/silhuetas/FLU/FORMATO.png,3,0.53,Germán Ezequiel Cano,0.0,5,4.62,17,cano,6,-0.75,,,,,,,,,2.0,,,,,,,,,,,
Lucas Silva,L. Silva,79701,CRU,283,0,False,https://s3.glbimg.com/v1/AUTH_58d78b787ec34892b5aaa0c7a146155f/clubes_2026/silhuetas/CRU/FORMATO.png,13,0.3,Lucas Silva Borges,0.0,4,3.62,17,lucas-silva,6,0.0,,4.0,,,,5.0,7.0,,2.0,2.0,,,,,,,,,,
Saúl,Saúl,80061,FLA,262,0,True,https://s3.glbimg.com/v1/AUTH_58d78b787ec34892b5aaa0c7a146155f/clubes_2026/silhuetas/FLA/FORMATO.png,5,2.92,Saúl Ñíguez Esclapez,1.5,4,6.93,17,saul,7,-1.08,1.0,,,,,7.0,3.0,,,,,,,,,,,,,
Jadson,Jadson,80129,CAP,293,0,True,https://s3.glbimg.com/v1/AUTH_58d78b787ec34892b5aaa0c7a146155f/clubes_2026/silhuetas/CAP/FORMATO.png,10,2.93,Jadson Alves dos Santos,16.0,4,6.63,17,jadson,7,2.39,1.0,4.0,,,,17.0,9.0,,,11.0,,,,,,,,,,
Yago Pikachu,Y. Pikachu,80196,REM,364,0,True,https://s3.glbimg.com/v1/AUTH_58d78b787ec34892b5aaa0c7a146155f/clubes_2026/silhuetas/REM/FORMATO.png,16,2.45,Glaybson Yago Souza Lisboa,0.5,4,5.12,17,yago-pikachu,7,-1.19,1.0,,1.0,,,5.0,6.0,5.0,4.0,11.0,,2.0,,,,,,1.0,,
Luciano,Luciano,80287,SAO,276,0,True,https://s3.glbimg.com/v1/AUTH_58d78b787ec34892b5aaa0c7a146155f/clubes_2026/silhuetas/SAO/FORMATO.png,14,5.44,Luciano da Rocha Neves,7.0,5,14.14,17,luciano,3,-0.44,1.0,3.0,,,,8.0,17.0,5.0,9.0,19.0,,6.0,,,4.0,,1.0,1.0,,
Gilberto,Gilberto,80313,BAH,265,0,False,https://s3.glbimg.com/v1/AUTH_58d78b787ec34892b5aaa0c7a146155f/clubes_2026/silhuetas/BAH/FORMATO.png,6,2.4,Gilberto Moraes Júnior,0.0,2,6.2,17,gilberto,2,0.0,1.0,,,,,6.0,3.0,,1.0,1.0,,,,,,,,,,
Wendell,Wendell,80570,SAO,276,0,True,https://s3.glbimg.com/v1/AUTH_58d78b787ec34892b5aaa0c7a146155f/clubes_2026/silhuetas/SAO/FORMATO.png,12,4.23,Wendell Nascimento Borges,1.8,2,8.26,17,wendell,3,0.04,3.0,3.0,,,,17.0,27.0,1.0,2.0,7.0,,,,,,,,,3.0,
André Luis,A. Luis,81005,MIR,2305,0,False,https://s3.glbimg.com/v1/AUTH_58d78b787ec34892b5aaa0c7a146155f/clubes_2026/silhuetas/MIR/FORMATO.png,9,1.2,André Luis Silva de Aguiar,0.0,5,3.4,17,andre-luis,5,0.0,,2.0,,,,,6.0,,2.0,10.0,,1.0,,,,,,,,
Jair,Jair,81091,VAS,267,0,False,https://s3.glbimg.com/v1/AUTH_58d78b787ec34892b5aaa0c7a146155f/clubes_2026/silhuetas/VAS/FORMATO.png,0,0.0,Jair Rodrigues Júnior,0.0,4,6.0,17,jair,6,0.0,,,,,,,,,,,,,,,,,,,,
Lucas Mugni,L. Mugni,81121,MIR,2305,0,False,https://s3.glbimg.com/v1/AUTH_58d78b787ec34892b5aaa0c7a146155f/clubes_2026/silhuetas/MIR/FORMATO.png,0,0.0,Lucas Andrés Mugni,0.0,4,7.0,17,lucas-mugni,6,0.0,,,,,,,,,,,,,,,,,,,,
Mayke,Mayke,81150,SAN,277,0,False,https://s3.glbimg.com/v1/AUTH_58d78b787ec34892b5aaa0c7a146155f/clubes_2026/silhuetas/SAN/FORMATO.png,3,2.33,Mayke Rocha de Oliveira,0.0,2,5.16,17,mayke,6,0.0,,1.0,,,,4.0,4.0,1.0,,4.0,,,,,,,,,,
Lingard,Lingard,81720,COR,264,0,True,https://s3.glbimg.com/v1/AUTH_58d78b787ec34892b5aaa0c7a146155f/clubes_2026/silhuetas/COR/FORMATO.png,9,1.95,Jesse Ellis Lingard,3.4,5,4.63,17,lingard,7,0.01,1.0,2.0,,,,7.0,7.0,2.0,3.0,3.0,,,,,1.0,,,,,
Alisson,Alisson,81845,FLU,266,0,False,https://s3.glbimg.com/v1/AUTH_58d78b787ec34892b5aaa0c7a146155f/clubes_2026/silhuetas/FLU/FORMATO.png,8,0.96,Alisson Euler de Freitas Castro,0.0,4,3.52,17,alisson,6,0.0,1.0,3.0,,,,3.0,5.0,1.0,,5.0,,,,,,1.0,,,,
Willian Oliveira,W. Oliveira,81952,CFC,294,0,True,https://s3.glbimg.com/v1/AUTH_58d78b787ec34892b5aaa0c7a146155f/clubes_2026/silhuetas/CFC/FORMATO.png,10,1.84,Willian Osmar de Oliveira Silva,0.0,4,4.62,17,willian-oliveira,6,-0.44,,,,,,12.0,9.0,,2.0,3.0,,,,,,,,,,
Chico Kim,C. Kim,82407,MIR,2305,0,True,https://s3.glbimg.com/v1/AUTH_58d78b787ec34892b5aaa0c7a146155f/clubes_2026/silhuetas/MIR/FORMATO.png,1,1.5,Francisco Hyun-Sol Kim,1.5,4,4.26,17,chico-kim,6,0.26,,,,,,1.0,,,,,,,,,,,,,,
Zé Rafael,Z. Rafael,82455,SAN,277,0,False,https://s3.glbimg.com/v1/AUTH_58d78b787ec34892b5aaa0c7a146155f/clubes_2026/silhuetas/SAN/FORMATO.png,5,4.28,José Rafael Vivian,0.0,4,8.07,17,ze-rafael,6,0.0,1.0,1.0,,,,4.0,5.0,,3.0,5.0,,1.0,,,,,,,,
Otávio,Otávio,82463,FLU,266,0,False,https://s3.glbimg.com/v1/AUTH_58d78b787ec34892b5aaa0c7a146155f/clubes_2026/silhuetas/FLU/FORMATO.png,5,0.32,Otávio Henrique Passos Santos,0.0,4,2.51,17,otavio,6,0.0,,1.0,,,,1.0,2.0,1.0,,1.0,,,,,,,,,,
Luiz Araújo,L. Araújo,82627,FLA,262,0,False,https://s3.glbimg.com/v1/AUTH_58d78b787ec34892b5aaa0c7a146155f/clubes_2026/silhuetas/FLA/FORMATO.png,10,2.72,Luiz de Araújo Guimarães Neto,0.0,5,7.73,17,luiz-araujo,2,0.0,1.0,1.0,,,,8.0,4.0,1.0,1.0,5.0,,1.0,,,1.0,,,,,
Tinga,Tinga,82628,CFC,294,0,False,https://s3.glbimg.com/v1/AUTH_58d78b787ec34892b5aaa0c7a146155f/clubes_2026/silhuetas/CFC/FORMATO.png,11,3.67,Guilherme de Jesus da Silva,0.0,2,6.53,17,tinga,6,0.0,2.0,,,,,14.0,2.0,1.0,1.0,6.0,,,,,,,,,1.0,
Marcelo Rangel,M. Rangel,82730,REM,364,0,True,https://s3.glbimg.com/v1/AUTH_58d78b787ec34892b5aaa0c7a146155f/clubes_2026/silhuetas/REM/FORMATO.png,17,3.97,Marcelo Rangel da Rosa,11.5,1,6.86,17,marcelo-rangel,7,0.99,,2.0,,65.0,1.0,,,,,4.0,,,,29.0,,,,,1.0,
Lucas Ramon,L. Ramon,82775,SAO,276,0,True,https://s3.glbimg.com/v1/AUTH_58d78b787ec34892b5aaa0c7a146155f/clubes_2026/silhuetas/SAO/FORMATO.png,11,6.23,Lucas Ramon Batista Silva,5.2,2,11.15,17,lucas-ramon,7,-0.06,1.0,,1.0,,,26.0,5.0,2.0,4.0,17.0,,,,,1.0,,,,3.0,
Rafael Thyere,R. Thyere,83048,CHA,315,0,False,https://s3.glbimg.com/v1/AUTH_58d78b787ec34892b5aaa0c7a146155f/clubes_2026/silhuetas/CHA/FORMATO.png,2,-0.15,Rafael Thyere de Albuquerque Marques,0.0,3,3.2,17,rafael-thyere,5,0.0,,,,,,,1.0,,,,,,,,,,,,,
Ygor Vinhas,Y. Vinhas,83074,REM,364,0,False,https://s3.glbimg.com/v1/AUTH_58d78b787ec34892b5aaa0c7a146155f/clubes_2026/silhuetas/REM/FORMATO.png,0,0.0,Ygor Vinhas Oliveira Lima,0.0,1,3.0,17,ygor-vinhas,6,0.0,,,,,,,,,,,,,,,,,,,,
Gabriel,Gabriel,83257,SAN,277,0,True,https://s3.glbimg.com/v1/AUTH_58d78b787ec34892b5aaa0c7a146155f/clubes_2026/silhuetas/SAN/FORMATO.png,10,4.94,Gabriel Barbosa Almeida,16.2,5,10.57,17,gabriel,7,2.62,2.0,3.0,,,,2.0,5.0,,9.0,5.0,,4.0,,,8.0,,,,,
Yuri Lara,Y. Lara,83263,MIR,2305,0,False,https://s3.glbimg.com/v1/AUTH_58d78b787ec34892b5aaa0c7a146155f/clubes_2026/silhuetas/MIR/FORMATO.png,6,1.58,Yuri Lima Lara,0.0,4,4.29,17,yuri-lara,6,0.0,,,1.0,,,7.0,4.0,1.0,,4.0,,,,,,,,,,
Patrick,Patrick,83433,REM,364,0,True,https://s3.glbimg.com/v1/AUTH_58d78b787ec34892b5aaa0c7a146155f/clubes_2026/silhuetas/REM/FORMATO.png,14,3.12,Patrick Bezerra do Nascimento,6.5,4,5.43,17,patrick,7,0.93,,,,,,21.0,7.0,2.0,5.0,12.0,1.0,,,,1.0,1.0,,,,
Léo Pereira,L. Pereira,83528,FLA,262,0,True,https://s3.glbimg.com/v1/AUTH_58d78b787ec34892b5aaa0c7a146155f/clubes_2026/silhuetas/FLA/FORMATO.png,13,4.17,Leonardo Pereira,2.8,3,9.31,17,leo-pereira,3,-0.14,,5.0,,,,9.0,13.0,2.0,7.0,7.0,,1.0,,,,,,,6.0,
Neris,Neris,83786,VIT,287,0,False,https://s3.glbimg.com/v1/AUTH_58d78b787ec34892b5aaa0c7a146155f/clubes_2026/silhuetas/VIT/FORMATO.png,3,0.4,Hueglo dos Santos Neris,0.0,3,2.51,17,neris,6,0.0,,,,,,1.0,1.0,,,,,,,,,,,,,
Tiquinho Soares,T. Soares,84042,MIR,2305,0,False,https://s3.glbimg.com/v1/AUTH_58d78b787ec34892b5aaa0c7a146155f/clubes_2026/silhuetas/MIR/FORMATO.png,7,1.74,Francisco das Chagas Soares dos Santos Meireles,0.0,5,5.28,17,tiquinho-soares,6,0.0,,1.0,,,,3.0,6.0,3.0,5.0,6.0,,,,,1.0,,,,,
Georgemy,Georgemy,84268,MIR,2305,0,False,https://s3.glbimg.com/v1/AUTH_58d78b787ec34892b5aaa0c7a146155f/clubes_2026/silhuetas/MIR/FORMATO.png,0,0.0,Georgemy Gonçalves,0.0,1,3.0,17,georgemy,6,0.0,,,,,,,,,,,,,,,,,,,,
Bruno Melo,B. Melo,84339,CFC,294,0,True,https://s3.glbimg.com/v1/AUTH_58d78b787ec34892b5aaa0c7a146155f/clubes_2026/silhuetas/CFC/FORMATO.png,15,4.05,Bruno Ferreira Melo,9.5,2,6.93,17,bruno-melo,7,0.79,1.0,1.0,1.0,,,15.0,8.0,,3.0,9.0,,1.0,,,2.0,,,,5.0,
Fernando Sobral,F. Sobral,84428,CFC,294,0,False,https://s3.glbimg.com/v1/AUTH_58d78b787ec34892b5aaa0c7a146155f/clubes_2026/silhuetas/CFC/FORMATO.png,3,1.0,Fernando Pereira do Nascimento,0.0,4,4.34,17,fernando-sobral,6,0.0,,,,,,2.0,,,,,,,,,,,,,,
Lucas Romero,L. Romero,84558,CRU,283,0,True,https://s3.glbimg.com/v1/AUTH_58d78b787ec34892b5aaa0c7a146155f/clubes_2026/silhuetas/CRU/FORMATO.png,11,4.15,Lucas Daniel Romero,2.0,4,8.33,17,lucas-romero,7,-0.5,3.0,2.0,,,,13.0,14.0,3.0,1.0,10.0,,1.0,,,,,,,,
Josué,Josué,84626,CFC,294,0,True,https://s3.glbimg.com/v1/AUTH_58d78b787ec34892b5aaa0c7a146155f/clubes_2026/silhuetas/CFC/FORMATO.png,16,3.73,Josué Filipe Soares Pesqueira,6.9,4,6.31,17,josue,7,-0.78,7.0,2.0,1.0,,,7.0,17.0,2.0,6.0,18.0,,1.0,,,,,,,,
Lucas Evangelista,L. Evangelista,84674,PAL,275,0,True,https://s3.glbimg.com/v1/AUTH_58d78b787ec34892b5aaa0c7a146155f/clubes_2026/silhuetas/PAL/FORMATO.png,15,1.31,Lucas Evangelista Santana de Oliveira,1.5,4,4.48,17,lucas-evangelista,7,0.01,1.0,,,,,6.0,4.0,,3.0,9.0,,,,,,,,,,
Panagiotis,Panagiotis,84708,REM,364,0,False,https://s3.glbimg.com/v1/AUTH_58d78b787ec34892b5aaa0c7a146155f/clubes_2026/silhuetas/REM/FORMATO.png,0,0.0,Panagiotis Tachtsidis,0.0,4,3.0,17,panagiotis,6,0.0,,,,,,,,,,,,,,,,,,,,
Jorginho,Jorginho,84735,FLA,262,0,True,https://s3.glbimg.com/v1/AUTH_58d78b787ec34892b5aaa0c7a146155f/clubes_2026/silhuetas/FLA/FORMATO.png,11,4.3,Jorge Luiz Frello Filho,6.4,4,10.02,17,jorginho,5,0.4,,3.0,1.0,,,21.0,10.0,,1.0,16.0,,2.0,,,,,,,,
Varela,Varela,84816,FLA,262,0,True,https://s3.glbimg.com/v1/AUTH_58d78b787ec34892b5aaa0c7a146155f/clubes_2026/silhuetas/FLA/FORMATO.png,14,4.94,Guillermo Varela Olivera,1.5,2,8.29,17,varela,3,-0.72,2.0,3.0,,,,18.0,6.0,,2.0,9.0,,,,,1.0,,,1.0,6.0,
Luan Peres,L. Peres,84847,SAN,277,0,False,https://s3.glbimg.com/v1/AUTH_58d78b787ec34892b5aaa0c7a146155f/clubes_2026/silhuetas/SAN/FORMATO.png,13,2.15,Luan Peres Petroni,0.0,3,4.23,17,luan-peres,6,0.0,,2.0,1.0,,,10.0,13.0,,1.0,12.0,,,,,,,,,3.0,
Memphis Depay,M. Depay,85048,COR,264,0,True,https://s3.glbimg.com/v1/AUTH_58d78b787ec34892b5aaa0c7a146155f/clubes_2026/silhuetas/COR/FORMATO.png,7,1.99,Memphis Depay,1.0,5,9.56,17,memphis-depay,6,-0.25,,,,,,1.0,4.0,1.0,2.0,6.0,,1.0,,,2.0,,,,,
Danielzinho,Danielzinho,85403,SAO,276,0,True,https://s3.glbimg.com/v1/AUTH_58d78b787ec34892b5aaa0c7a146155f/clubes_2026/silhuetas/SAO/FORMATO.png,15,3.02,Daniel de Oliveira Sertanejo,2.2,4,6.9,17,danielzinho,7,0.02,1.0,1.0,,,,11.0,12.0,1.0,4.0,30.0,,1.0,,,,,,1.0,,
João Paulo,J. Paulo,85425,BAH,265,0,True,https://s3.glbimg.com/v1/AUTH_58d78b787ec34892b5aaa0c7a146155f/clubes_2026/silhuetas/BAH/FORMATO.png,2,0.15,João Paulo Silva Martins,-0.4,1,5.2,17,joao-paulo,7,0.03,,1.0,,6.0,,,,,,1.0,,,,7.0,,,,,,
Alex Santana,A. Santana,85465,COR,264,0,False,https://s3.glbimg.com/v1/AUTH_58d78b787ec34892b5aaa0c7a146155f/clubes_2026/silhuetas/COR/FORMATO.png,1,0.8,Alex Paulo Menezes Santana,0.0,4,4.02,17,alex-santana,6,0.0,,,,,,,,,1.0,,,,,,,,,,,
Léo,Léo,85626,CAP,293,0,False,https://s3.glbimg.com/v1/AUTH_58d78b787ec34892b5aaa0c7a146155f/clubes_2026/silhuetas/CAP/FORMATO.png,2,4.9,Leonardo Pinheiro da Conceição,0.0,3,6.77,17,leo,6,0.0,,,,,,4.0,4.0,,,,,,,,,,,,1.0,
Bolasie,Bolasie,86292,CHA,315,0,True,https://s3.glbimg.com/v1/AUTH_58d78b787ec34892b5aaa0c7a146155f/clubes_2026/silhuetas/CHA/FORMATO.png,13,1.89,Yannick Bolasie,2.8,5,4.28,17,bolasie,7,0.47,1.0,3.0,,,,1.0,16.0,4.0,8.0,12.0,,1.0,,,3.0,,,1.0,,
Victor Luis,V. Luis,86410,MIR,2305,0,True,https://s3.glbimg.com/v1/AUTH_58d78b787ec34892b5aaa0c7a146155f/clubes_2026/silhuetas/MIR/FORMATO.png,7,1.2,Victor Luis Chuab Zamblauskas,5.0,2,3.65,17,victor-luis,6,1.0,,2.0,,,,4.0,7.0,,2.0,2.0,,,,,1.0,1.0,,,1.0,
Keno,Keno,86485,CFC,294,0,False,https://s3.glbimg.com/v1/AUTH_58d78b787ec34892b5aaa0c7a146155f/clubes_2026/silhuetas/CFC/FORMATO.png,4,0.73,Marcos da Silva França,0.0,5,4.12,17,keno,5,0.0,,,,,,,2.0,1.0,1.0,3.0,,,,,,,,,,
Tchê Tchê,T. Tchê,86686,VAS,267,0,False,https://s3.glbimg.com/v1/AUTH_58d78b787ec34892b5aaa0c7a146155f/clubes_2026/silhuetas/VAS/FORMATO.png,12,1.78,Danilo das Neves Pinheiro,0.0,4,4.21,17,tche-tche,6,0.0,,2.0,,,,7.0,9.0,1.0,3.0,8.0,,1.0,,,1.0,,,,,
Richard,Richard,86711,INT,285,0,False,https://s3.glbimg.com/v1/AUTH_58d78b787ec34892b5aaa0c7a146155f/clubes_2026/silhuetas/INT/FORMATO.png,0,0.0,Richard Cândido Coelho,0.0,4,4.0,17,richard,6,0.0,,,,,,,,,,,,,,,,,,,,
Everton,Everton,86757,FLA,262,0,False,https://s3.glbimg.com/v1/AUTH_58d78b787ec34892b5aaa0c7a146155f/clubes_2026/silhuetas/FLA/FORMATO.png,7,1.47,Everton Sousa Soares,0.0,5,5.84,17,everton,5,0.0,,1.0,,,,3.0,5.0,1.0,7.0,3.0,,,,,,,,,,
José Welison,J. Welison,86859,REM,364,0,True,https://s3.glbimg.com/v1/AUTH_58d78b787ec34892b5aaa0c7a146155f/clubes_2026/silhuetas/REM/FORMATO.png,14,1.97,José Welison da Silva - Zé,5.0,4,3.6,17,jose-welison,7,0.08,,3.0,,,,16.0,15.0,,8.0,9.0,,,,,,,,,,
Léo Jardim,L. Jardim,87008,VAS,267,0,True,https://s3.glbimg.com/v1/AUTH_58d78b787ec34892b5aaa0c7a146155f/clubes_2026/silhuetas/VAS/FORMATO.png,17,2.68,Leonardo César Jardim,7.4,1,6.97,17,leo-jardim,7,1.05,,1.0,,52.0,,1.0,1.0,,,2.0,,,,28.0,,,,,1.0,
Pedro Henrique,P. Henrique,87225,RBB,280,0,False,https://s3.glbimg.com/v1/AUTH_58d78b787ec34892b5aaa0c7a146155f/clubes_2026/silhuetas/RBB/FORMATO.png,11,3.21,Pedro Henrique Ribeiro Gonçalves,0.0,3,6.71,17,pedro-henrique,7,0.0,,3.0,,,,9.0,6.0,,2.0,10.0,,,,,1.0,,,,4.0,
Guilherme Arana,G. Arana,87228,FLU,266,0,True,https://s3.glbimg.com/v1/AUTH_58d78b787ec34892b5aaa0c7a146155f/clubes_2026/silhuetas/FLU/FORMATO.png,12,3.82,Guilherme Antonio Arana Lopes,0.0,2,7.88,17,guilherme-arana,7,-0.82,,2.0,,,,13.0,8.0,4.0,7.0,5.0,,1.0,,,1.0,,,,2.0,
Soteldo,Soteldo,87258,FLU,266,0,True,https://s3.glbimg.com/v1/AUTH_58d78b787ec34892b5aaa0c7a146155f/clubes_2026/silhuetas/FLU/FORMATO.png,11,1.1,Yeferson Julio Soteldo Martínez,1.5,5,3.84,17,soteldo,6,0.13,,,,,,1.0,1.0,3.0,3.0,10.0,,,,,1.0,,,,,
Kannemann,Kannemann,87342,GRE,284,0,False,https://s3.glbimg.com/v1/AUTH_58d78b787ec34892b5aaa0c7a146155f/clubes_2026/silhuetas/GRE/FORMATO.png,0,0.0,Walter Kannemann,0.0,3,5.0,17,kannemann,6,0.0,,,,,,,,,,,,,,,,,,,,
Thaciano,Thaciano,87470,SAN,277,0,False,https://s3.glbimg.com/v1/AUTH_58d78b787ec34892b5aaa0c7a146155f/clubes_2026/silhuetas/SAN/FORMATO.png,10,2.95,Thaciano Mickael da Silva,0.0,4,6.63,17,thaciano,5,0.0,,1.0,,,,5.0,2.0,1.0,4.0,7.0,,2.0,,,3.0,,,,,
Vitor Bueno,V. Bueno,87552,REM,364,0,True,https://s3.glbimg.com/v1/AUTH_58d78b787ec34892b5aaa0c7a146155f/clubes_2026/silhuetas/REM/FORMATO.png,10,4.28,Vitor Frezarin Bueno,0.2,4,7.38,17,vitor-bueno,7,-0.89,2.0,,,,,2.0,8.0,5.0,4.0,8.0,1.0,2.0,,,,,,,,
Neto Moura,N. Moura,87742,MIR,2305,0,False,https://s3.glbimg.com/v1/AUTH_58d78b787ec34892b5aaa0c7a146155f/clubes_2026/silhuetas/MIR/FORMATO.png,10,1.75,Antônio Francisco Moura Neto,0.0,4,4.09,17,neto-moura,6,0.0,,3.0,,,,9.0,9.0,2.0,6.0,5.0,,,,,,,,,,
Arrascaeta,Arrascaeta,87863,FLA,262,0,False,https://s3.glbimg.com/v1/AUTH_58d78b787ec34892b5aaa0c7a146155f/clubes_2026/silhuetas/FLA/FORMATO.png,9,6.41,Giorgian Daniel de Arrascaeta Benedetti,0.0,4,16.62,17,arrascaeta,5,0.0,1.0,1.0,,,,4.0,4.0,4.0,7.0,9.0,3.0,3.0,,,,,,1.0,,
Balbuena,Balbuena,87887,GRE,284,0,False,https://s3.glbimg.com/v1/AUTH_58d78b787ec34892b5aaa0c7a146155f/clubes_2026/silhuetas/GRE/FORMATO.png,7,3.94,Fabián Cornelio Balbuena González,0.0,3,6.98,17,balbuena,5,0.0,,,,,,11.0,2.0,,1.0,2.0,,,,,1.0,,,,2.0,
Gustavo Scarpa,G. Scarpa,87999,CAM,282,0,False,https://s3.glbimg.com/v1/AUTH_58d78b787ec34892b5aaa0c7a146155f/clubes_2026/silhuetas/CAM/FORMATO.png,10,3.09,Gustavo Henrique Furtado Scarpa,0.0,4,7.06,17,gustavo-scarpa,5,0.0,1.0,,,,,3.0,2.0,2.0,7.0,6.0,1.0,1.0,,,,,,,,
Luís Castro,L. Castro,88037,GRE,284,0,True,https://s3.glbimg.com/v1/AUTH_58d78b787ec34892b5aaa0c7a146155f/clubes_2026/silhuetas/GRE/FORMATO.png,17,4.85,Luís Manuel Ribeiro de Castro,7.2,6,9.91,17,luis-castro,7,0.45,,,,,,,,,,,,,,,,,,,,5.0
Ivan,Ivan,88136,REM,364,0,False,https://s3.glbimg.com/v1/AUTH_58d78b787ec34892b5aaa0c7a146155f/clubes_2026/silhuetas/REM/FORMATO.png,0,0.0,Ivan Quaresma da Silva,0.0,1,4.0,17,ivan,6,0.0,,,,,,,,,,,,,,,,,,,,
Neto Pessoa,N. Pessoa,88293,CHA,315,0,False,https://s3.glbimg.com/v1/AUTH_58d78b787ec34892b5aaa0c7a146155f/clubes_2026/silhuetas/CHA/FORMATO.png,7,4.16,Altemir Cordeiro Pessôa Neto,0.0,5,6.57,17,neto-pessoa,6,0.0,1.0,1.0,,,,3.0,4.0,2.0,3.0,2.0,,2.0,,,,,,,,
Junior Alonso,J. Alonso,88312,CAM,282,0,True,https://s3.glbimg.com/v1/AUTH_58d78b787ec34892b5aaa0c7a146155f/clubes_2026/silhuetas/CAM/FORMATO.png,10,2.3,Júnior Osmar Ignacio Alonso Mujica,-0.9,3,5.03,17,junior-alonso,6,-0.57,,2.0,,,,12.0,8.0,1.0,2.0,5.0,,,,,,1.0,,,1.0,
Ayrton Lucas,A. Lucas,88393,FLA,262,0,False,https://s3.glbimg.com/v1/AUTH_58d78b787ec34892b5aaa0c7a146155f/clubes_2026/silhuetas/FLA/FORMATO.png,8,3.55,Ayrton Lucas Dantas de Medeiros,0.0,2,7.68,17,ayrton-lucas,7,0.0,,,,,,4.0,7.0,2.0,2.0,1.0,,,,,,,,,4.0,
Walace,Walace,88479,CRU,283,0,False,https://s3.glbimg.com/v1/AUTH_58d78b787ec34892b5aaa0c7a146155f/clubes_2026/silhuetas/CRU/FORMATO.png,0,0.0,Walace Souza Silva,0.0,4,4.0,17,walace,6,0.0,,,,,,,,,,,,,,,,,,,,
Leonardo Jardim,L. Jardim,88963,FLA,262,0,True,https://s3.glbimg.com/v1/AUTH_58d78b787ec34892b5aaa0c7a146155f/clubes_2026/silhuetas/FLA/FORMATO.png,13,6.87,José Leonardo Nunes Alves Sousa Jardim,3.26,6,12.94,17,leonardo-jardim,7,-0.36,,,,,,,,,,,,,,,,,,,,8.0
Gerson,Gerson,89256,CRU,283,0,True,https://s3.glbimg.com/v1/AUTH_58d78b787ec34892b5aaa0c7a146155f/clubes_2026/silhuetas/CRU/FORMATO.png,16,4.08,Gerson Santos da Silva,2.1,4,8.51,17,gerson,7,-0.46,1.0,2.0,,,,26.0,17.0,7.0,4.0,34.0,,,,,2.0,,,,,
João Pedro,J. Pedro,89273,GRE,284,0,False,https://s3.glbimg.com/v1/AUTH_58d78b787ec34892b5aaa0c7a146155f/clubes_2026/silhuetas/GRE/FORMATO.png,4,0.6,João Pedro Maturano dos Santos,0.0,2,3.33,17,joao-pedro,6,0.0,,,,,,2.0,5.0,,,2.0,,,,,1.0,,,,,
Andreas Pereira,A. Pereira,89274,PAL,275,0,True,https://s3.glbimg.com/v1/AUTH_58d78b787ec34892b5aaa0c7a146155f/clubes_2026/silhuetas/PAL/FORMATO.png,17,5.28,Andreas Hugo Hoelgebaum Pereira,2.5,4,12.78,17,andreas-pereira,3,-0.32,9.0,3.0,,,,17.0,19.0,4.0,12.0,11.0,,1.0,,,,,,,,
William,William,89275,CRU,283,0,False,https://s3.glbimg.com/v1/AUTH_58d78b787ec34892b5aaa0c7a146155f/clubes_2026/silhuetas/CRU/FORMATO.png,8,3.57,Willian de Asevedo Furtado,0.0,2,8.51,17,william,6,0.0,,1.0,1.0,,,13.0,9.0,3.0,1.0,3.0,,,,,1.0,,,,2.0,
Braithwaite,Braithwaite,89368,GRE,284,0,True,https://s3.glbimg.com/v1/AUTH_58d78b787ec34892b5aaa0c7a146155f/clubes_2026/silhuetas/GRE/FORMATO.png,10,0.32,Martin Christensen Braithwaite,0.4,5,6.1,17,braithwaite,7,-0.21,,,,,,1.0,5.0,1.0,1.0,3.0,,,,,3.0,,,,,
Igor Rabello,I. Rabello,89493,FLU,266,0,False,https://s3.glbimg.com/v1/AUTH_58d78b787ec34892b5aaa0c7a146155f/clubes_2026/silhuetas/FLU/FORMATO.png,0,0.0,Igor Rabello da Costa,0.0,3,5.0,17,igor-rabello,6,0.0,,,,,,,,,,,,,,,,,,,,
Thiago Maia,T. Maia,89637,INT,285,0,True,https://s3.glbimg.com/v1/AUTH_58d78b787ec34892b5aaa0c7a146155f/clubes_2026/silhuetas/INT/FORMATO.png,10,0.92,Thiago Maia Alencar,1.5,4,3.6,17,thiago-maia,6,0.12,,,,,,5.0,1.0,1.0,,2.0,,,,,1.0,,,,,
Lucho Acosta,L. Acosta,89837,FLU,266,0,True,https://s3.glbimg.com/v1/AUTH_58d78b787ec34892b5aaa0c7a146155f/clubes_2026/silhuetas/FLU/FORMATO.png,13,6.0,Luciano Federico Acosta,0.5,4,11.05,17,lucho-acosta,7,-0.98,4.0,4.0,,,,14.0,14.0,4.0,11.0,15.0,,3.0,,,,,,,,
Calleri,Calleri,89840,SAO,276,0,True,https://s3.glbimg.com/v1/AUTH_58d78b787ec34892b5aaa0c7a146155f/clubes_2026/silhuetas/SAO/FORMATO.png,15,6.16,Jonathan Calleri,0.8,5,11.96,17,calleri,7,-0.48,1.0,3.0,,,,11.0,25.0,6.0,13.0,35.0,,6.0,,,7.0,1.0,,,,
Dodi,Dodi,89883,GRE,284,0,False,https://s3.glbimg.com/v1/AUTH_58d78b787ec34892b5aaa0c7a146155f/clubes_2026/silhuetas/GRE/FORMATO.png,6,0.13,Douglas Moreira Fagundes,0.0,4,3.04,17,dodi,6,0.0,,2.0,,,,2.0,5.0,,1.0,1.0,,,,,,,,,,
Everton Galdino,E. Galdino,89918,MIR,2305,0,False,https://s3.glbimg.com/v1/AUTH_58d78b787ec34892b5aaa0c7a146155f/clubes_2026/silhuetas/MIR/FORMATO.png,7,1.2,Everton Galdino Moreira,0.0,5,2.73,17,everton-galdino,6,0.0,,,,,,1.0,1.0,1.0,5.0,4.0,,,,,,,,,,
Mendoza,Mendoza,90031,CAP,293,0,True,https://s3.glbimg.com/v1/AUTH_58d78b787ec34892b5aaa0c7a146155f/clubes_2026/silhuetas/CAP/FORMATO.png,15,5.07,John Stiven Mendoza Valencia,7.0,5,9.01,17,mendoza,7,-0.44,,,,,,12.0,9.0,5.0,9.0,9.0,1.0,5.0,,,,,,,,
Bruno Pacheco,B. Pacheco,90061,CHA,315,0,True,https://s3.glbimg.com/v1/AUTH_58d78b787ec34892b5aaa0c7a146155f/clubes_2026/silhuetas/CHA/FORMATO.png,8,4.86,Bruno de Jesus Pacheco,12.0,2,7.92,17,bruno-pacheco,7,0.66,3.0,1.0,,,,15.0,6.0,,1.0,7.0,,,,,1.0,,,,,
Bruno Henrique,B. Henrique,90285,FLA,262,0,True,https://s3.glbimg.com/v1/AUTH_58d78b787ec34892b5aaa0c7a146155f/clubes_2026/silhuetas/FLA/FORMATO.png,10,1.31,Bruno Henrique Pinto,0.9,5,4.99,17,bruno-henrique,2,-0.75,1.0,2.0,,,,3.0,6.0,2.0,4.0,4.0,,,,,2.0,,,,,
Pedro Rocha,P. Rocha,90302,CFC,294,0,True,https://s3.glbimg.com/v1/AUTH_58d78b787ec34892b5aaa0c7a146155f/clubes_2026/silhuetas/CFC/FORMATO.png,17,3.95,Pedro Rocha Neves,3.2,5,7.24,17,pedro-rocha,7,-0.3,1.0,1.0,,,,4.0,18.0,7.0,15.0,22.0,,4.0,,,7.0,,,,,
David,David,90309,VAS,267,0,True,https://s3.glbimg.com/v1/AUTH_58d78b787ec34892b5aaa0c7a146155f/clubes_2026/silhuetas/VAS/FORMATO.png,14,2.43,David Corrêa da Fonseca,-0.3,5,4.37,17,david,6,-0.19,1.0,,,,,3.0,7.0,4.0,5.0,5.0,,2.0,,,7.0,,,,,
Matheus Pereira,M. Pereira,90370,COR,264,0,False,https://s3.glbimg.com/v1/AUTH_58d78b787ec34892b5aaa0c7a146155f/clubes_2026/silhuetas/COR/FORMATO.png,9,1.24,Matheus Pereira da Silva,0.0,4,4.19,17,matheus-pereira,6,0.0,,1.0,,,,5.0,9.0,2.0,5.0,2.0,,,,,,,,,,
Arthur Melo,A. Melo,90532,GRE,284,0,True,https://s3.glbimg.com/v1/AUTH_58d78b787ec34892b5aaa0c7a146155f/clubes_2026/silhuetas/GRE/FORMATO.png,9,3.14,Arthur Henrique Ramos de Oliveira Melo,1.0,4,8.0,17,arthur-melo,2,-0.21,,1.0,,,,11.0,5.0,,1.0,27.0,,,,,,,,,,
Caíque,Caíque,90588,VIT,287,0,True,https://s3.glbimg.com/v1/AUTH_58d78b787ec34892b5aaa0c7a146155f/clubes_2026/silhuetas/VIT/FORMATO.png,13,2.25,Caique de Jesus Gonçalves,0.4,4,4.47,17,caique,6,-0.27,,2.0,,,,18.0,16.0,1.0,1.0,16.0,,,,,,1.0,,,,
Chico da Costa,C. Costa,90608,CRU,283,0,False,https://s3.glbimg.com/v1/AUTH_58d78b787ec34892b5aaa0c7a146155f/clubes_2026/silhuetas/CRU/FORMATO.png,6,1.5,Francisco da Costa Aragão,0.0,5,4.16,17,chico-da-costa,6,0.0,1.0,,,,,1.0,4.0,2.0,1.0,1.0,,,,,,,,,,
Matheuzinho,Matheuzinho,90703,VIT,287,0,True,https://s3.glbimg.com/v1/AUTH_58d78b787ec34892b5aaa0c7a146155f/clubes_2026/silhuetas/VIT/FORMATO.png,14,3.09,Matheus Martins Fogaça de Paulo,1.4,4,5.62,17,matheuzinho,7,-0.37,1.0,2.0,,,,5.0,6.0,8.0,7.0,21.0,,1.0,,,,,,1.0,,
Fabrício Bruno,F. Bruno,90768,CRU,283,0,True,https://s3.glbimg.com/v1/AUTH_58d78b787ec34892b5aaa0c7a146155f/clubes_2026/silhuetas/CRU/FORMATO.png,16,2.3,Fabrício Bruno Soares de Faria,3.0,3,6.72,17,fabricio-bruno,7,-0.03,,4.0,,,,12.0,6.0,4.0,4.0,5.0,,,,,,1.0,,,3.0,
Carlos Eduardo,C. Eduardo,90917,MIR,2305,0,True,https://s3.glbimg.com/v1/AUTH_58d78b787ec34892b5aaa0c7a146155f/clubes_2026/silhuetas/MIR/FORMATO.png,9,3.54,Carlos Eduardo Ferreira de Souza,5.8,5,5.77,17,carlos-eduardo,7,0.74,1.0,1.0,,,,8.0,9.0,,5.0,12.0,,1.0,,,5.0,,,1.0,,
Ronaldo,Ronaldo,91101,BAH,265,0,False,https://s3.glbimg.com/v1/AUTH_58d78b787ec34892b5aaa0c7a146155f/clubes_2026/silhuetas/BAH/FORMATO.png,7,5.03,Ronaldo de Oliveira Strada,0.0,1,7.57,17,ronaldo,5,0.0,,2.0,,19.0,,,,,,1.0,,,,3.0,,,,,3.0,
Kaio,Kaio,91158,BOT,263,0,False,https://s3.glbimg.com/v1/AUTH_58d78b787ec34892b5aaa0c7a146155f/clubes_2026/silhuetas/BOT/FORMATO.png,0,0.0,Kaio Fernando da Silva Pantaleão,0.0,3,7.0,17,kaio,5,0.0,,,,,,,,,,,,,,,,,,,,
Rodrigues,Rodrigues,91251,MIR,2305,0,False,https://s3.glbimg.com/v1/AUTH_58d78b787ec34892b5aaa0c7a146155f/clubes_2026/silhuetas/MIR/FORMATO.png,2,1.0,Antônio Josenildo Rodrigues de Oliveira,0.0,3,3.81,17,rodrigues,6,0.0,,,,,,1.0,,,,1.0,,,,,,,,,,
Erick Pulgar,E. Pulgar,91473,FLA,262,0,False,https://s3.glbimg.com/v1/AUTH_58d78b787ec34892b5aaa0c7a146155f/clubes_2026/silhuetas/FLA/FORMATO.png,6,1.53,Erick Antonio Pulgar Farfán,0.0,4,6.08,17,erick-pulgar,7,0.0,,3.0,1.0,,,10.0,10.0,1.0,,4.0,,,,,,,,,,
Arboleda,Arboleda,91573,SAO,276,0,False,https://s3.glbimg.com/v1/AUTH_58d78b787ec34892b5aaa0c7a146155f/clubes_2026/silhuetas/SAO/FORMATO.png,6,3.98,Robert Abel Arboleda Escobar,0.0,3,8.95,17,arboleda,6,0.0,,,,,,10.0,5.0,,,1.0,,,,,1.0,,,,2.0,
Rony,Rony,91607,SAN,277,0,True,https://s3.glbimg.com/v1/AUTH_58d78b787ec34892b5aaa0c7a146155f/clubes_2026/silhuetas/SAN/FORMATO.png,12,2.16,Ronielson da Silva Barbosa,5.5,5,5.93,17,rony,6,0.67,,3.0,,,,11.0,18.0,2.0,5.0,24.0,,,,,5.0,,,,,
Igor Cariús,I. Cariús,91639,MIR,2305,0,False,https://s3.glbimg.com/v1/AUTH_58d78b787ec34892b5aaa0c7a146155f/clubes_2026/silhuetas/MIR/FORMATO.png,1,1.0,Igor Aquino da Silva,0.0,2,2.94,17,igor-carius,5,0.0,,,,,,1.0,,,,1.0,,,,,,1.0,,,,
Marlon,Marlon,91706,GRE,284,0,False,https://s3.glbimg.com/v1/AUTH_58d78b787ec34892b5aaa0c7a146155f/clubes_2026/silhuetas/GRE/FORMATO.png,6,6.62,Marlon Rodrigues Xavier,0.0,2,10.32,17,marlon,5,0.0,1.0,1.0,,,,11.0,9.0,2.0,2.0,10.0,,1.0,,,1.0,,,,1.0,
David Duarte,D. Duarte,91772,BAH,265,0,True,https://s3.glbimg.com/v1/AUTH_58d78b787ec34892b5aaa0c7a146155f/clubes_2026/silhuetas/BAH/FORMATO.png,10,2.81,David de Duarte Macedo,1.5,3,5.32,17,david-duarte,7,-0.11,,1.0,,,,11.0,7.0,2.0,2.0,2.0,,1.0,1.0,,2.0,,,,1.0,
Zé Ivaldo,Z. Ivaldo,91866,SAN,277,0,False,https://s3.glbimg.com/v1/AUTH_58d78b787ec34892b5aaa0c7a146155f/clubes_2026/silhuetas/SAN/FORMATO.png,4,1.9,José Ivaldo Almeida Silva,0.0,3,5.75,17,ze-ivaldo,6,0.0,,1.0,,,,6.0,1.0,2.0,,3.0,,,1.0,,,1.0,,,,
Pavón,Pavón,91908,GRE,284,0,True,https://s3.glbimg.com/v1/AUTH_58d78b787ec34892b5aaa0c7a146155f/clubes_2026/silhuetas/GRE/FORMATO.png,16,3.91,Cristian David Pavón,14.4,5,7.76,17,pavon,7,1.93,2.0,4.0,,,,32.0,12.0,3.0,4.0,5.0,1.0,,,,2.0,,,,,
Lyanco,Lyanco,92087,CAM,282,0,False,https://s3.glbimg.com/v1/AUTH_58d78b787ec34892b5aaa0c7a146155f/clubes_2026/silhuetas/CAM/FORMATO.png,6,2.7,Lyanco Evangelista Silveira Neves Vojnovic,0.0,3,7.92,17,lyanco,7,0.0,,2.0,1.0,,,7.0,8.0,,2.0,3.0,,,,,,,,,2.0,
Arthur Cabral,A. Cabral,92171,BOT,263,0,True,https://s3.glbimg.com/v1/AUTH_58d78b787ec34892b5aaa0c7a146155f/clubes_2026/silhuetas/BOT/FORMATO.png,13,6.74,Arthur Mendonça Cabral,1.3,5,10.12,17,arthur-cabral,7,-3.36,1.0,2.0,,,,7.0,20.0,5.0,13.0,16.0,,7.0,,,3.0,,,,,
Jair Ventura,J. Ventura,92180,VIT,287,0,True,https://s3.glbimg.com/v1/AUTH_58d78b787ec34892b5aaa0c7a146155f/clubes_2026/silhuetas/VIT/FORMATO.png,15,5.42,Jair Ventura,7.26,6,9.09,17,jair-ventura,7,0.59,,,,,,,,,,,,,,,,,,,,6.0
Juninho,Juninho,92182,INT,285,0,True,https://s3.glbimg.com/v1/AUTH_58d78b787ec34892b5aaa0c7a146155f/clubes_2026/silhuetas/INT/FORMATO.png,3,2.67,José Carlos Ferreira Júnior,1.5,3,5.92,17,juninho,2,-0.32,,,,,,2.0,,,,,,,,,,,,,1.0,
Odair Hellmann,O. Hellmann,92273,CAP,293,0,True,https://s3.glbimg.com/v1/AUTH_58d78b787ec34892b5aaa0c7a146155f/clubes_2026/silhuetas/CAP/FORMATO.png,15,5.17,Odair Hellmann,6.9,6,8.83,17,odair-hellmann,7,0.39,,,,,,,,,,,,,,,,,,,,7.0
André Ramalho,A. Ramalho,92440,COR,264,0,False,https://s3.glbimg.com/v1/AUTH_58d78b787ec34892b5aaa0c7a146155f/clubes_2026/silhuetas/COR/FORMATO.png,5,2.16,André Ramalho Silva,0.0,3,5.3,17,andre-ramalho,6,0.0,,3.0,,,,4.0,5.0,,1.0,7.0,,,,,,,,,1.0,
Renato Kayzer,R. Kayzer,92696,VIT,287,0,True,https://s3.glbimg.com/v1/AUTH_58d78b787ec34892b5aaa0c7a146155f/clubes_2026/silhuetas/VIT/FORMATO.png,10,3.61,Renato Kayzer de Souza,-0.3,5,6.82,17,renato-kayzer,2,-1.81,1.0,2.0,,,,3.0,11.0,2.0,3.0,8.0,,3.0,,,9.0,,,,,
Eduardo Domínguez,E. Domínguez,92747,CAM,282,0,True,https://s3.glbimg.com/v1/AUTH_58d78b787ec34892b5aaa0c7a146155f/clubes_2026/silhuetas/CAM/FORMATO.png,13,5.07,Eduardo Rodrigo Domínguez,1.85,6,10.09,17,eduardo-dominguez,7,-0.97,,,,,,,,,,,,,,,,,,,,6.0
Bruno Rodrigues,B. Rodrigues,92811,CRU,283,0,True,https://s3.glbimg.com/v1/AUTH_58d78b787ec34892b5aaa0c7a146155f/clubes_2026/silhuetas/CRU/FORMATO.png,9,1.81,Bruno Rafael Rodrigues do Nascimento,2.0,5,3.3,17,bruno-rodrigues,7,-0.1,1.0,,,,,4.0,5.0,1.0,1.0,10.0,,,,,1.0,,,,,
Borré,Borré,92854,INT,285,0,True,https://s3.glbimg.com/v1/AUTH_58d78b787ec34892b5aaa0c7a146155f/clubes_2026/silhuetas/INT/FORMATO.png,17,3.09,Rafael Santos Borré Maury,2.5,5,6.71,17,borre,6,0.13,1.0,1.0,,,,9.0,27.0,10.0,11.0,13.0,,2.0,,,10.0,,,1.0,,
Ronaldo,Ronaldo,92981,INT,285,0,False,https://s3.glbimg.com/v1/AUTH_58d78b787ec34892b5aaa0c7a146155f/clubes_2026/silhuetas/INT/FORMATO.png,8,2.49,Ronaldo da Silva Souza Guerrero,0.0,4,3.83,17,ronaldo,6,0.0,,1.0,,,,8.0,10.0,,3.0,3.0,,1.0,,,,,,,,
Lucas Veríssimo,L. Veríssimo,93368,SAN,277,0,True,https://s3.glbimg.com/v1/AUTH_58d78b787ec34892b5aaa0c7a146155f/clubes_2026/silhuetas/SAN/FORMATO.png,10,4.33,Lucas Veríssimo da Silva,3.2,3,9.11,17,lucas-verissimo,7,0.13,,1.0,,,,14.0,11.0,1.0,4.0,5.0,,,,,2.0,,,,4.0,
Rodrigo Rodrigues,R. Rodrigues,93371,CFC,294,0,False,https://s3.glbimg.com/v1/AUTH_58d78b787ec34892b5aaa0c7a146155f/clubes_2026/silhuetas/CFC/FORMATO.png,0,0.0,Rodrigo Rodrigues Silva,0.0,5,4.0,17,rodrigo-rodrigues,5,0.0,,,,,,,,,,,,,,,,,,,,
Cantalapiedra,Cantalapiedra,93411,VIT,287,0,False,https://s3.glbimg.com/v1/AUTH_58d78b787ec34892b5aaa0c7a146155f/clubes_2026/silhuetas/VIT/FORMATO.png,7,1.09,Aitor Cantalapiedra Fernández,0.0,4,4.26,17,cantalapiedra,6,0.0,,1.0,,,,3.0,4.0,1.0,1.0,7.0,,,,,2.0,,,,,
Wanderson,Wanderson,93478,CRU,283,0,False,https://s3.glbimg.com/v1/AUTH_58d78b787ec34892b5aaa0c7a146155f/clubes_2026/silhuetas/CRU/FORMATO.png,14,1.29,Wanderson Maciel Sousa Campos,0.0,5,4.07,17,wanderson,6,0.0,,,,,,3.0,7.0,2.0,5.0,3.0,,1.0,,,3.0,,,,,
Paulo Henrique,P. Henrique,93716,VAS,267,0,False,https://s3.glbimg.com/v1/AUTH_58d78b787ec34892b5aaa0c7a146155f/clubes_2026/silhuetas/VAS/FORMATO.png,11,3.21,Paulo Henrique de Oliveira Alves,0.0,2,7.43,17,paulo-henrique,5,0.0,2.0,3.0,,,,14.0,10.0,1.0,2.0,17.0,,,,,,1.0,,,,
Marlon Freitas,M. Freitas,93790,PAL,275,0,True,https://s3.glbimg.com/v1/AUTH_58d78b787ec34892b5aaa0c7a146155f/clubes_2026/silhuetas/PAL/FORMATO.png,16,2.74,Marlon Rodrigues Freitas,0.8,4,5.95,17,marlon-freitas,7,-0.15,1.0,3.0,,,,17.0,16.0,1.0,5.0,,,2.0,,,1.0,,,,,
Keiller,Keiller,93834,CFC,294,0,False,https://s3.glbimg.com/v1/AUTH_58d78b787ec34892b5aaa0c7a146155f/clubes_2026/silhuetas/CFC/FORMATO.png,0,0.0,Keiller da Silva Nunes,0.0,1,4.0,17,keiller,6,0.0,,,,,,,,,,,,,,,,,,,,
Cleiton,Cleiton,93882,RBB,280,0,False,https://s3.glbimg.com/v1/AUTH_58d78b787ec34892b5aaa0c7a146155f/clubes_2026/silhuetas/RBB/FORMATO.png,7,2.56,Cleiton Schwengber,0.0,1,6.19,17,cleiton,6,0.0,,1.0,,13.0,,,,,,,,,,8.0,,,,,2.0,
Breno Lopes,B. Lopes,93988,CFC,294,0,True,https://s3.glbimg.com/v1/AUTH_58d78b787ec34892b5aaa0c7a146155f/clubes_2026/silhuetas/CFC/FORMATO.png,14,6.46,Breno Henrique Vasconcelos Lopes,11.7,5,10.92,17,breno-lopes,7,-0.95,,3.0,,,,10.0,8.0,4.0,4.0,17.0,,8.0,,,6.0,,,1.0,,
Kevin Ramírez,K. Ramírez,94034,CHA,315,0,False,https://s3.glbimg.com/v1/AUTH_58d78b787ec34892b5aaa0c7a146155f/clubes_2026/silhuetas/CHA/FORMATO.png,2,0.85,Kevin Federik Ramírez Dutra,0.0,5,3.0,17,kevin-ramirez,6,0.0,,,,,,,,1.0,,1.0,,,,,,,,,,
Matheus Fernandes,M. Fernandes,94067,RBB,280,0,False,https://s3.glbimg.com/v1/AUTH_58d78b787ec34892b5aaa0c7a146155f/clubes_2026/silhuetas/RBB/FORMATO.png,11,2.54,Matheus Fernandes Siqueira,0.0,4,4.32,17,matheus-fernandes,5,0.0,1.0,2.0,,,,12.0,13.0,1.0,9.0,5.0,,,,,1.0,,,,,
Maycon,Maycon,94154,CAM,282,0,True,https://s3.glbimg.com/v1/AUTH_58d78b787ec34892b5aaa0c7a146155f/clubes_2026/silhuetas/CAM/FORMATO.png,10,3.24,Maycon de Andrade Barberan,2.7,4,6.1,17,maycon,7,-1.05,,,,,,9.0,8.0,1.0,2.0,5.0,,2.0,,,,,,,,
Lucas Oliveira,L. Oliveira,94514,MIR,2305,0,True,https://s3.glbimg.com/v1/AUTH_58d78b787ec34892b5aaa0c7a146155f/clubes_2026/silhuetas/MIR/FORMATO.png,6,3.73,Lucas da Cruz Oliveira,5.0,3,5.82,17,lucas-oliveira,6,0.43,,2.0,,,,7.0,1.0,,1.0,1.0,,1.0,,,1.0,,,,1.0,
Pedro,Pedro,94583,FLA,262,0,True,https://s3.glbimg.com/v1/AUTH_58d78b787ec34892b5aaa0c7a146155f/clubes_2026/silhuetas/FLA/FORMATO.png,15,8.05,Pedro Guilherme Abreu dos Santos,2.1,5,16.01,17,pedro,7,-1.22,3.0,1.0,,,,9.0,9.0,5.0,7.0,17.0,1.0,9.0,,,3.0,,,1.0,,
Lucas Paquetá,L. Paquetá,94930,FLA,262,0,True,https://s3.glbimg.com/v1/AUTH_58d78b787ec34892b5aaa0c7a146155f/clubes_2026/silhuetas/FLA/FORMATO.png,11,6.46,Lucas Tolentino Coelho de Lima,7.7,4,14.86,17,lucas-paqueta,6,0.3,,2.0,,,,18.0,18.0,4.0,13.0,25.0,,3.0,,,2.0,,,,,
Juninho Capixaba,J. Capixaba,94968,RBB,280,0,True,https://s3.glbimg.com/v1/AUTH_58d78b787ec34892b5aaa0c7a146155f/clubes_2026/silhuetas/RBB/FORMATO.png,15,7.34,Luis Antônio da Rocha Júnior,12.3,2,14.26,17,juninho-capixaba,7,0.9,2.0,8.0,,,,30.0,31.0,3.0,10.0,18.0,2.0,2.0,,,2.0,,,,6.0,
Gabriel Taliari,G. Taliari,95131,REM,364,0,False,https://s3.glbimg.com/v1/AUTH_58d78b787ec34892b5aaa0c7a146155f/clubes_2026/silhuetas/REM/FORMATO.png,6,7.3,Gabriel Pereira Taliari,0.0,5,10.88,17,gabriel-taliari,5,0.0,,,,,,5.0,9.0,4.0,5.0,13.0,,3.0,,,3.0,,,,,
Marcinho,Marcinho,95332,CHA,315,0,True,https://s3.glbimg.com/v1/AUTH_58d78b787ec34892b5aaa0c7a146155f/clubes_2026/silhuetas/CHA/FORMATO.png,15,2.65,Márcio Antônio de Sousa Júnior,0.2,5,3.78,17,marcinho,6,-0.4,1.0,,,,,10.0,6.0,3.0,7.0,9.0,,1.0,,,3.0,,,,,
Cassierra,Cassierra,95362,CAM,282,0,True,https://s3.glbimg.com/v1/AUTH_58d78b787ec34892b5aaa0c7a146155f/clubes_2026/silhuetas/CAM/FORMATO.png,14,2.08,Zander Mateo Casierra Cabezas,-0.3,5,5.4,17,cassierra,7,-0.43,1.0,1.0,,,,2.0,10.0,2.0,4.0,8.0,,2.0,,,4.0,,,,,
Igor Vinícius,I. Vinícius,95466,SAN,277,0,True,https://s3.glbimg.com/v1/AUTH_58d78b787ec34892b5aaa0c7a146155f/clubes_2026/silhuetas/SAN/FORMATO.png,11,6.71,Igor Vinícius de Souza,0.2,2,9.68,17,igor-vinicius,7,-1.14,1.0,4.0,,,,32.0,12.0,2.0,,12.0,,,,,,,,,4.0,
Pedro Henrique,P. Henrique,95550,VIT,287,0,False,https://s3.glbimg.com/v1/AUTH_58d78b787ec34892b5aaa0c7a146155f/clubes_2026/silhuetas/VIT/FORMATO.png,0,0.0,Pedro Henrique Alves de Almeida,0.0,5,3.0,17,pedro-henrique,6,0.0,,,,,,,,,,,,,,,,,,,,
Raniele,Raniele,95556,COR,264,0,True,https://s3.glbimg.com/v1/AUTH_58d78b787ec34892b5aaa0c7a146155f/clubes_2026/silhuetas/COR/FORMATO.png,14,4.27,Raniele Almeida Melo,3.2,4,7.93,17,raniele,7,-0.73,,4.0,,,,30.0,25.0,1.0,6.0,19.0,1.0,1.0,,,1.0,,,,,
Bruno Leonardo,B. Leonardo,95620,CHA,315,0,True,https://s3.glbimg.com/v1/AUTH_58d78b787ec34892b5aaa0c7a146155f/clubes_2026/silhuetas/CHA/FORMATO.png,13,1.42,Bruno Leonardo dos Santos Covas,3.8,3,3.28,17,bruno-leonardo,7,0.94,,3.0,,,,12.0,13.0,1.0,1.0,9.0,,,1.0,,1.0,1.0,,,1.0,
Artur,Artur,95799,SAO,276,0,True,https://s3.glbimg.com/v1/AUTH_58d78b787ec34892b5aaa0c7a146155f/clubes_2026/silhuetas/SAO/FORMATO.png,13,5.77,Artur Victor Guimarães,4.7,5,9.55,17,artur,7,-0.36,2.0,1.0,,,,14.0,5.0,11.0,10.0,17.0,,2.0,,,1.0,,,1.0,,
Daniel Fuzato,D. Fuzato,95936,VAS,267,0,False,https://s3.glbimg.com/v1/AUTH_58d78b787ec34892b5aaa0c7a146155f/clubes_2026/silhuetas/VAS/FORMATO.png,0,0.0,Daniel Cerântula Fuzato,0.0,1,2.0,17,daniel-fuzato,6,0.0,,,,,,,,,,,,,,,,,,,,
Charles,Charles,96342,COR,264,0,False,https://s3.glbimg.com/v1/AUTH_58d78b787ec34892b5aaa0c7a146155f/clubes_2026/silhuetas/COR/FORMATO.png,3,1.03,Charles Rigon Mattos,0.0,4,3.53,17,charles,6,0.0,,,,,,2.0,1.0,,,1.0,,,,,1.0,,,,,
Joaquín Correa,J. Correa,96353,BOT,263,0,True,https://s3.glbimg.com/v1/AUTH_58d78b787ec34892b5aaa0c7a146155f/clubes_2026/silhuetas/BOT/FORMATO.png,6,1.17,Carlos Joaquín Correa,-1.0,5,5.11,17,joaquin-correa,3,-0.55,1.0,3.0,,,,1.0,2.0,,2.0,3.0,,,,,,,,1.0,,
Renan Lodi,R. Lodi,96591,CAM,282,0,True,https://s3.glbimg.com/v1/AUTH_58d78b787ec34892b5aaa0c7a146155f/clubes_2026/silhuetas/CAM/FORMATO.png,16,4.8,Renan Augusto Lodi dos Santos,2.5,2,9.96,17,renan-lodi,7,-0.95,2.0,2.0,1.0,,,20.0,27.0,4.0,9.0,39.0,1.0,,,,6.0,,,1.0,3.0,
Matheus Pereira,M. Pereira,96610,CRU,283,0,True,https://s3.glbimg.com/v1/AUTH_58d78b787ec34892b5aaa0c7a146155f/clubes_2026/silhuetas/CRU/FORMATO.png,15,5.42,Matheus Fellipe Costa Pereira,8.1,4,14.19,17,matheus-pereira,7,0.8,2.0,8.0,,,,11.0,31.0,9.0,19.0,57.0,,2.0,,,4.0,,,2.0,,
Allan,Allan,96652,COR,264,0,True,https://s3.glbimg.com/v1/AUTH_58d78b787ec34892b5aaa0c7a146155f/clubes_2026/silhuetas/COR/FORMATO.png,11,0.77,Allan Rodrigues de Souza,0.0,4,2.84,17,allan,6,-0.11,,3.0,1.0,,,7.0,10.0,1.0,3.0,7.0,,,,,,,,,,
Camutanga,Camutanga,96793,VIT,287,0,False,https://s3.glbimg.com/v1/AUTH_58d78b787ec34892b5aaa0c7a146155f/clubes_2026/silhuetas/VIT/FORMATO.png,7,3.95,Cleidson Andrade de Souza Silva,0.0,3,6.71,17,camutanga,5,0.0,,,,,,8.0,2.0,1.0,2.0,3.0,,,1.0,,,,,,3.0,
Carlinhos,Carlinhos,96831,REM,364,0,False,https://s3.glbimg.com/v1/AUTH_58d78b787ec34892b5aaa0c7a146155f/clubes_2026/silhuetas/REM/FORMATO.png,0,-1.0,Carlos Moisés de Lima,0.0,5,3.5,17,carlinhos,6,0.0,,1.0,,,,,,,,,,,,,,,,,,
Emerson Royal,E. Royal,96870,FLA,262,0,False,https://s3.glbimg.com/v1/AUTH_58d78b787ec34892b5aaa0c7a146155f/clubes_2026/silhuetas/FLA/FORMATO.png,6,4.28,Emerson Aparecido Leite de Souza Júnior,0.0,2,6.29,17,emerson-royal,7,0.0,1.0,,,,,4.0,5.0,,1.0,1.0,,,,,1.0,,,,3.0,
Carlos Cuesta,C. Cuesta,97095,VAS,267,0,False,https://s3.glbimg.com/v1/AUTH_58d78b787ec34892b5aaa0c7a146155f/clubes_2026/silhuetas/VAS/FORMATO.png,7,2.23,Carlos Eccehomo Cuesta Figueroa,0.0,3,5.5,17,carlos-cuesta,7,0.0,1.0,1.0,1.0,,,6.0,10.0,,2.0,4.0,1.0,,1.0,,,,,,1.0,
Villasanti,Villasanti,97145,GRE,284,0,False,https://s3.glbimg.com/v1/AUTH_58d78b787ec34892b5aaa0c7a146155f/clubes_2026/silhuetas/GRE/FORMATO.png,0,0.0,Mathías Adalberto Villasanti Rolón,0.0,4,7.0,17,villasanti,6,0.0,,,,,,,,,,,,,,,,,,,,
Alesson,Alesson,97321,MIR,2305,0,True,https://s3.glbimg.com/v1/AUTH_58d78b787ec34892b5aaa0c7a146155f/clubes_2026/silhuetas/MIR/FORMATO.png,15,4.92,Alesson dos Santos Batista,1.7,5,8.44,17,alesson,7,-0.81,3.0,1.0,,,,21.0,14.0,12.0,6.0,22.0,1.0,,,,7.0,,,,,
Rogério Ceni,R. Ceni,97341,BAH,265,0,True,https://s3.glbimg.com/v1/AUTH_58d78b787ec34892b5aaa0c7a146155f/clubes_2026/silhuetas/BAH/FORMATO.png,16,5.47,Rogério Mücke Ceni,4.17,6,10.62,17,rogerio-ceni,7,-0.05,,,,,,,,,,,,,,,,,,,,6.0
Victor Caetano,V. Caetano,97432,CHA,315,0,False,https://s3.glbimg.com/v1/AUTH_58d78b787ec34892b5aaa0c7a146155f/clubes_2026/silhuetas/CHA/FORMATO.png,8,1.6,Victor Henrique Carvalho Caetano,0.0,3,3.19,17,victor-caetano,6,0.0,,2.0,,,,11.0,7.0,,,1.0,,,,,1.0,,,,,
João Victor,J. Victor,97460,MIR,2305,0,True,https://s3.glbimg.com/v1/AUTH_58d78b787ec34892b5aaa0c7a146155f/clubes_2026/silhuetas/MIR/FORMATO.png,15,2.02,João Victor Carroll Santana - Caroll,5.9,3,5.09,17,joao-victor,7,0.7,1.0,1.0,,,,14.0,8.0,2.0,1.0,5.0,,,1.0,,1.0,,,,1.0,
Marçal,Marçal,97468,BOT,263,0,True,https://s3.glbimg.com/v1/AUTH_58d78b787ec34892b5aaa0c7a146155f/clubes_2026/silhuetas/BOT/FORMATO.png,4,2.77,Fernando Marçal de Oliveira,5.0,2,6.79,17,marcal,6,0.6,,1.0,,,,4.0,7.0,2.0,1.0,,,,,,,,,,1.0,
Shaylon,Shaylon,97520,MIR,2305,0,True,https://s3.glbimg.com/v1/AUTH_58d78b787ec34892b5aaa0c7a146155f/clubes_2026/silhuetas/MIR/FORMATO.png,12,1.7,Shaylon Kallyson Cardozo - Cardoso,0.9,4,3.88,17,shaylon,7,0.05,,,,,,9.0,12.0,2.0,,,,1.0,,,,,,,,
Félix Torres,F. Torres,97642,INT,285,0,False,https://s3.glbimg.com/v1/AUTH_58d78b787ec34892b5aaa0c7a146155f/clubes_2026/silhuetas/INT/FORMATO.png,12,3.43,Félix Eduardo Torres Caicedo,0.0,3,5.58,17,felix-torres,6,0.0,,3.0,,,,12.0,12.0,1.0,4.0,5.0,,1.0,,,,,,,3.0,
Thiago Couto,T. Couto,97645,VIT,287,0,False,https://s3.glbimg.com/v1/AUTH_58d78b787ec34892b5aaa0c7a146155f/clubes_2026/silhuetas/VIT/FORMATO.png,0,0.0,Thiago Couto Wenceslau,0.0,1,3.0,17,thiago-couto,6,0.0,,,,,,,,,,,,,,,,,,,,
Murilo,Murilo,97653,PAL,275,0,True,https://s3.glbimg.com/v1/AUTH_58d78b787ec34892b5aaa0c7a146155f/clubes_2026/silhuetas/PAL/FORMATO.png,14,3.4,Murilo Cerqueira Paim,5.2,3,7.21,17,murilo,7,0.5,1.0,1.0,1.0,,,12.0,19.0,3.0,2.0,2.0,,1.0,,,,,,,4.0,
Giovanni Pavani,G. Pavani,97735,REM,364,0,False,https://s3.glbimg.com/v1/AUTH_58d78b787ec34892b5aaa0c7a146155f/clubes_2026/silhuetas/REM/FORMATO.png,2,0.75,Giovanni Fernando Confreste Pavani - Cofreste,0.0,4,2.82,17,giovanni-pavani,6,0.0,,,,,,1.0,,,,,,,,,,,,,,
Marcelinho,Marcelinho,97795,REM,364,0,True,https://s3.glbimg.com/v1/AUTH_58d78b787ec34892b5aaa0c7a146155f/clubes_2026/silhuetas/REM/FORMATO.png,14,4.64,Marcelo Rodrigues Souza,4.1,2,5.68,17,marcelinho,7,-0.09,1.0,2.0,,,,18.0,7.0,4.0,8.0,20.0,1.0,1.0,,,,,,,1.0,
Erick,Erick,97810,VIT,287,0,True,https://s3.glbimg.com/v1/AUTH_58d78b787ec34892b5aaa0c7a146155f/clubes_2026/silhuetas/VIT/FORMATO.png,14,4.68,Erick de Arruda Serafim,7.0,5,9.07,17,erick,7,0.74,4.0,1.0,,,,3.0,5.0,5.0,7.0,26.0,1.0,2.0,,,1.0,,,,,
Léo Ortiz,L. Ortiz,97867,FLA,262,0,True,https://s3.glbimg.com/v1/AUTH_58d78b787ec34892b5aaa0c7a146155f/clubes_2026/silhuetas/FLA/FORMATO.png,15,4.05,Leonardo Rech Ortiz,1.2,3,8.75,17,leo-ortiz,7,-0.43,,,,,,12.0,11.0,,,4.0,2.0,1.0,,,1.0,,,,6.0,
Iago,Iago,97868,BAH,265,0,True,https://s3.glbimg.com/v1/AUTH_58d78b787ec34892b5aaa0c7a146155f/clubes_2026/silhuetas/BAH/FORMATO.png,3,3.03,Iago Amaral Borduchi,4.7,2,5.57,17,iago,7,0.81,,,,,,1.0,3.0,,,1.0,1.0,,,,,,,,1.0,
Jacy,Jacy,97878,CFC,294,0,True,https://s3.glbimg.com/v1/AUTH_58d78b787ec34892b5aaa0c7a146155f/clubes_2026/silhuetas/CFC/FORMATO.png,14,4.09,Jacy Maranhão Oliveira,0.7,3,5.2,17,jacy,7,-0.78,,2.0,1.0,,,22.0,10.0,,3.0,14.0,,1.0,,,,,,,3.0,
Matheus Bahia,M. Bahia,97899,INT,285,0,True,https://s3.glbimg.com/v1/AUTH_58d78b787ec34892b5aaa0c7a146155f/clubes_2026/silhuetas/INT/FORMATO.png,9,3.78,Matheus Bahia Santos,5.2,2,7.01,17,matheus-bahia,7,0.12,,2.0,,,,11.0,11.0,1.0,1.0,12.0,,,,,2.0,,,,3.0,
Vitão,Vitão,97900,FLA,262,0,False,https://s3.glbimg.com/v1/AUTH_58d78b787ec34892b5aaa0c7a146155f/clubes_2026/silhuetas/FLA/FORMATO.png,5,2.14,Vitor Eduardo da Silva Matos,0.0,3,7.13,17,vitao,7,0.0,,1.0,,,,1.0,2.0,,1.0,,,,,,,,,,2.0,
Matheus Aurélio,M. Aurélio,97905,CHA,315,0,False,https://s3.glbimg.com/v1/AUTH_58d78b787ec34892b5aaa0c7a146155f/clubes_2026/silhuetas/CHA/FORMATO.png,0,0.0,Matheus Aurélio Palhares Guimarães,0.0,1,2.0,17,matheus-aurelio,6,0.0,,,,,,,,,,,,,,,,,,,,
Riccieli,Riccieli,97906,VIT,287,0,False,https://s3.glbimg.com/v1/AUTH_58d78b787ec34892b5aaa0c7a146155f/clubes_2026/silhuetas/VIT/FORMATO.png,2,3.5,Riccieli Eduardo da Silva Júnior,0.0,3,4.85,17,riccieli,6,0.0,,,,,,1.0,1.0,,1.0,,,,,,,,,,1.0,
Lucas Silva,L. Silva,97911,VIT,287,0,False,https://s3.glbimg.com/v1/AUTH_58d78b787ec34892b5aaa0c7a146155f/clubes_2026/silhuetas/VIT/FORMATO.png,3,-0.17,Lucas Rodrigues da Silva,0.0,5,2.8,17,lucas-silva,6,0.0,,1.0,,,,,,,,1.0,,,,,,,,,,
Marcos Vinícius,M. Vinícius,97969,CHA,315,0,True,https://s3.glbimg.com/v1/AUTH_58d78b787ec34892b5aaa0c7a146155f/clubes_2026/silhuetas/CHA/FORMATO.png,9,1.48,Marcos Vinícius da Silva Santos,-0.3,2,2.78,17,marcos-vinicius,2,-0.51,1.0,2.0,,,,5.0,9.0,,2.0,2.0,1.0,,,,1.0,,,,,
Erick,Erick,98022,BAH,265,0,False,https://s3.glbimg.com/v1/AUTH_58d78b787ec34892b5aaa0c7a146155f/clubes_2026/silhuetas/BAH/FORMATO.png,13,3.84,Erick Luis Conrado de Carvalho,0.0,4,6.07,17,erick,2,0.0,,3.0,,,,18.0,16.0,1.0,2.0,12.0,2.0,2.0,,,,,,,,
Jáderson,Jáderson,98224,REM,364,0,False,https://s3.glbimg.com/v1/AUTH_58d78b787ec34892b5aaa0c7a146155f/clubes_2026/silhuetas/REM/FORMATO.png,10,0.97,Jaderson Flores dos Reis,0.0,4,2.64,17,jaderson,6,0.0,,,,,,4.0,2.0,,1.0,7.0,,,,,,,,,,
Pedro Raul,P. Raul,98225,COR,264,0,False,https://s3.glbimg.com/v1/AUTH_58d78b787ec34892b5aaa0c7a146155f/clubes_2026/silhuetas/COR/FORMATO.png,8,0.01,Pedro Raul Garay da Silva,0.0,5,2.63,17,pedro-raul,6,0.0,,1.0,,,,,5.0,,1.0,4.0,,,,,2.0,,,,,
Bastos,Bastos,98280,BOT,263,0,False,https://s3.glbimg.com/v1/AUTH_58d78b787ec34892b5aaa0c7a146155f/clubes_2026/silhuetas/BOT/FORMATO.png,5,0.78,Bartolomeu Jacinto Quissanga,0.0,3,3.75,17,bastos,5,0.0,,1.0,,,,4.0,7.0,,,2.0,,,,,,,,,,
Negueba,Negueba,98384,MIR,2305,0,False,https://s3.glbimg.com/v1/AUTH_58d78b787ec34892b5aaa0c7a146155f/clubes_2026/silhuetas/MIR/FORMATO.png,8,5.23,Luiz Henrique Soares Firmino,0.0,5,8.57,17,negueba,5,0.0,,4.0,,,,15.0,5.0,3.0,6.0,17.0,,1.0,,,,,,,,
Kanu,Kanu,98484,BAH,265,0,True,https://s3.glbimg.com/v1/AUTH_58d78b787ec34892b5aaa0c7a146155f/clubes_2026/silhuetas/BAH/FORMATO.png,3,0.83,Victor Hugo Soares dos Santos,0.5,3,3.68,17,kanu,7,-0.19,,2.0,,,,,3.0,,,1.0,,,,,1.0,,,,1.0,
Jean Lucas,J. Lucas,98517,BAH,265,0,True,https://s3.glbimg.com/v1/AUTH_58d78b787ec34892b5aaa0c7a146155f/clubes_2026/silhuetas/BAH/FORMATO.png,15,5.58,Jean Lucas de Souza Oliveira,1.6,4,9.55,17,jean-lucas,7,-0.54,2.0,2.0,,,,31.0,26.0,3.0,8.0,16.0,1.0,2.0,,,1.0,,,,,
Savarino,Savarino,98672,FLU,266,0,False,https://s3.glbimg.com/v1/AUTH_58d78b787ec34892b5aaa0c7a146155f/clubes_2026/silhuetas/FLU/FORMATO.png,14,5.29,Jefferson David Savarino Quintero,0.0,4,9.22,17,savarino,7,0.0,2.0,2.0,,,,5.0,5.0,9.0,13.0,13.0,3.0,3.0,,,6.0,,,,,
Angileri,Angileri,98720,COR,264,0,False,https://s3.glbimg.com/v1/AUTH_58d78b787ec34892b5aaa0c7a146155f/clubes_2026/silhuetas/COR/FORMATO.png,6,2.45,Fabrizio Germán Angileri - Fabricio,0.0,2,4.73,17,angileri,7,0.0,,2.0,,,,3.0,2.0,,1.0,4.0,,,,,,,,,2.0,
Samuel Lino,S. Lino,98873,FLA,262,0,True,https://s3.glbimg.com/v1/AUTH_58d78b787ec34892b5aaa0c7a146155f/clubes_2026/silhuetas/FLA/FORMATO.png,15,5.82,Samuel Dias Lino,9.2,5,10.88,17,samuel-lino,7,1.07,5.0,2.0,,,,19.0,14.0,6.0,5.0,26.0,,2.0,,,2.0,,,,,
Cuello,Cuello,98909,CAM,282,0,True,https://s3.glbimg.com/v1/AUTH_58d78b787ec34892b5aaa0c7a146155f/clubes_2026/silhuetas/CAM/FORMATO.png,16,6.3,Tomás Esteban Cuello,3.9,5,9.5,17,cuello,7,-0.37,1.0,1.0,,,,28.0,13.0,5.0,18.0,23.0,4.0,2.0,,,12.0,,,,,
Puma Rodríguez,P. Rodríguez,99213,VAS,267,0,False,https://s3.glbimg.com/v1/AUTH_58d78b787ec34892b5aaa0c7a146155f/clubes_2026/silhuetas/VAS/FORMATO.png,11,5.45,José Luis Rodríguez Bebanz,0.0,2,8.0,17,puma-rodriguez,6,0.0,4.0,3.0,,,,8.0,4.0,5.0,6.0,1.0,,2.0,,,1.0,,,,1.0,
De la Cruz,D. Cruz,99228,FLA,262,0,True,https://s3.glbimg.com/v1/AUTH_58d78b787ec34892b5aaa0c7a146155f/clubes_2026/silhuetas/FLA/FORMATO.png,9,1.06,Diego Nicolás de la Cruz Arcosa,-0.8,4,4.77,17,de-la-cruz,6,-0.5,,2.0,,,,4.0,7.0,,2.0,12.0,,,,,,,,,,
Alexander Barboza,A. Barboza,99274,PAL,275,0,False,https://s3.glbimg.com/v1/AUTH_58d78b787ec34892b5aaa0c7a146155f/clubes_2026/silhuetas/PAL/FORMATO.png,11,5.12,Alexander Nahuel Barboza Ullúa,0.0,3,10.68,17,alexander-barboza,6,0.0,2.0,4.0,1.0,,,24.0,19.0,5.0,5.0,,,1.0,,,,,,,1.0,
Luis Zubeldía,L. Zubeldía,99366,FLU,266,0,True,https://s3.glbimg.com/v1/AUTH_58d78b787ec34892b5aaa0c7a146155f/clubes_2026/silhuetas/FLU/FORMATO.png,17,5.62,Luis Francisco Zubeldía,3.65,6,10.04,17,luis-zubeldia,7,-0.36,,,,,,,,,,,,,,,,,,,,9.0
Baralhas,Baralhas,99440,VIT,287,0,True,https://s3.glbimg.com/v1/AUTH_58d78b787ec34892b5aaa0c7a146155f/clubes_2026/silhuetas/VIT/FORMATO.png,12,5.58,Gabriel Baralhas dos Santos,-0.7,4,8.96,17,baralhas,7,-0.97,2.0,4.0,,,,26.0,24.0,,7.0,15.0,,2.0,,,,,,,,
Rossi,Rossi,99552,FLA,262,0,True,https://s3.glbimg.com/v1/AUTH_58d78b787ec34892b5aaa0c7a146155f/clubes_2026/silhuetas/FLA/FORMATO.png,15,4.89,Agustín Daniel Rossi,0.9,1,8.34,17,rossi,7,-0.62,,,,44.0,,,,,,2.0,,,,15.0,,,,,6.0,
Brenner,Brenner,99789,VAS,267,0,True,https://s3.glbimg.com/v1/AUTH_58d78b787ec34892b5aaa0c7a146155f/clubes_2026/silhuetas/VAS/FORMATO.png,13,2.98,Brenner Souza da Silva,1.2,5,7.07,17,brenner,7,-0.25,,1.0,,,,7.0,4.0,5.0,7.0,10.0,2.0,1.0,,,1.0,,,,,
Arias,Arias,99815,PAL,275,0,True,https://s3.glbimg.com/v1/AUTH_58d78b787ec34892b5aaa0c7a146155f/clubes_2026/silhuetas/PAL/FORMATO.png,13,6.49,Jhon Adolfo Arias Andrade,0.4,4,13.77,17,arias,6,-1.83,,4.0,,,,32.0,16.0,6.0,8.0,16.0,,3.0,,,4.0,,,,,
Paulinho,Paulinho,99818,PAL,275,0,True,https://s3.glbimg.com/v1/AUTH_58d78b787ec34892b5aaa0c7a146155f/clubes_2026/silhuetas/PAL/FORMATO.png,4,2.3,Paulo Henrique Sampaio Filho,8.0,5,11.57,17,paulinho,6,0.35,,1.0,,,,,,,1.0,3.0,,1.0,,,1.0,,,,,
Alan Franco,A. Franco,99889,SAO,276,0,True,https://s3.glbimg.com/v1/AUTH_58d78b787ec34892b5aaa0c7a146155f/clubes_2026/silhuetas/SAO/FORMATO.png,12,2.2,Alan Javier Franco,1.3,3,5.37,17,alan-franco,7,-0.31,,3.0,,,,10.0,10.0,,2.0,2.0,,,,,2.0,,,,3.0,
Igor Gomes,I. Gomes,100084,CAM,282,0,False,https://s3.glbimg.com/v1/AUTH_58d78b787ec34892b5aaa0c7a146155f/clubes_2026/silhuetas/CAM/FORMATO.png,5,-0.14,Igor Silveira Gomes,0.0,4,3.72,17,igor-gomes,6,0.0,,1.0,,,,,4.0,,,3.0,,,,,,,,,,
Léo Andrade,L. Andrade,100342,REM,364,0,False,https://s3.glbimg.com/v1/AUTH_58d78b787ec34892b5aaa0c7a146155f/clubes_2026/silhuetas/REM/FORMATO.png,4,2.95,Leonardo de Andrade Silva,0.0,3,4.79,17,leo-andrade,6,0.0,,1.0,,,,9.0,4.0,,,1.0,,,,,,,,,,
Yuri Alberto,Y. Alberto,100652,COR,264,0,True,https://s3.glbimg.com/v1/AUTH_58d78b787ec34892b5aaa0c7a146155f/clubes_2026/silhuetas/COR/FORMATO.png,13,2.5,Yuri Alberto Monteiro da Silva,0.2,5,9.69,17,yuri-alberto,7,-0.48,,2.0,,,,4.0,13.0,10.0,10.0,11.0,,1.0,,,11.0,,,,,
Fernando,Fernando,100695,RBB,280,0,True,https://s3.glbimg.com/v1/AUTH_58d78b787ec34892b5aaa0c7a146155f/clubes_2026/silhuetas/RBB/FORMATO.png,7,3.41,Fernando dos Santos Pedro,9.5,5,4.92,17,fernando,6,0.88,1.0,,,,,5.0,2.0,1.0,,6.0,,1.0,,,2.0,,,,,
Matheus Henrique,M. Henrique,100742,CRU,283,0,True,https://s3.glbimg.com/v1/AUTH_58d78b787ec34892b5aaa0c7a146155f/clubes_2026/silhuetas/CRU/FORMATO.png,16,1.69,Matheus Henrique de Souza,0.0,4,4.77,17,matheus-henrique,5,-0.7,,1.0,,,,14.0,9.0,,4.0,15.0,,,,,,1.0,,,,
Tchamba,Tchamba,100804,REM,364,0,True,https://s3.glbimg.com/v1/AUTH_58d78b787ec34892b5aaa0c7a146155f/clubes_2026/silhuetas/REM/FORMATO.png,13,1.63,Duplexe Tchamba Bangou,1.0,3,4.06,17,tchamba,7,-0.2,,1.0,,,,13.0,8.0,1.0,3.0,5.0,,,2.0,,1.0,,,,1.0,
Ruan,Ruan,100842,CAM,282,0,True,https://s3.glbimg.com/v1/AUTH_58d78b787ec34892b5aaa0c7a146155f/clubes_2026/silhuetas/CAM/FORMATO.png,15,2.67,Ruan Tressoldi Netto,-0.3,3,4.79,17,ruan,3,-0.45,,6.0,,,,16.0,15.0,,2.0,14.0,,1.0,,,1.0,,,,2.0,
Luan Cândido,L. Cândido,100848,VIT,287,0,True,https://s3.glbimg.com/v1/AUTH_58d78b787ec34892b5aaa0c7a146155f/clubes_2026/silhuetas/VIT/FORMATO.png,8,4.54,Luan Cândido de Almeida,9.7,2,7.29,17,luan-candido,7,1.5,2.0,,,,,4.0,6.0,2.0,3.0,3.0,,,,,2.0,,,1.0,3.0,
Vitinho,Vitinho,100898,BOT,263,0,True,https://s3.glbimg.com/v1/AUTH_58d78b787ec34892b5aaa0c7a146155f/clubes_2026/silhuetas/BOT/FORMATO.png,14,4.9,Victor Alexander da Silva,3.8,2,9.63,17,vitinho,6,0.36,2.0,3.0,,,,33.0,15.0,,2.0,14.0,1.0,,,,1.0,,,,1.0,
Ronald Lopes,R. Lopes,100969,VIT,287,0,False,https://s3.glbimg.com/v1/AUTH_58d78b787ec34892b5aaa0c7a146155f/clubes_2026/silhuetas/VIT/FORMATO.png,7,0.06,Ronald dos Santos Lopes,0.0,4,2.39,17,ronald-lopes,6,0.0,,1.0,,,,,5.0,,3.0,1.0,,,,,,,,,,
Nonato,Nonato,100987,FLU,266,0,True,https://s3.glbimg.com/v1/AUTH_58d78b787ec34892b5aaa0c7a146155f/clubes_2026/silhuetas/FLU/FORMATO.png,6,2.78,Gustavo Nonato Santana,-0.1,4,5.96,17,nonato,3,-0.5,1.0,3.0,,,,4.0,7.0,,1.0,4.0,,1.0,,,,,,,,
Júnior Santos,J. Santos,101002,BOT,263,0,False,https://s3.glbimg.com/v1/AUTH_58d78b787ec34892b5aaa0c7a146155f/clubes_2026/silhuetas/BOT/FORMATO.png,8,2.24,José Antonio dos Santos Júnior,0.0,5,4.55,17,junior-santos,5,0.0,,1.0,,,,3.0,4.0,3.0,1.0,7.0,,1.0,,,2.0,,,,,
Alef Manga,A. Manga,101254,REM,364,0,True,https://s3.glbimg.com/v1/AUTH_58d78b787ec34892b5aaa0c7a146155f/clubes_2026/silhuetas/REM/FORMATO.png,17,4.68,Alef Mangueira Severino Pereira,2.0,5,8.11,17,alef-manga,7,0.09,3.0,1.0,,,,11.0,14.0,8.0,13.0,14.0,,4.0,,,17.0,,1.0,,,
Ferreira,Ferreira,101290,SAO,276,0,True,https://s3.glbimg.com/v1/AUTH_58d78b787ec34892b5aaa0c7a146155f/clubes_2026/silhuetas/SAO/FORMATO.png,12,4.23,Aldemir dos Santos Ferreira,3.8,5,7.27,17,ferreira,7,0.36,,2.0,,,,5.0,2.0,3.0,6.0,11.0,,4.0,,,,,,,,
Ademir,Ademir,101314,BAH,265,0,True,https://s3.glbimg.com/v1/AUTH_58d78b787ec34892b5aaa0c7a146155f/clubes_2026/silhuetas/BAH/FORMATO.png,16,1.49,Ademir da Silva Santos Júnior,-0.8,5,4.97,17,ademir,7,-0.5,,1.0,,,,6.0,11.0,4.0,3.0,20.0,,,,,2.0,,,2.0,,
Guga,Guga,101319,FLU,266,0,False,https://s3.glbimg.com/v1/AUTH_58d78b787ec34892b5aaa0c7a146155f/clubes_2026/silhuetas/FLU/FORMATO.png,10,3.3,Cláudio Rodrigues Gomes,0.0,2,6.02,17,guga,7,0.0,2.0,1.0,,,,7.0,6.0,,3.0,6.0,,,,,1.0,,,,2.0,
Eduardo Doma,E. Doma,101393,CHA,315,0,True,https://s3.glbimg.com/v1/AUTH_58d78b787ec34892b5aaa0c7a146155f/clubes_2026/silhuetas/CHA/FORMATO.png,15,2.33,Eduardo Vinícius Domachowski,0.5,3,3.94,17,eduardo-doma,3,-0.03,,3.0,1.0,,,17.0,13.0,2.0,5.0,2.0,,1.0,,,,1.0,,,1.0,
Wallisson,Wallisson,101405,CFC,294,0,True,https://s3.glbimg.com/v1/AUTH_58d78b787ec34892b5aaa0c7a146155f/clubes_2026/silhuetas/CFC/FORMATO.png,11,2.5,Wallisson Luiz Alves Máximo,0.0,4,4.46,17,wallisson,6,-0.54,,3.0,,,,20.0,15.0,,2.0,7.0,,,,,1.0,,,,,
Marcelo Pitaluga,M. Pitaluga,101478,FLU,266,0,False,https://s3.glbimg.com/v1/AUTH_58d78b787ec34892b5aaa0c7a146155f/clubes_2026/silhuetas/FLU/FORMATO.png,0,0.0,Marcelo de Araújo Pitaluga Filho,0.0,1,3.0,17,marcelo-pitaluga,6,0.0,,,,,,,,,,,,,,,,,,,,
Hugo Souza,H. Souza,101574,COR,264,0,True,https://s3.glbimg.com/v1/AUTH_58d78b787ec34892b5aaa0c7a146155f/clubes_2026/silhuetas/COR/FORMATO.png,14,4.28,Hugo de Souza Nogueira,5.0,1,9.7,17,hugo-souza,7,0.62,,1.0,,34.0,1.0,,,,,1.0,,,,15.0,,1.0,,,5.0,
Hugo Moura,H. Moura,101594,VAS,267,0,True,https://s3.glbimg.com/v1/AUTH_58d78b787ec34892b5aaa0c7a146155f/clubes_2026/silhuetas/VAS/FORMATO.png,11,2.48,Hugo Moura Arruda da Silva,0.0,4,3.74,17,hugo-moura,6,-0.9,,,,,,11.0,9.0,,2.0,8.0,,1.0,,,,,,,,
Ramon,Ramon,101597,VIT,287,0,False,https://s3.glbimg.com/v1/AUTH_58d78b787ec34892b5aaa0c7a146155f/clubes_2026/silhuetas/VIT/FORMATO.png,13,5.41,Ramon Ramos Lima,0.0,2,8.73,17,ramon,7,0.0,,2.0,,,,18.0,21.0,2.0,4.0,10.0,,2.0,,,,,,,5.0,
Felipe Jonatan,F. Jonatan,101708,CFC,294,0,False,https://s3.glbimg.com/v1/AUTH_58d78b787ec34892b5aaa0c7a146155f/clubes_2026/silhuetas/CFC/FORMATO.png,10,2.75,Felipe Jonatan Rocha Andrade,0.0,2,5.64,17,felipe-jonatan,6,0.0,,,,,,9.0,3.0,2.0,2.0,2.0,,,,,1.0,,,,2.0,
Alerrandro,Alerrandro,101715,INT,285,0,True,https://s3.glbimg.com/v1/AUTH_58d78b787ec34892b5aaa0c7a146155f/clubes_2026/silhuetas/INT/FORMATO.png,16,4.11,Alerrandro Barra Mansa Realino de Souza,3.0,5,7.08,17,alerrandro,7,-1.52,3.0,,,,,7.0,16.0,6.0,9.0,14.0,,3.0,,,5.0,,,,,
Matheuzinho,Matheuzinho,101727,COR,264,0,True,https://s3.glbimg.com/v1/AUTH_58d78b787ec34892b5aaa0c7a146155f/clubes_2026/silhuetas/COR/FORMATO.png,12,5.02,Matheus França Silva,10.9,2,11.07,17,matheuzinho,7,1.39,1.0,2.0,1.0,,,22.0,15.0,1.0,3.0,7.0,,1.0,1.0,,3.0,,,,4.0,
Fabinho,Fabinho,101729,CFC,294,0,True,https://s3.glbimg.com/v1/AUTH_58d78b787ec34892b5aaa0c7a146155f/clubes_2026/silhuetas/CFC/FORMATO.png,7,-0.03,Fabio Augusto Luciano da Silva,0.0,5,1.43,17,fabinho,5,-0.08,,1.0,,,,,4.0,1.0,1.0,,,,,,,,,,,
Claudinho,Claudinho,101752,VIT,287,0,False,https://s3.glbimg.com/v1/AUTH_58d78b787ec34892b5aaa0c7a146155f/clubes_2026/silhuetas/VIT/FORMATO.png,1,2.0,Claudio Coelho Salvático,0.0,2,4.49,17,claudinho,6,0.0,,,,,,1.0,,,,1.0,,,,,,,,,,
Oliva,Oliva,101807,SAN,277,0,False,https://s3.glbimg.com/v1/AUTH_58d78b787ec34892b5aaa0c7a146155f/clubes_2026/silhuetas/SAN/FORMATO.png,10,3.31,Christian Gabriel Oliva Giménez,0.0,4,6.49,17,oliva,7,0.0,1.0,,,,,16.0,16.0,1.0,4.0,9.0,,,,,,,,,,
Mayk,Mayk,101820,REM,364,0,True,https://s3.glbimg.com/v1/AUTH_58d78b787ec34892b5aaa0c7a146155f/clubes_2026/silhuetas/REM/FORMATO.png,9,2.78,Mayksilvan da Silva Ferreira,0.5,2,5.69,17,mayk,7,-0.35,,,,,,11.0,2.0,,2.0,5.0,,,,,,,,,1.0,
Willian Machado,W. Machado,101908,MIR,2305,0,True,https://s3.glbimg.com/v1/AUTH_58d78b787ec34892b5aaa0c7a146155f/clubes_2026/silhuetas/MIR/FORMATO.png,13,3.92,Willian Estefani Machado,10.4,3,6.67,17,willian-machado,7,0.47,1.0,1.0,,,,18.0,7.0,2.0,2.0,10.0,,1.0,,,,,,,1.0,
Vitinho,Vitinho,101960,INT,285,0,True,https://s3.glbimg.com/v1/AUTH_58d78b787ec34892b5aaa0c7a146155f/clubes_2026/silhuetas/INT/FORMATO.png,16,4.6,Vitor Hugo Naum dos Santos,2.8,5,7.51,17,vitinho,7,-0.73,3.0,4.0,,,,25.0,21.0,10.0,10.0,25.0,,,,,1.0,1.0,,,,
Piquerez,Piquerez,102130,PAL,275,0,False,https://s3.glbimg.com/v1/AUTH_58d78b787ec34892b5aaa0c7a146155f/clubes_2026/silhuetas/PAL/FORMATO.png,6,6.43,Joaquín Piquerez Moreira,0.0,2,11.43,17,piquerez,6,0.0,1.0,,,,,9.0,3.0,2.0,2.0,8.0,1.0,,,,,,,,2.0,
Vitor Eudes,V. Eudes,102137,FLU,266,0,False,https://s3.glbimg.com/v1/AUTH_58d78b787ec34892b5aaa0c7a146155f/clubes_2026/silhuetas/FLU/FORMATO.png,0,0.0,Vitor Eudes de Souza Costa,0.0,1,2.0,17,vitor-eudes,6,0.0,,,,,,,,,,,,,,,,,,,,
Rollheiser,Rollheiser,102256,SAN,277,0,False,https://s3.glbimg.com/v1/AUTH_58d78b787ec34892b5aaa0c7a146155f/clubes_2026/silhuetas/SAN/FORMATO.png,12,2.81,Benjamín Rollheiser,0.0,4,6.21,17,rollheiser,7,0.0,,1.0,,,,3.0,8.0,4.0,3.0,3.0,,3.0,,,1.0,,,,,
Caio Paulista,C. Paulista,102318,GRE,284,0,True,https://s3.glbimg.com/v1/AUTH_58d78b787ec34892b5aaa0c7a146155f/clubes_2026/silhuetas/GRE/FORMATO.png,7,3.43,Caio Fernando de Oliveira,-0.3,2,5.62,17,caio-paulista,6,-1.0,,,,,,8.0,2.0,,2.0,2.0,,,,,,,,,2.0,
Cacá,Cacá,102340,VIT,287,0,True,https://s3.glbimg.com/v1/AUTH_58d78b787ec34892b5aaa0c7a146155f/clubes_2026/silhuetas/VIT/FORMATO.png,12,3.09,Carlos de Menezes Júnior,3.7,3,6.06,17,caca,3,0.39,,3.0,,,,4.0,5.0,1.0,1.0,3.0,,1.0,,,,1.0,,,5.0,
Nathan Fogaça,N. Fogaça,102667,MIR,2305,0,True,https://s3.glbimg.com/v1/AUTH_58d78b787ec34892b5aaa0c7a146155f/clubes_2026/silhuetas/MIR/FORMATO.png,9,2.88,Nathan Uiliam Fogaça - Uilian,-0.2,5,4.85,17,nathan-fogaca,6,-0.47,,2.0,,,,,12.0,5.0,6.0,4.0,1.0,2.0,,,4.0,,,,,
Julimar,Julimar,102796,CAP,293,0,True,https://s3.glbimg.com/v1/AUTH_58d78b787ec34892b5aaa0c7a146155f/clubes_2026/silhuetas/CAP/FORMATO.png,10,4.66,Julimar Silva Oliveira Júnior,5.0,5,7.35,17,julimar,6,0.64,1.0,2.0,,,,9.0,10.0,2.0,6.0,4.0,,3.0,,,1.0,,,,,
Gabriel Poveda,G. Poveda,102877,REM,364,0,True,https://s3.glbimg.com/v1/AUTH_58d78b787ec34892b5aaa0c7a146155f/clubes_2026/silhuetas/REM/FORMATO.png,9,0.59,Gabriel Buscariol Poveda,2.0,5,3.02,17,gabriel-poveda,7,0.25,,,,,,2.0,4.0,1.0,1.0,3.0,,,,,,,,,,
Anderson,Anderson,102906,CHA,315,0,True,https://s3.glbimg.com/v1/AUTH_58d78b787ec34892b5aaa0c7a146155f/clubes_2026/silhuetas/CHA/FORMATO.png,5,3.56,Anderson Silva da Paixão,4.5,1,6.17,17,anderson,7,0.57,,,,21.0,,,,,,1.0,,,,10.0,,,,,,
Luan,Luan,102909,SAO,276,0,False,https://s3.glbimg.com/v1/AUTH_58d78b787ec34892b5aaa0c7a146155f/clubes_2026/silhuetas/SAO/FORMATO.png,7,0.96,Luan Vinícius da Silva Santos,0.0,4,2.69,17,luan,6,0.0,,1.0,,,,5.0,2.0,,1.0,,,,,,,,,,,
Zé Ricardo,Z. Ricardo,102911,REM,364,0,True,https://s3.glbimg.com/v1/AUTH_58d78b787ec34892b5aaa0c7a146155f/clubes_2026/silhuetas/REM/FORMATO.png,15,2.32,José Ricardo Araújo Fernandes,0.0,4,4.02,17,ze-ricardo,6,0.21,,4.0,1.0,,,24.0,23.0,4.0,2.0,13.0,,,,,,,,,,
Canobbio,Canobbio,102928,FLU,266,0,False,https://s3.glbimg.com/v1/AUTH_58d78b787ec34892b5aaa0c7a146155f/clubes_2026/silhuetas/FLU/FORMATO.png,11,7.94,Agustín Canobbio Graviz,0.0,5,12.77,17,canobbio,7,0.0,2.0,3.0,1.0,,,20.0,17.0,6.0,6.0,17.0,2.0,4.0,,,1.0,,,,,
Escobar,Escobar,102975,SAN,277,0,True,https://s3.glbimg.com/v1/AUTH_58d78b787ec34892b5aaa0c7a146155f/clubes_2026/silhuetas/SAN/FORMATO.png,11,6.53,Gonzalo Daniel Escobar,5.2,2,10.33,17,escobar,7,-0.05,1.0,5.0,,,,29.0,10.0,1.0,4.0,10.0,1.0,,,,1.0,1.0,,,4.0,
Gabriel Brazão,G. Brazão,103056,SAN,277,0,True,https://s3.glbimg.com/v1/AUTH_58d78b787ec34892b5aaa0c7a146155f/clubes_2026/silhuetas/SAN/FORMATO.png,14,2.17,Gabriel Nascimento Rezende Brazão - Resende,-0.4,1,5.01,17,gabriel-brazao,2,-0.18,,3.0,,32.0,,,,1.0,,1.0,,,,24.0,,1.0,,,3.0,
Chris Ramos,C. Ramos,103179,BOT,263,0,True,https://s3.glbimg.com/v1/AUTH_58d78b787ec34892b5aaa0c7a146155f/clubes_2026/silhuetas/BOT/FORMATO.png,2,0.55,Christopher Ramos de la Flor,-0.5,5,6.12,17,chris-ramos,6,-0.97,,1.0,,,,,1.0,,3.0,,,,,,,,,,,
Andrew,Andrew,103183,FLA,262,0,False,https://s3.glbimg.com/v1/AUTH_58d78b787ec34892b5aaa0c7a146155f/clubes_2026/silhuetas/FLA/FORMATO.png,0,0.0,Andrew da Silva Ventura,0.0,1,3.0,17,andrew,6,0.0,,,,,,,,,,,,,,,,,,,,
Eric Ramires,E. Ramires,103295,RBB,280,0,True,https://s3.glbimg.com/v1/AUTH_58d78b787ec34892b5aaa0c7a146155f/clubes_2026/silhuetas/RBB/FORMATO.png,10,0.5,Eric dos Santos Rodrigues,2.7,4,2.72,17,eric-ramires,7,0.26,,1.0,,,,3.0,6.0,,1.0,3.0,,,,,,,,1.0,,
Matheus Alexandre,M. Alexandre,103347,REM,364,0,True,https://s3.glbimg.com/v1/AUTH_58d78b787ec34892b5aaa0c7a146155f/clubes_2026/silhuetas/REM/FORMATO.png,6,1.27,Matheus Alexandre Anastácio de Souza,1.2,2,4.03,17,matheus-alexandre,6,0.04,,,,,,2.0,4.0,,1.0,,,,,,,,,,1.0,
Emmanuel Martínez,E. Martínez,103388,VIT,287,0,True,https://s3.glbimg.com/v1/AUTH_58d78b787ec34892b5aaa0c7a146155f/clubes_2026/silhuetas/VIT/FORMATO.png,12,3.74,Leandro Emmanuel Martínez,2.4,4,6.66,17,emmanuel-martinez,7,0.2,,3.0,,,,25.0,19.0,1.0,3.0,25.0,,,,,,,,,,
Kaio Jorge,K. Jorge,103445,CRU,283,0,True,https://s3.glbimg.com/v1/AUTH_58d78b787ec34892b5aaa0c7a146155f/clubes_2026/silhuetas/CRU/FORMATO.png,12,4.6,Kaio Jorge Pinto Ramos,9.7,5,12.24,17,kaio-jorge,7,1.19,,,,,,3.0,5.0,4.0,13.0,9.0,,4.0,,,5.0,,,1.0,,
Ignácio,Ignácio,103523,FLU,266,0,False,https://s3.glbimg.com/v1/AUTH_58d78b787ec34892b5aaa0c7a146155f/clubes_2026/silhuetas/FLU/FORMATO.png,7,2.23,Ignácio da Silva Oliveira,0.0,3,5.58,17,ignacio,2,0.0,,1.0,,,,7.0,6.0,,3.0,5.0,1.0,,,,,,,,,
Gabriel Menino,G. Menino,103767,SAN,277,0,False,https://s3.glbimg.com/v1/AUTH_58d78b787ec34892b5aaa0c7a146155f/clubes_2026/silhuetas/SAN/FORMATO.png,7,5.24,Gabriel Vinícius Menino,0.0,4,9.21,17,gabriel-menino,5,0.0,,2.0,,,,13.0,5.0,3.0,4.0,12.0,,1.0,,,1.0,,,,,
Higor Meritão,H. Meritão,103987,CHA,315,0,True,https://s3.glbimg.com/v1/AUTH_58d78b787ec34892b5aaa0c7a146155f/clubes_2026/silhuetas/CHA/FORMATO.png,11,4.35,Higor Matheus Meritão,0.6,4,7.14,17,higor-meritao,6,-0.77,,1.0,,,,25.0,16.0,3.0,3.0,4.0,,1.0,,,,,,,,
Rafael Guanaes,R. Guanaes,104027,MIR,2305,0,True,https://s3.glbimg.com/v1/AUTH_58d78b787ec34892b5aaa0c7a146155f/clubes_2026/silhuetas/MIR/FORMATO.png,15,4.25,Rafael Silva Guanaes,8.2,6,7.84,17,rafael-guanaes,7,0.74,,,,,,,,,,,,,,,,,,,,4.0
Labyad,Labyad,104036,COR,264,0,True,https://s3.glbimg.com/v1/AUTH_58d78b787ec34892b5aaa0c7a146155f/clubes_2026/silhuetas/COR/FORMATO.png,7,2.27,Zakaria Labyad,7.4,4,5.59,17,labyad,6,1.33,1.0,1.0,,,,2.0,3.0,,1.0,2.0,,1.0,,,,,,,,
Sabino,Sabino,104075,SAO,276,0,True,https://s3.glbimg.com/v1/AUTH_58d78b787ec34892b5aaa0c7a146155f/clubes_2026/silhuetas/SAO/FORMATO.png,15,4.05,José Sabino Chagas Monteiro,1.2,3,6.95,17,sabino,6,-0.97,,1.0,,,,23.0,22.0,1.0,2.0,10.0,1.0,1.0,,,,,,,3.0,
Carlos Miguel,C. Miguel,104084,PAL,275,0,True,https://s3.glbimg.com/v1/AUTH_58d78b787ec34892b5aaa0c7a146155f/clubes_2026/silhuetas/PAL/FORMATO.png,17,5.06,Carlos Miguel dos Santos Pereira,7.9,1,8.86,17,carlos-miguel,3,0.71,,3.0,,52.0,,,,,,9.0,,,,13.0,,,,,6.0,
Bruno Fuchs,B. Fuchs,104085,PAL,275,0,False,https://s3.glbimg.com/v1/AUTH_58d78b787ec34892b5aaa0c7a146155f/clubes_2026/silhuetas/PAL/FORMATO.png,6,3.33,Bruno de Lara Fuchs,0.0,3,7.06,17,bruno-fuchs,5,0.0,,,,,,4.0,5.0,,,1.0,,,,,,,,,3.0,
Lucas Arcanjo,L. Arcanjo,104118,VIT,287,0,True,https://s3.glbimg.com/v1/AUTH_58d78b787ec34892b5aaa0c7a146155f/clubes_2026/silhuetas/VIT/FORMATO.png,13,5.99,Lucas Willians Assis Arcanjo,7.6,1,9.99,17,lucas-arcanjo,7,0.06,,1.0,,43.0,2.0,,,,,,,,,15.0,,1.0,,,5.0,
Fabri,Fabri,104134,VIT,287,0,False,https://s3.glbimg.com/v1/AUTH_58d78b787ec34892b5aaa0c7a146155f/clubes_2026/silhuetas/VIT/FORMATO.png,7,2.66,Fabrício do Rosário dos Santos,0.0,5,5.27,17,fabri,6,0.0,1.0,,,,,4.0,3.0,2.0,2.0,3.0,1.0,,,,,,,,,
Raul,Raul,104191,BOT,263,0,False,https://s3.glbimg.com/v1/AUTH_58d78b787ec34892b5aaa0c7a146155f/clubes_2026/silhuetas/BOT/FORMATO.png,6,3.15,Raul Jonas Steffens,0.0,1,4.55,17,raul,6,0.0,,1.0,,23.0,,,,,,2.0,,,,11.0,,,,,,
Edson Carioca,E. Carioca,104204,MIR,2305,0,True,https://s3.glbimg.com/v1/AUTH_58d78b787ec34892b5aaa0c7a146155f/clubes_2026/silhuetas/MIR/FORMATO.png,9,2.17,Edson Guilherme Mendes dos Santos,3.4,5,4.58,17,edson-carioca,7,0.31,,3.0,,,,6.0,11.0,,8.0,5.0,,1.0,,,,,,,,
João Lucas,J. Lucas,104257,REM,364,0,False,https://s3.glbimg.com/v1/AUTH_58d78b787ec34892b5aaa0c7a146155f/clubes_2026/silhuetas/REM/FORMATO.png,6,2.82,João Lucas de Almeida Carvalho,0.0,2,4.59,17,joao-lucas,6,0.0,,3.0,,,,11.0,8.0,1.0,2.0,6.0,,,,,,,,,,
Dudu,Dudu,104330,VIT,287,0,False,https://s3.glbimg.com/v1/AUTH_58d78b787ec34892b5aaa0c7a146155f/clubes_2026/silhuetas/VIT/FORMATO.png,2,3.95,Eduardo Marcelo Rodrigues Nunes,0.0,4,5.01,17,dudu,5,0.0,,,,,,,2.0,,,1.0,,1.0,,,,,,,,
Everton,Everton,104470,CHA,315,0,True,https://s3.glbimg.com/v1/AUTH_58d78b787ec34892b5aaa0c7a146155f/clubes_2026/silhuetas/CHA/FORMATO.png,13,1.97,Everton Souza da Cruz,0.5,2,3.71,17,everton,2,-0.48,1.0,4.0,1.0,,,8.0,11.0,2.0,5.0,15.0,,,,,,,,,1.0,
Christian,Christian,104502,CRU,283,0,True,https://s3.glbimg.com/v1/AUTH_58d78b787ec34892b5aaa0c7a146155f/clubes_2026/silhuetas/CRU/FORMATO.png,16,6.3,Christian Roberto Alves Cardoso,6.2,4,9.84,17,christian,7,-0.24,3.0,1.0,,,,23.0,18.0,3.0,5.0,21.0,,5.0,,,4.0,,,,,
Camilo,Camilo,104519,CHA,315,0,False,https://s3.glbimg.com/v1/AUTH_58d78b787ec34892b5aaa0c7a146155f/clubes_2026/silhuetas/CHA/FORMATO.png,13,2.84,Camilo Reijers de Oliveira,0.0,4,4.91,17,camilo,7,0.0,,3.0,,,,23.0,22.0,2.0,5.0,11.0,,,,,,,,,,
Fabrício,Fabrício,104588,RBB,280,0,False,https://s3.glbimg.com/v1/AUTH_58d78b787ec34892b5aaa0c7a146155f/clubes_2026/silhuetas/RBB/FORMATO.png,0,0.0,Fabrício Oliveira de Souza,0.0,1,2.0,17,fabricio,6,0.0,,,,,,,,,,,,,,,,,,,,
Moisés,Moisés,104666,SAN,277,0,True,https://s3.glbimg.com/v1/AUTH_58d78b787ec34892b5aaa0c7a146155f/clubes_2026/silhuetas/SAN/FORMATO.png,13,2.35,Moisés Vieira da Veiga,0.0,5,4.78,17,moises,6,-0.35,1.0,,,,,2.0,5.0,4.0,,5.0,,2.0,,,,,,1.0,,
Newton,Newton,104693,BOT,263,0,False,https://s3.glbimg.com/v1/AUTH_58d78b787ec34892b5aaa0c7a146155f/clubes_2026/silhuetas/BOT/FORMATO.png,6,2.43,Newton Araújo da Costa Júnior,0.0,4,5.02,17,newton,6,0.0,,1.0,,,,8.0,3.0,1.0,1.0,5.0,,,,,,,,,,
Enzo Díaz,E. Díaz,104758,SAO,276,0,False,https://s3.glbimg.com/v1/AUTH_58d78b787ec34892b5aaa0c7a146155f/clubes_2026/silhuetas/SAO/FORMATO.png,12,3.58,Enzo Hernán Díaz,0.0,2,8.08,17,enzo-diaz,7,0.0,1.0,6.0,,,,23.0,20.0,1.0,3.0,14.0,,,,,2.0,,,,1.0,
Acevedo,Acevedo,104783,BAH,265,0,True,https://s3.glbimg.com/v1/AUTH_58d78b787ec34892b5aaa0c7a146155f/clubes_2026/silhuetas/BAH/FORMATO.png,15,4.69,Nicolás Brian Acevedo Tabárez,-1.9,4,6.55,17,acevedo,3,-1.28,,6.0,,,,41.0,36.0,5.0,5.0,19.0,2.0,,,,,,,,,
Sebastián Gómez,S. Gómez,104811,CFC,294,0,True,https://s3.glbimg.com/v1/AUTH_58d78b787ec34892b5aaa0c7a146155f/clubes_2026/silhuetas/CFC/FORMATO.png,14,2.49,Sebastián Gómez Londoño,6.2,4,4.7,17,sebastian-gomez,7,0.7,,3.0,,,,19.0,24.0,4.0,4.0,17.0,,,,,,,,,,
Wagner Leonardo,W. Leonardo,104994,GRE,284,0,True,https://s3.glbimg.com/v1/AUTH_58d78b787ec34892b5aaa0c7a146155f/clubes_2026/silhuetas/GRE/FORMATO.png,8,3.3,Wagner Leonardo Calvelo de Souza,1.5,3,6.11,17,wagner-leonardo,6,-0.01,,,1.0,,,13.0,7.0,,2.0,1.0,,,,,1.0,,,,2.0,
João Marcelo,J. Marcelo,105047,CRU,283,0,False,https://s3.glbimg.com/v1/AUTH_58d78b787ec34892b5aaa0c7a146155f/clubes_2026/silhuetas/CRU/FORMATO.png,5,1.92,João Marcelo Messias Ferreira,0.0,3,3.81,17,joao-marcelo,6,0.0,,,,,,3.0,3.0,,,2.0,,,,,,,,,1.0,
Jajá,Jajá,105048,REM,364,0,True,https://s3.glbimg.com/v1/AUTH_58d78b787ec34892b5aaa0c7a146155f/clubes_2026/silhuetas/REM/FORMATO.png,14,5.3,Jandir Breno Souza Silva,5.0,5,6.66,17,jaja,3,-0.4,1.0,1.0,1.0,,,14.0,11.0,7.0,8.0,18.0,,4.0,,,3.0,,,,,
Reinier,Reinier,105068,CAM,282,0,False,https://s3.glbimg.com/v1/AUTH_58d78b787ec34892b5aaa0c7a146155f/clubes_2026/silhuetas/CAM/FORMATO.png,13,2.63,Reinier Jesus Carvalho,0.0,4,4.08,17,reinier,6,0.0,1.0,1.0,,,,5.0,6.0,6.0,4.0,6.0,1.0,1.0,,,,,,,,
Tetê,Tetê,105089,GRE,284,0,True,https://s3.glbimg.com/v1/AUTH_58d78b787ec34892b5aaa0c7a146155f/clubes_2026/silhuetas/GRE/FORMATO.png,13,4.03,Mateus Cardoso Lemos Martins,9.2,5,10.3,17,tete,6,1.18,,,,,,10.0,3.0,5.0,10.0,11.0,1.0,2.0,,,,,,,,
Villagra,Villagra,105157,INT,285,0,True,https://s3.glbimg.com/v1/AUTH_58d78b787ec34892b5aaa0c7a146155f/clubes_2026/silhuetas/INT/FORMATO.png,12,2.21,Rodrigo Román Villagra,1.7,4,5.52,17,villagra,7,-0.01,,1.0,,,,12.0,14.0,3.0,4.0,14.0,,,,,,,,,,
Khellven,Khellven,105175,PAL,275,0,False,https://s3.glbimg.com/v1/AUTH_58d78b787ec34892b5aaa0c7a146155f/clubes_2026/silhuetas/PAL/FORMATO.png,12,2.35,Khellven Douglas Silva Oliveira,0.0,2,4.82,17,khellven,7,0.0,,2.0,,,,15.0,13.0,,2.0,6.0,,,1.0,,,,,,2.0,
Sant Anna,S. Anna,105213,RBB,280,0,True,https://s3.glbimg.com/v1/AUTH_58d78b787ec34892b5aaa0c7a146155f/clubes_2026/silhuetas/RBB/FORMATO.png,6,6.53,Ariel Agustín Sant'Anna Quintero,6.4,2,9.27,17,sant-anna,7,0.25,1.0,1.0,,,,5.0,6.0,2.0,1.0,3.0,,,,,2.0,,,,5.0,
Santi Rodríguez,S. Rodríguez,105214,BOT,263,0,True,https://s3.glbimg.com/v1/AUTH_58d78b787ec34892b5aaa0c7a146155f/clubes_2026/silhuetas/BOT/FORMATO.png,8,2.55,Santiago Mariano Rodríguez Molina,4.9,4,6.72,17,santi-rodriguez,6,0.3,,1.0,,,,9.0,7.0,,,14.0,1.0,,,,,,,,,
Ferraresi,Ferraresi,105300,BOT,263,0,True,https://s3.glbimg.com/v1/AUTH_58d78b787ec34892b5aaa0c7a146155f/clubes_2026/silhuetas/BOT/FORMATO.png,13,2.92,Nahuel Adolfo Ferraresi Hernández,2.2,3,6.24,17,ferraresi,7,-0.12,,1.0,,,,16.0,11.0,,3.0,6.0,,1.0,,,1.0,,,,1.0,
Gabriel Xavier,G. Xavier,105373,BAH,265,0,False,https://s3.glbimg.com/v1/AUTH_58d78b787ec34892b5aaa0c7a146155f/clubes_2026/silhuetas/BAH/FORMATO.png,6,3.7,Gabriel Lehman Xavier - Lheman / Lhman,0.0,3,6.36,17,gabriel-xavier,6,0.0,,1.0,,,,5.0,2.0,,1.0,1.0,,,,,,,,,3.0,
Carrascal,Carrascal,105436,FLA,262,0,True,https://s3.glbimg.com/v1/AUTH_58d78b787ec34892b5aaa0c7a146155f/clubes_2026/silhuetas/FLA/FORMATO.png,12,4.23,Jorge Andrés Carrascal Guardo,-3.3,4,9.1,17,carrascal,3,-1.06,1.0,1.0,2.0,,,12.0,8.0,3.0,7.0,12.0,2.0,2.0,,,,,,,,
Renan Peixoto,R. Peixoto,105518,CAP,293,0,True,https://s3.glbimg.com/v1/AUTH_58d78b787ec34892b5aaa0c7a146155f/clubes_2026/silhuetas/CAP/FORMATO.png,7,0.9,Renan Peixoto Nepomuceno,-0.4,5,2.73,17,renan-peixoto,6,-0.25,,,,,,1.0,3.0,,1.0,4.0,1.0,,,,1.0,,,,,
Matheus Bidu,M. Bidu,105531,COR,264,0,True,https://s3.glbimg.com/v1/AUTH_58d78b787ec34892b5aaa0c7a146155f/clubes_2026/silhuetas/COR/FORMATO.png,13,7.8,Matheus Lima Beltrão Oliveira Valin,8.5,2,13.22,17,matheus-bidu,6,0.33,1.0,4.0,,,,28.0,15.0,1.0,5.0,36.0,,2.0,,,3.0,1.0,,,5.0,
Carlos Vinícius,C. Vinícius,105563,GRE,284,0,True,https://s3.glbimg.com/v1/AUTH_58d78b787ec34892b5aaa0c7a146155f/clubes_2026/silhuetas/GRE/FORMATO.png,16,5.84,Carlos Vinícius Alves Morais,16.9,5,16.21,17,carlos-vinicius,7,2.15,,3.0,,,,5.0,22.0,8.0,5.0,17.0,1.0,9.0,,,14.0,,,,,
Lucas Piton,L. Piton,105584,VAS,267,0,True,https://s3.glbimg.com/v1/AUTH_58d78b787ec34892b5aaa0c7a146155f/clubes_2026/silhuetas/VAS/FORMATO.png,13,2.14,Lucas Piton Crivellaro,0.0,2,5.08,17,lucas-piton,6,-0.61,,,,,,13.0,8.0,2.0,3.0,2.0,,,,,1.0,,,,1.0,
Maurício,Maurício,105647,PAL,275,0,True,https://s3.glbimg.com/v1/AUTH_58d78b787ec34892b5aaa0c7a146155f/clubes_2026/silhuetas/PAL/FORMATO.png,15,2.59,Maurício Magalhães Prado,0.9,4,6.14,17,mauricio,7,-0.34,1.0,1.0,,,,8.0,13.0,5.0,9.0,12.0,,1.0,,,2.0,,,,,
Walter Clar,W. Clar,105664,CHA,315,0,False,https://s3.glbimg.com/v1/AUTH_58d78b787ec34892b5aaa0c7a146155f/clubes_2026/silhuetas/CHA/FORMATO.png,10,4.68,Walter David Clar Fritz,0.0,2,7.26,17,walter-clar,6,0.0,1.0,,,,,5.0,4.0,3.0,3.0,1.0,,3.0,,,,,,,1.0,
Luan Freitas,L. Freitas,105807,FLU,266,0,False,https://s3.glbimg.com/v1/AUTH_58d78b787ec34892b5aaa0c7a146155f/clubes_2026/silhuetas/FLU/FORMATO.png,0,0.0,Luan de Freitas Molarinho Chagas,0.0,3,3.0,17,luan-freitas,6,0.0,,,,,,,,,,,,,,,,,,,,
Edu,Edu,105842,VIT,287,0,False,https://s3.glbimg.com/v1/AUTH_58d78b787ec34892b5aaa0c7a146155f/clubes_2026/silhuetas/VIT/FORMATO.png,1,1.5,Lucas Eduardo Ribeiro de Souza,0.0,3,4.13,17,edu,5,0.0,,,,,,1.0,,,,,,,,,,,,,,
Aldo Filho,A. Filho,105903,MIR,2305,0,True,https://s3.glbimg.com/v1/AUTH_58d78b787ec34892b5aaa0c7a146155f/clubes_2026/silhuetas/MIR/FORMATO.png,13,2.27,José Aldo Soares de Oliveira Filho,5.0,4,4.6,17,aldo-filho,7,0.77,1.0,7.0,,,,17.0,17.0,2.0,6.0,8.0,,,,,1.0,,,,,
Rochet,Rochet,105949,INT,285,0,False,https://s3.glbimg.com/v1/AUTH_58d78b787ec34892b5aaa0c7a146155f/clubes_2026/silhuetas/INT/FORMATO.png,11,3.33,Sergio Ramón Rochet Álvarez,0.0,1,6.28,17,rochet,6,0.0,,1.0,,22.0,,3.0,,,,1.0,,,,11.0,,,,,3.0,
Santiago Mingo,S. Mingo,105990,BAH,265,0,False,https://s3.glbimg.com/v1/AUTH_58d78b787ec34892b5aaa0c7a146155f/clubes_2026/silhuetas/BAH/FORMATO.png,14,1.63,Santiago Martín Ramos Mingo,0.0,3,3.91,17,santiago-mingo,6,0.0,,3.0,,,,3.0,10.0,,,11.0,1.0,,1.0,,1.0,1.0,,,4.0,
Coronel,Coronel,106028,SAO,276,0,False,https://s3.glbimg.com/v1/AUTH_58d78b787ec34892b5aaa0c7a146155f/clubes_2026/silhuetas/SAO/FORMATO.png,0,0.0,Carlos Miguel Coronel,0.0,1,5.0,17,coronel,6,0.0,,,,,,,,,,,,,,,,,,,,
Enamorado,Enamorado,106104,GRE,284,0,True,https://s3.glbimg.com/v1/AUTH_58d78b787ec34892b5aaa0c7a146155f/clubes_2026/silhuetas/GRE/FORMATO.png,16,3.69,José David Enamorado Gómez,1.4,5,7.16,17,enamorado,6,-0.47,2.0,2.0,,,,20.0,13.0,3.0,8.0,24.0,1.0,,,,2.0,,,,,
Bruno Gomes,B. Gomes,106202,INT,285,0,True,https://s3.glbimg.com/v1/AUTH_58d78b787ec34892b5aaa0c7a146155f/clubes_2026/silhuetas/INT/FORMATO.png,17,3.64,Bruno Gomes da Silva Clevelário,6.2,4,7.21,17,bruno-gomes,7,-0.37,,2.0,,,,31.0,15.0,1.0,5.0,27.0,1.0,,,,,,,,,
Marcos Antônio,M. Antônio,106294,SAO,276,0,False,https://s3.glbimg.com/v1/AUTH_58d78b787ec34892b5aaa0c7a146155f/clubes_2026/silhuetas/SAO/FORMATO.png,11,2.84,Marcos Antônio Silva Santos,0.0,4,6.64,17,marcos-antonio,5,0.0,2.0,1.0,,,,11.0,11.0,2.0,2.0,10.0,,,,,1.0,,,,,
Preciado,Preciado,106302,CAM,282,0,False,https://s3.glbimg.com/v1/AUTH_58d78b787ec34892b5aaa0c7a146155f/clubes_2026/silhuetas/CAM/FORMATO.png,7,4.0,Ángelo Smit Preciado Quiñónez,0.0,2,7.2,17,preciado,6,0.0,,1.0,,,,9.0,8.0,,3.0,11.0,,,,,,,,,2.0,
Caio Alexandre,C. Alexandre,106323,BAH,265,0,False,https://s3.glbimg.com/v1/AUTH_58d78b787ec34892b5aaa0c7a146155f/clubes_2026/silhuetas/BAH/FORMATO.png,10,1.24,Caio Alexandre Souza e Silva,0.0,4,4.4,17,caio-alexandre,2,0.0,,1.0,,,,7.0,11.0,,1.0,11.0,,,,,,,,,,
Eduardo Santos,E. Santos,106434,RBB,280,0,False,https://s3.glbimg.com/v1/AUTH_58d78b787ec34892b5aaa0c7a146155f/clubes_2026/silhuetas/RBB/FORMATO.png,3,1.4,Eduardo Gonzaga Mendes Santos,0.0,3,4.6,17,eduardo-santos,5,0.0,,,,,,1.0,1.0,,,,1.0,,,,,,,,,
Villalba,Villalba,106593,CRU,283,0,False,https://s3.glbimg.com/v1/AUTH_58d78b787ec34892b5aaa0c7a146155f/clubes_2026/silhuetas/CRU/FORMATO.png,9,2.21,Lucas Hernán Villalba,0.0,3,6.65,17,villalba,6,0.0,,1.0,,,,7.0,11.0,1.0,2.0,4.0,,,,,1.0,1.0,,,2.0,
Igor Formiga,I. Formiga,106708,MIR,2305,0,False,https://s3.glbimg.com/v1/AUTH_58d78b787ec34892b5aaa0c7a146155f/clubes_2026/silhuetas/MIR/FORMATO.png,13,4.52,Igor Marques Paciência Cardoso,0.0,2,7.89,17,igor-formiga,5,0.0,,,,,,26.0,21.0,1.0,8.0,5.0,,2.0,,,,,,,,
Rodrigo Nestor,R. Nestor,106822,BAH,265,0,False,https://s3.glbimg.com/v1/AUTH_58d78b787ec34892b5aaa0c7a146155f/clubes_2026/silhuetas/BAH/FORMATO.png,9,0.8,Rodrigo Nestor Bertalia,0.0,4,3.99,17,rodrigo-nestor,6,0.0,,3.0,,,,3.0,6.0,1.0,6.0,3.0,,,,,,,,,,
Yuri Sena,Y. Sena,107075,VIT,287,0,False,https://s3.glbimg.com/v1/AUTH_58d78b787ec34892b5aaa0c7a146155f/clubes_2026/silhuetas/VIT/FORMATO.png,0,0.0,Yuri Sena dos Reis Batista,0.0,1,1.0,17,yuri-sena,6,0.0,,,,,,,,,,,,,,,,,,,,
Luciano Juba,L. Juba,107093,BAH,265,0,False,https://s3.glbimg.com/v1/AUTH_58d78b787ec34892b5aaa0c7a146155f/clubes_2026/silhuetas/BAH/FORMATO.png,15,7.73,Luciano Batista da Silva Júnior,0.0,2,11.65,17,luciano-juba,5,0.0,1.0,2.0,,,,16.0,12.0,5.0,7.0,12.0,1.0,7.0,,,,,1.0,,4.0,
Jeffinho,Jeffinho,107170,BOT,263,0,False,https://s3.glbimg.com/v1/AUTH_58d78b787ec34892b5aaa0c7a146155f/clubes_2026/silhuetas/BOT/FORMATO.png,0,0.0,Jefferson Ruan Pereira dos Santos,0.0,5,5.0,17,jeffinho,6,0.0,,,,,,,,,,,,,,,,,,,,
Patrick de Paula,P. Paula,107172,REM,364,0,False,https://s3.glbimg.com/v1/AUTH_58d78b787ec34892b5aaa0c7a146155f/clubes_2026/silhuetas/REM/FORMATO.png,6,5.48,Patrick de Paula Carreiro,0.0,4,7.36,17,patrick-de-paula,5,0.0,2.0,4.0,,,,8.0,8.0,3.0,9.0,13.0,,,,,,,,,,
Michel Araújo,M. Araújo,107173,BAH,265,0,True,https://s3.glbimg.com/v1/AUTH_58d78b787ec34892b5aaa0c7a146155f/clubes_2026/silhuetas/BAH/FORMATO.png,12,0.91,Michel Daryl Araújo Villar,2.3,4,2.93,17,michel-araujo,6,0.21,,,1.0,,,7.0,8.0,1.0,3.0,5.0,,,,,3.0,,,,,
Bruno Tabata,B. Tabata,107174,INT,285,0,True,https://s3.glbimg.com/v1/AUTH_58d78b787ec34892b5aaa0c7a146155f/clubes_2026/silhuetas/INT/FORMATO.png,7,0.86,Bruno Vinícius Souza Ramos,0.0,4,3.05,17,bruno-tabata,6,-0.28,,,,,,1.0,3.0,2.0,2.0,3.0,,,,,1.0,,,,,
Matheus Donelli,M. Donelli,107179,COR,264,0,False,https://s3.glbimg.com/v1/AUTH_58d78b787ec34892b5aaa0c7a146155f/clubes_2026/silhuetas/COR/FORMATO.png,0,0.0,Matheus Planelles Donelli,0.0,1,3.0,17,matheus-donelli,6,0.0,,,,,,,,,,,,,,,,,,,,
Léo Linck,L. Linck,107183,BOT,263,0,False,https://s3.glbimg.com/v1/AUTH_58d78b787ec34892b5aaa0c7a146155f/clubes_2026/silhuetas/BOT/FORMATO.png,0,0.0,Leonardo Matias Baiersdorf Linck,0.0,1,6.0,17,leo-linck,6,0.0,,,,,,,,,,,,,,,,,,,,
Danilo Santos,D. Santos,107231,BOT,263,0,False,https://s3.glbimg.com/v1/AUTH_58d78b787ec34892b5aaa0c7a146155f/clubes_2026/silhuetas/BOT/FORMATO.png,12,9.08,Danilo dos Santos de Oliveira,0.0,4,15.14,17,danilo-santos,6,0.0,2.0,1.0,,,,19.0,8.0,5.0,8.0,5.0,1.0,7.0,,,,,,,,
Vanderlan,Vanderlan,107236,RBB,280,0,False,https://s3.glbimg.com/v1/AUTH_58d78b787ec34892b5aaa0c7a146155f/clubes_2026/silhuetas/RBB/FORMATO.png,0,-1.0,Vanderlan Barbosa da Silva,-1.0,2,4.59,17,vanderlan,6,-0.41,,1.0,,,,,,,,,,,,,,,,,,
Zé Vitor,Z. Vitor,107256,VIT,287,0,False,https://s3.glbimg.com/v1/AUTH_58d78b787ec34892b5aaa0c7a146155f/clubes_2026/silhuetas/VIT/FORMATO.png,8,3.3,Jose Vitor Silva Neves,0.0,4,4.56,17,ze-vitor,7,0.0,,3.0,,,,12.0,20.0,1.0,4.0,12.0,,1.0,,,,1.0,,,,
João Paulo,J. Paulo,107453,CHA,315,0,True,https://s3.glbimg.com/v1/AUTH_58d78b787ec34892b5aaa0c7a146155f/clubes_2026/silhuetas/CHA/FORMATO.png,5,3.62,João Paulo Silveira dos Santos,12.3,3,6.19,17,joao-paulo,7,2.61,1.0,2.0,,,,5.0,10.0,,2.0,2.0,,1.0,,,,,,,,
Ênio,Ênio,107516,CHA,315,0,True,https://s3.glbimg.com/v1/AUTH_58d78b787ec34892b5aaa0c7a146155f/clubes_2026/silhuetas/CHA/FORMATO.png,8,3.76,Sebastião Ênio Santos de Almeida,4.9,5,6.02,17,enio,6,0.33,,2.0,,,,3.0,7.0,4.0,4.0,22.0,1.0,1.0,,,3.0,,,,,
Natanael,Natanael,107554,CAM,282,0,True,https://s3.glbimg.com/v1/AUTH_58d78b787ec34892b5aaa0c7a146155f/clubes_2026/silhuetas/CAM/FORMATO.png,10,4.82,Natanael Moreira Milouski,3.7,2,8.67,17,natanael,7,-0.67,2.0,,1.0,,,19.0,13.0,2.0,3.0,14.0,,,,,2.0,,,,1.0,
Eduardo Melo,E. Melo,107700,REM,364,0,False,https://s3.glbimg.com/v1/AUTH_58d78b787ec34892b5aaa0c7a146155f/clubes_2026/silhuetas/REM/FORMATO.png,1,1.4,Eduardo de Queiroz Melo,0.0,5,2.13,17,eduardo-melo,6,0.0,,,,,,1.0,,,,,,,,,1.0,,,,,
Praxedes,Praxedes,107744,RBB,280,0,False,https://s3.glbimg.com/v1/AUTH_58d78b787ec34892b5aaa0c7a146155f/clubes_2026/silhuetas/RBB/FORMATO.png,0,0.0,Bruno Conceição Praxedes,0.0,4,4.0,17,praxedes,6,0.0,,,,,,,,,,,,,,,,,,,,
Fintelman,Fintelman,107859,VIT,287,0,False,https://s3.glbimg.com/v1/AUTH_58d78b787ec34892b5aaa0c7a146155f/clubes_2026/silhuetas/VIT/FORMATO.png,0,0.0,Alexandre Fintelman de Mello Ribeiro da Silva,0.0,1,2.0,17,fintelman,6,0.0,,,,,,,,,,,,,,,,,,,,
Wermeson,Wermeson,107871,CHA,315,0,False,https://s3.glbimg.com/v1/AUTH_58d78b787ec34892b5aaa0c7a146155f/clubes_2026/silhuetas/CHA/FORMATO.png,0,0.0,Wermeson do Carmo Silva,0.0,4,2.0,17,wermeson,6,0.0,,,,,,,,,,,,,,,,,,,,
Bobadilla,Bobadilla,107873,SAO,276,0,False,https://s3.glbimg.com/v1/AUTH_58d78b787ec34892b5aaa0c7a146155f/clubes_2026/silhuetas/SAO/FORMATO.png,14,4.33,Damián Josué Bobadilla Benítez,0.0,4,9.15,17,bobadilla,6,0.0,2.0,3.0,,,,30.0,19.0,5.0,3.0,6.0,1.0,,,,1.0,,,,,
Hugo,Hugo,107908,COR,264,0,False,https://s3.glbimg.com/v1/AUTH_58d78b787ec34892b5aaa0c7a146155f/clubes_2026/silhuetas/COR/FORMATO.png,0,0.0,Hugo Ferreira de Farias,0.0,2,4.0,17,hugo,5,0.0,,,,,,,,,,,,,,,,,,,,
Terán,Terán,107985,CAP,293,0,False,https://s3.glbimg.com/v1/AUTH_58d78b787ec34892b5aaa0c7a146155f/clubes_2026/silhuetas/CAP/FORMATO.png,9,3.33,Carlos Terán Díaz,0.0,3,5.27,17,teran,5,0.0,,,,,,10.0,9.0,3.0,2.0,5.0,,,,,,,,,2.0,
Carbonero,Carbonero,107989,INT,285,0,False,https://s3.glbimg.com/v1/AUTH_58d78b787ec34892b5aaa0c7a146155f/clubes_2026/silhuetas/INT/FORMATO.png,16,5.32,Johan Stiven Carbonero Balanta,0.0,5,11.72,17,carbonero,7,0.0,3.0,3.0,,,,7.0,17.0,9.0,15.0,27.0,,4.0,,,6.0,,,,,
Garcez,Garcez,108131,CHA,315,0,True,https://s3.glbimg.com/v1/AUTH_58d78b787ec34892b5aaa0c7a146155f/clubes_2026/silhuetas/CHA/FORMATO.png,8,1.22,Maurício Garcez de Jesus,0.2,5,3.12,17,garcez,6,-0.46,,,,,,2.0,6.0,1.0,5.0,7.0,,,,,1.0,,,,,
Isidro Pitta,I. Pitta,108133,RBB,280,0,True,https://s3.glbimg.com/v1/AUTH_58d78b787ec34892b5aaa0c7a146155f/clubes_2026/silhuetas/RBB/FORMATO.png,16,4.09,Isidro Miguel Pitta Saldívar,15.5,5,7.41,17,isidro-pitta,7,2.06,2.0,2.0,,,,2.0,19.0,5.0,18.0,9.0,,5.0,,,8.0,,1.0,,,
Nardoni,Nardoni,108162,GRE,284,0,False,https://s3.glbimg.com/v1/AUTH_58d78b787ec34892b5aaa0c7a146155f/clubes_2026/silhuetas/GRE/FORMATO.png,11,2.04,Juan Ignacio Martín Nardoni,0.0,4,6.42,17,nardoni,5,0.0,,1.0,,,,8.0,13.0,,3.0,10.0,,1.0,,,1.0,,,,,
David Ricardo,D. Ricardo,108274,BOT,263,0,False,https://s3.glbimg.com/v1/AUTH_58d78b787ec34892b5aaa0c7a146155f/clubes_2026/silhuetas/BOT/FORMATO.png,0,0.0,David Ricardo Loiola da Silva,0.0,3,7.0,17,david-ricardo,6,0.0,,,,,,,,,,,,,,,,,,,,
Adonis Frías,A. Frías,108469,SAN,277,0,True,https://s3.glbimg.com/v1/AUTH_58d78b787ec34892b5aaa0c7a146155f/clubes_2026/silhuetas/SAN/FORMATO.png,7,3.59,Adonis Uriel Frías,0.8,3,5.66,17,adonis-frias,7,-0.51,,1.0,,,,7.0,3.0,1.0,1.0,3.0,,1.0,,,,,,,1.0,
Tapia,Tapia,108588,SAO,276,0,True,https://s3.glbimg.com/v1/AUTH_58d78b787ec34892b5aaa0c7a146155f/clubes_2026/silhuetas/SAO/FORMATO.png,10,1.61,Gonzalo Andrés Tapia Dubournais,0.6,5,4.32,17,tapia,6,-0.13,,1.0,,,,4.0,6.0,1.0,6.0,6.0,1.0,,,,1.0,,,1.0,,
Emiliano Martínez,E. Martínez,108683,PAL,275,0,True,https://s3.glbimg.com/v1/AUTH_58d78b787ec34892b5aaa0c7a146155f/clubes_2026/silhuetas/PAL/FORMATO.png,6,2.03,Emiliano Martínez Toranza,4.5,4,4.64,17,emiliano-martinez,7,0.47,,1.0,,,,7.0,1.0,1.0,1.0,2.0,,,,,,,,,,
Galeano,Galeano,108713,MIR,2305,0,False,https://s3.glbimg.com/v1/AUTH_58d78b787ec34892b5aaa0c7a146155f/clubes_2026/silhuetas/MIR/FORMATO.png,10,1.19,Antonio Javier Galeano Ferreira,0.0,5,4.42,17,galeano,6,0.0,,1.0,,,,3.0,2.0,4.0,1.0,7.0,,,,,1.0,,,,,
Plata,Plata,109096,FLA,262,0,True,https://s3.glbimg.com/v1/AUTH_58d78b787ec34892b5aaa0c7a146155f/clubes_2026/silhuetas/FLA/FORMATO.png,9,7.4,Gonzalo Jordy Plata Jiménez,1.3,5,11.0,17,plata,6,-1.32,1.0,1.0,,,,15.0,6.0,10.0,3.0,11.0,2.0,2.0,,,,,,,,
Tiago Cóser,T. Cóser,109127,CFC,294,0,True,https://s3.glbimg.com/v1/AUTH_58d78b787ec34892b5aaa0c7a146155f/clubes_2026/silhuetas/CFC/FORMATO.png,14,2.45,Tiago Cóser,0.9,3,3.32,17,tiago-coser,7,-0.75,,1.0,1.0,,,5.0,15.0,,1.0,3.0,,1.0,,,,,,,5.0,
Kike Saverio,K. Saverio,109138,VIT,287,0,False,https://s3.glbimg.com/v1/AUTH_58d78b787ec34892b5aaa0c7a146155f/clubes_2026/silhuetas/VIT/FORMATO.png,0,0.0,Javier Enrique Delgado Saverio,0.0,5,5.0,17,kike-saverio,6,0.0,,,,,,,,,,,,,,,,,,,,
Rafael Carvalheira,R. Carvalheira,109336,CHA,315,0,True,https://s3.glbimg.com/v1/AUTH_58d78b787ec34892b5aaa0c7a146155f/clubes_2026/silhuetas/CHA/FORMATO.png,13,2.39,Rafael dos Santos Carvalheira Natividade,-2.0,4,4.46,17,rafael-carvalheira,7,-1.8,,2.0,,,,11.0,17.0,2.0,3.0,4.0,,2.0,,,1.0,1.0,,,,
Erick Pulga,E. Pulga,109401,BAH,265,0,True,https://s3.glbimg.com/v1/AUTH_58d78b787ec34892b5aaa0c7a146155f/clubes_2026/silhuetas/BAH/FORMATO.png,16,4.18,Erick da Costa Farias,7.7,5,8.43,17,erick-pulga,7,0.18,1.0,2.0,,,,19.0,16.0,8.0,3.0,34.0,1.0,1.0,,,9.0,1.0,,2.0,,
Martinelli,Martinelli,109573,FLU,266,0,False,https://s3.glbimg.com/v1/AUTH_58d78b787ec34892b5aaa0c7a146155f/clubes_2026/silhuetas/FLU/FORMATO.png,11,1.97,Matheus Martinelli Lima,0.0,4,5.25,17,martinelli,5,0.0,1.0,3.0,,,,8.0,18.0,4.0,6.0,7.0,,,,,,,,,,
Monsalve,Monsalve,109966,GRE,284,0,False,https://s3.glbimg.com/v1/AUTH_58d78b787ec34892b5aaa0c7a146155f/clubes_2026/silhuetas/GRE/FORMATO.png,7,0.64,Miguel Ángel Monsalve Gonzáles - González,0.0,4,3.12,17,monsalve,6,0.0,,1.0,,,,1.0,7.0,,2.0,9.0,,,,,,,,,,
Medina,Medina,109987,BOT,263,0,False,https://s3.glbimg.com/v1/AUTH_58d78b787ec34892b5aaa0c7a146155f/clubes_2026/silhuetas/BOT/FORMATO.png,9,3.77,Cristian Nicolás Medina,0.0,4,7.43,17,medina,7,0.0,,2.0,1.0,,,15.0,11.0,,4.0,15.0,,1.0,,,,,,1.0,,
Spinelli,Spinelli,110144,VAS,267,0,True,https://s3.glbimg.com/v1/AUTH_58d78b787ec34892b5aaa0c7a146155f/clubes_2026/silhuetas/VAS/FORMATO.png,11,3.07,Claudio Paul Spinelli,5.2,5,6.33,17,spinelli,7,-0.34,,,,,,7.0,8.0,6.0,10.0,5.0,,1.0,,,,,,,,
Bernabei,Bernabei,110426,INT,285,0,True,https://s3.glbimg.com/v1/AUTH_58d78b787ec34892b5aaa0c7a146155f/clubes_2026/silhuetas/INT/FORMATO.png,15,6.64,Alexandro Ezequiel Bernabei,-0.1,2,9.66,17,bernabei,3,-2.48,1.0,4.0,1.0,,,20.0,35.0,8.0,14.0,16.0,1.0,4.0,,,6.0,1.0,,,4.0,
Abel Ferreira,A. Ferreira,110506,PAL,275,0,True,https://s3.glbimg.com/v1/AUTH_58d78b787ec34892b5aaa0c7a146155f/clubes_2026/silhuetas/PAL/FORMATO.png,17,6.43,Abel Fernando Moreira Ferreira,9.71,6,12.61,17,abel-ferreira,7,0.69,,,,,,,,,,,,,,,,,,,,11.0
Aguirre,Aguirre,110510,INT,285,0,False,https://s3.glbimg.com/v1/AUTH_58d78b787ec34892b5aaa0c7a146155f/clubes_2026/silhuetas/INT/FORMATO.png,11,3.4,Braian Nahuel Aguirre,0.0,2,5.77,17,aguirre,6,0.0,1.0,1.0,,,,13.0,9.0,2.0,4.0,2.0,,,,,,,,,2.0,
Marino Hinestroza,M. Hinestroza,110598,VAS,267,0,False,https://s3.glbimg.com/v1/AUTH_58d78b787ec34892b5aaa0c7a146155f/clubes_2026/silhuetas/VAS/FORMATO.png,8,1.93,Marino Hinestroza Angulo,0.0,5,5.76,17,marino-hinestroza,6,0.0,,,,,,5.0,5.0,,3.0,8.0,1.0,,,,,,,,,
Vinícius Balieiro,V. Balieiro,110605,CHA,315,0,True,https://s3.glbimg.com/v1/AUTH_58d78b787ec34892b5aaa0c7a146155f/clubes_2026/silhuetas/CHA/FORMATO.png,3,1.67,Vinícius Balieiro Lourenço de Carvalho,1.0,4,3.95,17,vinicius-balieiro,6,-0.49,,,,,,2.0,,,,4.0,,,,,,,,,,
Gustavo,Gustavo,110633,CFC,294,0,False,https://s3.glbimg.com/v1/AUTH_58d78b787ec34892b5aaa0c7a146155f/clubes_2026/silhuetas/CFC/FORMATO.png,3,0.43,Gustavo Silva de Oliveira,0.0,4,3.18,17,gustavo,6,0.0,,,,,,,,,1.0,1.0,,,,,,,,,,
Esquivel,Esquivel,110668,CAP,293,0,False,https://s3.glbimg.com/v1/AUTH_58d78b787ec34892b5aaa0c7a146155f/clubes_2026/silhuetas/CAP/FORMATO.png,11,4.5,Lucas Ángel Esquivel,0.0,2,6.67,17,esquivel,5,0.0,2.0,1.0,1.0,,,16.0,23.0,1.0,6.0,11.0,,,,,,,,,3.0,
Mycael,Mycael,110698,CAP,293,0,False,https://s3.glbimg.com/v1/AUTH_58d78b787ec34892b5aaa0c7a146155f/clubes_2026/silhuetas/CAP/FORMATO.png,0,-1.0,Mycael Pontes Moreira,0.0,1,4.6,17,mycael,6,0.0,,1.0,,,,,,,,,,,,,,,,,,
Pedro Rangel,P. Rangel,110708,CFC,294,0,True,https://s3.glbimg.com/v1/AUTH_58d78b787ec34892b5aaa0c7a146155f/clubes_2026/silhuetas/CFC/FORMATO.png,14,4.52,Pedro Felipe de Faria Rangel,-2.0,1,5.95,17,pedro-rangel,7,-1.5,,1.0,,41.0,,,,,,4.0,,,,16.0,,,,,5.0,
Andrés Hurtado,A. Hurtado,110715,RBB,280,0,False,https://s3.glbimg.com/v1/AUTH_58d78b787ec34892b5aaa0c7a146155f/clubes_2026/silhuetas/RBB/FORMATO.png,12,3.45,José Andrés Hurtado Cheme,0.0,2,5.62,17,andres-hurtado,6,0.0,,2.0,,,,9.0,8.0,1.0,7.0,5.0,,1.0,,,,,,,3.0,
Gustavo Marques,G. Marques,110750,RBB,280,0,True,https://s3.glbimg.com/v1/AUTH_58d78b787ec34892b5aaa0c7a146155f/clubes_2026/silhuetas/RBB/FORMATO.png,15,4.63,Gustavo Marques Alves dos Santos,6.5,3,7.88,17,gustavo-marques,6,0.11,,1.0,,,,19.0,10.0,4.0,6.0,11.0,,,,,1.0,,,,6.0,
John Kennedy,J. Kennedy,110759,FLU,266,0,True,https://s3.glbimg.com/v1/AUTH_58d78b787ec34892b5aaa0c7a146155f/clubes_2026/silhuetas/FLU/FORMATO.png,16,7.13,John Kennedy Batista de Souza,3.0,5,10.02,17,john-kennedy,7,-1.04,1.0,,,,,12.0,19.0,16.0,9.0,7.0,1.0,8.0,,,2.0,,,,,
Alix Vinicius,A. Vinicius,111246,RBB,280,0,True,https://s3.glbimg.com/v1/AUTH_58d78b787ec34892b5aaa0c7a146155f/clubes_2026/silhuetas/RBB/FORMATO.png,14,3.01,Alix Vinicius de Souza Sampaio,9.7,3,6.35,17,alix-vinicius,7,0.86,,4.0,1.0,,,14.0,27.0,1.0,3.0,5.0,,,,,,,,,6.0,
Mancha,Mancha,111279,CHA,315,0,False,https://s3.glbimg.com/v1/AUTH_58d78b787ec34892b5aaa0c7a146155f/clubes_2026/silhuetas/CHA/FORMATO.png,0,0.0,Gianluca Piola Minozzo,0.0,2,3.0,17,mancha,6,0.0,,,,,,,,,,,,,,,,,,,,
Gustavo Martins,G. Martins,111309,GRE,284,0,False,https://s3.glbimg.com/v1/AUTH_58d78b787ec34892b5aaa0c7a146155f/clubes_2026/silhuetas/GRE/FORMATO.png,11,3.25,Gustavo Martins de Souza Santos,0.0,3,6.29,17,gustavo-martins,5,0.0,2.0,3.0,,,,8.0,13.0,1.0,5.0,3.0,,,,,1.0,1.0,,,3.0,
Victor Gabriel,V. Gabriel,111466,INT,285,0,True,https://s3.glbimg.com/v1/AUTH_58d78b787ec34892b5aaa0c7a146155f/clubes_2026/silhuetas/INT/FORMATO.png,14,2.6,Victor Gabriel da Conceição Ribeiro,0.0,3,4.27,17,victor-gabriel,2,-0.61,,6.0,,,,18.0,19.0,,2.0,9.0,,,,,,,,,3.0,
Adson,Adson,111682,VAS,267,0,True,https://s3.glbimg.com/v1/AUTH_58d78b787ec34892b5aaa0c7a146155f/clubes_2026/silhuetas/VAS/FORMATO.png,7,3.34,Adson Ferreira Soares,4.6,4,6.42,17,adson,7,-0.36,,,,,,9.0,3.0,4.0,5.0,4.0,,,,,,,,,,
Anthoni,Anthoni,111683,INT,285,0,True,https://s3.glbimg.com/v1/AUTH_58d78b787ec34892b5aaa0c7a146155f/clubes_2026/silhuetas/INT/FORMATO.png,6,3.27,Anthoni Spier Souza,0.6,1,4.36,17,anthoni,7,-0.34,,,,17.0,,,,,,1.0,,,,8.0,,,,,1.0,
Matheus Cunha,M. Cunha,111690,CRU,283,0,False,https://s3.glbimg.com/v1/AUTH_58d78b787ec34892b5aaa0c7a146155f/clubes_2026/silhuetas/CRU/FORMATO.png,9,3.23,Matheus Cunha Queiroz,0.0,1,4.64,17,matheus-cunha,6,0.0,1.0,1.0,,12.0,,,,,,1.0,,,,11.0,,,,,4.0,
Fabinho,Fabinho,111760,RBB,280,0,False,https://s3.glbimg.com/v1/AUTH_58d78b787ec34892b5aaa0c7a146155f/clubes_2026/silhuetas/RBB/FORMATO.png,5,-0.08,Fábio Silva de Freitas,0.0,4,2.04,17,fabinho,5,0.0,,,1.0,,,2.0,8.0,,,4.0,,,,,,,,,,
Kayky,Kayky,111829,INT,285,0,False,https://s3.glbimg.com/v1/AUTH_58d78b787ec34892b5aaa0c7a146155f/clubes_2026/silhuetas/INT/FORMATO.png,6,1.27,Kayky da Silva Chagas,0.0,5,3.63,17,kayky,6,0.0,,,,,,2.0,,3.0,,2.0,,,,,,,,,,
Matheus Martins,M. Martins,111831,BOT,263,0,False,https://s3.glbimg.com/v1/AUTH_58d78b787ec34892b5aaa0c7a146155f/clubes_2026/silhuetas/BOT/FORMATO.png,13,5.12,Matheus Martins Silva dos Santos,0.0,5,7.32,17,matheus-martins,5,0.0,,1.0,,,,10.0,7.0,8.0,5.0,12.0,1.0,4.0,,,,,,,,
Jefté,Jefté,111832,PAL,275,0,True,https://s3.glbimg.com/v1/AUTH_58d78b787ec34892b5aaa0c7a146155f/clubes_2026/silhuetas/PAL/FORMATO.png,6,1.8,Jefté Vital da Silva Dias,9.6,2,4.16,17,jefte,6,1.78,1.0,1.0,,,,2.0,5.0,,,1.0,,,,,2.0,,,,1.0,
Mateus Silva,M. Silva,111879,VIT,287,0,False,https://s3.glbimg.com/v1/AUTH_58d78b787ec34892b5aaa0c7a146155f/clubes_2026/silhuetas/VIT/FORMATO.png,2,4.85,Mateus da Silva Duarte,0.0,2,4.95,17,mateus-silva,5,0.0,,,,,,2.0,2.0,,1.0,3.0,,,,,,,,,1.0,
Diego Hernández,D. Hernández,111945,REM,364,0,True,https://s3.glbimg.com/v1/AUTH_58d78b787ec34892b5aaa0c7a146155f/clubes_2026/silhuetas/REM/FORMATO.png,8,1.31,Diego Manuel Hernández González,0.9,4,3.28,17,diego-hernandez,6,0.02,1.0,1.0,,,,3.0,7.0,3.0,,1.0,,,,,,,,,,
Renzo López,R. López,111951,VIT,287,0,False,https://s3.glbimg.com/v1/AUTH_58d78b787ec34892b5aaa0c7a146155f/clubes_2026/silhuetas/VIT/FORMATO.png,6,0.22,Renzo López Patrón,0.0,5,1.69,17,renzo-lopez,6,0.0,,,,,,1.0,10.0,,1.0,4.0,,,,,,,,,,
Felipinho,Felipinho,112017,CAP,293,0,True,https://s3.glbimg.com/v1/AUTH_58d78b787ec34892b5aaa0c7a146155f/clubes_2026/silhuetas/CAP/FORMATO.png,6,2.45,Antonio Feliphe Costa Silva,-1.9,4,4.09,17,felipinho,7,-1.23,,2.0,,,,10.0,7.0,,1.0,,1.0,,,,,,,,,
Thalisson Gabriel,T. Gabriel,112367,REM,364,0,False,https://s3.glbimg.com/v1/AUTH_58d78b787ec34892b5aaa0c7a146155f/clubes_2026/silhuetas/REM/FORMATO.png,0,0.0,Thalisson Gabriel Pereira Moreira,0.0,3,3.0,17,thalisson-gabriel,6,0.0,,,,,,,,,,,,,,,,,,,,
Vini Paulista,V. Paulista,112576,CFC,294,0,True,https://s3.glbimg.com/v1/AUTH_58d78b787ec34892b5aaa0c7a146155f/clubes_2026/silhuetas/CFC/FORMATO.png,17,2.45,Vinicius Romualdo dos Santos,0.4,4,3.73,17,vini-paulista,6,-0.23,,2.0,,,,24.0,8.0,1.0,5.0,10.0,,,,,1.0,,,,,
Gabriel Grando,G. Grando,112616,GRE,284,0,False,https://s3.glbimg.com/v1/AUTH_58d78b787ec34892b5aaa0c7a146155f/clubes_2026/silhuetas/GRE/FORMATO.png,0,0.0,Gabriel Hamester Grando,0.0,1,4.0,17,gabriel-grando,6,0.0,,,,,,,,,,,,,,,,,,,,
Kaiki Bruno,K. Bruno,112709,CRU,283,0,True,https://s3.glbimg.com/v1/AUTH_58d78b787ec34892b5aaa0c7a146155f/clubes_2026/silhuetas/CRU/FORMATO.png,15,5.47,Kaiki Bruno da Silva,4.3,2,10.78,17,kaiki-bruno,7,-0.53,2.0,1.0,1.0,,,35.0,31.0,5.0,6.0,16.0,,,,,1.0,1.0,,,3.0,
Ramón Sosa,R. Sosa,112863,PAL,275,0,False,https://s3.glbimg.com/v1/AUTH_58d78b787ec34892b5aaa0c7a146155f/clubes_2026/silhuetas/PAL/FORMATO.png,15,2.53,Ramón Sosa Acosta,0.0,5,5.72,17,ramon-sosa,5,0.0,1.0,2.0,,,,4.0,14.0,2.0,6.0,15.0,1.0,2.0,,,7.0,,,,,
Lucas Barbosa,L. Barbosa,112886,RBB,280,0,False,https://s3.glbimg.com/v1/AUTH_58d78b787ec34892b5aaa0c7a146155f/clubes_2026/silhuetas/RBB/FORMATO.png,15,6.56,Lucas Henrique Barbosa,0.0,5,10.91,17,lucas-barbosa,7,0.0,1.0,4.0,,,,21.0,30.0,12.0,18.0,29.0,,4.0,,,4.0,,,,,
Catarozzi,Catarozzi,112939,REM,364,0,False,https://s3.glbimg.com/v1/AUTH_58d78b787ec34892b5aaa0c7a146155f/clubes_2026/silhuetas/REM/FORMATO.png,1,0.9,Franco Catarozzi Parafita,0.0,4,5.41,17,catarozzi,6,0.0,,,,,,1.0,2.0,,,,,,,,,,,,,
Freytes,Freytes,113034,FLU,266,0,True,https://s3.glbimg.com/v1/AUTH_58d78b787ec34892b5aaa0c7a146155f/clubes_2026/silhuetas/FLU/FORMATO.png,15,2.5,Juan Pablo Freytes,0.5,3,4.63,17,freytes,3,-0.3,,3.0,,,,14.0,14.0,,6.0,8.0,,,,,,,,,3.0,
Flaco López,F. López,113103,PAL,275,0,True,https://s3.glbimg.com/v1/AUTH_58d78b787ec34892b5aaa0c7a146155f/clubes_2026/silhuetas/PAL/FORMATO.png,17,6.74,José Manuel Alberto López,11.3,5,14.91,17,flaco-lopez,6,0.72,2.0,2.0,,,,19.0,28.0,8.0,15.0,37.0,,6.0,,,14.0,,,,,
Benavídez,Benavídez,113113,CAP,293,0,True,https://s3.glbimg.com/v1/AUTH_58d78b787ec34892b5aaa0c7a146155f/clubes_2026/silhuetas/CAP/FORMATO.png,12,4.36,Gastón Américo Benavídez,0.4,2,6.66,17,benavidez,7,-1.17,4.0,3.0,,,,9.0,13.0,2.0,3.0,12.0,,,,,1.0,,,,3.0,
Picco,Picco,113125,REM,364,0,True,https://s3.glbimg.com/v1/AUTH_58d78b787ec34892b5aaa0c7a146155f/clubes_2026/silhuetas/REM/FORMATO.png,14,3.51,Leonel Marcelo Picco,3.0,4,6.63,17,picco,6,0.02,,2.0,,,,28.0,18.0,1.0,6.0,1.0,,1.0,,,,,,,,
Nathan Mendes,N. Mendes,113157,VIT,287,0,True,https://s3.glbimg.com/v1/AUTH_58d78b787ec34892b5aaa0c7a146155f/clubes_2026/silhuetas/VIT/FORMATO.png,12,5.02,Nathan Gabriel de Souza Mendes,8.5,2,7.52,17,nathan-mendes,7,0.81,1.0,3.0,,,,21.0,14.0,,1.0,10.0,,,,,,,,,5.0,
Marquinhos,Marquinhos,113158,CRU,283,0,False,https://s3.glbimg.com/v1/AUTH_58d78b787ec34892b5aaa0c7a146155f/clubes_2026/silhuetas/CRU/FORMATO.png,0,0.0,Marcus Vinícius Oliveira Alencar,0.0,5,4.0,17,marquinhos,6,0.0,,,,,,,,,,,,,,,,,,,,
Pablo Maia,P. Maia,113359,SAO,276,0,True,https://s3.glbimg.com/v1/AUTH_58d78b787ec34892b5aaa0c7a146155f/clubes_2026/silhuetas/SAO/FORMATO.png,9,1.33,Pablo Gonçalves Maia Fortunato,1.1,4,4.35,17,pablo-maia,7,0.07,,1.0,,,,8.0,13.0,,3.0,5.0,,,,,,,,,,
Cristian Olivera,C. Olivera,113397,BAH,265,0,True,https://s3.glbimg.com/v1/AUTH_58d78b787ec34892b5aaa0c7a146155f/clubes_2026/silhuetas/BAH/FORMATO.png,15,4.36,Cristian Gonzalo Olivera Ibarra,1.8,5,7.61,17,cristian-olivera,6,-0.12,1.0,1.0,,,,12.0,11.0,12.0,6.0,34.0,1.0,1.0,,,6.0,,,,,
Diógenes,Diógenes,113690,SAN,277,0,False,https://s3.glbimg.com/v1/AUTH_58d78b787ec34892b5aaa0c7a146155f/clubes_2026/silhuetas/SAN/FORMATO.png,2,5.55,Diógenes Vinícius da Silva,0.0,1,5.0,17,diogenes,2,0.0,,1.0,,7.0,,,,,,,,,,2.0,,,,,1.0,
Minda,Minda,114040,CAM,282,0,True,https://s3.glbimg.com/v1/AUTH_58d78b787ec34892b5aaa0c7a146155f/clubes_2026/silhuetas/CAM/FORMATO.png,9,4.04,Alan Steve Minda García,0.0,5,7.36,17,minda,6,-1.94,,,,,,5.0,2.0,2.0,2.0,5.0,2.0,2.0,,,1.0,,,1.0,,
Cufré,Cufré,114308,REM,364,0,False,https://s3.glbimg.com/v1/AUTH_58d78b787ec34892b5aaa0c7a146155f/clubes_2026/silhuetas/REM/FORMATO.png,1,-0.3,Braian Ezequiel Cufré,0.0,2,3.45,17,cufre,6,0.0,,,,,,,1.0,,,,,,,,,,,,,
Sinisterra,Sinisterra,114405,CRU,283,0,True,https://s3.glbimg.com/v1/AUTH_58d78b787ec34892b5aaa0c7a146155f/clubes_2026/silhuetas/CRU/FORMATO.png,5,3.4,Luis Fernando Sinisterra Lucumí,9.7,5,6.78,17,sinisterra,6,1.7,,,,,,3.0,4.0,1.0,5.0,1.0,,1.0,,,,,,,,
Vitor Roque,V. Roque,114802,PAL,275,0,False,https://s3.glbimg.com/v1/AUTH_58d78b787ec34892b5aaa0c7a146155f/clubes_2026/silhuetas/PAL/FORMATO.png,7,7.6,Vitor Hugo Roque Ferreira,0.0,5,17.01,17,vitor-roque,5,0.0,,1.0,,,,8.0,6.0,3.0,4.0,19.0,1.0,3.0,,,3.0,,,1.0,,
Miguelito,Miguelito,115025,SAN,277,0,True,https://s3.glbimg.com/v1/AUTH_58d78b787ec34892b5aaa0c7a146155f/clubes_2026/silhuetas/SAN/FORMATO.png,7,3.13,Miguel Àngel Terceros,12.9,4,5.88,17,miguelito,6,2.28,1.0,1.0,,,,10.0,6.0,,4.0,3.0,,,,,,,,,,
Matheus França,M. França,115100,VAS,267,0,False,https://s3.glbimg.com/v1/AUTH_58d78b787ec34892b5aaa0c7a146155f/clubes_2026/silhuetas/VAS/FORMATO.png,3,0.57,Matheus França de Oliveira,0.0,4,3.12,17,matheus-franca,6,0.0,,,,,,1.0,2.0,,1.0,,,,,,,,,,,
Lucas Freitas,L. Freitas,115141,VAS,267,0,False,https://s3.glbimg.com/v1/AUTH_58d78b787ec34892b5aaa0c7a146155f/clubes_2026/silhuetas/VAS/FORMATO.png,2,2.5,Lucas de Freitas Molarinho Chagas,0.0,3,4.77,17,lucas-freitas,6,0.0,,,,,,,,,,,,,,,,,,,1.0,
Renan Viana,R. Viana,115266,CAP,293,0,False,https://s3.glbimg.com/v1/AUTH_58d78b787ec34892b5aaa0c7a146155f/clubes_2026/silhuetas/CAP/FORMATO.png,0,0.0,Renan Rodrigues Fonseca Viana,0.0,5,2.0,17,renan-viana,6,0.0,,,,,,,,,,,,,,,,,,,,
Paulo Pezzolano,P. Pezzolano,115479,INT,285,0,True,https://s3.glbimg.com/v1/AUTH_58d78b787ec34892b5aaa0c7a146155f/clubes_2026/silhuetas/INT/FORMATO.png,17,5.04,Paulo César Pezzolano Suárez,2.6,6,7.6,17,paulo-pezzolano,7,-0.91,,,,,,,,,,,,,,,,,,,,5.0
Marcos Victor,M. Victor,115537,BAH,265,0,False,https://s3.glbimg.com/v1/AUTH_58d78b787ec34892b5aaa0c7a146155f/clubes_2026/silhuetas/BAH/FORMATO.png,0,0.0,Marcos Victor Ferreira da Silva,0.0,3,3.0,17,marcos-victor,6,0.0,,,,,,,,,,,,,,,,,,,,
Gabriel Delfim,G. Delfim,115674,CAM,282,0,False,https://s3.glbimg.com/v1/AUTH_58d78b787ec34892b5aaa0c7a146155f/clubes_2026/silhuetas/CAM/FORMATO.png,0,0.0,Gabriel Delfim Ferreira,0.0,1,2.0,17,gabriel-delfim,6,0.0,,,,,,,,,,,,,,,,,,,,
Benassi,Benassi,115840,CFC,294,0,False,https://s3.glbimg.com/v1/AUTH_58d78b787ec34892b5aaa0c7a146155f/clubes_2026/silhuetas/CFC/FORMATO.png,0,0.0,João Victor Silva Benassi,0.0,1,1.0,17,benassi,6,0.0,,,,,,,,,,,,,,,,,,,,
Evertton Araújo,E. Araújo,115914,FLA,262,0,True,https://s3.glbimg.com/v1/AUTH_58d78b787ec34892b5aaa0c7a146155f/clubes_2026/silhuetas/FLA/FORMATO.png,11,1.75,Everton Gustavo Fernandes Araújo,3.5,4,3.54,17,evertton-araujo,7,0.34,1.0,2.0,1.0,,,7.0,15.0,,11.0,3.0,1.0,,,,,,,,,
Denilson,Denilson,115986,MIR,2305,0,True,https://s3.glbimg.com/v1/AUTH_58d78b787ec34892b5aaa0c7a146155f/clubes_2026/silhuetas/MIR/FORMATO.png,9,2.71,Denilson Alves Borges,13.7,4,6.0,17,denilson,7,2.67,,1.0,,,,11.0,12.0,1.0,1.0,7.0,,1.0,,,,1.0,,,,
Victor Hugo,V. Hugo,116034,CAM,282,0,True,https://s3.glbimg.com/v1/AUTH_58d78b787ec34892b5aaa0c7a146155f/clubes_2026/silhuetas/CAM/FORMATO.png,14,3.96,Victor Hugo Gomes Silva,1.0,4,6.72,17,victor-hugo,7,-0.32,1.0,,,,,8.0,2.0,6.0,3.0,11.0,,3.0,,,,,,,,
Cuiabano,Cuiabano,116065,VAS,267,0,True,https://s3.glbimg.com/v1/AUTH_58d78b787ec34892b5aaa0c7a146155f/clubes_2026/silhuetas/VAS/FORMATO.png,10,7.02,Luís Eduardo Soares da Silva,3.2,2,12.05,17,cuiabano,7,0.11,4.0,2.0,,,,20.0,8.0,6.0,5.0,11.0,,1.0,,,,,,,,
Rubens,Rubens,116066,CHA,315,0,False,https://s3.glbimg.com/v1/AUTH_58d78b787ec34892b5aaa0c7a146155f/clubes_2026/silhuetas/CHA/FORMATO.png,6,1.9,Rubens Tadeu Hartmann Ricoldi,0.0,5,2.85,17,rubens,6,0.0,,1.0,,,,1.0,2.0,1.0,1.0,3.0,,1.0,,,,,,,,
Thiago Beltrame,T. Beltrame,116067,GRE,284,0,False,https://s3.glbimg.com/v1/AUTH_58d78b787ec34892b5aaa0c7a146155f/clubes_2026/silhuetas/GRE/FORMATO.png,0,0.0,Thiago Beltrame Stallbaum,0.0,1,2.0,17,thiago-beltrame,6,0.0,,,,,,,,,,,,,,,,,,,,
João Moreira,J. Moreira,116137,SAO,276,0,False,https://s3.glbimg.com/v1/AUTH_58d78b787ec34892b5aaa0c7a146155f/clubes_2026/silhuetas/SAO/FORMATO.png,0,0.0,João Moreira Sanmartin Souza,0.0,2,4.0,17,joao-moreira,6,0.0,,,,,,,,,,,,,,,,,,,,
Hércules,Hércules,116447,FLU,266,0,True,https://s3.glbimg.com/v1/AUTH_58d78b787ec34892b5aaa0c7a146155f/clubes_2026/silhuetas/FLU/FORMATO.png,15,4.32,Hércules Pereira do Nascimento,0.2,4,7.22,17,hercules,7,-0.36,,1.0,,,,23.0,24.0,4.0,9.0,5.0,,3.0,,,1.0,,,,,
Jamerson,Jamerson,116461,VIT,287,0,True,https://s3.glbimg.com/v1/AUTH_58d78b787ec34892b5aaa0c7a146155f/clubes_2026/silhuetas/VIT/FORMATO.png,5,4.36,Jamerson Santos de Jesus,7.8,2,6.77,17,jamerson,6,1.16,,1.0,,,,3.0,1.0,,2.0,4.0,,,,,,,,,3.0,
Andrés Gómez,A. Gómez,116706,VAS,267,0,True,https://s3.glbimg.com/v1/AUTH_58d78b787ec34892b5aaa0c7a146155f/clubes_2026/silhuetas/VAS/FORMATO.png,16,7.3,Carlos Andrés Gómez Hinestroza,2.0,5,11.97,17,andres-gomez,3,-1.56,2.0,6.0,,,,27.0,22.0,13.0,21.0,28.0,3.0,3.0,,,5.0,,,,,
Robert Renan,R. Renan,117330,VAS,267,0,True,https://s3.glbimg.com/v1/AUTH_58d78b787ec34892b5aaa0c7a146155f/clubes_2026/silhuetas/VAS/FORMATO.png,17,2.2,Robert Renan Alves Barbosa,-0.3,3,4.82,17,robert-renan,7,-0.37,,1.0,,,,17.0,16.0,1.0,2.0,4.0,,1.0,,,,,,,1.0,
Yago Ferreira,Y. Ferreira,117338,REM,364,0,False,https://s3.glbimg.com/v1/AUTH_58d78b787ec34892b5aaa0c7a146155f/clubes_2026/silhuetas/REM/FORMATO.png,0,0.0,Yago de Paula Ferreira,0.0,4,2.0,17,yago-ferreira,6,0.0,,,,,,,,,,,,,,,,,,,,
Renato Marques,R. Marques,117403,CFC,294,0,False,https://s3.glbimg.com/v1/AUTH_58d78b787ec34892b5aaa0c7a146155f/clubes_2026/silhuetas/CFC/FORMATO.png,6,0.65,Renato Marques de Oliveira Júnior,0.0,5,2.64,17,renato-marques,6,0.0,,,1.0,,,,3.0,1.0,2.0,4.0,1.0,,,,,,,,,
Otávio,Otávio,117404,CRU,283,0,True,https://s3.glbimg.com/v1/AUTH_58d78b787ec34892b5aaa0c7a146155f/clubes_2026/silhuetas/CRU/FORMATO.png,4,0.4,Otávio Eleodoro Rezende Costa,2.9,1,1.57,17,otavio,7,0.62,,2.0,,7.0,,,,,,1.0,,,,6.0,,,,,,
Garro,Garro,117632,COR,264,0,True,https://s3.glbimg.com/v1/AUTH_58d78b787ec34892b5aaa0c7a146155f/clubes_2026/silhuetas/COR/FORMATO.png,16,5.31,Rodrigo Garro,3.8,4,10.88,17,garro,7,-1.36,6.0,2.0,,,,7.0,13.0,8.0,10.0,44.0,1.0,1.0,,,1.0,,,,,
Young,Young,117818,SAO,276,0,False,https://s3.glbimg.com/v1/AUTH_58d78b787ec34892b5aaa0c7a146155f/clubes_2026/silhuetas/SAO/FORMATO.png,0,0.0,Young Navarro Moraes,0.0,1,3.0,17,young,6,0.0,,,,,,,,,,,,,,,,,,,,
Breno Bidon,B. Bidon,117910,COR,264,0,True,https://s3.glbimg.com/v1/AUTH_58d78b787ec34892b5aaa0c7a146155f/clubes_2026/silhuetas/COR/FORMATO.png,15,3.94,Breno de Souza Bidon,0.6,4,8.8,17,breno-bidon,7,-0.72,,1.0,,,,15.0,17.0,,4.0,41.0,1.0,2.0,,,1.0,,,,,
Lavega,Lavega,117930,CFC,294,0,True,https://s3.glbimg.com/v1/AUTH_58d78b787ec34892b5aaa0c7a146155f/clubes_2026/silhuetas/CFC/FORMATO.png,16,3.76,Joaquín Lavega Colzada,13.5,5,6.85,17,lavega,7,1.97,1.0,3.0,,,,8.0,8.0,2.0,5.0,5.0,,5.0,,,4.0,,,,,
Ronald,Ronald,118238,GRE,284,0,False,https://s3.glbimg.com/v1/AUTH_58d78b787ec34892b5aaa0c7a146155f/clubes_2026/silhuetas/GRE/FORMATO.png,0,0.0,Ronald Cardoso Falkoski,0.0,4,3.0,17,ronald,6,0.0,,,,,,,,,,,,,,,,,,,,
Rodriguinho,Rodriguinho,118563,RBB,280,0,True,https://s3.glbimg.com/v1/AUTH_58d78b787ec34892b5aaa0c7a146155f/clubes_2026/silhuetas/RBB/FORMATO.png,9,3.18,Rodrigo Huendra Almeida Mendonça,9.9,4,6.55,17,rodriguinho,3,1.4,,3.0,,,,8.0,12.0,,1.0,5.0,1.0,2.0,,,1.0,,,1.0,,
Saldivia,Saldivia,118655,VAS,267,0,True,https://s3.glbimg.com/v1/AUTH_58d78b787ec34892b5aaa0c7a146155f/clubes_2026/silhuetas/VAS/FORMATO.png,10,2.01,Alan Gabriel Saldivia Vázquez,1.2,3,4.79,17,saldivia,7,-0.29,,3.0,,,,14.0,11.0,1.0,4.0,8.0,,,1.0,,,,,,,
Mateus Carvalho,M. Carvalho,118752,VAS,267,0,False,https://s3.glbimg.com/v1/AUTH_58d78b787ec34892b5aaa0c7a146155f/clubes_2026/silhuetas/VAS/FORMATO.png,0,0.0,Mateus Carvalho dos Santos,0.0,4,4.0,17,mateus-carvalho,5,0.0,,,,,,,,,,,,,,,,,,,,
Alexsander,Alexsander,118774,CAM,282,0,False,https://s3.glbimg.com/v1/AUTH_58d78b787ec34892b5aaa0c7a146155f/clubes_2026/silhuetas/CAM/FORMATO.png,3,0.83,Alexsander Cristhian Gomes da Costa - Christian,0.0,4,6.24,17,alexsander,7,0.0,,1.0,,,,1.0,1.0,,1.0,3.0,,,,,,,,,,
Lautaro Díaz,L. Díaz,118775,SAN,277,0,True,https://s3.glbimg.com/v1/AUTH_58d78b787ec34892b5aaa0c7a146155f/clubes_2026/silhuetas/SAN/FORMATO.png,8,2.28,Lautaro Ariel Díaz,0.0,5,5.26,17,lautaro-diaz,6,-0.35,,,,,,2.0,2.0,1.0,4.0,1.0,1.0,1.0,,,,,,,,
Kaio César,K. César,118844,COR,264,0,True,https://s3.glbimg.com/v1/AUTH_58d78b787ec34892b5aaa0c7a146155f/clubes_2026/silhuetas/COR/FORMATO.png,5,4.4,Kaio César Andrade Lima,4.2,5,9.14,17,kaio-cesar,6,-0.62,1.0,1.0,,,,6.0,2.0,2.0,1.0,13.0,,,,,1.0,,,,,
Léo Derik,L. Derik,120433,CAP,293,0,False,https://s3.glbimg.com/v1/AUTH_58d78b787ec34892b5aaa0c7a146155f/clubes_2026/silhuetas/CAP/FORMATO.png,8,3.11,Leonardo Derik Dias Gonçalves,0.0,2,4.57,17,leo-derik,7,0.0,,,,,,9.0,1.0,1.0,,1.0,,,,,,,,,2.0,
André,André,121792,GRE,284,0,False,https://s3.glbimg.com/v1/AUTH_58d78b787ec34892b5aaa0c7a146155f/clubes_2026/silhuetas/GRE/FORMATO.png,4,1.48,André Henrique da Silva Martins,0.0,5,3.42,17,andre,6,0.0,,3.0,,,,3.0,3.0,2.0,3.0,1.0,,,,,,,,,,
Da Silva,D. Silva,121811,CHA,315,0,False,https://s3.glbimg.com/v1/AUTH_58d78b787ec34892b5aaa0c7a146155f/clubes_2026/silhuetas/CHA/FORMATO.png,0,0.0,Fernando Carlos da Silva Filho,0.0,4,3.0,17,da-silva,6,0.0,,,,,,,,,,,,,,,,,,,,
Kauê,Kauê,121823,COR,264,0,False,https://s3.glbimg.com/v1/AUTH_58d78b787ec34892b5aaa0c7a146155f/clubes_2026/silhuetas/COR/FORMATO.png,2,9.2,Kauê Vinicius de Souza Camargo,0.0,1,6.41,17,kaue,6,0.0,,1.0,,13.0,,,,,,1.0,,,,3.0,,,,,1.0,
Kayke,Kayke,121824,COR,264,0,False,https://s3.glbimg.com/v1/AUTH_58d78b787ec34892b5aaa0c7a146155f/clubes_2026/silhuetas/COR/FORMATO.png,6,1.65,Kayke Ferrari Guimarães,0.0,5,3.64,17,kayke,5,0.0,,,,,,5.0,1.0,1.0,,3.0,,,,,,,,,,
Gustavo Talles,G. Talles,121870,CHA,315,0,False,https://s3.glbimg.com/v1/AUTH_58d78b787ec34892b5aaa0c7a146155f/clubes_2026/silhuetas/CHA/FORMATO.png,0,0.0,Gustavo Talles da Silva,0.0,2,2.0,17,gustavo-talles,6,0.0,,,,,,,,,,,,,,,,,,,,
João Vitor,J. Vitor,122138,CHA,315,0,False,https://s3.glbimg.com/v1/AUTH_58d78b787ec34892b5aaa0c7a146155f/clubes_2026/silhuetas/CHA/FORMATO.png,11,2.28,João Vitor de Souza Martins,0.0,4,3.46,17,joao-vitor,7,0.0,,1.0,,,,9.0,11.0,3.0,11.0,7.0,,,,,,,,,,
Batata,Batata,122316,CAP,293,0,False,https://s3.glbimg.com/v1/AUTH_58d78b787ec34892b5aaa0c7a146155f/clubes_2026/silhuetas/CAP/FORMATO.png,0,0.0,João Vitor Vigolo Gomes,0.0,2,1.0,17,batata,6,0.0,,,,,,,,,,,,,,,,,,,,
Dyogo Alves,D. Alves,122318,FLA,262,0,False,https://s3.glbimg.com/v1/AUTH_58d78b787ec34892b5aaa0c7a146155f/clubes_2026/silhuetas/FLA/FORMATO.png,0,0.0,Francisco Dyogo Bento Alves,0.0,1,3.0,17,dyogo-alves,6,0.0,,,,,,,,,,,,,,,,,,,,
Daniel Sales,D. Sales,122320,FLA,262,0,False,https://s3.glbimg.com/v1/AUTH_58d78b787ec34892b5aaa0c7a146155f/clubes_2026/silhuetas/FLA/FORMATO.png,0,0.0,Daniel dos Santos Salles,0.0,2,2.0,17,daniel-sales,6,0.0,,,,,,,,,,,,,,,,,,,,
Gustavinho,Gustavinho,122394,RBB,280,0,True,https://s3.glbimg.com/v1/AUTH_58d78b787ec34892b5aaa0c7a146155f/clubes_2026/silhuetas/RBB/FORMATO.png,13,2.99,Gustavo Ribeiro Neves,0.0,4,5.93,17,gustavinho,6,-0.64,1.0,1.0,,,,15.0,15.0,4.0,2.0,5.0,,1.0,,,,,,,,
Ryan,Ryan,122396,COR,264,0,False,https://s3.glbimg.com/v1/AUTH_58d78b787ec34892b5aaa0c7a146155f/clubes_2026/silhuetas/COR/FORMATO.png,0,0.0,Ryan Gustavo de Lima,0.0,4,3.0,17,ryan,6,0.0,,,,,,,,,,,,,,,,,,,,
Pablo Baianinho,P. Baianinho,122413,VIT,287,0,False,https://s3.glbimg.com/v1/AUTH_58d78b787ec34892b5aaa0c7a146155f/clubes_2026/silhuetas/VIT/FORMATO.png,0,0.0,Pablo Santos de Alcântara,0.0,4,1.0,17,pablo-baianinho,6,0.0,,,,,,,,,,,,,,,,,,,,
Isaac,Isaac,122439,CAP,293,0,False,https://s3.glbimg.com/v1/AUTH_58d78b787ec34892b5aaa0c7a146155f/clubes_2026/silhuetas/CAP/FORMATO.png,1,0.0,Isaac Rodrigues de Lima,0.0,5,1.86,17,isaac,6,0.0,,,,,,,,,,,,,,,,,,,,
Kayky Almeida,K. Almeida,122441,REM,364,0,False,https://s3.glbimg.com/v1/AUTH_58d78b787ec34892b5aaa0c7a146155f/clubes_2026/silhuetas/REM/FORMATO.png,7,1.89,Kayky Henrique Almeida Brandão da Silva,0.0,3,2.81,17,kayky-almeida,6,0.0,,1.0,,,,8.0,5.0,2.0,1.0,1.0,,,,,,,,,,
Barros,Barros,122485,VAS,267,0,True,https://s3.glbimg.com/v1/AUTH_58d78b787ec34892b5aaa0c7a146155f/clubes_2026/silhuetas/VAS/FORMATO.png,14,5.15,Cauan Lucas Barros da Luz,1.7,4,9.01,17,barros,7,-0.54,,3.0,1.0,,,23.0,22.0,,9.0,40.0,,3.0,,,,1.0,,,,
Freitas,Freitas,122554,REM,364,0,False,https://s3.glbimg.com/v1/AUTH_58d78b787ec34892b5aaa0c7a146155f/clubes_2026/silhuetas/REM/FORMATO.png,0,0.0,Francisco José Freire de Freitas,0.0,4,1.0,17,freitas,6,0.0,,,,,,,,,,,,,,,,,,,,
Wallace Yan,W. Yan,122573,FLA,262,0,True,https://s3.glbimg.com/v1/AUTH_58d78b787ec34892b5aaa0c7a146155f/clubes_2026/silhuetas/FLA/FORMATO.png,5,0.16,Wallace Yan de Souza Barreto,-0.5,5,2.71,17,wallace-yan,6,-0.63,,1.0,,,,,2.0,,,5.0,,,,,1.0,,,,,
Japa,Japa,122660,CRU,283,0,False,https://s3.glbimg.com/v1/AUTH_58d78b787ec34892b5aaa0c7a146155f/clubes_2026/silhuetas/CRU/FORMATO.png,3,5.2,João Wellington Gadelha Melo de Oliveira,0.0,4,5.93,17,japa,6,0.0,,,,,,2.0,1.0,,3.0,5.0,,1.0,,,,,,,,
Lucas Cunha,L. Cunha,122755,RBB,280,0,False,https://s3.glbimg.com/v1/AUTH_58d78b787ec34892b5aaa0c7a146155f/clubes_2026/silhuetas/RBB/FORMATO.png,0,0.0,Lucas de Souza Cunha,0.0,3,3.0,17,lucas-cunha,6,0.0,,,,,,,,,,,,,,,,,,,,
Guzmán Rodríguez,G. Rodríguez,122897,RBB,280,0,False,https://s3.glbimg.com/v1/AUTH_58d78b787ec34892b5aaa0c7a146155f/clubes_2026/silhuetas/RBB/FORMATO.png,0,0.0,Guzmán Rodríguez Ferrari,0.0,3,6.0,17,guzman-rodriguez,6,0.0,,,,,,,,,,,,,,,,,,,,
Wanderson Aranha,W. Aranha,122922,PAL,275,0,False,https://s3.glbimg.com/v1/AUTH_58d78b787ec34892b5aaa0c7a146155f/clubes_2026/silhuetas/PAL/FORMATO.png,0,0.0,Wanderson Carlos Ferreira dos Santos,0.0,1,1.0,17,wanderson-aranha,6,0.0,,,,,,,,,,,,,,,,,,,,
Patrick,Patrick,122990,CAM,282,0,False,https://s3.glbimg.com/v1/AUTH_58d78b787ec34892b5aaa0c7a146155f/clubes_2026/silhuetas/CAM/FORMATO.png,0,0.0,Patrick Roberto da Silva Campos,0.0,4,4.0,17,patrick,5,0.0,,,,,,,,,,,,,,,,,,,,
Victor Nascimento,V. Nascimento,122994,BAH,265,0,False,https://s3.glbimg.com/v1/AUTH_58d78b787ec34892b5aaa0c7a146155f/clubes_2026/silhuetas/BAH/FORMATO.png,0,0.0,Victor dos Santos Nascimento,0.0,1,1.0,17,victor-nascimento,6,0.0,,,,,,,,,,,,,,,,,,,,
Sidney,Sidney,123005,BAH,265,0,False,https://s3.glbimg.com/v1/AUTH_58d78b787ec34892b5aaa0c7a146155f/clubes_2026/silhuetas/BAH/FORMATO.png,0,0.0,Sidney de Carvalho Duarte,0.0,4,1.0,17,sidney,6,0.0,,,,,,,,,,,,,,,,,,,,
David Braga,D. Braga,123016,REM,364,0,False,https://s3.glbimg.com/v1/AUTH_58d78b787ec34892b5aaa0c7a146155f/clubes_2026/silhuetas/REM/FORMATO.png,5,1.98,David Francisco Trindade Braga,0.0,4,3.6,17,david-braga,6,0.0,,1.0,,,,6.0,2.0,,,5.0,,,,,,,,,,
Leozinho,Leozinho,123101,CAP,293,0,True,https://s3.glbimg.com/v1/AUTH_58d78b787ec34892b5aaa0c7a146155f/clubes_2026/silhuetas/CAP/FORMATO.png,4,0.5,Leonardo Caetano Silva,1.5,5,2.26,17,leozinho,6,0.01,,1.0,,,,,1.0,1.0,2.0,1.0,,,,,,,,,,
Cauly,Cauly,123360,SAO,276,0,False,https://s3.glbimg.com/v1/AUTH_58d78b787ec34892b5aaa0c7a146155f/clubes_2026/silhuetas/SAO/FORMATO.png,12,2.91,Cauly Oliveira Souza,0.0,4,6.58,17,cauly,6,0.0,,,,,,13.0,11.0,2.0,3.0,12.0,,1.0,,,,,,,,
Ítalo,Ítalo,123625,CHA,315,0,False,https://s3.glbimg.com/v1/AUTH_58d78b787ec34892b5aaa0c7a146155f/clubes_2026/silhuetas/CHA/FORMATO.png,14,1.82,Italo de Vargas da Rosa,0.0,5,3.42,17,italo,7,0.0,,,,,,9.0,5.0,1.0,9.0,9.0,,,,,5.0,,,1.0,,
Lucas Ronier,L. Ronier,123648,CFC,294,0,False,https://s3.glbimg.com/v1/AUTH_58d78b787ec34892b5aaa0c7a146155f/clubes_2026/silhuetas/CFC/FORMATO.png,15,7.04,Lucas Ronier Vieira Pires,0.0,5,10.73,17,lucas-ronier,6,0.0,3.0,3.0,,,,33.0,19.0,5.0,14.0,37.0,2.0,1.0,,,1.0,,,,,
Janderson,Janderson,123649,CRU,283,0,False,https://s3.glbimg.com/v1/AUTH_58d78b787ec34892b5aaa0c7a146155f/clubes_2026/silhuetas/CRU/FORMATO.png,0,0.0,José Janderson da Silva Marques,0.0,3,1.0,17,janderson,6,0.0,,,,,,,,,,,,,,,,,,,,
Milans,Milans,123689,COR,264,0,False,https://s3.glbimg.com/v1/AUTH_58d78b787ec34892b5aaa0c7a146155f/clubes_2026/silhuetas/COR/FORMATO.png,3,6.03,Pedro Milans Carámbula,0.0,2,8.96,17,milans,6,0.0,,,,,,5.0,3.0,,,3.0,,,,,,,,,2.0,
Zé Guilherme,Z. Guilherme,123717,BAH,265,0,False,https://s3.glbimg.com/v1/AUTH_58d78b787ec34892b5aaa0c7a146155f/clubes_2026/silhuetas/BAH/FORMATO.png,0,0.0,José Guilherme de Lima Costa,0.0,2,3.0,17,ze-guilherme,6,0.0,,,,,,,,,,,,,,,,,,,,
Herrera,Herrera,123738,RBB,280,0,True,https://s3.glbimg.com/v1/AUTH_58d78b787ec34892b5aaa0c7a146155f/clubes_2026/silhuetas/RBB/FORMATO.png,13,2.37,José María Herrera Ares,0.2,5,4.57,17,herrera,7,-0.18,,3.0,,,,11.0,15.0,5.0,5.0,8.0,,1.0,,,2.0,,,,,
Alan Rodríguez,A. Rodríguez,123744,INT,285,0,False,https://s3.glbimg.com/v1/AUTH_58d78b787ec34892b5aaa0c7a146155f/clubes_2026/silhuetas/INT/FORMATO.png,7,0.58,Alan Jesús Rodríguez Guaglianoni,0.0,4,3.27,17,alan-rodriguez,5,0.0,,,,,,2.0,5.0,,2.0,2.0,,,,,,,,,,
Aguirre,Aguirre,123869,CAP,293,0,True,https://s3.glbimg.com/v1/AUTH_58d78b787ec34892b5aaa0c7a146155f/clubes_2026/silhuetas/CAP/FORMATO.png,12,2.84,Juan Felipe Aguirre Tabares,3.8,3,5.49,17,aguirre,7,0.49,,1.0,,,,9.0,15.0,4.0,1.0,5.0,1.0,,,,1.0,,,,3.0,
Millán,Millán,124219,FLU,266,0,False,https://s3.glbimg.com/v1/AUTH_58d78b787ec34892b5aaa0c7a146155f/clubes_2026/silhuetas/FLU/FORMATO.png,2,0.9,Julián Camilo Millán Díaz,0.0,3,5.48,17,millan,2,0.0,,,,,,2.0,4.0,,,,,,,,,,,,,
Henry Mosquera,H. Mosquera,124239,RBB,280,0,True,https://s3.glbimg.com/v1/AUTH_58d78b787ec34892b5aaa0c7a146155f/clubes_2026/silhuetas/RBB/FORMATO.png,14,3.84,Henry David Mosquera Sánchez,7.1,5,6.33,17,henry-mosquera,3,1.17,3.0,3.0,,,,12.0,14.0,9.0,14.0,13.0,,,,,5.0,,,,,
Kauan Jesus,K. Jesus,124264,INT,285,0,False,https://s3.glbimg.com/v1/AUTH_58d78b787ec34892b5aaa0c7a146155f/clubes_2026/silhuetas/INT/FORMATO.png,0,0.0,Kauan Jesus Santos Oliveira,0.0,1,1.0,17,kauan-jesus,6,0.0,,,,,,,,,,,,,,,,,,,,
Allex,Allex,124270,INT,285,0,True,https://s3.glbimg.com/v1/AUTH_58d78b787ec34892b5aaa0c7a146155f/clubes_2026/silhuetas/INT/FORMATO.png,7,1.7,Allex Rodrigues Pereira da Silva,0.8,4,2.52,17,allex,7,-0.03,,1.0,,,,5.0,3.0,1.0,2.0,7.0,,,,,,,,,,
João Almeida,J. Almeida,124358,CFC,294,0,False,https://s3.glbimg.com/v1/AUTH_58d78b787ec34892b5aaa0c7a146155f/clubes_2026/silhuetas/CFC/FORMATO.png,1,0.0,João Vitor da Silva Almeida,0.0,2,0.92,17,joao-almeida,6,0.0,,,,,,,,,,,,,,,,,,,,
Kainã,Kainã,124386,CHA,315,0,False,https://s3.glbimg.com/v1/AUTH_58d78b787ec34892b5aaa0c7a146155f/clubes_2026/silhuetas/CHA/FORMATO.png,0,0.0,Kainã Correa Dal Magro,0.0,1,1.0,17,kaina,6,0.0,,,,,,,,,,,,,,,,,,,,
Rodrigo Castillo,R. Castillo,124424,FLU,266,0,False,https://s3.glbimg.com/v1/AUTH_58d78b787ec34892b5aaa0c7a146155f/clubes_2026/silhuetas/FLU/FORMATO.png,12,3.65,Rodrigo Castillo,0.0,5,6.98,17,rodrigo-castillo,6,0.0,1.0,1.0,,,,4.0,20.0,4.0,6.0,13.0,,3.0,,,3.0,,,,,
Mateo Ponte,M. Ponte,124481,BOT,263,0,False,https://s3.glbimg.com/v1/AUTH_58d78b787ec34892b5aaa0c7a146155f/clubes_2026/silhuetas/BOT/FORMATO.png,7,2.57,Mateo Ponte Costa,0.0,2,4.92,17,mateo-ponte,7,0.0,1.0,3.0,,,,4.0,5.0,,,7.0,1.0,,,,,,,,1.0,
Giay,Giay,124526,PAL,275,0,True,https://s3.glbimg.com/v1/AUTH_58d78b787ec34892b5aaa0c7a146155f/clubes_2026/silhuetas/PAL/FORMATO.png,15,4.71,Agustín Giay,6.7,2,7.52,17,giay,3,0.61,,3.0,,,,26.0,19.0,1.0,1.0,17.0,,,,,1.0,,,,6.0,
Iván Román,I. Román,124661,CAM,282,0,False,https://s3.glbimg.com/v1/AUTH_58d78b787ec34892b5aaa0c7a146155f/clubes_2026/silhuetas/CAM/FORMATO.png,5,5.82,Ivan Ramiro Román Hurtado,0.0,3,8.64,17,ivan-roman,6,0.0,,2.0,,,,9.0,10.0,,2.0,2.0,,1.0,,,,,,,2.0,
Felipe Negrucci,F. Negrucci,124674,SAO,276,0,False,https://s3.glbimg.com/v1/AUTH_58d78b787ec34892b5aaa0c7a146155f/clubes_2026/silhuetas/SAO/FORMATO.png,1,-0.6,Felipe Negrucci Berdague,0.0,4,1.61,17,felipe-negrucci,6,0.0,,,,,,,2.0,,,,,,,,,,,,,
Nathan Fernandes,N. Fernandes,124757,BOT,263,0,False,https://s3.glbimg.com/v1/AUTH_58d78b787ec34892b5aaa0c7a146155f/clubes_2026/silhuetas/BOT/FORMATO.png,3,3.17,Nathan Ribeiro Fernandes,0.0,5,5.61,17,nathan-fernandes,6,0.0,1.0,,,,,2.0,,,,3.0,,,,,,,,,,
Ruan Assis,R. Assis,124834,CFC,294,0,False,https://s3.glbimg.com/v1/AUTH_58d78b787ec34892b5aaa0c7a146155f/clubes_2026/silhuetas/CFC/FORMATO.png,0,0.0,Ruan Lucas de Assis,0.0,5,1.0,17,ruan-assis,6,0.0,,,,,,,,,,,,,,,,,,,,
Jonathan Jesus,J. Jesus,124912,CRU,283,0,True,https://s3.glbimg.com/v1/AUTH_58d78b787ec34892b5aaa0c7a146155f/clubes_2026/silhuetas/CRU/FORMATO.png,9,4.07,Jonathan de Jesus Alves,5.8,3,6.49,17,jonathan-jesus,7,-0.32,,,,,,15.0,6.0,,5.0,4.0,,,,,1.0,,,,2.0,
Viery,Viery,125467,GRE,284,0,True,https://s3.glbimg.com/v1/AUTH_58d78b787ec34892b5aaa0c7a146155f/clubes_2026/silhuetas/GRE/FORMATO.png,12,4.34,Viery Fernandes Santos Lopes,6.7,3,5.77,17,viery,7,-0.58,,3.0,1.0,,,20.0,17.0,1.0,2.0,7.0,,1.0,,,1.0,1.0,,,4.0,
João Pedro,J. Pedro,125488,COR,264,0,False,https://s3.glbimg.com/v1/AUTH_58d78b787ec34892b5aaa0c7a146155f/clubes_2026/silhuetas/COR/FORMATO.png,2,7.7,João Pedro de Sousa Rodrigues - Tchoca,0.0,3,8.84,17,joao-pedro,5,0.0,,1.0,,,,2.0,3.0,,1.0,1.0,,1.0,,,,,,,1.0,
Dudu,Dudu,125746,CAP,293,0,False,https://s3.glbimg.com/v1/AUTH_58d78b787ec34892b5aaa0c7a146155f/clubes_2026/silhuetas/CAP/FORMATO.png,11,1.84,Eduardo Kogitzki Anastacio,0.0,4,2.12,17,dudu,6,0.0,,,,,,6.0,7.0,1.0,2.0,5.0,,1.0,,,,,,,,
Pedro Morisco,P. Morisco,125803,CFC,294,0,False,https://s3.glbimg.com/v1/AUTH_58d78b787ec34892b5aaa0c7a146155f/clubes_2026/silhuetas/CFC/FORMATO.png,4,5.0,Pedro Luccas Morisco da Silva,0.0,1,8.04,17,pedro-morisco,5,0.0,,1.0,,20.0,,,,,,2.0,,,,5.0,,1.0,,,,
Zapelli,Zapelli,125926,CAP,293,0,True,https://s3.glbimg.com/v1/AUTH_58d78b787ec34892b5aaa0c7a146155f/clubes_2026/silhuetas/CAP/FORMATO.png,12,1.48,Bruno Zapelli,-0.4,4,4.35,17,zapelli,7,-0.48,1.0,4.0,1.0,,,9.0,8.0,1.0,5.0,7.0,,,,,,,,,,
Ythallo,Ythallo,126013,BOT,263,0,False,https://s3.glbimg.com/v1/AUTH_58d78b787ec34892b5aaa0c7a146155f/clubes_2026/silhuetas/BOT/FORMATO.png,1,0.2,Ythallo Ryckelm Rodrigues de Oliveira - Rycklem,0.0,3,3.5,17,ythallo,6,0.0,,1.0,,,,1.0,1.0,,,,,,,,,,,,,
Marcelinho,Marcelinho,126120,RBB,280,0,False,https://s3.glbimg.com/v1/AUTH_58d78b787ec34892b5aaa0c7a146155f/clubes_2026/silhuetas/RBB/FORMATO.png,3,2.93,Marcelo Braz da Silva,0.0,4,3.11,17,marcelinho,6,0.0,1.0,,,,,1.0,3.0,1.0,2.0,1.0,,,,,1.0,,,,,
Paulinho,Paulinho,126182,INT,285,0,False,https://s3.glbimg.com/v1/AUTH_58d78b787ec34892b5aaa0c7a146155f/clubes_2026/silhuetas/INT/FORMATO.png,12,2.42,Paulo Lucas Santos de Paula,0.0,4,4.3,17,paulinho,5,0.0,,4.0,,,,16.0,18.0,3.0,5.0,14.0,,,,,1.0,,,,,
Tomás Pérez,T. Pérez,126189,CAM,282,0,False,https://s3.glbimg.com/v1/AUTH_58d78b787ec34892b5aaa0c7a146155f/clubes_2026/silhuetas/CAM/FORMATO.png,9,1.16,Tomás Pérez,0.0,4,3.71,17,tomas-perez,6,0.0,,2.0,,,,8.0,10.0,1.0,1.0,3.0,,,,,,,,,,
Barreal,Barreal,126471,SAN,277,0,False,https://s3.glbimg.com/v1/AUTH_58d78b787ec34892b5aaa0c7a146155f/clubes_2026/silhuetas/SAN/FORMATO.png,13,4.06,Álvaro Martín Barreal,0.0,4,9.48,17,barreal,7,0.0,,3.0,1.0,,,20.0,15.0,4.0,9.0,13.0,,2.0,,,3.0,1.0,,,,
Fernando Seabra,F. Seabra,126977,CFC,294,0,True,https://s3.glbimg.com/v1/AUTH_58d78b787ec34892b5aaa0c7a146155f/clubes_2026/silhuetas/CFC/FORMATO.png,17,5.38,Fernando Seabra,6.25,6,8.27,17,fernando-seabra,7,-0.35,,,,,,,,,,,,,,,,,,,,7.0
Bahia,Bahia,127242,COR,264,0,False,https://s3.glbimg.com/v1/AUTH_58d78b787ec34892b5aaa0c7a146155f/clubes_2026/silhuetas/COR/FORMATO.png,0,0.0,Luiz Gustavo Lemos Carvalho,0.0,4,2.0,17,bahia,6,0.0,,,,,,,,,,,,,,,,,,,,
Artur Jorge,A. Jorge,127273,CRU,283,0,True,https://s3.glbimg.com/v1/AUTH_58d78b787ec34892b5aaa0c7a146155f/clubes_2026/silhuetas/CRU/FORMATO.png,9,6.42,Artur Jorge Torres Gomes Araújo Amorim,6.77,6,12.25,17,artur-jorge,7,0.19,,,,,,,,,,,,,,,,,,,,6.0
Júlio Fidelis,J. Fidelis,127932,FLU,266,0,False,https://s3.glbimg.com/v1/AUTH_58d78b787ec34892b5aaa0c7a146155f/clubes_2026/silhuetas/FLU/FORMATO.png,0,0.0,Julio Cesar Lima Fidelis,0.0,2,2.0,17,julio-fidelis,6,0.0,,,,,,,,,,,,,,,,,,,,
Matheus Reis,M. Reis,127969,FLU,266,0,False,https://s3.glbimg.com/v1/AUTH_58d78b787ec34892b5aaa0c7a146155f/clubes_2026/silhuetas/FLU/FORMATO.png,0,0.0,Matheus dos Reis Francisco,0.0,5,1.0,17,matheus-reis,5,0.0,,,,,,,,,,,,,,,,,,,,
Felipe Chiqueti,F. Chiqueti,127970,CAP,293,0,False,https://s3.glbimg.com/v1/AUTH_58d78b787ec34892b5aaa0c7a146155f/clubes_2026/silhuetas/CAP/FORMATO.png,7,1.35,Felipe Chiqueti Bandeira,0.0,4,2.07,17,felipe-chiqueti,6,0.0,,1.0,,,,4.0,8.0,1.0,2.0,8.0,,,,,,,,,,
Alejandro García,A. García,128427,CAP,293,0,False,https://s3.glbimg.com/v1/AUTH_58d78b787ec34892b5aaa0c7a146155f/clubes_2026/silhuetas/CAP/FORMATO.png,0,0.0,Alejandro García Castillo,0.0,4,4.0,17,alejandro-garcia,6,0.0,,,,,,,,,,,,,,,,,,,,
Marcão,Marcão,128429,CAP,293,0,False,https://s3.glbimg.com/v1/AUTH_58d78b787ec34892b5aaa0c7a146155f/clubes_2026/silhuetas/CAP/FORMATO.png,0,0.0,Marcos André Paulino Maia,0.0,3,3.0,17,marcao,6,0.0,,,,,,,,,,,,,,,,,,,,
João Cruz,J. Cruz,128431,CAP,293,0,False,https://s3.glbimg.com/v1/AUTH_58d78b787ec34892b5aaa0c7a146155f/clubes_2026/silhuetas/CAP/FORMATO.png,10,2.7,João Victor Machado Cruz,0.0,4,4.71,17,joao-cruz,6,0.0,2.0,1.0,,,,7.0,8.0,3.0,6.0,3.0,,,,,1.0,,,,,
Johan Rojas,J. Rojas,128433,VAS,267,0,True,https://s3.glbimg.com/v1/AUTH_58d78b787ec34892b5aaa0c7a146155f/clubes_2026/silhuetas/VAS/FORMATO.png,14,1.52,Johan Rojas Echavarría,0.8,4,3.81,17,johan-rojas,7,0.13,1.0,3.0,,,,4.0,12.0,7.0,5.0,3.0,1.0,,,,2.0,,,,,
Wendel,Wendel,129661,BAH,265,0,False,https://s3.glbimg.com/v1/AUTH_58d78b787ec34892b5aaa0c7a146155f/clubes_2026/silhuetas/BAH/FORMATO.png,0,0.0,Wendel Silva Passos,0.0,4,1.0,17,wendel,6,0.0,,,,,,,,,,,,,,,,,,,,
Ruan Pablo,R. Pablo,129663,BAH,265,0,False,https://s3.glbimg.com/v1/AUTH_58d78b787ec34892b5aaa0c7a146155f/clubes_2026/silhuetas/BAH/FORMATO.png,0,0.0,Ruan Pablo Barbosa Sousa,0.0,5,2.0,17,ruan-pablo,6,0.0,,,,,,,,,,,,,,,,,,,,
Pablo,Pablo,129665,VAS,267,0,False,https://s3.glbimg.com/v1/AUTH_58d78b787ec34892b5aaa0c7a146155f/clubes_2026/silhuetas/VAS/FORMATO.png,0,0.0,Pablo de Paula Cardoso,0.0,1,1.0,17,pablo,6,0.0,,,,,,,,,,,,,,,,,,,,
JP,JP,129666,VAS,267,0,False,https://s3.glbimg.com/v1/AUTH_58d78b787ec34892b5aaa0c7a146155f/clubes_2026/silhuetas/VAS/FORMATO.png,2,0.95,João Pedro Murilo de Paula Morais,0.0,4,1.41,17,jp,6,0.0,,,,,,1.0,3.0,,1.0,1.0,,,,,,,,,,
Cristhian Loor,C. Loor,129930,BOT,263,0,False,https://s3.glbimg.com/v1/AUTH_58d78b787ec34892b5aaa0c7a146155f/clubes_2026/silhuetas/BOT/FORMATO.png,0,0.0,Cristhian Joel Loor Santamaría - Christian,0.0,1,2.0,17,cristhian-loor,6,0.0,,,,,,,,,,,,,,,,,,,,
Noriega,Noriega,130048,GRE,284,0,True,https://s3.glbimg.com/v1/AUTH_58d78b787ec34892b5aaa0c7a146155f/clubes_2026/silhuetas/GRE/FORMATO.png,13,4.31,Erick Carlos Noriega Loret de Mola,3.3,3,7.6,17,noriega,7,0.2,1.0,2.0,,,,15.0,16.0,2.0,3.0,15.0,,1.0,,,,,,,3.0,
Léo Nannetti,L. Nannetti,130189,FLA,262,0,False,https://s3.glbimg.com/v1/AUTH_58d78b787ec34892b5aaa0c7a146155f/clubes_2026/silhuetas/FLA/FORMATO.png,0,0.0,Leonardo Nannetti Lopes,0.0,1,2.0,17,leo-nannetti,6,0.0,,,,,,,,,,,,,,,,,,,,
Renê,Renê,130209,VIT,287,0,True,https://s3.glbimg.com/v1/AUTH_58d78b787ec34892b5aaa0c7a146155f/clubes_2026/silhuetas/VIT/FORMATO.png,9,6.92,Carlos Renê de Sousa Ferreira - Souza,10.4,5,9.49,17,rene,2,1.12,1.0,1.0,,,,7.0,8.0,6.0,2.0,19.0,,4.0,,,1.0,,,,,
Caio Roque,C. Roque,130232,BOT,263,0,False,https://s3.glbimg.com/v1/AUTH_58d78b787ec34892b5aaa0c7a146155f/clubes_2026/silhuetas/BOT/FORMATO.png,3,4.0,Caio Alves Roque Gomes,0.0,2,5.72,17,caio-roque,6,0.0,1.0,,,,,4.0,,,,2.0,,,,,,,,,,
Iuri,Iuri,130233,BAH,265,0,False,https://s3.glbimg.com/v1/AUTH_58d78b787ec34892b5aaa0c7a146155f/clubes_2026/silhuetas/BAH/FORMATO.png,0,0.0,Iuri Jean Carlo Neres dos Santos,0.0,1,1.0,17,iuri,6,0.0,,,,,,,,,,,,,,,,,,,,
Lukas Zuccarello,L. Zuccarello,130279,VAS,267,0,False,https://s3.glbimg.com/v1/AUTH_58d78b787ec34892b5aaa0c7a146155f/clubes_2026/silhuetas/VAS/FORMATO.png,0,0.0,Lukas Rocha Zuccarello,0.0,4,2.0,17,lukas-zuccarello,6,0.0,,,,,,,,,,,,,,,,,,,,
Phillipe Gabriel,P. Gabriel,130280,VAS,267,0,False,https://s3.glbimg.com/v1/AUTH_58d78b787ec34892b5aaa0c7a146155f/clubes_2026/silhuetas/VAS/FORMATO.png,0,0.0,Phillipe Gabriel Pires de Oliveira,0.0,1,1.0,17,phillipe-gabriel,6,0.0,,,,,,,,,,,,,,,,,,,,
Anthony,Anthony,130282,BOT,263,0,False,https://s3.glbimg.com/v1/AUTH_58d78b787ec34892b5aaa0c7a146155f/clubes_2026/silhuetas/BOT/FORMATO.png,0,0.0,Anthony Wesley Ciriano Oliveira,0.0,3,3.0,17,anthony,6,0.0,,,,,,,,,,,,,,,,,,,,
Matheus Dias,M. Dias,130283,CFC,294,0,False,https://s3.glbimg.com/v1/AUTH_58d78b787ec34892b5aaa0c7a146155f/clubes_2026/silhuetas/CFC/FORMATO.png,0,0.0,Matheus Dalsasso Dias,0.0,4,1.0,17,matheus-dias,6,0.0,,,,,,,,,,,,,,,,,,,,
Rodrigo Falcão,R. Falcão,130309,SAN,277,0,False,https://s3.glbimg.com/v1/AUTH_58d78b787ec34892b5aaa0c7a146155f/clubes_2026/silhuetas/SAN/FORMATO.png,0,0.0,Rodrigo Plazezwski Falcão,0.0,1,1.0,17,rodrigo-falcao,6,0.0,,,,,,,,,,,,,,,,,,,,
Guilherme Gomes,G. Gomes,130382,FLA,262,0,False,https://s3.glbimg.com/v1/AUTH_58d78b787ec34892b5aaa0c7a146155f/clubes_2026/silhuetas/FLA/FORMATO.png,0,0.0,Guilherme Henrique Bernardineli Gomes,0.0,4,3.0,17,guilherme-gomes,6,0.0,,,,,,,,,,,,,,,,,,,,
Luiz Gustavo,L. Gustavo,130393,BAH,265,0,False,https://s3.glbimg.com/v1/AUTH_58d78b787ec34892b5aaa0c7a146155f/clubes_2026/silhuetas/BAH/FORMATO.png,0,0.0,Luiz Gustavo Marinho Ribeiro dos Santos,0.0,3,1.0,17,luiz-gustavo,6,0.0,,,,,,,,,,,,,,,,,,,,
Igor Felisberto,I. Felisberto,130399,SAO,276,0,False,https://s3.glbimg.com/v1/AUTH_58d78b787ec34892b5aaa0c7a146155f/clubes_2026/silhuetas/SAO/FORMATO.png,0,0.0,Igor Teixeira Felisberto,0.0,2,1.0,17,igor-felisberto,6,0.0,,,,,,,,,,,,,,,,,,,,
Robert,Robert,130414,CHA,315,0,False,https://s3.glbimg.com/v1/AUTH_58d78b787ec34892b5aaa0c7a146155f/clubes_2026/silhuetas/CHA/FORMATO.png,1,3.0,Robert dos Santos Conceição,0.0,4,3.51,17,robert,5,0.0,,,,,,2.0,,,,,,,,,,,,,,
Diego,Diego,130438,INT,285,0,False,https://s3.glbimg.com/v1/AUTH_58d78b787ec34892b5aaa0c7a146155f/clubes_2026/silhuetas/INT/FORMATO.png,0,0.0,Diego Esser Pereira,0.0,1,1.0,17,diego,6,0.0,,,,,,,,,,,,,,,,,,,,
Riquelme Fillipi,R. Fillipi,130608,PAL,275,0,False,https://s3.glbimg.com/v1/AUTH_58d78b787ec34892b5aaa0c7a146155f/clubes_2026/silhuetas/PAL/FORMATO.png,1,-0.3,Riquelme Fillipi Marinho de Souza,0.0,5,0.71,17,riquelme-fillipi,6,0.0,,,,,,,1.0,,,,,,,,,,,,,
Luighi,Luighi,130612,PAL,275,0,False,https://s3.glbimg.com/v1/AUTH_58d78b787ec34892b5aaa0c7a146155f/clubes_2026/silhuetas/PAL/FORMATO.png,6,0.97,Luighi Hanri Sousa Santos,0.0,5,2.83,17,luighi,7,0.0,,2.0,,,,4.0,5.0,,1.0,5.0,,,,,,,,,,
Edenílson,Edenílson,130620,VIT,287,0,True,https://s3.glbimg.com/v1/AUTH_58d78b787ec34892b5aaa0c7a146155f/clubes_2026/silhuetas/VIT/FORMATO.png,8,1.74,Edenílson Santos Nascimento Filho,0.0,4,3.28,17,edenilson,7,-0.68,,1.0,1.0,,,13.0,7.0,,,1.0,,,,,,,,,,
Bernal,Bernal,130650,FLU,266,0,True,https://s3.glbimg.com/v1/AUTH_58d78b787ec34892b5aaa0c7a146155f/clubes_2026/silhuetas/FLU/FORMATO.png,9,2.14,Facundo Bernal Cruz,4.2,4,4.23,17,bernal,7,0.79,,2.0,,,,11.0,8.0,1.0,5.0,4.0,,,,,,,,,,
Kadu,Kadu,130698,BOT,263,0,False,https://s3.glbimg.com/v1/AUTH_58d78b787ec34892b5aaa0c7a146155f/clubes_2026/silhuetas/BOT/FORMATO.png,0,0.0,Carlos Eduardo da Silva Santos,0.0,2,1.0,17,kadu,6,0.0,,,,,,,,,,,,,,,,,,,,
Kauan,Kauan,130806,CHA,315,0,False,https://s3.glbimg.com/v1/AUTH_58d78b787ec34892b5aaa0c7a146155f/clubes_2026/silhuetas/CHA/FORMATO.png,0,0.0,Kauan Faria Gomes,0.0,3,1.0,17,kauan,6,0.0,,,,,,,,,,,,,,,,,,,,
Souza,Souza,130811,SAN,277,0,False,https://s3.glbimg.com/v1/AUTH_58d78b787ec34892b5aaa0c7a146155f/clubes_2026/silhuetas/SAN/FORMATO.png,0,0.0,João Victor de Souza Menezes,0.0,2,8.0,17,souza,6,0.0,,,,,,,,,,,,,,,,,,,,
Matheus Soares,M. Soares,130842,CAP,293,0,False,https://s3.glbimg.com/v1/AUTH_58d78b787ec34892b5aaa0c7a146155f/clubes_2026/silhuetas/CAP/FORMATO.png,0,0.0,Matheus Soares Rocha,0.0,1,1.0,17,matheus-soares,6,0.0,,,,,,,,,,,,,,,,,,,,
Arthur Dias,A. Dias,130843,CAP,293,0,True,https://s3.glbimg.com/v1/AUTH_58d78b787ec34892b5aaa0c7a146155f/clubes_2026/silhuetas/CAP/FORMATO.png,14,3.75,Arthur dos Santos Barbosa Dias,1.5,3,5.82,17,arthur-dias,7,-0.4,,3.0,,,,20.0,7.0,,4.0,9.0,,,,,1.0,,,,4.0,
Zé Breno,Z. Breno,130847,VIT,287,0,True,https://s3.glbimg.com/v1/AUTH_58d78b787ec34892b5aaa0c7a146155f/clubes_2026/silhuetas/VIT/FORMATO.png,2,0.6,José Breno Silva Costa,0.0,4,2.04,17,ze-breno,6,-0.29,,,,,,1.0,1.0,,,,,,,,,,,,,
Riquelme,Riquelme,130889,GRE,284,0,False,https://s3.glbimg.com/v1/AUTH_58d78b787ec34892b5aaa0c7a146155f/clubes_2026/silhuetas/GRE/FORMATO.png,2,-1.45,Riquelme Freitas dos Santos,0.0,4,2.42,17,riquelme,6,0.0,,,1.0,,,,3.0,,,2.0,,,,,,,,,,
Riquelme,Riquelme,130906,CAP,293,0,True,https://s3.glbimg.com/v1/AUTH_58d78b787ec34892b5aaa0c7a146155f/clubes_2026/silhuetas/CAP/FORMATO.png,3,0.77,Diogo Riquelme Rivas do Nascimento,2.9,4,1.3,17,riquelme,6,0.64,,1.0,,,,2.0,3.0,1.0,,,,,,,,,,,,
Thiago Azaf,T. Azaf,131279,CFC,294,0,False,https://s3.glbimg.com/v1/AUTH_58d78b787ec34892b5aaa0c7a146155f/clubes_2026/silhuetas/CFC/FORMATO.png,0,0.0,Thiago Azaf Siqueira Soares,0.0,5,1.0,17,thiago-azaf,6,0.0,,,,,,,,,,,,,,,,,,,,
JP Chermont,J. Chermont,131516,CFC,294,0,True,https://s3.glbimg.com/v1/AUTH_58d78b787ec34892b5aaa0c7a146155f/clubes_2026/silhuetas/CFC/FORMATO.png,10,3.05,João Pedro Chermont Crema,0.2,2,4.78,17,jp-chermont,7,-0.16,1.0,,,,,5.0,3.0,2.0,,3.0,,,,,,,,,3.0,
André Silva,A. Silva,131617,SAO,276,0,False,https://s3.glbimg.com/v1/AUTH_58d78b787ec34892b5aaa0c7a146155f/clubes_2026/silhuetas/SAO/FORMATO.png,9,0.53,André Oliveira e Silva,0.0,5,4.25,17,andre-silva,6,0.0,,3.0,,,,1.0,8.0,4.0,1.0,6.0,,,,,,,,,,
Felipe Longo,F. Longo,131753,COR,264,0,False,https://s3.glbimg.com/v1/AUTH_58d78b787ec34892b5aaa0c7a146155f/clubes_2026/silhuetas/COR/FORMATO.png,0,0.0,Felipe Longo Fernandes da Silva,0.0,1,2.0,17,felipe-longo,6,0.0,,,,,,,,,,,,,,,,,,,,
Yuri Leles,Y. Leles,131763,RBB,280,0,False,https://s3.glbimg.com/v1/AUTH_58d78b787ec34892b5aaa0c7a146155f/clubes_2026/silhuetas/RBB/FORMATO.png,0,0.0,Yuri Silva Leles de Souza,0.0,4,2.0,17,yuri-leles,6,0.0,,,,,,,,,,,,,,,,,,,,
Filipe,Filipe,131766,RBB,280,0,False,https://s3.glbimg.com/v1/AUTH_58d78b787ec34892b5aaa0c7a146155f/clubes_2026/silhuetas/RBB/FORMATO.png,0,0.0,Filipe Gabriel Rios Rodrigues,0.0,5,1.0,17,filipe,6,0.0,,,,,,,,,,,,,,,,,,,,
Portilla,Portilla,131832,CAP,293,0,False,https://s3.glbimg.com/v1/AUTH_58d78b787ec34892b5aaa0c7a146155f/clubes_2026/silhuetas/CAP/FORMATO.png,13,1.22,Juan Camilo Portilla Orozco,0.0,4,2.62,17,portilla,6,0.0,,3.0,,,,11.0,19.0,1.0,3.0,9.0,,,,,,,,,,
Jhoan Hernández,J. Hernández,131964,BOT,263,0,False,https://s3.glbimg.com/v1/AUTH_58d78b787ec34892b5aaa0c7a146155f/clubes_2026/silhuetas/BOT/FORMATO.png,1,0.0,Jhoan Hernández Mejía,0.0,2,3.69,17,jhoan-hernandez,6,0.0,,,,,,,,,,,,,,,,,,,,
Villarreal,Villarreal,131967,CRU,283,0,True,https://s3.glbimg.com/v1/AUTH_58d78b787ec34892b5aaa0c7a146155f/clubes_2026/silhuetas/CRU/FORMATO.png,10,5.91,Neyser Villarreal - Neiser,0.0,5,8.49,17,villarreal,6,-1.9,1.0,,,,,8.0,9.0,5.0,8.0,11.0,1.0,3.0,,,1.0,,,,,
Serna,Serna,132071,FLU,266,0,True,https://s3.glbimg.com/v1/AUTH_58d78b787ec34892b5aaa0c7a146155f/clubes_2026/silhuetas/FLU/FORMATO.png,17,2.52,Kevin Steven Serna Jaramillo,1.9,5,5.7,17,serna,6,-0.09,1.0,1.0,,,,8.0,14.0,4.0,9.0,17.0,1.0,1.0,,,4.0,,,,,
Arroyo,Arroyo,132264,CRU,283,0,False,https://s3.glbimg.com/v1/AUTH_58d78b787ec34892b5aaa0c7a146155f/clubes_2026/silhuetas/CRU/FORMATO.png,14,3.51,Keny Alexander Arroyo Alvarado,0.0,5,6.9,17,arroyo,6,0.0,1.0,3.0,1.0,,,8.0,15.0,8.0,9.0,20.0,,2.0,,,2.0,,,,,
Ignacio Sosa,I. Sosa,132274,RBB,280,0,True,https://s3.glbimg.com/v1/AUTH_58d78b787ec34892b5aaa0c7a146155f/clubes_2026/silhuetas/RBB/FORMATO.png,13,1.55,Ignacio Sosa Ospital,-0.3,4,3.41,17,ignacio-sosa,6,-1.02,,4.0,,,,12.0,15.0,1.0,1.0,17.0,,,,,,,,,,
Román Gómez,R. Gómez,132412,BAH,265,0,True,https://s3.glbimg.com/v1/AUTH_58d78b787ec34892b5aaa0c7a146155f/clubes_2026/silhuetas/BAH/FORMATO.png,3,4.77,Román Agustín Gómez,0.1,2,7.75,17,roman-gomez,2,-0.72,,1.0,,,,7.0,5.0,,1.0,1.0,,,,,,,,,1.0,
Jemmes,Jemmes,132553,FLU,266,0,True,https://s3.glbimg.com/v1/AUTH_58d78b787ec34892b5aaa0c7a146155f/clubes_2026/silhuetas/FLU/FORMATO.png,13,3.32,Jemmes Bruno Ribeiro da Silva,6.5,3,7.15,17,jemmes,7,0.86,,3.0,,,,19.0,9.0,,2.0,8.0,,,,,1.0,,,,3.0,
Vinicinho,Vinicinho,132580,RBB,280,0,False,https://s3.glbimg.com/v1/AUTH_58d78b787ec34892b5aaa0c7a146155f/clubes_2026/silhuetas/RBB/FORMATO.png,8,2.48,Vinicius Mendonça Pereira,0.0,5,4.27,17,vinicinho,2,0.0,,,,,,8.0,1.0,1.0,,14.0,,,,,1.0,,,,,
João Pedro,J. Pedro,132750,SAN,277,0,False,https://s3.glbimg.com/v1/AUTH_58d78b787ec34892b5aaa0c7a146155f/clubes_2026/silhuetas/SAN/FORMATO.png,0,0.0,João Pedro Lucio da Silva,0.0,1,1.0,17,joao-pedro,6,0.0,,,,,,,,,,,,,,,,,,,,
Gui Negão,G. Negão,133543,COR,264,0,False,https://s3.glbimg.com/v1/AUTH_58d78b787ec34892b5aaa0c7a146155f/clubes_2026/silhuetas/COR/FORMATO.png,4,1.35,Guilherme William Silva Inácio,0.0,5,3.97,17,gui-negao,6,0.0,,,,,,4.0,2.0,,,,,,,,,,,,,
Gustavo Reis,G. Reis,133671,RBB,280,0,False,https://s3.glbimg.com/v1/AUTH_58d78b787ec34892b5aaa0c7a146155f/clubes_2026/silhuetas/RBB/FORMATO.png,0,0.0,Gustavo Reis de Alcântara,0.0,1,1.0,17,gustavo-reis,6,0.0,,,,,,,,,,,,,,,,,,,,
Mateus Xavier,M. Xavier,133673,SAN,277,0,False,https://s3.glbimg.com/v1/AUTH_58d78b787ec34892b5aaa0c7a146155f/clubes_2026/silhuetas/SAN/FORMATO.png,1,1.2,Mateus Xavier de Sousa,0.0,5,2.33,17,mateus-xavier,6,0.0,,,,,,1.0,1.0,,,,,,,,,,,,,
Benedetti,Benedetti,133679,PAL,275,0,False,https://s3.glbimg.com/v1/AUTH_58d78b787ec34892b5aaa0c7a146155f/clubes_2026/silhuetas/PAL/FORMATO.png,1,4.7,Luis Gustavo Roncholeta Benedetti - Luiz,0.0,3,4.62,17,benedetti,5,0.0,,,,,,,1.0,,,,,,,,,,,,1.0,
Bruno Lopes,B. Lopes,133690,VAS,267,0,False,https://s3.glbimg.com/v1/AUTH_58d78b787ec34892b5aaa0c7a146155f/clubes_2026/silhuetas/VAS/FORMATO.png,0,0.0,Bruno Lopes Ferreira,0.0,5,1.0,17,bruno-lopes,6,0.0,,,,,,,,,,,,,,,,,,,,
Wallace Davi,W. Davi,133696,BOT,263,0,False,https://s3.glbimg.com/v1/AUTH_58d78b787ec34892b5aaa0c7a146155f/clubes_2026/silhuetas/BOT/FORMATO.png,0,0.0,Wallace Davi Nunes da Silva Dias,0.0,4,4.0,17,wallace-davi,6,0.0,,,,,,,,,,,,,,,,,,,,
Larson,Larson,136156,PAL,275,0,False,https://s3.glbimg.com/v1/AUTH_58d78b787ec34892b5aaa0c7a146155f/clubes_2026/silhuetas/PAL/FORMATO.png,3,0.47,Larson Torna Ferreira dos Santos,0.0,4,2.44,17,larson,6,0.0,,,,,,,2.0,1.0,1.0,,,,,,,,,,,
Sanabria,Sanabria,136955,BAH,265,0,True,https://s3.glbimg.com/v1/AUTH_58d78b787ec34892b5aaa0c7a146155f/clubes_2026/silhuetas/BAH/FORMATO.png,10,3.17,Mateo Naín Sanabria Doracio,3.5,5,6.46,17,sanabria,6,-0.59,1.0,1.0,,,,2.0,8.0,2.0,6.0,8.0,,2.0,,,1.0,,,,,
Kaique Kenji,K. Kenji,137542,CRU,283,0,True,https://s3.glbimg.com/v1/AUTH_58d78b787ec34892b5aaa0c7a146155f/clubes_2026/silhuetas/CRU/FORMATO.png,6,1.73,Kaique Kenji Takamura Correa,1.9,5,2.88,17,kaique-kenji,6,0.19,,2.0,,,,,2.0,2.0,2.0,2.0,,1.0,,,,,,,,
Tevis,Tevis,137543,CRU,283,0,False,https://s3.glbimg.com/v1/AUTH_58d78b787ec34892b5aaa0c7a146155f/clubes_2026/silhuetas/CRU/FORMATO.png,0,0.0,Tevis Gabriel Alves Santos,0.0,5,2.0,17,tevis,6,0.0,,,,,,,,,,,,,,,,,,,,
Clayton Sampaio,C. Sampaio,137618,INT,285,0,False,https://s3.glbimg.com/v1/AUTH_58d78b787ec34892b5aaa0c7a146155f/clubes_2026/silhuetas/INT/FORMATO.png,0,-1.0,Clayton Sampaio Pereira,0.0,3,2.63,17,clayton-sampaio,6,0.0,,1.0,,,,,,,,,,,,,,,,,,
Palacios,Palacios,138021,RBB,280,0,False,https://s3.glbimg.com/v1/AUTH_58d78b787ec34892b5aaa0c7a146155f/clubes_2026/silhuetas/RBB/FORMATO.png,0,0.0,Sergio Stevan Palacios Zapata,0.0,3,3.0,17,palacios,6,0.0,,,,,,,,,,,,,,,,,,,,
Pedro Kauã,P. Kauã,139200,INT,285,0,False,https://s3.glbimg.com/v1/AUTH_58d78b787ec34892b5aaa0c7a146155f/clubes_2026/silhuetas/INT/FORMATO.png,0,0.0,Pedro Kauã Rodrigues Machado,0.0,3,1.0,17,pedro-kaua,6,0.0,,,,,,,,,,,,,,,,,,,,
Kauã Prates,K. Prates,139345,CRU,283,0,False,https://s3.glbimg.com/v1/AUTH_58d78b787ec34892b5aaa0c7a146155f/clubes_2026/silhuetas/CRU/FORMATO.png,1,0.0,Kauã Prates de Almeida,0.0,2,3.39,17,kaua-prates,5,0.0,,,,,,,,,,,,,,,,,,,,
Da Mata,D. Mata,140303,FLA,262,0,False,https://s3.glbimg.com/v1/AUTH_58d78b787ec34892b5aaa0c7a146155f/clubes_2026/silhuetas/FLA/FORMATO.png,0,0.0,João Pedro do Nascimento da Mata,0.0,3,2.0,17,da-mata,6,0.0,,,,,,,,,,,,,,,,,,,,
David,David,140438,CHA,315,0,False,https://s3.glbimg.com/v1/AUTH_58d78b787ec34892b5aaa0c7a146155f/clubes_2026/silhuetas/CHA/FORMATO.png,4,1.08,David Antunes da Silva,0.0,4,1.46,17,david,6,0.0,,,,,,2.0,2.0,,3.0,1.0,,,,,,1.0,,,,
Riquelme Felipe,R. Felipe,140484,FLU,266,0,True,https://s3.glbimg.com/v1/AUTH_58d78b787ec34892b5aaa0c7a146155f/clubes_2026/silhuetas/FLU/FORMATO.png,3,0.7,Riquelme Felipe Silva de Almeida,0.2,5,3.53,17,riquelme-felipe,6,-0.41,,1.0,,,,2.0,3.0,,,2.0,,,,,,,,,,
João Victor,J. Victor,140492,FLA,262,0,False,https://s3.glbimg.com/v1/AUTH_58d78b787ec34892b5aaa0c7a146155f/clubes_2026/silhuetas/FLA/FORMATO.png,0,0.0,João Victor de Souza Cunha,0.0,3,2.0,17,joao-victor,6,0.0,,,,,,,,,,,,,,,,,,,,
Tiaguinho,Tiaguinho,140496,GRE,284,0,False,https://s3.glbimg.com/v1/AUTH_58d78b787ec34892b5aaa0c7a146155f/clubes_2026/silhuetas/GRE/FORMATO.png,1,0.0,Tiago Augusto Gonçalves,0.0,4,0.93,17,tiaguinho,6,0.0,,,,,,,,,,,,,,,,,,,,
Ryan Francisco,R. Francisco,140542,SAO,276,0,False,https://s3.glbimg.com/v1/AUTH_58d78b787ec34892b5aaa0c7a146155f/clubes_2026/silhuetas/SAO/FORMATO.png,0,0.0,Ryan Francisco Rodrigues dos Santos Silva,0.0,5,5.0,17,ryan-francisco,6,0.0,,,,,,,,,,,,,,,,,,,,
David Martins,D. Martins,140726,BAH,265,0,False,https://s3.glbimg.com/v1/AUTH_58d78b787ec34892b5aaa0c7a146155f/clubes_2026/silhuetas/BAH/FORMATO.png,2,-0.15,David Martins Almeida de Lira,0.0,4,0.72,17,david-martins,6,0.0,,,,,,,1.0,,,,,,,,,,,,,
Davi Gomes,D. Gomes,140906,RBB,280,0,False,https://s3.glbimg.com/v1/AUTH_58d78b787ec34892b5aaa0c7a146155f/clubes_2026/silhuetas/RBB/FORMATO.png,2,4.25,Davi Gomes de Alvarenga,0.0,5,5.19,17,davi-gomes,5,0.0,,,,,,1.0,,2.0,2.0,,1.0,,,,,,,,,
Pedro Cobra,P. Cobra,141126,CAM,282,0,False,https://s3.glbimg.com/v1/AUTH_58d78b787ec34892b5aaa0c7a146155f/clubes_2026/silhuetas/CAM/FORMATO.png,0,0.0,Pedro Cobra Rodrigues,0.0,1,1.0,17,pedro-cobra,6,0.0,,,,,,,,,,,,,,,,,,,,
Vitão,Vitão,141131,CAM,282,0,False,https://s3.glbimg.com/v1/AUTH_58d78b787ec34892b5aaa0c7a146155f/clubes_2026/silhuetas/CAM/FORMATO.png,0,0.0,Vitor Fernandes Chaves Teixeira,0.0,3,1.0,17,vitao,6,0.0,,,,,,,,,,,,,,,,,,,,
Mateus Iseppe,M. Iseppe,141139,CAM,282,0,False,https://s3.glbimg.com/v1/AUTH_58d78b787ec34892b5aaa0c7a146155f/clubes_2026/silhuetas/CAM/FORMATO.png,0,0.0,Mateus José Iseppe,0.0,4,2.0,17,mateus-iseppe,6,0.0,,,,,,,,,,,,,,,,,,,,
Enzo Vagner,E. Vagner,141165,CFC,294,0,False,https://s3.glbimg.com/v1/AUTH_58d78b787ec34892b5aaa0c7a146155f/clubes_2026/silhuetas/CFC/FORMATO.png,1,0.5,Enzo Vágner Moraes de Souza,0.0,5,1.04,17,enzo-vagner,6,0.0,,,,,,,1.0,,1.0,,,,,,,,,,,
Walace Falcão,W. Falcão,141184,VAS,267,0,False,https://s3.glbimg.com/v1/AUTH_58d78b787ec34892b5aaa0c7a146155f/clubes_2026/silhuetas/VAS/FORMATO.png,0,0.0,Wallace Fernandes Alves Falcão,0.0,3,1.0,17,walace-falcao,6,0.0,,,,,,,,,,,,,,,,,,,,
Lucas Taverna,L. Taverna,141337,CFC,294,0,True,https://s3.glbimg.com/v1/AUTH_58d78b787ec34892b5aaa0c7a146155f/clubes_2026/silhuetas/CFC/FORMATO.png,2,3.15,Lucas Taverna,1.2,2,2.88,17,lucas-taverna,6,-0.07,,1.0,,,,2.0,4.0,,,1.0,,,,,,,,,1.0,
Gustavo Santana,G. Santana,141382,SAO,276,0,False,https://s3.glbimg.com/v1/AUTH_58d78b787ec34892b5aaa0c7a146155f/clubes_2026/silhuetas/SAO/FORMATO.png,0,0.0,Gustavo Domingos Santana,0.0,5,2.0,17,gustavo-santana,6,0.0,,,,,,,,,,,,,,,,,,,,
João Victor,J. Victor,141385,REM,364,0,False,https://s3.glbimg.com/v1/AUTH_58d78b787ec34892b5aaa0c7a146155f/clubes_2026/silhuetas/REM/FORMATO.png,0,0.0,João Victor Ferreira da Silva,0.0,1,1.0,17,joao-victor,6,0.0,,,,,,,,,,,,,,,,,,,,
Marcos Alexandre,M. Alexandre,141386,REM,364,0,False,https://s3.glbimg.com/v1/AUTH_58d78b787ec34892b5aaa0c7a146155f/clubes_2026/silhuetas/REM/FORMATO.png,0,0.0,Marcos Alexandre Ferreira Campos Filho,0.0,1,1.0,17,marcos-alexandre,6,0.0,,,,,,,,,,,,,,,,,,,,
Huguinho,Huguinho,141400,BOT,263,0,True,https://s3.glbimg.com/v1/AUTH_58d78b787ec34892b5aaa0c7a146155f/clubes_2026/silhuetas/BOT/FORMATO.png,2,2.4,Victor Hugo Custódio de Melo Moura,3.4,4,3.93,17,huguinho,7,0.6,,,,,,3.0,4.0,,,3.0,,,,,,,,,,
Avellar,Avellar,141405,VAS,267,0,False,https://s3.glbimg.com/v1/AUTH_58d78b787ec34892b5aaa0c7a146155f/clubes_2026/silhuetas/VAS/FORMATO.png,1,1.5,Riquelme Avellar da Silva Fortes,0.0,2,1.49,17,avellar,6,0.0,,,,,,1.0,,,,,,,,,,,,,,
Andrey Fernandes,A. Fernandes,141406,VAS,267,0,False,https://s3.glbimg.com/v1/AUTH_58d78b787ec34892b5aaa0c7a146155f/clubes_2026/silhuetas/VAS/FORMATO.png,1,1.7,Andrey Fernandes de Oliveira Nunes,0.0,5,1.41,17,andrey-fernandes,6,0.0,,,,,,,,1.0,,1.0,,,,,,,,,,
Fredi Lippert,F. Lippert,141419,BAH,265,0,False,https://s3.glbimg.com/v1/AUTH_58d78b787ec34892b5aaa0c7a146155f/clubes_2026/silhuetas/BAH/FORMATO.png,0,0.0,Frederico Lippert Neto Gomes,0.0,3,2.0,17,fredi-lippert,6,0.0,,,,,,,,,,,,,,,,,,,,
Allan,Allan,141451,PAL,275,0,True,https://s3.glbimg.com/v1/AUTH_58d78b787ec34892b5aaa0c7a146155f/clubes_2026/silhuetas/PAL/FORMATO.png,16,6.72,Allan Andrade Elias,18.1,4,15.04,17,allan,7,1.67,2.0,3.0,,,,31.0,19.0,7.0,5.0,31.0,,4.0,,,1.0,,,,,
Índio,Índio,141551,CAM,282,0,False,https://s3.glbimg.com/v1/AUTH_58d78b787ec34892b5aaa0c7a146155f/clubes_2026/silhuetas/CAM/FORMATO.png,0,0.0,Hendel dos Santos Nascimento,0.0,4,1.0,17,indio,6,0.0,,,,,,,,,,,,,,,,,,,,
Pedro Gabriel,P. Gabriel,141594,GRE,284,0,False,https://s3.glbimg.com/v1/AUTH_58d78b787ec34892b5aaa0c7a146155f/clubes_2026/silhuetas/GRE/FORMATO.png,8,4.1,Pedro Gabriel Crisostomo Pinheiro,0.0,2,5.59,17,pedro-gabriel,7,0.0,1.0,3.0,,,,6.0,12.0,3.0,1.0,2.0,,,,,,,,,4.0,
Gabriel Mec,G. Mec,141595,GRE,284,0,False,https://s3.glbimg.com/v1/AUTH_58d78b787ec34892b5aaa0c7a146155f/clubes_2026/silhuetas/GRE/FORMATO.png,13,1.92,Gabriel Ferreira de Carvalho,0.0,5,2.35,17,gabriel-mec,7,0.0,,3.0,,,,8.0,9.0,,4.0,15.0,,1.0,,,,,,,,
Hugo Leonardo,H. Leonardo,141606,SAO,276,0,False,https://s3.glbimg.com/v1/AUTH_58d78b787ec34892b5aaa0c7a146155f/clubes_2026/silhuetas/SAO/FORMATO.png,0,0.0,Hugo Leonardo Nunes Fernandes Santos,0.0,4,1.0,17,hugo-leonardo,6,0.0,,,,,,,,,,,,,,,,,,,,
Lucca,Lucca,141609,SAO,276,0,False,https://s3.glbimg.com/v1/AUTH_58d78b787ec34892b5aaa0c7a146155f/clubes_2026/silhuetas/SAO/FORMATO.png,3,0.3,Lucca Marques Alencar,0.0,5,2.34,17,lucca,6,0.0,,,,,,1.0,2.0,,,,,,,,,,,,,
Maik,Maik,141611,SAO,276,0,False,https://s3.glbimg.com/v1/AUTH_58d78b787ec34892b5aaa0c7a146155f/clubes_2026/silhuetas/SAO/FORMATO.png,5,3.48,Maik Gomes Viegas,0.0,2,5.52,17,maik,6,0.0,,,,,,8.0,3.0,,1.0,1.0,,,,,,,,,1.0,
Paulinho,Paulinho,141614,SAO,276,0,False,https://s3.glbimg.com/v1/AUTH_58d78b787ec34892b5aaa0c7a146155f/clubes_2026/silhuetas/SAO/FORMATO.png,0,0.0,Paulo Sérgio Venuto Bezerra,0.0,5,2.0,17,paulinho,6,0.0,,,,,,,,,,,,,,,,,,,,
Pedro Ferreira,P. Ferreira,141615,SAO,276,0,True,https://s3.glbimg.com/v1/AUTH_58d78b787ec34892b5aaa0c7a146155f/clubes_2026/silhuetas/SAO/FORMATO.png,2,1.2,Pedro Henrique Ferreira da Silva,1.9,4,1.51,17,pedro-ferreira,7,0.47,,,,,,,1.0,1.0,,3.0,,,,,,,,,,
Pablo Lúcio,P. Lúcio,141628,FLA,262,0,False,https://s3.glbimg.com/v1/AUTH_58d78b787ec34892b5aaa0c7a146155f/clubes_2026/silhuetas/FLA/FORMATO.png,0,0.0,Pablo Lúcio,0.0,4,2.0,17,pablo-lucio,6,0.0,,,,,,,,,,,,,,,,,,,,
Caio Valle,C. Valle,141752,BOT,263,0,False,https://s3.glbimg.com/v1/AUTH_58d78b787ec34892b5aaa0c7a146155f/clubes_2026/silhuetas/BOT/FORMATO.png,0,0.0,Caio Ribeiro do Valle Silva,0.0,4,1.0,17,caio-valle,6,0.0,,,,,,,,,,,,,,,,,,,,
Gabriel Bontempo,G. Bontempo,141754,SAN,277,0,True,https://s3.glbimg.com/v1/AUTH_58d78b787ec34892b5aaa0c7a146155f/clubes_2026/silhuetas/SAN/FORMATO.png,14,3.81,Gabriel Morais Silva Bontempo,6.3,4,5.73,17,gabriel-bontempo,7,0.35,2.0,2.0,,,,22.0,6.0,1.0,5.0,16.0,,,,,,,,1.0,,
Gustavo Henrique,G. Henrique,141776,SAN,277,0,True,https://s3.glbimg.com/v1/AUTH_58d78b787ec34892b5aaa0c7a146155f/clubes_2026/silhuetas/SAN/FORMATO.png,8,1.5,Gustavo Henrique Pereira,0.6,4,2.48,17,gustavo-henrique,3,-0.24,,3.0,1.0,,,10.0,11.0,,1.0,11.0,,,,,,,,,,
Kauan Coutinho,K. Coutinho,141795,VIT,287,0,False,https://s3.glbimg.com/v1/AUTH_58d78b787ec34892b5aaa0c7a146155f/clubes_2026/silhuetas/VIT/FORMATO.png,0,0.0,Kauan Santos Neves Coutinho,0.0,3,1.0,17,kauan-coutinho,6,0.0,,,,,,,,,,,,,,,,,,,,
Vinicius Lira,V. Lira,141868,SAN,277,0,False,https://s3.glbimg.com/v1/AUTH_58d78b787ec34892b5aaa0c7a146155f/clubes_2026/silhuetas/SAN/FORMATO.png,4,2.42,Vinicius Rodrigues Lira,0.0,2,3.79,17,vinicius-lira,6,0.0,,1.0,,,,7.0,6.0,1.0,1.0,,,,,,,,,,,
Jacaré,Jacaré,141873,COR,264,0,False,https://s3.glbimg.com/v1/AUTH_58d78b787ec34892b5aaa0c7a146155f/clubes_2026/silhuetas/COR/FORMATO.png,0,0.0,João Vitor Barros Silva,0.0,2,2.0,17,jacare,6,0.0,,,,,,,,,,,,,,,,,,,,
Tico,Tico,141991,REM,364,0,False,https://s3.glbimg.com/v1/AUTH_58d78b787ec34892b5aaa0c7a146155f/clubes_2026/silhuetas/REM/FORMATO.png,0,0.0,Paulo Sérgio da Costa Evangelista Junior,0.0,5,1.0,17,tico,6,0.0,,,,,,,,,,,,,,,,,,,,
Dieguinho,Dieguinho,141995,COR,264,0,False,https://s3.glbimg.com/v1/AUTH_58d78b787ec34892b5aaa0c7a146155f/clubes_2026/silhuetas/COR/FORMATO.png,7,1.67,Diego da Cruz Lopes,0.0,4,3.47,17,dieguinho,6,0.0,,,,,,1.0,1.0,,2.0,2.0,,1.0,,,1.0,,,,,
Amuzu,Amuzu,142004,GRE,284,0,True,https://s3.glbimg.com/v1/AUTH_58d78b787ec34892b5aaa0c7a146155f/clubes_2026/silhuetas/GRE/FORMATO.png,15,4.4,Francis Amuzu,6.3,5,8.03,17,amuzu,7,0.42,3.0,,,,,11.0,12.0,7.0,12.0,18.0,1.0,1.0,,,,,,,,
Bruno Alves,B. Alves,142049,CRU,283,0,False,https://s3.glbimg.com/v1/AUTH_58d78b787ec34892b5aaa0c7a146155f/clubes_2026/silhuetas/CRU/FORMATO.png,0,0.0,Bruno Ferreira Alves,0.0,3,2.0,17,bruno-alves,6,0.0,,,,,,,,,,,,,,,,,,,,
Kauan Toledo,K. Toledo,142086,BOT,263,0,True,https://s3.glbimg.com/v1/AUTH_58d78b787ec34892b5aaa0c7a146155f/clubes_2026/silhuetas/BOT/FORMATO.png,2,2.15,Kauan Almeida Toledo,3.4,5,2.12,17,kauan-toledo,7,0.84,,,,,,2.0,3.0,1.0,,2.0,,,,,,,,,,
Marcelo Eráclito,M. Eráclito,142130,CRU,283,0,False,https://s3.glbimg.com/v1/AUTH_58d78b787ec34892b5aaa0c7a146155f/clubes_2026/silhuetas/CRU/FORMATO.png,0,0.0,Marcelo Eráclito de Souza Filho,0.0,1,1.0,17,marcelo-eraclito,6,0.0,,,,,,,,,,,,,,,,,,,,
Luis Eduardo,L. Eduardo,142257,GRE,284,0,True,https://s3.glbimg.com/v1/AUTH_58d78b787ec34892b5aaa0c7a146155f/clubes_2026/silhuetas/GRE/FORMATO.png,2,-0.3,Luis Eduardo Guedes de Souza,-0.3,3,1.45,17,luis-eduardo,7,-0.28,,,,,,,2.0,,,,,,,,,,,,,
Bernardo Zortea,B. Zortea,142260,GRE,284,0,False,https://s3.glbimg.com/v1/AUTH_58d78b787ec34892b5aaa0c7a146155f/clubes_2026/silhuetas/GRE/FORMATO.png,3,0.13,Bernardo Schons Zortea,0.0,4,0.77,17,bernardo-zortea,6,0.0,,,,,,1.0,3.0,,1.0,,,,,,,1.0,,,,
Jeferson,Jeferson,142261,GRE,284,0,False,https://s3.glbimg.com/v1/AUTH_58d78b787ec34892b5aaa0c7a146155f/clubes_2026/silhuetas/GRE/FORMATO.png,0,0.0,Jeferson Borges dos Santos,0.0,5,1.0,17,jeferson,6,0.0,,,,,,,,,,,,,,,,,,,,
Dell,Dell,142265,BAH,265,0,False,https://s3.glbimg.com/v1/AUTH_58d78b787ec34892b5aaa0c7a146155f/clubes_2026/silhuetas/BAH/FORMATO.png,4,0.65,Wendeson Wanderley Santos de Melo,0.0,5,1.82,17,dell,6,0.0,,,1.0,,,2.0,3.0,1.0,1.0,3.0,,,,,,,,,,
Luiz Felipe,L. Felipe,142275,FLA,262,0,False,https://s3.glbimg.com/v1/AUTH_58d78b787ec34892b5aaa0c7a146155f/clubes_2026/silhuetas/FLA/FORMATO.png,0,0.0,Luiz Felipe Mariano dos Santos,0.0,4,1.0,17,luiz-felipe,6,0.0,,,,,,,,,,,,,,,,,,,,
Nuno Moreira,N. Moreira,142279,VAS,267,0,False,https://s3.glbimg.com/v1/AUTH_58d78b787ec34892b5aaa0c7a146155f/clubes_2026/silhuetas/VAS/FORMATO.png,14,2.29,Nuno Gonçalo Rocha Moreira,0.0,4,5.23,17,nuno-moreira,6,0.0,1.0,2.0,,,,8.0,9.0,3.0,6.0,7.0,,1.0,,,1.0,,,,,
Barrera,Barrera,142484,BOT,263,0,True,https://s3.glbimg.com/v1/AUTH_58d78b787ec34892b5aaa0c7a146155f/clubes_2026/silhuetas/BOT/FORMATO.png,10,2.62,Jordan Andrés Barrera Herrera,11.7,4,6.45,17,barrera,6,1.85,,,,,,5.0,8.0,5.0,2.0,5.0,1.0,1.0,,,,,,,,
João Victor,J. Victor,142638,INT,285,0,False,https://s3.glbimg.com/v1/AUTH_58d78b787ec34892b5aaa0c7a146155f/clubes_2026/silhuetas/INT/FORMATO.png,0,0.0,João Victor Alves de Morais Francisco,0.0,5,1.0,17,joao-victor,6,0.0,,,,,,,,,,,,,,,,,,,,
Robinho Jr.,R. Jr.,142867,SAN,277,0,True,https://s3.glbimg.com/v1/AUTH_58d78b787ec34892b5aaa0c7a146155f/clubes_2026/silhuetas/SAN/FORMATO.png,4,0.62,Robson de Souza Júnior,0.0,5,2.76,17,robinho-jr,6,-0.63,,,,,,1.0,1.0,,1.0,1.0,,,,,,,,,,
Johnny,Johnny,142868,FLA,262,0,False,https://s3.glbimg.com/v1/AUTH_58d78b787ec34892b5aaa0c7a146155f/clubes_2026/silhuetas/FLA/FORMATO.png,0,0.0,Johnny Monteiro Góes,0.0,2,1.0,17,johnny,6,0.0,,,,,,,,,,,,,,,,,,,,
Villalba,Villalba,142877,BOT,263,0,True,https://s3.glbimg.com/v1/AUTH_58d78b787ec34892b5aaa0c7a146155f/clubes_2026/silhuetas/BOT/FORMATO.png,7,2.04,Lucas Martín Villalba Jaume,2.0,5,4.77,17,villalba,7,0.35,,2.0,,,,6.0,4.0,,,1.0,,1.0,,,,,,,,
Montoro,Montoro,142890,BOT,263,0,True,https://s3.glbimg.com/v1/AUTH_58d78b787ec34892b5aaa0c7a146155f/clubes_2026/silhuetas/BOT/FORMATO.png,13,2.81,Álvaro Montoro,-1.0,4,6.96,17,montoro,7,-0.5,3.0,2.0,,,,7.0,9.0,2.0,3.0,16.0,1.0,,,,,,,,,
Gabriel Abdias,G. Abdias,143072,BOT,263,0,False,https://s3.glbimg.com/v1/AUTH_58d78b787ec34892b5aaa0c7a146155f/clubes_2026/silhuetas/BOT/FORMATO.png,0,0.0,Gabriel da Silva Abdias,0.0,2,3.0,17,gabriel-abdias,5,0.0,,,,,,,,,,,,,,,,,,,,
Tarzia,Tarzia,143153,VIT,287,0,True,https://s3.glbimg.com/v1/AUTH_58d78b787ec34892b5aaa0c7a146155f/clubes_2026/silhuetas/VIT/FORMATO.png,11,2.2,Diego Tarzia,8.5,5,3.97,17,tarzia,6,1.26,,1.0,,,,2.0,6.0,3.0,3.0,4.0,,2.0,,,,,,,,
Leonel Pérez,L. Pérez,143173,GRE,284,0,True,https://s3.glbimg.com/v1/AUTH_58d78b787ec34892b5aaa0c7a146155f/clubes_2026/silhuetas/GRE/FORMATO.png,9,2.65,Leonel Ulises Perez,7.1,4,5.27,17,leonel-perez,2,0.47,,2.0,,,,14.0,15.0,2.0,3.0,9.0,,,,,,,,,,
Viveros,Viveros,143193,CAP,293,0,True,https://s3.glbimg.com/v1/AUTH_58d78b787ec34892b5aaa0c7a146155f/clubes_2026/silhuetas/CAP/FORMATO.png,14,8.23,Kevin Stiven Viveros Rodallega,17.4,5,13.9,17,viveros,7,1.44,1.0,2.0,,,,2.0,30.0,15.0,9.0,48.0,1.0,8.0,,,10.0,,,3.0,,
Gean,Gean,143252,VIT,287,0,False,https://s3.glbimg.com/v1/AUTH_58d78b787ec34892b5aaa0c7a146155f/clubes_2026/silhuetas/VIT/FORMATO.png,0,0.0,Gean de Jesus Soares,0.0,2,1.0,17,gean,6,0.0,,,,,,,,,,,,,,,,,,,,
Wendell,Wendell,143253,VIT,287,0,False,https://s3.glbimg.com/v1/AUTH_58d78b787ec34892b5aaa0c7a146155f/clubes_2026/silhuetas/VIT/FORMATO.png,0,0.0,Wendell dos Santos Sacramento,0.0,4,2.0,17,wendell,6,0.0,,,,,,,,,,,,,,,,,,,,
Kauan Vitor,K. Vitor,143255,VIT,287,0,False,https://s3.glbimg.com/v1/AUTH_58d78b787ec34892b5aaa0c7a146155f/clubes_2026/silhuetas/VIT/FORMATO.png,0,0.0,Kauan Vitor Silva Ferreira de Melo,0.0,2,1.0,17,kauan-vitor,6,0.0,,,,,,,,,,,,,,,,,,,,
Joshua,Joshua,143295,FLA,262,0,False,https://s3.glbimg.com/v1/AUTH_58d78b787ec34892b5aaa0c7a146155f/clubes_2026/silhuetas/FLA/FORMATO.png,0,0.0,Caio Joshua Lana de Andrade,0.0,4,3.0,17,joshua,6,0.0,,,,,,,,,,,,,,,,,,,,
Murilo Rhikman,M. Rhikman,143350,CRU,283,0,False,https://s3.glbimg.com/v1/AUTH_58d78b787ec34892b5aaa0c7a146155f/clubes_2026/silhuetas/CRU/FORMATO.png,1,0.5,Murilo Rhikman Alves Pimentel,0.0,4,2.95,17,murilo-rhikman,6,0.0,,,,,,,,,,1.0,,,,,,,,,,
PH Gama,P. Gama,143455,REM,364,0,False,https://s3.glbimg.com/v1/AUTH_58d78b787ec34892b5aaa0c7a146155f/clubes_2026/silhuetas/REM/FORMATO.png,0,0.0,Darilson Gama Amador,0.0,4,2.0,17,ph-gama,6,0.0,,,,,,,,,,,,,,,,,,,,
Wesley Natã,W. Natã,143463,FLU,266,0,True,https://s3.glbimg.com/v1/AUTH_58d78b787ec34892b5aaa0c7a146155f/clubes_2026/silhuetas/FLU/FORMATO.png,1,-0.3,Wesley Natã de Freitas Prado,-0.3,5,0.8,17,wesley-nata,6,-0.2,,,,,,,1.0,,,,,,,,,,,,,
Keven Samuel,K. Samuel,143465,FLU,266,0,False,https://s3.glbimg.com/v1/AUTH_58d78b787ec34892b5aaa0c7a146155f/clubes_2026/silhuetas/FLU/FORMATO.png,0,0.0,Keven Samuel Moreira dos Santos,0.0,5,1.0,17,keven-samuel,6,0.0,,,,,,,,,,,,,,,,,,,,
Raykkonen,Raykkonen,143488,INT,285,0,False,https://s3.glbimg.com/v1/AUTH_58d78b787ec34892b5aaa0c7a146155f/clubes_2026/silhuetas/INT/FORMATO.png,1,0.5,Raykkonen Pereira Soares,0.0,5,2.63,17,raykkonen,6,0.0,,,,,,,,,,1.0,,,,,,,,,,
Carlos Eduardo,C. Eduardo,143532,CAP,293,0,False,https://s3.glbimg.com/v1/AUTH_58d78b787ec34892b5aaa0c7a146155f/clubes_2026/silhuetas/CAP/FORMATO.png,0,0.0,Carlos Eduardo Souza de Barros,0.0,1,1.0,17,carlos-eduardo,6,0.0,,,,,,,,,,,,,,,,,,,,
Kauã Moraes,K. Moraes,143600,CRU,283,0,True,https://s3.glbimg.com/v1/AUTH_58d78b787ec34892b5aaa0c7a146155f/clubes_2026/silhuetas/CRU/FORMATO.png,9,5.07,Kauã Moraes da Silva,6.1,2,7.33,17,kaua-moraes,2,-0.23,1.0,2.0,,,,9.0,14.0,,1.0,13.0,,2.0,,,,,,,2.0,
João Alencar,J. Alencar,144255,SAN,277,0,False,https://s3.glbimg.com/v1/AUTH_58d78b787ec34892b5aaa0c7a146155f/clubes_2026/silhuetas/SAN/FORMATO.png,0,0.0,João Alencar Santos Paes da Costa,0.0,3,1.0,17,joao-alencar,6,0.0,,,,,,,,,,,,,,,,,,,,
Nicolas Pontes,N. Pontes,144423,CRU,283,0,False,https://s3.glbimg.com/v1/AUTH_58d78b787ec34892b5aaa0c7a146155f/clubes_2026/silhuetas/CRU/FORMATO.png,0,0.0,Nicolas Pontes de Souza Almeida,0.0,2,1.0,17,nicolas-pontes,6,0.0,,,,,,,,,,,,,,,,,,,,
Vitinho,Vitinho,144898,CAP,293,0,False,https://s3.glbimg.com/v1/AUTH_58d78b787ec34892b5aaa0c7a146155f/clubes_2026/silhuetas/CAP/FORMATO.png,0,0.0,Victor Vinicius Teodoro Ferraz,0.0,2,1.0,17,vitinho,6,0.0,,,,,,,,,,,,,,,,,,,,
Fernando Pradella,F. Pradella,145036,SAN,277,0,False,https://s3.glbimg.com/v1/AUTH_58d78b787ec34892b5aaa0c7a146155f/clubes_2026/silhuetas/SAN/FORMATO.png,1,0.0,Fernando Pradella Rocha,0.0,5,0.82,17,fernando-pradella,6,0.0,,,,,,,,,,,,,,,,,,,,
Kauê Furquim,K. Furquim,145379,BAH,265,0,False,https://s3.glbimg.com/v1/AUTH_58d78b787ec34892b5aaa0c7a146155f/clubes_2026/silhuetas/BAH/FORMATO.png,0,0.0,Kauê Junior Furquim da Silva,0.0,5,2.0,17,kaue-furquim,6,0.0,,,,,,,,,,,,,,,,,,,,
Rúben Ismael,R. Ismael,145387,VIT,287,0,False,https://s3.glbimg.com/v1/AUTH_58d78b787ec34892b5aaa0c7a146155f/clubes_2026/silhuetas/VIT/FORMATO.png,0,0.0,Rúben Ismael Valente Ramos,0.0,4,4.0,17,ruben-ismael,5,0.0,,,,,,,,,,,,,,,,,,,,
Cauê,Cauê,145400,RBB,280,0,False,https://s3.glbimg.com/v1/AUTH_58d78b787ec34892b5aaa0c7a146155f/clubes_2026/silhuetas/RBB/FORMATO.png,3,3.47,Cauê Nascimento Santos,0.0,2,4.23,17,caue,6,0.0,,1.0,,,,4.0,4.0,,2.0,,,,,,,,,,1.0,
Arthur,Arthur,145404,PAL,275,0,True,https://s3.glbimg.com/v1/AUTH_58d78b787ec34892b5aaa0c7a146155f/clubes_2026/silhuetas/PAL/FORMATO.png,12,4.28,Arthur Gabriel Santana Marcolino,10.4,2,5.38,17,arthur,7,1.56,,,,,,15.0,15.0,2.0,3.0,7.0,,,,,,,,,5.0,
Belé,Belé,145436,PAL,275,0,False,https://s3.glbimg.com/v1/AUTH_58d78b787ec34892b5aaa0c7a146155f/clubes_2026/silhuetas/PAL/FORMATO.png,0,0.0,Erick Machado Belé,0.0,5,3.0,17,bele,6,0.0,,,,,,,,,,,,,,,,,,,,
João Ananias,J. Ananias,145563,SAN,277,0,False,https://s3.glbimg.com/v1/AUTH_58d78b787ec34892b5aaa0c7a146155f/clubes_2026/silhuetas/SAN/FORMATO.png,2,2.85,João Paulo Ananias Bento,0.0,3,2.68,17,joao-ananias,6,0.0,,1.0,,,,4.0,1.0,,,2.0,,,,,,,,,,
Élan Ricardo,E. Ricardo,145609,CAP,293,0,False,https://s3.glbimg.com/v1/AUTH_58d78b787ec34892b5aaa0c7a146155f/clubes_2026/silhuetas/CAP/FORMATO.png,0,0.0,Élan Joshep Ricardo Ochoa,0.0,4,3.0,17,elan-ricardo,6,0.0,,,,,,,,,,,,,,,,,,,,
Nicolas,Nicolas,145659,SAO,276,0,False,https://s3.glbimg.com/v1/AUTH_58d78b787ec34892b5aaa0c7a146155f/clubes_2026/silhuetas/SAO/FORMATO.png,1,5.0,Nicolas Bosshardt,0.0,2,2.79,17,nicolas,6,0.0,,,,,,,,,,,,,,,,,,,1.0,
Luiz Felipe,L. Felipe,145660,INT,285,0,False,https://s3.glbimg.com/v1/AUTH_58d78b787ec34892b5aaa0c7a146155f/clubes_2026/silhuetas/INT/FORMATO.png,1,0.0,Luiz Felipe de Morais Francisco,0.0,2,0.92,17,luiz-felipe,6,0.0,,,,,,,,,,,,,,,,,,,,
Douglas Telles,D. Telles,145705,FLA,262,0,False,https://s3.glbimg.com/v1/AUTH_58d78b787ec34892b5aaa0c7a146155f/clubes_2026/silhuetas/FLA/FORMATO.png,0,0.0,Douglas Costa Telles,0.0,5,2.0,17,douglas-telles,6,0.0,,,,,,,,,,,,,,,,,,,,
André,André,145744,COR,264,0,True,https://s3.glbimg.com/v1/AUTH_58d78b787ec34892b5aaa0c7a146155f/clubes_2026/silhuetas/COR/FORMATO.png,12,3.08,André Luiz Santos Dias,3.8,4,6.03,17,andre,7,0.51,,1.0,2.0,,,18.0,13.0,1.0,5.0,15.0,,1.0,,,,,,,,
Tassano,Tassano,145782,REM,364,0,False,https://s3.glbimg.com/v1/AUTH_58d78b787ec34892b5aaa0c7a146155f/clubes_2026/silhuetas/REM/FORMATO.png,0,0.0,Cristian Marcelo González Tassano,0.0,3,3.0,17,tassano,6,0.0,,,,,,,,,,,,,,,,,,,,
João Pedro,J. Pedro,146040,REM,364,0,False,https://s3.glbimg.com/v1/AUTH_58d78b787ec34892b5aaa0c7a146155f/clubes_2026/silhuetas/REM/FORMATO.png,6,1.75,João Pedro Sousa Silva,0.0,5,3.14,17,joao-pedro,6,0.0,,2.0,,,,1.0,11.0,1.0,4.0,4.0,,1.0,,,1.0,,,,,
Gilberto,Gilberto,146374,CAP,293,0,True,https://s3.glbimg.com/v1/AUTH_58d78b787ec34892b5aaa0c7a146155f/clubes_2026/silhuetas/CAP/FORMATO.png,5,5.54,Gilberto Junior Leite dos Santos,1.4,2,6.76,17,gilberto,2,-0.45,,,,,,11.0,3.0,1.0,,2.0,,,,,1.0,,,,2.0,
Kadir,Kadir,146375,BOT,263,0,True,https://s3.glbimg.com/v1/AUTH_58d78b787ec34892b5aaa0c7a146155f/clubes_2026/silhuetas/BOT/FORMATO.png,8,2.4,José Kadir Barría Rose,5.7,5,5.06,17,kadir,6,0.35,1.0,,,,,4.0,13.0,3.0,7.0,6.0,,,,,1.0,,,,,
Marquinhos,Marquinhos,146410,BOT,263,0,False,https://s3.glbimg.com/v1/AUTH_58d78b787ec34892b5aaa0c7a146155f/clubes_2026/silhuetas/BOT/FORMATO.png,1,0.0,Marcos Felipe Vinagre Souza,0.0,4,0.85,17,marquinhos,6,0.0,,,,,,,,,,,,,,,,,,,,
Justino,Justino,146430,BOT,263,0,True,https://s3.glbimg.com/v1/AUTH_58d78b787ec34892b5aaa0c7a146155f/clubes_2026/silhuetas/BOT/FORMATO.png,5,1.4,Gabriel Pereira Justino,1.5,3,2.56,17,justino,7,-0.05,,2.0,,,,5.0,,,,3.0,,,,,,,,,,
Luis Pacheco,L. Pacheco,146623,PAL,275,0,False,https://s3.glbimg.com/v1/AUTH_58d78b787ec34892b5aaa0c7a146155f/clubes_2026/silhuetas/PAL/FORMATO.png,2,0.65,Luis Felipe Pacheco da Costa,0.0,4,2.77,17,luis-pacheco,6,0.0,,1.0,,,,1.0,,,1.0,,,,,,,,,,,
Alisson,Alisson,146632,INT,285,0,False,https://s3.glbimg.com/v1/AUTH_58d78b787ec34892b5aaa0c7a146155f/clubes_2026/silhuetas/INT/FORMATO.png,0,0.0,Alisson Rodrigues de Melo,0.0,2,1.0,17,alisson,6,0.0,,,,,,,,,,,,,,,,,,,,
Benjamin Arhin,B. Arhin,146701,INT,285,0,False,https://s3.glbimg.com/v1/AUTH_58d78b787ec34892b5aaa0c7a146155f/clubes_2026/silhuetas/INT/FORMATO.png,1,-0.3,Benjamin Arhin,0.0,4,1.73,17,benjamin-arhin,6,0.0,,,,,,,1.0,,,,,,,,,,,,,
Rayan Lelis,R. Lelis,146807,CRU,283,0,False,https://s3.glbimg.com/v1/AUTH_58d78b787ec34892b5aaa0c7a146155f/clubes_2026/silhuetas/CRU/FORMATO.png,0,0.0,Rayan Passaglia Lelis,0.0,5,2.0,17,rayan-lelis,6,0.0,,,,,,,,,,,,,,,,,,,,
João Bom,J. Bom,146894,CHA,315,0,False,https://s3.glbimg.com/v1/AUTH_58d78b787ec34892b5aaa0c7a146155f/clubes_2026/silhuetas/CHA/FORMATO.png,0,0.0,João Henrique Araújo Bom,0.0,5,2.0,17,joao-bom,6,0.0,,,,,,,,,,,,,,,,,,,,
Rhuan Gabriel,R. Gabriel,146991,CRU,283,0,False,https://s3.glbimg.com/v1/AUTH_58d78b787ec34892b5aaa0c7a146155f/clubes_2026/silhuetas/CRU/FORMATO.png,1,1.2,Rhuan Gabriel Rodrigues de Souza Silva,0.0,4,1.39,17,rhuan-gabriel,6,0.0,,,,,,,1.0,,,3.0,,,,,,,,,,
Cissé,Cissé,147088,CAM,282,0,True,https://s3.glbimg.com/v1/AUTH_58d78b787ec34892b5aaa0c7a146155f/clubes_2026/silhuetas/CAM/FORMATO.png,7,2.21,Mamady Cissé,0.2,4,2.33,17,cisse,6,-1.19,,,,,,2.0,1.0,1.0,2.0,4.0,,1.0,,,,,,,,
Cauã Soares,C. Soares,147089,CAM,282,0,True,https://s3.glbimg.com/v1/AUTH_58d78b787ec34892b5aaa0c7a146155f/clubes_2026/silhuetas/CAM/FORMATO.png,4,0.8,Cauã Campos Soares,0.0,5,1.39,17,caua-soares,6,-0.28,,,,,,1.0,,1.0,,1.0,,,,,,,,,,
Kauã Pascini,K. Pascini,147090,CAM,282,0,False,https://s3.glbimg.com/v1/AUTH_58d78b787ec34892b5aaa0c7a146155f/clubes_2026/silhuetas/CAM/FORMATO.png,3,2.17,Kauã Pascini Resende,0.0,2,2.64,17,kaua-pascini,6,0.0,,,,,,1.0,,,,,,,,,,,,,1.0,
Claudinho,Claudinho,147192,CAP,293,0,True,https://s3.glbimg.com/v1/AUTH_58d78b787ec34892b5aaa0c7a146155f/clubes_2026/silhuetas/CAP/FORMATO.png,2,5.45,Claudio Henrique de Jesus Passos,10.4,2,4.06,17,claudinho,2,2.94,1.0,,,,,2.0,2.0,1.0,1.0,3.0,,,,,,,,,,
Bruninho,Bruninho,147194,CAP,293,0,False,https://s3.glbimg.com/v1/AUTH_58d78b787ec34892b5aaa0c7a146155f/clubes_2026/silhuetas/CAP/FORMATO.png,8,1.63,Bruno Braga Ramos,0.0,4,2.68,17,bruninho,6,0.0,,,,,,2.0,4.0,6.0,2.0,5.0,,,,,1.0,,,,,
João Bezerra,J. Bezerra,147202,INT,285,0,False,https://s3.glbimg.com/v1/AUTH_58d78b787ec34892b5aaa0c7a146155f/clubes_2026/silhuetas/INT/FORMATO.png,0,0.0,João Pedro Bezerra de Oliveira Lo,0.0,5,1.0,17,joao-bezerra,6,0.0,,,,,,,,,,,,,,,,,,,,
Anderson Pato,A. Pato,147268,VIT,287,0,False,https://s3.glbimg.com/v1/AUTH_58d78b787ec34892b5aaa0c7a146155f/clubes_2026/silhuetas/VIT/FORMATO.png,4,1.38,Anderson Bispo dos Santos,0.0,5,3.12,17,anderson-pato,5,0.0,,1.0,,,,4.0,1.0,,1.0,,,,,,,,,,,
Kaiquy Luiz,K. Luiz,147287,CRU,283,0,False,https://s3.glbimg.com/v1/AUTH_58d78b787ec34892b5aaa0c7a146155f/clubes_2026/silhuetas/CRU/FORMATO.png,0,0.0,Kaiquy Luiz Alves Vasco,0.0,3,1.0,17,kaiquy-luiz,6,0.0,,,,,,,,,,,,,,,,,,,,
William Fernando,W. Fernando,147297,CRU,283,0,False,https://s3.glbimg.com/v1/AUTH_58d78b787ec34892b5aaa0c7a146155f/clubes_2026/silhuetas/CRU/FORMATO.png,0,0.0,William Fernando Soares de Almeida,0.0,2,1.0,17,william-fernando,6,0.0,,,,,,,,,,,,,,,,,,,,
Jefinho,Jefinho,147545,GRE,284,0,False,https://s3.glbimg.com/v1/AUTH_58d78b787ec34892b5aaa0c7a146155f/clubes_2026/silhuetas/GRE/FORMATO.png,1,1.5,Jéferson Forneck,0.0,4,1.46,17,jefinho,6,0.0,,,,,,1.0,,,,,,,,,,,,,,
Roger,Roger,147546,GRE,284,0,False,https://s3.glbimg.com/v1/AUTH_58d78b787ec34892b5aaa0c7a146155f/clubes_2026/silhuetas/GRE/FORMATO.png,2,1.2,Roger Dias Fernandes,0.0,4,1.5,17,roger,6,0.0,,,,,,1.0,1.0,1.0,,,,,,,,,,,,
Caio Suassuna,C. Suassuna,147560,BAH,265,0,False,https://s3.glbimg.com/v1/AUTH_58d78b787ec34892b5aaa0c7a146155f/clubes_2026/silhuetas/BAH/FORMATO.png,1,2.0,Caio Suassuna Gonçalves Ferreira,0.0,5,2.64,17,caio-suassuna,6,0.0,,,,,,1.0,,,,1.0,,,,,,,,,,
Arthur Novaes,A. Novaes,147782,BOT,263,0,False,https://s3.glbimg.com/v1/AUTH_58d78b787ec34892b5aaa0c7a146155f/clubes_2026/silhuetas/BOT/FORMATO.png,0,0.0,Arthur Alves Novaes,0.0,4,1.0,17,arthur-novaes,6,0.0,,,,,,,,,,,,,,,,,,,,
Arthur Izaque,A. Izaque,147788,BOT,263,0,False,https://s3.glbimg.com/v1/AUTH_58d78b787ec34892b5aaa0c7a146155f/clubes_2026/silhuetas/BOT/FORMATO.png,0,0.0,Arthur Izaque Bendayan de Castro Silva,0.0,5,1.0,17,arthur-izaque,6,0.0,,,,,,,,,,,,,,,,,,,,
Koné,Koné,147792,PAL,275,0,False,https://s3.glbimg.com/v1/AUTH_58d78b787ec34892b5aaa0c7a146155f/clubes_2026/silhuetas/PAL/FORMATO.png,0,0.0,Koné Zie Mohamed,0.0,3,2.0,17,kone,6,0.0,,,,,,,,,,,,,,,,,,,,
Rafael Monti,R. Monti,147864,REM,364,0,False,https://s3.glbimg.com/v1/AUTH_58d78b787ec34892b5aaa0c7a146155f/clubes_2026/silhuetas/REM/FORMATO.png,1,0.0,Rafael Monti Azpiazú,0.0,5,3.56,17,rafael-monti,6,0.0,,,,,,,,,,,,,,,,,,,,
Daniel Silva,D. Silva,147875,FLA,262,0,False,https://s3.glbimg.com/v1/AUTH_58d78b787ec34892b5aaa0c7a146155f/clubes_2026/silhuetas/FLA/FORMATO.png,0,0.0,Daniel Carvalho Marinho da Silva,0.0,3,1.0,17,daniel-silva,6,0.0,,,,,,,,,,,,,,,,,,,,
Cauan Farias,C. Farias,147877,VIT,287,0,False,https://s3.glbimg.com/v1/AUTH_58d78b787ec34892b5aaa0c7a146155f/clubes_2026/silhuetas/VIT/FORMATO.png,0,0.0,Cauan de Jesus Farias,0.0,3,1.0,17,cauan-farias,6,0.0,,,,,,,,,,,,,,,,,,,,
João Vitor,J. Vitor,147883,VAS,267,0,True,https://s3.glbimg.com/v1/AUTH_58d78b787ec34892b5aaa0c7a146155f/clubes_2026/silhuetas/VAS/FORMATO.png,4,3.13,João Vitor Fonseca da Silva - JV Mutano,10.5,5,3.49,17,joao-vitor,6,2.31,,,,,,8.0,,,,1.0,,,,,,,,,,
Vitor Ramon,V. Ramon,148092,GRE,284,0,False,https://s3.glbimg.com/v1/AUTH_58d78b787ec34892b5aaa0c7a146155f/clubes_2026/silhuetas/GRE/FORMATO.png,1,0.2,Vitor Ramon Ribeiro de Oliveira,0.0,2,1.0,17,vitor-ramon,6,0.0,,1.0,,,,1.0,1.0,,,,,,,,,,,,,
Rafael Soares,R. Soares,148103,REM,364,0,False,https://s3.glbimg.com/v1/AUTH_58d78b787ec34892b5aaa0c7a146155f/clubes_2026/silhuetas/REM/FORMATO.png,0,0.0,Rafael Soares de Sousa,0.0,4,1.0,17,rafael-soares,6,0.0,,,,,,,,,,,,,,,,,,,,
Filipe Lima,F. Lima,148109,REM,364,0,False,https://s3.glbimg.com/v1/AUTH_58d78b787ec34892b5aaa0c7a146155f/clubes_2026/silhuetas/REM/FORMATO.png,0,0.0,Filipe Lima de Oliveira,0.0,5,1.0,17,filipe-lima,6,0.0,,,,,,,,,,,,,,,,,,,,
Vinicius,Vinicius,148124,CHA,315,0,True,https://s3.glbimg.com/v1/AUTH_58d78b787ec34892b5aaa0c7a146155f/clubes_2026/silhuetas/CHA/FORMATO.png,1,-1.3,Vinicius Eduardo de Almeida Gomes da Silva,-1.3,3,1.33,17,vinicius,7,-0.67,,1.0,,,,,1.0,,,,,,,,,,,,,
Ryan Augusto,R. Augusto,148125,RBB,280,0,False,https://s3.glbimg.com/v1/AUTH_58d78b787ec34892b5aaa0c7a146155f/clubes_2026/silhuetas/RBB/FORMATO.png,5,3.7,Ryan Augusto Tavares da Silva,0.0,2,3.78,17,ryan-augusto,5,0.0,,,,,,7.0,3.0,1.0,1.0,4.0,,,,,1.0,,,,1.0,
Weimar Palacios,W. Palacios,148126,RBB,280,0,False,https://s3.glbimg.com/v1/AUTH_58d78b787ec34892b5aaa0c7a146155f/clubes_2026/silhuetas/RBB/FORMATO.png,0,0.0,Weimar Enrique Vivas Palacios,0.0,3,1.0,17,weimar-palacios,6,0.0,,,,,,,,,,,,,,,,,,,,
Ararat,Ararat,148152,CFC,294,0,False,https://s3.glbimg.com/v1/AUTH_58d78b787ec34892b5aaa0c7a146155f/clubes_2026/silhuetas/CFC/FORMATO.png,0,0.0,Alejandro Ararat Díaz,0.0,4,4.0,17,ararat,6,0.0,,,,,,,,,,,,,,,,,,,,
Nadson,Nadson,148206,SAN,277,0,False,https://s3.glbimg.com/v1/AUTH_58d78b787ec34892b5aaa0c7a146155f/clubes_2026/silhuetas/SAN/FORMATO.png,0,0.0,Nadson Juan Maia da Silva de Souza,0.0,5,1.0,17,nadson,6,0.0,,,,,,,,,,,,,,,,,,,,
Djhordney,Djhordney,148215,SAO,276,0,True,https://s3.glbimg.com/v1/AUTH_58d78b787ec34892b5aaa0c7a146155f/clubes_2026/silhuetas/SAO/FORMATO.png,2,-0.2,Djhordney Ferreira,1.2,4,0.79,17,djhordney,6,0.15,,1.0,,,,1.0,3.0,,,,,,,,,,,,,
Tetê,Tetê,148717,SAO,276,0,False,https://s3.glbimg.com/v1/AUTH_58d78b787ec34892b5aaa0c7a146155f/clubes_2026/silhuetas/SAO/FORMATO.png,3,-0.53,Perivan dos Santos,0.0,5,0.66,17,tete,6,0.0,,1.0,,,,,2.0,,,,,,,,,,,,,
Rafael Gonzaga,R. Gonzaga,149715,SAN,277,0,False,https://s3.glbimg.com/v1/AUTH_58d78b787ec34892b5aaa0c7a146155f/clubes_2026/silhuetas/SAN/FORMATO.png,1,2.4,Rafael de Andrade Gonzaga,0.0,2,2.79,17,rafael-gonzaga,6,0.0,,,,,,2.0,2.0,,,,,,,,,,,,,
Franclim Carvalho,F. Carvalho,149990,BOT,263,0,True,https://s3.glbimg.com/v1/AUTH_58d78b787ec34892b5aaa0c7a146155f/clubes_2026/silhuetas/BOT/FORMATO.png,7,5.28,Franclim Pereira da Silva Maia Carvalho,4.0,6,11.62,17,franclim-carvalho,7,-0.46,,,,,,,,,,,,,,,,,,,,2.0
David,David,149991,CFC,294,0,False,https://s3.glbimg.com/v1/AUTH_58d78b787ec34892b5aaa0c7a146155f/clubes_2026/silhuetas/CFC/FORMATO.png,1,0.0,David Alves França,0.0,5,0.92,17,david,6,0.0,,,,,,,,,,,,,,,,,,,,
Iago Machado,I. Machado,149993,COR,264,0,False,https://s3.glbimg.com/v1/AUTH_58d78b787ec34892b5aaa0c7a146155f/clubes_2026/silhuetas/COR/FORMATO.png,0,0.0,Iago da Silva Machado,0.0,3,1.0,17,iago-machado,6,0.0,,,,,,,,,,,,,,,,,,,,
Jhuan Nunes,J. Nunes,149994,RBB,280,0,False,https://s3.glbimg.com/v1/AUTH_58d78b787ec34892b5aaa0c7a146155f/clubes_2026/silhuetas/RBB/FORMATO.png,1,2.3,Jhuan Nunes Coelho,0.0,5,1.83,17,jhuan-nunes,6,0.0,,,,,,1.0,,,1.0,,,,,,,,,,,
Ramon Rique,R. Rique,150180,VAS,267,0,False,https://s3.glbimg.com/v1/AUTH_58d78b787ec34892b5aaa0c7a146155f/clubes_2026/silhuetas/VAS/FORMATO.png,2,3.1,Ramon Rique Santos de Souza Barros,0.0,4,2.73,17,ramon-rique,6,0.0,1.0,,,,,1.0,1.0,,,,,,,,,,,,,
Osorio,Osorio,150197,SAO,276,0,True,https://s3.glbimg.com/v1/AUTH_58d78b787ec34892b5aaa0c7a146155f/clubes_2026/silhuetas/SAO/FORMATO.png,1,1.2,Luís Osório Messias de Oliveira,1.2,3,1.39,17,osorio,7,0.39,,,,,,1.0,1.0,,,,,,,,,,,,,
Samuel Pierri,S. Pierri,150757,SAN,277,0,True,https://s3.glbimg.com/v1/AUTH_58d78b787ec34892b5aaa0c7a146155f/clubes_2026/silhuetas/SAN/FORMATO.png,1,0.0,Samuel Pierri Mendes e Silva,0.0,4,1.84,17,samuel-pierri,6,-0.16,,,,,,,,,,,,,,,,,,,,
Breno,Breno,150825,RBB,280,0,True,https://s3.glbimg.com/v1/AUTH_58d78b787ec34892b5aaa0c7a146155f/clubes_2026/silhuetas/RBB/FORMATO.png,2,3.35,Breno de Moraes Souza,6.7,3,2.8,17,breno,6,1.88,,,,,,1.0,1.0,,,1.0,,,,,,,,,1.0,
Nícollas,Nícollas,150826,COR,264,0,False,https://s3.glbimg.com/v1/AUTH_58d78b787ec34892b5aaa0c7a146155f/clubes_2026/silhuetas/COR/FORMATO.png,0,0.0,Nícollas Vitor Pascoal Melo,0.0,5,1.0,17,nicollas,6,0.0,,,,,,,,,,,,,,,,,,,,
Arthur Monteiro,A. Monteiro,150952,CAP,293,0,False,https://s3.glbimg.com/v1/AUTH_58d78b787ec34892b5aaa0c7a146155f/clubes_2026/silhuetas/CAP/FORMATO.png,0,0.0,Arthur Rodrigues Monteiro,0.0,2,1.0,17,arthur-monteiro,6,0.0,,,,,,,,,,,,,,,,,,,,
Davizinho,Davizinho,150959,SAN,277,0,True,https://s3.glbimg.com/v1/AUTH_58d78b787ec34892b5aaa0c7a146155f/clubes_2026/silhuetas/SAN/FORMATO.png,1,0.0,Davi Fernandes Cavalcante Ribeiro,0.0,2,0.92,17,davizinho,6,-0.08,,,,,,,,,,,,,,,,,,,,
