atletas.apelido,atletas.apelido_abreviado,atletas.atleta_id,atletas.clube.id.full.name,atletas.clube_id,atletas.craque,atletas.entrou_em_campo,atletas.foto,atletas.jogos_num,atletas.media_num,atletas.nome,atletas.pontos_num,atletas.posicao_id,atletas.preco_num,atletas.rodada_id,atletas.slug,atletas.status_id,atletas.variacao_num,A,CA,CV,DE,DP,DS,FC,FD,FF,FS,FT,G,GC,GS,I,PC,PP,PS,SG,V
Léo Condé,L. Condé,37457,REM,364,0,True,https://s3.glbimg.com/v1/AUTH_58d78b787ec34892b5aaa0c7a146155f/clubes_2026/silhuetas/REM/FORMATO.png,18,4.72,Leonardo Rodrigues Condé,3.95,6,7.97,22,leo-conde,7,-0.03,,,,,,,,,,,,,,,,,,,,5.0
Fábio,Fábio,37656,FLU,266,0,True,https://s3.glbimg.com/v1/AUTH_58d78b787ec34892b5aaa0c7a146155f/clubes_2026/silhuetas/FLU/FORMATO.png,21,4.67,Fábio Deivson Lopes Maciel,9.9,1,10.21,22,fabio,7,0.71,,1.0,,79.0,,,,,,5.0,,,,25.0,,1.0,,,4.0,
Thiago Silva,T. Silva,37715,FLU,266,0,False,https://s3.glbimg.com/v1/AUTH_58d78b787ec34892b5aaa0c7a146155f/clubes_2026/silhuetas/FLU/FORMATO.png,2,2.5,Thiago Emiliano da Silva,0.0,3,7.07,22,thiago-silva,6,0.0,,1.0,,,,,1.0,,1.0,1.0,,,,,,,,,1.0,
Hulk,Hulk,39148,FLU,266,0,True,https://s3.glbimg.com/v1/AUTH_58d78b787ec34892b5aaa0c7a146155f/clubes_2026/silhuetas/FLU/FORMATO.png,15,4.64,Givanildo Vieira de Souza,1.6,5,11.16,22,hulk,6,-0.44,3.0,1.0,,,,6.0,10.0,8.0,9.0,35.0,,2.0,,,6.0,,,,,
Alan Franco,A. Franco,39656,CAM,282,0,True,https://s3.glbimg.com/v1/AUTH_58d78b787ec34892b5aaa0c7a146155f/clubes_2026/silhuetas/CAM/FORMATO.png,16,2.34,Alan Steven Franco Palma,1.2,4,4.88,22,alan-franco,7,-0.11,1.0,4.0,,,,24.0,24.0,2.0,3.0,6.0,,,,,1.0,,,,,
Vagner Mancini,V. Mancini,39850,RBB,280,0,True,https://s3.glbimg.com/v1/AUTH_58d78b787ec34892b5aaa0c7a146155f/clubes_2026/silhuetas/RBB/FORMATO.png,20,5.45,Vagner Carmo Mancini,3.09,6,8.34,22,vagner-mancini,7,-0.41,,,,,,,,,,,,,,,,,,,,9.0
Dorival Júnior,D. Júnior,40990,SAO,276,0,True,https://s3.glbimg.com/v1/AUTH_58d78b787ec34892b5aaa0c7a146155f/clubes_2026/silhuetas/SAO/FORMATO.png,14,4.06,Dorival Silvestre Júnior,2.59,6,9.21,22,dorival-junior,7,-0.4,,,,,,,,,,,,,,,,,,,,1.0
Willian,Willian,42135,GRE,284,0,False,https://s3.glbimg.com/v1/AUTH_58d78b787ec34892b5aaa0c7a146155f/clubes_2026/silhuetas/GRE/FORMATO.png,8,1.06,Willian Borges da Silva,0.0,4,3.74,22,willian,6,0.0,,,,,,2.0,1.0,1.0,2.0,6.0,,,,,,,,,,
Osvaldo,Osvaldo,42222,VIT,287,0,False,https://s3.glbimg.com/v1/AUTH_58d78b787ec34892b5aaa0c7a146155f/clubes_2026/silhuetas/VIT/FORMATO.png,2,0.4,Osvaldo Lourenço Filho,0.0,5,4.07,22,osvaldo,6,0.0,,,,,,,,,1.0,,,,,,,,,,,
Cássio,Cássio,42234,CRU,283,0,False,https://s3.glbimg.com/v1/AUTH_58d78b787ec34892b5aaa0c7a146155f/clubes_2026/silhuetas/CRU/FORMATO.png,5,1.32,Cássio Roberto Ramos,0.0,1,6.89,22,cassio,5,0.0,,,,12.0,,,,,,2.0,,,,10.0,,,,,,
Cuca,Cuca,42411,SAN,277,0,True,https://s3.glbimg.com/v1/AUTH_58d78b787ec34892b5aaa0c7a146155f/clubes_2026/silhuetas/SAN/FORMATO.png,13,5.52,Alexi Stival,3.66,6,9.82,22,cuca,7,-0.5,,,,,,,,,,,,,,,,,,,,4.0
Fagner,Fagner,42500,CRU,283,0,True,https://s3.glbimg.com/v1/AUTH_58d78b787ec34892b5aaa0c7a146155f/clubes_2026/silhuetas/CRU/FORMATO.png,15,3.55,Fagner Conserva Lemos,11.1,2,6.93,22,fagner,7,1.74,4.0,3.0,,,,17.0,18.0,,2.0,9.0,,,,,,,,,2.0,
Walter,Walter,51413,MIR,2305,0,False,https://s3.glbimg.com/v1/AUTH_58d78b787ec34892b5aaa0c7a146155f/clubes_2026/silhuetas/MIR/FORMATO.png,17,2.76,Walter Leandro Capeloza Artune,0.0,1,5.17,22,walter,2,0.0,,3.0,,53.0,,,,,,,,,,23.0,,1.0,,,1.0,
Everton Ribeiro,E. Ribeiro,51772,BAH,265,0,False,https://s3.glbimg.com/v1/AUTH_58d78b787ec34892b5aaa0c7a146155f/clubes_2026/silhuetas/BAH/FORMATO.png,16,4.48,Everton Augusto de Barros Ribeiro,0.0,4,8.86,22,everton-ribeiro,5,0.0,4.0,1.0,,,,22.0,12.0,4.0,6.0,28.0,,,,,,,,,,
Alex Sandro,A. Sandro,61987,FLA,262,0,False,https://s3.glbimg.com/v1/AUTH_58d78b787ec34892b5aaa0c7a146155f/clubes_2026/silhuetas/FLA/FORMATO.png,15,3.53,Alex Sandro Lobo Silva,0.0,2,8.2,22,alex-sandro,7,0.0,,3.0,,,,16.0,20.0,,1.0,14.0,,,,,,,,,6.0,
Ganso,Ganso,62977,FLU,266,0,True,https://s3.glbimg.com/v1/AUTH_58d78b787ec34892b5aaa0c7a146155f/clubes_2026/silhuetas/FLU/FORMATO.png,13,0.85,Paulo Henrique Chagas de Lima,0.9,4,3.41,22,ganso,6,0.14,,1.0,,,,5.0,7.0,1.0,,5.0,1.0,,,,,,,,,
Neymar,Neymar,63007,SAN,277,0,False,https://s3.glbimg.com/v1/AUTH_58d78b787ec34892b5aaa0c7a146155f/clubes_2026/silhuetas/SAN/FORMATO.png,9,10.02,Neymar da Silva Santos Júnior,0.0,4,21.85,22,neymar,7,0.0,1.0,6.0,,,,6.0,12.0,8.0,11.0,40.0,,6.0,,,7.0,,,,,
Rafael Tolói,R. Tolói,63008,SAO,276,0,False,https://s3.glbimg.com/v1/AUTH_58d78b787ec34892b5aaa0c7a146155f/clubes_2026/silhuetas/SAO/FORMATO.png,6,4.1,Rafael Toloi,0.0,3,6.92,22,rafael-toloi,5,0.0,,3.0,,,,11.0,8.0,1.0,1.0,3.0,,,,,,,,,2.0,
Marcos Rocha,M. Rocha,63013,GRE,284,0,False,https://s3.glbimg.com/v1/AUTH_58d78b787ec34892b5aaa0c7a146155f/clubes_2026/silhuetas/GRE/FORMATO.png,4,0.8,Marcos Luis Rocha Aquino,0.0,2,5.95,22,marcos-rocha,6,0.0,,,,,,2.0,1.0,,,1.0,,,,,,,,,,
Edenílson,Edenílson,63289,BOT,263,0,False,https://s3.glbimg.com/v1/AUTH_58d78b787ec34892b5aaa0c7a146155f/clubes_2026/silhuetas/BOT/FORMATO.png,14,3.2,Edenílson Andrade dos Santos,0.0,4,6.15,22,edenilson,6,0.0,2.0,1.0,,,,6.0,10.0,2.0,2.0,4.0,,3.0,,,1.0,,,,,
Rodrigo Moledo,R. Moledo,63354,CFC,294,0,True,https://s3.glbimg.com/v1/AUTH_58d78b787ec34892b5aaa0c7a146155f/clubes_2026/silhuetas/CFC/FORMATO.png,3,5.57,Rodrigo Modesto da Silva Moledo,1.2,3,6.53,22,rodrigo-moledo,2,-0.87,,,,,,2.0,1.0,,,2.0,,1.0,,,,,,,1.0,
Alan Patrick,A. Patrick,68685,INT,285,0,True,https://s3.glbimg.com/v1/AUTH_58d78b787ec34892b5aaa0c7a146155f/clubes_2026/silhuetas/INT/FORMATO.png,17,3.86,Alan Patrick Lourenço,2.0,4,7.28,22,alan-patrick,7,-0.7,,1.0,,,,13.0,6.0,2.0,12.0,26.0,,3.0,,,,,,,,
Eduardo,Eduardo,68708,MIR,2305,0,True,https://s3.glbimg.com/v1/AUTH_58d78b787ec34892b5aaa0c7a146155f/clubes_2026/silhuetas/MIR/FORMATO.png,14,2.33,Carlos Eduardo de Oliveira Alves,0.8,4,5.41,22,eduardo,6,-0.09,,1.0,1.0,,,8.0,10.0,2.0,6.0,9.0,,2.0,,,,,,,,
Rafael Santos,R. Santos,68822,CHA,315,0,False,https://s3.glbimg.com/v1/AUTH_58d78b787ec34892b5aaa0c7a146155f/clubes_2026/silhuetas/CHA/FORMATO.png,4,3.75,Rafael de Carvalho Santos,0.0,1,4.94,22,rafael-santos,6,0.0,,,,20.0,,,,,,,,,,11.0,,,,,,
Marcelo Lomba,M. Lomba,68872,PAL,275,0,False,https://s3.glbimg.com/v1/AUTH_58d78b787ec34892b5aaa0c7a146155f/clubes_2026/silhuetas/PAL/FORMATO.png,1,8.9,Marcelo Lomba do Nascimento,0.0,1,7.08,22,marcelo-lomba,6,0.0,,,,3.0,,,,,,,,,,,,,,,1.0,
Dudu,Dudu,68920,CAM,282,0,False,https://s3.glbimg.com/v1/AUTH_58d78b787ec34892b5aaa0c7a146155f/clubes_2026/silhuetas/CAM/FORMATO.png,13,2.57,Eduardo Pereira Rodrigues,0.0,5,6.16,22,dudu,6,0.0,,,,,,2.0,2.0,6.0,4.0,9.0,,2.0,,,,,,,,
Rafael,Rafael,68928,SAO,276,0,True,https://s3.glbimg.com/v1/AUTH_58d78b787ec34892b5aaa0c7a146155f/clubes_2026/silhuetas/SAO/FORMATO.png,21,3.39,Rafael Pires Monteiro,1.9,1,7.39,22,rafael,7,-0.5,,1.0,,58.0,,,,,,3.0,,,,25.0,,,,,4.0,
Giovanni Augusto,G. Augusto,68938,CHA,315,0,True,https://s3.glbimg.com/v1/AUTH_58d78b787ec34892b5aaa0c7a146155f/clubes_2026/silhuetas/CHA/FORMATO.png,13,1.88,Giovanni Augusto Oliveira Cardoso,2.3,4,3.81,22,giovanni-augusto,7,-0.45,1.0,1.0,,,,7.0,7.0,2.0,1.0,18.0,,,,,1.0,,,,,
Marinho,Marinho,68952,VIT,287,0,True,https://s3.glbimg.com/v1/AUTH_58d78b787ec34892b5aaa0c7a146155f/clubes_2026/silhuetas/VIT/FORMATO.png,7,2.06,Mário Sérgio Santos Costa,3.9,5,5.27,22,marinho,6,0.54,,,,,,6.0,4.0,1.0,2.0,8.0,,,,,2.0,,,,,
Willian José,W. José,68996,BAH,265,0,True,https://s3.glbimg.com/v1/AUTH_58d78b787ec34892b5aaa0c7a146155f/clubes_2026/silhuetas/BAH/FORMATO.png,20,2.45,Willian José da Silva,0.5,5,7.29,22,willian-jose,6,-0.07,2.0,,,,,3.0,12.0,5.0,7.0,5.0,1.0,3.0,,,,,1.0,1.0,,
Santos,Santos,69012,CAP,293,0,False,https://s3.glbimg.com/v1/AUTH_58d78b787ec34892b5aaa0c7a146155f/clubes_2026/silhuetas/CAP/FORMATO.png,19,4.25,Aderbar Melo dos Santos Neto,0.0,1,9.22,22,santos,7,0.0,,2.0,,49.0,,,,,,2.0,,,,17.0,,,,,7.0,
Allan,Allan,69140,BOT,263,0,False,https://s3.glbimg.com/v1/AUTH_58d78b787ec34892b5aaa0c7a146155f/clubes_2026/silhuetas/BOT/FORMATO.png,10,2.03,Allan Marques Loureiro,0.0,4,4.48,22,allan,5,0.0,,3.0,,,,15.0,11.0,,2.0,5.0,,,,,,,,,,
Gabriel Paulista,G. Paulista,69208,COR,264,0,True,https://s3.glbimg.com/v1/AUTH_58d78b787ec34892b5aaa0c7a146155f/clubes_2026/silhuetas/COR/FORMATO.png,16,4.56,Gabriel Armando de Abreu,4.8,3,9.34,22,gabriel-paulista,7,0.37,,4.0,,,,16.0,13.0,1.0,10.0,9.0,,1.0,,,,,,,7.0,
Danilo,Danilo,69783,FLA,262,0,False,https://s3.glbimg.com/v1/AUTH_58d78b787ec34892b5aaa0c7a146155f/clubes_2026/silhuetas/FLA/FORMATO.png,6,1.4,Danilo Luiz da Silva,0.0,3,5.3,22,danilo,6,0.0,,,1.0,,,4.0,3.0,,1.0,1.0,,,,,,,,,1.0,
Lucas Moura,L. Moura,70164,SAO,276,0,False,https://s3.glbimg.com/v1/AUTH_58d78b787ec34892b5aaa0c7a146155f/clubes_2026/silhuetas/SAO/FORMATO.png,8,2.32,Lucas Rodrigues Moura da Silva,0.0,4,7.5,22,lucas-moura,5,0.0,1.0,,,,,,5.0,2.0,2.0,6.0,,1.0,,,,,,,,
Eduardo Sasha,E. Sasha,70360,RBB,280,0,True,https://s3.glbimg.com/v1/AUTH_58d78b787ec34892b5aaa0c7a146155f/clubes_2026/silhuetas/RBB/FORMATO.png,16,1.02,Eduardo Colcenti Antunes,0.7,5,4.09,22,eduardo-sasha,7,-0.12,,,,,,5.0,2.0,6.0,5.0,13.0,,,,,3.0,,2.0,,,
Gabriel,Gabriel,70449,VIT,287,0,False,https://s3.glbimg.com/v1/AUTH_58d78b787ec34892b5aaa0c7a146155f/clubes_2026/silhuetas/VIT/FORMATO.png,3,0.9,Gabriel Vasconcelos Ferreira,0.0,1,5.02,22,gabriel,6,0.0,,,,4.0,,,,,,1.0,,,,8.0,,,,,1.0,
Felipe Anderson,F. Anderson,70592,PAL,275,0,True,https://s3.glbimg.com/v1/AUTH_58d78b787ec34892b5aaa0c7a146155f/clubes_2026/silhuetas/PAL/FORMATO.png,15,3.1,Felipe Anderson Pereira Gomes,0.8,4,6.25,22,felipe-anderson,6,-1.32,1.0,1.0,,,,14.0,8.0,1.0,5.0,5.0,,2.0,,,,,,,,
Marllon,Marllon,70666,REM,364,0,True,https://s3.glbimg.com/v1/AUTH_58d78b787ec34892b5aaa0c7a146155f/clubes_2026/silhuetas/REM/FORMATO.png,21,2.83,Marllon Gonçalves Jerônimo Borges,6.0,3,5.82,22,marllon,7,1.2,1.0,3.0,,,,25.0,11.0,,2.0,13.0,,1.0,1.0,,,,,,2.0,
Bruno Henrique,B. Henrique,70944,INT,285,0,True,https://s3.glbimg.com/v1/AUTH_58d78b787ec34892b5aaa0c7a146155f/clubes_2026/silhuetas/INT/FORMATO.png,19,1.73,Bruno Henrique Corsini,0.3,4,3.74,22,bruno-henrique,7,-0.06,1.0,,,,,13.0,24.0,4.0,10.0,6.0,,,,,1.0,,,,,
Léo Vieira,L. Vieira,71043,BAH,265,0,False,https://s3.glbimg.com/v1/AUTH_58d78b787ec34892b5aaa0c7a146155f/clubes_2026/silhuetas/BAH/FORMATO.png,16,5.02,Leonardo da Silva Vieira,0.0,1,6.82,22,leo-vieira,5,0.0,,1.0,,71.0,,,,,,4.0,,,,23.0,,,,,2.0,
Thiago Mendes,T. Mendes,71123,VAS,267,0,True,https://s3.glbimg.com/v1/AUTH_58d78b787ec34892b5aaa0c7a146155f/clubes_2026/silhuetas/VAS/FORMATO.png,17,4.17,Thiago Henrique Mendes Ribeiro,0.7,4,7.15,22,thiago-mendes,7,-0.68,1.0,7.0,,,,11.0,13.0,4.0,5.0,39.0,,4.0,,,1.0,,,,,
Maicon,Maicon,71227,CFC,294,0,True,https://s3.glbimg.com/v1/AUTH_58d78b787ec34892b5aaa0c7a146155f/clubes_2026/silhuetas/CFC/FORMATO.png,14,1.93,Maicon Pereira Roque,0.0,3,3.86,22,maicon,6,-0.28,,,1.0,,,7.0,5.0,,,4.0,,,,,,1.0,,,4.0,
Luiz Gustavo,L. Gustavo,71536,CAP,293,0,True,https://s3.glbimg.com/v1/AUTH_58d78b787ec34892b5aaa0c7a146155f/clubes_2026/silhuetas/CAP/FORMATO.png,14,3.72,Luiz Gustavo Dias,5.9,4,6.71,22,luiz-gustavo,7,0.28,,2.0,,,,14.0,15.0,5.0,3.0,20.0,1.0,2.0,,,,,,,,
Weverton,Weverton,71631,GRE,284,0,True,https://s3.glbimg.com/v1/AUTH_58d78b787ec34892b5aaa0c7a146155f/clubes_2026/silhuetas/GRE/FORMATO.png,18,4.92,Weverton Pereira da Silva,5.5,1,8.19,22,weverton,7,0.52,1.0,1.0,,50.0,2.0,,,,,5.0,,,,21.0,,1.0,,,5.0,
Gustavo Gómez,G. Gómez,71684,PAL,275,0,False,https://s3.glbimg.com/v1/AUTH_58d78b787ec34892b5aaa0c7a146155f/clubes_2026/silhuetas/PAL/FORMATO.png,19,4.71,Gustavo Raúl Gómez Portillo,0.0,3,10.56,22,gustavo-gomez,6,0.0,1.0,,,,,14.0,16.0,1.0,9.0,3.0,,3.0,,,6.0,,,,7.0,
Tiago Volpi,T. Volpi,72018,RBB,280,0,True,https://s3.glbimg.com/v1/AUTH_58d78b787ec34892b5aaa0c7a146155f/clubes_2026/silhuetas/RBB/FORMATO.png,13,5.57,Tiago Luis Volpi,-0.7,1,9.14,22,tiago-volpi,7,-1.41,,,,34.0,,,,,,,,2.0,,13.0,,,,,5.0,
Thomazella,Thomazella,72279,MIR,2305,0,True,https://s3.glbimg.com/v1/AUTH_58d78b787ec34892b5aaa0c7a146155f/clubes_2026/silhuetas/MIR/FORMATO.png,2,-1.35,Carlos Eduardo Lecciolle Thomazella,-3.0,1,0.83,22,thomazella,6,-1.1,,,,1.0,,,,,,,,,,4.0,,,,,,
Everson,Everson,72294,CAM,282,0,True,https://s3.glbimg.com/v1/AUTH_58d78b787ec34892b5aaa0c7a146155f/clubes_2026/silhuetas/CAM/FORMATO.png,21,4.31,Everson Felipe Marques Pires,1.6,1,8.86,22,everson,7,-0.68,1.0,,,68.0,,,,,,8.0,,,,27.0,,,,,4.0,
Fernando Diniz,F. Diniz,72391,COR,264,0,True,https://s3.glbimg.com/v1/AUTH_58d78b787ec34892b5aaa0c7a146155f/clubes_2026/silhuetas/COR/FORMATO.png,15,5.74,Fernando Diniz Silva,8.0,6,9.61,22,fernando-diniz,7,0.45,,,,,,,,,,,,,,,,,,,,6.0
Bernard,Bernard,72460,CAM,282,0,True,https://s3.glbimg.com/v1/AUTH_58d78b787ec34892b5aaa0c7a146155f/clubes_2026/silhuetas/CAM/FORMATO.png,18,3.28,Bernard Anício Caldeira Duarte,7.4,4,5.6,22,bernard,7,0.78,3.0,,,,,14.0,12.0,1.0,3.0,15.0,,2.0,,,3.0,,,,,
Alex Telles,A. Telles,72493,BOT,263,0,True,https://s3.glbimg.com/v1/AUTH_58d78b787ec34892b5aaa0c7a146155f/clubes_2026/silhuetas/BOT/FORMATO.png,16,4.5,Alex Nicolao Telles,10.3,2,10.27,22,alex-telles,7,0.2,3.0,4.0,,,,17.0,19.0,,7.0,5.0,,3.0,,,,1.0,,,2.0,
Vitor Hugo,V. Hugo,72605,CAM,282,0,True,https://s3.glbimg.com/v1/AUTH_58d78b787ec34892b5aaa0c7a146155f/clubes_2026/silhuetas/CAM/FORMATO.png,8,3.3,Vitor Hugo Franchescoli de Souza,-0.6,3,6.2,22,vitor-hugo,6,-0.47,,1.0,,,,5.0,4.0,,2.0,3.0,,1.0,,,,,,,2.0,
Mercado,Mercado,72951,INT,285,0,False,https://s3.glbimg.com/v1/AUTH_58d78b787ec34892b5aaa0c7a146155f/clubes_2026/silhuetas/INT/FORMATO.png,13,3.84,Gabriel Iván Mercado,0.0,3,6.38,22,mercado,7,0.0,,5.0,,,,20.0,14.0,1.0,2.0,7.0,,1.0,,,1.0,,,,3.0,
Daniel Borges,D. Borges,73318,MIR,2305,0,False,https://s3.glbimg.com/v1/AUTH_58d78b787ec34892b5aaa0c7a146155f/clubes_2026/silhuetas/MIR/FORMATO.png,5,4.04,Daniel Fortunato Borges,0.0,2,5.75,22,daniel-borges,6,0.0,,,,,,6.0,3.0,1.0,3.0,7.0,,,,,,,,,1.0,
Samuel Xavier,S. Xavier,73384,FLU,266,0,True,https://s3.glbimg.com/v1/AUTH_58d78b787ec34892b5aaa0c7a146155f/clubes_2026/silhuetas/FLU/FORMATO.png,14,3.75,Samuel Xavier Brito,0.1,2,7.48,22,samuel-xavier,6,-1.73,,4.0,,,,21.0,18.0,2.0,2.0,23.0,,,,,1.0,,,,3.0,
Carrillo,Carrillo,77485,COR,264,0,True,https://s3.glbimg.com/v1/AUTH_58d78b787ec34892b5aaa0c7a146155f/clubes_2026/silhuetas/COR/FORMATO.png,17,1.39,André Martín Carrillo Díaz,-0.4,4,4.04,22,carrillo,6,-0.57,1.0,4.0,,,,17.0,27.0,,3.0,6.0,,,,,1.0,,,,,
Cédric Soares,C. Soares,77656,SAO,276,0,False,https://s3.glbimg.com/v1/AUTH_58d78b787ec34892b5aaa0c7a146155f/clubes_2026/silhuetas/SAO/FORMATO.png,8,0.94,Cédric Ricardo Alves Soares,0.0,2,3.73,22,cedric-soares,6,0.0,,1.0,,,,5.0,2.0,,2.0,,,,,,,,,,,
João Schmidt,J. Schmidt,77777,SAN,277,0,True,https://s3.glbimg.com/v1/AUTH_58d78b787ec34892b5aaa0c7a146155f/clubes_2026/silhuetas/SAN/FORMATO.png,10,1.79,João Felipe Schmidt Urbano,4.2,4,4.72,22,joao-schmidt,7,0.11,,1.0,,,,13.0,14.0,,2.0,4.0,,,,,,,,,,
Everaldo,Everaldo,78117,BAH,265,0,False,https://s3.glbimg.com/v1/AUTH_58d78b787ec34892b5aaa0c7a146155f/clubes_2026/silhuetas/BAH/FORMATO.png,15,4.04,Everaldo Stum,0.0,5,6.29,22,everaldo,6,0.0,,2.0,,,,10.0,13.0,3.0,6.0,16.0,1.0,4.0,,,1.0,,,,,
Gustavo Henrique,G. Henrique,78248,COR,264,0,True,https://s3.glbimg.com/v1/AUTH_58d78b787ec34892b5aaa0c7a146155f/clubes_2026/silhuetas/COR/FORMATO.png,17,3.77,Gustavo Henrique Vernes,5.0,3,8.59,22,gustavo-henrique,7,0.18,,3.0,,,,15.0,17.0,4.0,9.0,7.0,,,,,,1.0,,,7.0,
Vitinho,Vitinho,78435,COR,264,0,False,https://s3.glbimg.com/v1/AUTH_58d78b787ec34892b5aaa0c7a146155f/clubes_2026/silhuetas/COR/FORMATO.png,7,2.13,Victor Vinícius Coelho dos Santos,0.0,5,5.06,22,vitinho,5,0.0,,,,,,5.0,5.0,2.0,5.0,5.0,,,,,,,,,,
Renê,Renê,78445,FLU,266,0,True,https://s3.glbimg.com/v1/AUTH_58d78b787ec34892b5aaa0c7a146155f/clubes_2026/silhuetas/FLU/FORMATO.png,14,5.84,Renê Rodrigues Martins,4.2,2,9.65,22,rene,6,-0.7,2.0,1.0,,,,33.0,10.0,3.0,2.0,12.0,,,,,,,,,3.0,
Willian Arão,W. Arão,78478,SAN,277,0,True,https://s3.glbimg.com/v1/AUTH_58d78b787ec34892b5aaa0c7a146155f/clubes_2026/silhuetas/SAN/FORMATO.png,14,2.9,Willian Souza Arão da Silva,0.7,4,5.31,22,willian-arao,6,-1.0,,1.0,,,,25.0,5.0,,1.0,4.0,1.0,,,,1.0,,,,,
Gabriel,Gabriel,78605,RBB,280,0,False,https://s3.glbimg.com/v1/AUTH_58d78b787ec34892b5aaa0c7a146155f/clubes_2026/silhuetas/RBB/FORMATO.png,16,3.17,Gabriel Girotto Franco,0.0,4,5.17,22,gabriel,6,0.0,,5.0,,,,22.0,13.0,5.0,2.0,8.0,,2.0,,,,1.0,,,,
Reinaldo,Reinaldo,78850,MIR,2305,0,True,https://s3.glbimg.com/v1/AUTH_58d78b787ec34892b5aaa0c7a146155f/clubes_2026/silhuetas/MIR/FORMATO.png,16,3.04,Reinaldo Manoel da Silva,8.0,2,8.98,22,reinaldo,7,0.23,3.0,5.0,,,,9.0,11.0,2.0,10.0,10.0,,1.0,,,,,,,1.0,
Thiago Santos,T. Santos,78855,CFC,294,0,True,https://s3.glbimg.com/v1/AUTH_58d78b787ec34892b5aaa0c7a146155f/clubes_2026/silhuetas/CFC/FORMATO.png,15,3.16,Thiago dos Santos,2.3,3,4.36,22,thiago-santos,7,0.25,,5.0,,,,16.0,19.0,2.0,1.0,12.0,,,,,,,,,5.0,
Alex Muralha,A. Muralha,79066,MIR,2305,0,False,https://s3.glbimg.com/v1/AUTH_58d78b787ec34892b5aaa0c7a146155f/clubes_2026/silhuetas/MIR/FORMATO.png,0,-1.0,Alex Roberto Santana Rafael,0.0,1,2.64,22,alex-muralha,2,0.0,,1.0,,,,,,,,,,,,,,,,,,
Cano,Cano,79631,FLU,266,0,False,https://s3.glbimg.com/v1/AUTH_58d78b787ec34892b5aaa0c7a146155f/clubes_2026/silhuetas/FLU/FORMATO.png,6,1.13,Germán Ezequiel Cano,0.0,5,4.07,22,cano,6,0.0,,,,,,,,3.0,4.0,,,,,,,,,,,
Lucas Silva,L. Silva,79701,CRU,283,0,True,https://s3.glbimg.com/v1/AUTH_58d78b787ec34892b5aaa0c7a146155f/clubes_2026/silhuetas/CRU/FORMATO.png,15,0.41,Lucas Silva Borges,3.5,4,3.86,22,lucas-silva,6,0.64,,5.0,,,,7.0,8.0,,2.0,3.0,,,,,,,,,,
Saúl,Saúl,80061,FLA,262,0,False,https://s3.glbimg.com/v1/AUTH_58d78b787ec34892b5aaa0c7a146155f/clubes_2026/silhuetas/FLA/FORMATO.png,6,2.43,Saúl Ñíguez Esclapez,0.0,4,6.28,22,saul,6,0.0,1.0,,,,,7.0,3.0,,,,,,,,,,,,,
Jadson,Jadson,80129,CAP,293,0,True,https://s3.glbimg.com/v1/AUTH_58d78b787ec34892b5aaa0c7a146155f/clubes_2026/silhuetas/CAP/FORMATO.png,15,3.0,Jadson Alves dos Santos,2.1,4,4.93,22,jadson,7,-0.43,1.0,5.0,,,,28.0,20.0,,1.0,16.0,,,,,,,,,,
Yago Pikachu,Y. Pikachu,80196,REM,364,0,True,https://s3.glbimg.com/v1/AUTH_58d78b787ec34892b5aaa0c7a146155f/clubes_2026/silhuetas/REM/FORMATO.png,21,2.15,Glaybson Yago Souza Lisboa,0.5,4,4.77,22,yago-pikachu,7,-0.02,1.0,1.0,1.0,,,8.0,8.0,5.0,4.0,17.0,,2.0,,,1.0,,,1.0,,
Luciano,Luciano,80287,SAO,276,0,True,https://s3.glbimg.com/v1/AUTH_58d78b787ec34892b5aaa0c7a146155f/clubes_2026/silhuetas/SAO/FORMATO.png,17,4.89,Luciano da Rocha Neves,3.4,5,12.89,22,luciano,7,0.17,1.0,4.0,,,,10.0,20.0,6.0,10.0,27.0,,6.0,,,5.0,,1.0,1.0,,
Gilberto,Gilberto,80313,CAP,293,0,True,https://s3.glbimg.com/v1/AUTH_58d78b787ec34892b5aaa0c7a146155f/clubes_2026/silhuetas/CAP/FORMATO.png,11,4.65,Gilberto Moraes Júnior,8.0,2,7.91,22,gilberto,7,0.28,1.0,,,,,17.0,5.0,1.0,2.0,3.0,1.0,,,,1.0,,,,3.0,
Wendell,Wendell,80570,SAO,276,0,True,https://s3.glbimg.com/v1/AUTH_58d78b787ec34892b5aaa0c7a146155f/clubes_2026/silhuetas/SAO/FORMATO.png,15,4.13,Wendell Nascimento Borges,3.6,2,8.24,22,wendell,7,-0.05,3.0,4.0,,,,24.0,31.0,1.0,4.0,10.0,,,,,2.0,,,,3.0,
André Luis,A. Luis,81005,MIR,2305,0,True,https://s3.glbimg.com/v1/AUTH_58d78b787ec34892b5aaa0c7a146155f/clubes_2026/silhuetas/MIR/FORMATO.png,11,1.02,André Luis Silva de Aguiar,-0.1,5,3.05,22,andre-luis,6,-0.19,,2.0,,,,,6.0,,2.0,11.0,,1.0,,,1.0,,,,,
Jair,Jair,81091,VAS,267,0,True,https://s3.glbimg.com/v1/AUTH_58d78b787ec34892b5aaa0c7a146155f/clubes_2026/silhuetas/VAS/FORMATO.png,2,4.7,Jair Rodrigues Júnior,6.4,4,7.65,22,jair,7,1.0,,,,,,6.0,2.0,,,2.0,,,,,,,,,,
Lingard,Lingard,81720,COR,264,0,True,https://s3.glbimg.com/v1/AUTH_58d78b787ec34892b5aaa0c7a146155f/clubes_2026/silhuetas/COR/FORMATO.png,12,1.88,Jesse Ellis Lingard,1.5,5,4.2,22,lingard,7,-0.28,1.0,2.0,,,,9.0,12.0,3.0,4.0,6.0,,,,,1.0,,,,,
Alisson,Alisson,81845,FLU,266,0,False,https://s3.glbimg.com/v1/AUTH_58d78b787ec34892b5aaa0c7a146155f/clubes_2026/silhuetas/FLU/FORMATO.png,8,0.96,Alisson Euler de Freitas Castro,0.0,4,3.52,22,alisson,6,0.0,1.0,3.0,,,,3.0,5.0,1.0,,5.0,,,,,,1.0,,,,
Chico Kim,C. Kim,82407,MIR,2305,0,False,https://s3.glbimg.com/v1/AUTH_58d78b787ec34892b5aaa0c7a146155f/clubes_2026/silhuetas/MIR/FORMATO.png,4,0.43,Francisco Hyun-Sol Kim,0.0,4,2.91,22,chico-kim,6,0.0,,,,,,1.0,1.0,,,1.0,,,,,,,,,,
Otávio,Otávio,82463,FLU,266,0,True,https://s3.glbimg.com/v1/AUTH_58d78b787ec34892b5aaa0c7a146155f/clubes_2026/silhuetas/FLU/FORMATO.png,6,0.58,Otávio Henrique Passos Santos,1.9,4,2.87,22,otavio,6,0.36,,1.0,,,,2.0,5.0,1.0,1.0,2.0,,,,,,,,,,
Luiz Araújo,L. Araújo,82627,FLA,262,0,False,https://s3.glbimg.com/v1/AUTH_58d78b787ec34892b5aaa0c7a146155f/clubes_2026/silhuetas/FLA/FORMATO.png,11,2.99,Luiz de Araújo Guimarães Neto,0.0,5,7.88,22,luiz-araujo,5,0.0,1.0,2.0,,,,11.0,6.0,2.0,3.0,5.0,,1.0,,,1.0,,,,,
Tinga,Tinga,82628,CFC,294,0,True,https://s3.glbimg.com/v1/AUTH_58d78b787ec34892b5aaa0c7a146155f/clubes_2026/silhuetas/CFC/FORMATO.png,15,3.83,Guilherme de Jesus da Silva,5.3,2,6.38,22,tinga,7,0.13,2.0,,,,,20.0,3.0,1.0,2.0,11.0,,,,,,,,,2.0,
Marcelo Rangel,M. Rangel,82730,REM,364,0,True,https://s3.glbimg.com/v1/AUTH_58d78b787ec34892b5aaa0c7a146155f/clubes_2026/silhuetas/REM/FORMATO.png,21,3.86,Marcelo Rangel da Rosa,-2.0,1,5.11,22,marcelo-rangel,7,-0.66,,2.0,,77.0,1.0,,,,,4.0,,,,36.0,,,,,2.0,
Lucas Ramon,L. Ramon,82775,SAO,276,0,True,https://s3.glbimg.com/v1/AUTH_58d78b787ec34892b5aaa0c7a146155f/clubes_2026/silhuetas/SAO/FORMATO.png,15,5.42,Lucas Ramon Batista Silva,2.9,2,10.2,22,lucas-ramon,7,-0.22,1.0,1.0,1.0,,,32.0,13.0,3.0,4.0,23.0,1.0,,,,1.0,,,,3.0,
Rafael Thyere,R. Thyere,83048,CHA,315,0,False,https://s3.glbimg.com/v1/AUTH_58d78b787ec34892b5aaa0c7a146155f/clubes_2026/silhuetas/CHA/FORMATO.png,3,-0.1,Rafael Thyere de Albuquerque Marques,0.0,3,2.75,22,rafael-thyere,7,0.0,,,,,,2.0,1.0,,,,,,1.0,,,,,,,
Ygor Vinhas,Y. Vinhas,83074,REM,364,0,False,https://s3.glbimg.com/v1/AUTH_58d78b787ec34892b5aaa0c7a146155f/clubes_2026/silhuetas/REM/FORMATO.png,0,0.0,Ygor Vinhas Oliveira Lima,0.0,1,3.0,22,ygor-vinhas,6,0.0,,,,,,,,,,,,,,,,,,,,
Gabriel,Gabriel,83257,SAN,277,0,True,https://s3.glbimg.com/v1/AUTH_58d78b787ec34892b5aaa0c7a146155f/clubes_2026/silhuetas/SAN/FORMATO.png,13,4.7,Gabriel Barbosa Almeida,3.6,5,8.73,22,gabriel,7,0.05,2.0,4.0,1.0,,,4.0,6.0,1.0,13.0,6.0,,5.0,,,8.0,,,,,
Patrick,Patrick,83433,REM,364,0,True,https://s3.glbimg.com/v1/AUTH_58d78b787ec34892b5aaa0c7a146155f/clubes_2026/silhuetas/REM/FORMATO.png,19,3.92,Patrick Bezerra do Nascimento,1.2,4,5.3,22,patrick,6,-1.02,,,,,,36.0,12.0,2.0,6.0,18.0,3.0,,,,1.0,1.0,,,,
Léo Pereira,L. Pereira,83528,FLA,262,0,True,https://s3.glbimg.com/v1/AUTH_58d78b787ec34892b5aaa0c7a146155f/clubes_2026/silhuetas/FLA/FORMATO.png,17,4.74,Leonardo Pereira,12.7,3,10.59,22,leo-pereira,7,1.68,1.0,5.0,,,,10.0,14.0,3.0,7.0,9.0,,2.0,,,,,,,8.0,
Georgemy,Georgemy,84268,MIR,2305,0,False,https://s3.glbimg.com/v1/AUTH_58d78b787ec34892b5aaa0c7a146155f/clubes_2026/silhuetas/MIR/FORMATO.png,0,0.0,Georgemy Gonçalves,0.0,1,3.0,22,georgemy,6,0.0,,,,,,,,,,,,,,,,,,,,
Bruno Melo,B. Melo,84339,CFC,294,0,True,https://s3.glbimg.com/v1/AUTH_58d78b787ec34892b5aaa0c7a146155f/clubes_2026/silhuetas/CFC/FORMATO.png,20,3.34,Bruno Ferreira Melo,-0.8,2,5.21,22,bruno-melo,7,-0.33,1.0,2.0,1.0,,,15.0,10.0,,5.0,11.0,,1.0,,,2.0,,,,6.0,
Fernando Sobral,F. Sobral,84428,CFC,294,0,False,https://s3.glbimg.com/v1/AUTH_58d78b787ec34892b5aaa0c7a146155f/clubes_2026/silhuetas/CFC/FORMATO.png,3,1.0,Fernando Pereira do Nascimento,0.0,4,4.34,22,fernando-sobral,6,0.0,,,,,,2.0,,,,,,,,,,,,,,
Lucas Romero,L. Romero,84558,CRU,283,0,True,https://s3.glbimg.com/v1/AUTH_58d78b787ec34892b5aaa0c7a146155f/clubes_2026/silhuetas/CRU/FORMATO.png,15,4.5,Lucas Daniel Romero,2.9,4,8.45,22,lucas-romero,6,-0.12,3.0,3.0,,,,25.0,19.0,5.0,2.0,18.0,,1.0,,,,1.0,,,,
Josué,Josué,84626,CFC,294,0,True,https://s3.glbimg.com/v1/AUTH_58d78b787ec34892b5aaa0c7a146155f/clubes_2026/silhuetas/CFC/FORMATO.png,21,4.24,Josué Filipe Soares Pesqueira,6.3,4,6.56,22,josue,2,0.33,9.0,2.0,1.0,,,10.0,20.0,6.0,8.0,31.0,1.0,1.0,,,,,,,,
Lucas Evangelista,L. Evangelista,84674,PAL,275,0,False,https://s3.glbimg.com/v1/AUTH_58d78b787ec34892b5aaa0c7a146155f/clubes_2026/silhuetas/PAL/FORMATO.png,19,1.09,Lucas Evangelista Santana de Oliveira,0.0,4,3.94,22,lucas-evangelista,6,0.0,1.0,,,,,6.0,5.0,,3.0,12.0,,,,,,,,,,
Jorginho,Jorginho,84735,FLA,262,0,True,https://s3.glbimg.com/v1/AUTH_58d78b787ec34892b5aaa0c7a146155f/clubes_2026/silhuetas/FLA/FORMATO.png,15,4.22,Jorge Luiz Frello Filho,3.7,4,9.3,22,jorginho,7,-0.15,1.0,3.0,1.0,,,27.0,15.0,,1.0,23.0,,2.0,,,,,,,,
Varela,Varela,84816,FLA,262,0,True,https://s3.glbimg.com/v1/AUTH_58d78b787ec34892b5aaa0c7a146155f/clubes_2026/silhuetas/FLA/FORMATO.png,16,4.82,Guillermo Varela Olivera,8.3,2,8.95,22,varela,7,1.18,2.0,3.0,,,,19.0,7.0,,3.0,11.0,,,,,1.0,,,1.0,7.0,
Luan Peres,L. Peres,84847,SAN,277,0,False,https://s3.glbimg.com/v1/AUTH_58d78b787ec34892b5aaa0c7a146155f/clubes_2026/silhuetas/SAN/FORMATO.png,14,1.99,Luan Peres Petroni,0.0,3,4.07,22,luan-peres,6,0.0,,2.0,1.0,,,10.0,15.0,,1.0,13.0,,,,,,,,,3.0,
Memphis Depay,M. Depay,85048,COR,264,0,False,https://s3.glbimg.com/v1/AUTH_58d78b787ec34892b5aaa0c7a146155f/clubes_2026/silhuetas/COR/FORMATO.png,7,1.99,Memphis Depay,0.0,5,9.56,22,memphis-depay,6,0.0,,,,,,1.0,4.0,1.0,2.0,6.0,,1.0,,,2.0,,,,,
Danielzinho,Danielzinho,85403,SAO,276,0,True,https://s3.glbimg.com/v1/AUTH_58d78b787ec34892b5aaa0c7a146155f/clubes_2026/silhuetas/SAO/FORMATO.png,19,2.68,Daniel de Oliveira Sertanejo,1.2,4,6.34,22,danielzinho,7,-0.39,1.0,1.0,,,,15.0,15.0,1.0,4.0,31.0,,1.0,,,,,,1.0,,
João Paulo,J. Paulo,85425,SAN,277,0,False,https://s3.glbimg.com/v1/AUTH_58d78b787ec34892b5aaa0c7a146155f/clubes_2026/silhuetas/SAN/FORMATO.png,2,0.15,João Paulo Silva Martins,0.0,1,5.2,22,joao-paulo,6,0.0,,1.0,,6.0,,,,,,1.0,,,,7.0,,,,,,
Alex Santana,A. Santana,85465,COR,264,0,False,https://s3.glbimg.com/v1/AUTH_58d78b787ec34892b5aaa0c7a146155f/clubes_2026/silhuetas/COR/FORMATO.png,1,0.8,Alex Paulo Menezes Santana,0.0,4,4.02,22,alex-santana,5,0.0,,,,,,,,,1.0,,,,,,,,,,,
Léo,Léo,85626,CAP,293,0,False,https://s3.glbimg.com/v1/AUTH_58d78b787ec34892b5aaa0c7a146155f/clubes_2026/silhuetas/CAP/FORMATO.png,2,4.9,Leonardo Pinheiro da Conceição,0.0,3,6.77,22,leo,6,0.0,,,,,,4.0,4.0,,,,,,,,,,,,1.0,
Bolasie,Bolasie,86292,CHA,315,0,False,https://s3.glbimg.com/v1/AUTH_58d78b787ec34892b5aaa0c7a146155f/clubes_2026/silhuetas/CHA/FORMATO.png,16,2.21,Yannick Bolasie,0.0,5,4.49,22,bolasie,5,0.0,1.0,3.0,,,,4.0,18.0,7.0,12.0,14.0,1.0,1.0,,,3.0,,1.0,1.0,,
Victor Luis,V. Luis,86410,MIR,2305,0,False,https://s3.glbimg.com/v1/AUTH_58d78b787ec34892b5aaa0c7a146155f/clubes_2026/silhuetas/MIR/FORMATO.png,7,1.2,Victor Luis Chuab Zamblauskas,0.0,2,3.65,22,victor-luis,6,0.0,,2.0,,,,4.0,7.0,,2.0,2.0,,,,,1.0,1.0,,,1.0,
Keno,Keno,86485,CFC,294,0,False,https://s3.glbimg.com/v1/AUTH_58d78b787ec34892b5aaa0c7a146155f/clubes_2026/silhuetas/CFC/FORMATO.png,6,0.65,Marcos da Silva França,0.0,5,3.28,22,keno,6,0.0,,,,,,,2.0,1.0,1.0,5.0,,,,,,,,,,
Tchê Tchê,T. Tchê,86686,VAS,267,0,True,https://s3.glbimg.com/v1/AUTH_58d78b787ec34892b5aaa0c7a146155f/clubes_2026/silhuetas/VAS/FORMATO.png,14,2.12,Danilo das Neves Pinheiro,7.9,4,4.98,22,tche-tche,7,1.11,,2.0,,,,11.0,10.0,2.0,3.0,11.0,,1.0,,,1.0,,,,,
Richard,Richard,86711,INT,285,0,False,https://s3.glbimg.com/v1/AUTH_58d78b787ec34892b5aaa0c7a146155f/clubes_2026/silhuetas/INT/FORMATO.png,0,0.0,Richard Cândido Coelho,0.0,4,4.0,22,richard,6,0.0,,,,,,,,,,,,,,,,,,,,
Everton,Everton,86757,FLA,262,0,False,https://s3.glbimg.com/v1/AUTH_58d78b787ec34892b5aaa0c7a146155f/clubes_2026/silhuetas/FLA/FORMATO.png,9,1.42,Everton Sousa Soares,0.0,5,5.67,22,everton,6,0.0,,1.0,,,,4.0,6.0,1.0,8.0,4.0,,,,,,,,,,
José Welison,J. Welison,86859,REM,364,0,True,https://s3.glbimg.com/v1/AUTH_58d78b787ec34892b5aaa0c7a146155f/clubes_2026/silhuetas/REM/FORMATO.png,18,2.59,José Welison da Silva - Zé,1.6,4,3.57,22,jose-welison,7,-0.47,,4.0,,,,29.0,25.0,,10.0,13.0,,,,,,,,,,
Léo Jardim,L. Jardim,87008,VAS,267,0,True,https://s3.glbimg.com/v1/AUTH_58d78b787ec34892b5aaa0c7a146155f/clubes_2026/silhuetas/VAS/FORMATO.png,20,2.95,Leonardo César Jardim,7.6,1,6.97,22,leo-jardim,7,0.81,,1.0,,60.0,,1.0,1.0,,,2.0,,,,30.0,,,,,2.0,
Pedro Henrique,P. Henrique,87225,RBB,280,0,True,https://s3.glbimg.com/v1/AUTH_58d78b787ec34892b5aaa0c7a146155f/clubes_2026/silhuetas/RBB/FORMATO.png,13,3.4,Pedro Henrique Ribeiro Gonçalves,4.3,3,6.73,22,pedro-henrique,7,-0.08,,3.0,,,,11.0,7.0,,3.0,11.0,,,,,1.0,,,,5.0,
Guilherme Arana,G. Arana,87228,FLU,266,0,False,https://s3.glbimg.com/v1/AUTH_58d78b787ec34892b5aaa0c7a146155f/clubes_2026/silhuetas/FLU/FORMATO.png,14,3.25,Guilherme Antonio Arana Lopes,0.0,2,7.42,22,guilherme-arana,7,0.0,,2.0,,,,13.0,9.0,4.0,7.0,5.0,,1.0,,,1.0,,,,2.0,
Soteldo,Soteldo,87258,FLU,266,0,True,https://s3.glbimg.com/v1/AUTH_58d78b787ec34892b5aaa0c7a146155f/clubes_2026/silhuetas/FLU/FORMATO.png,15,1.56,Yeferson Julio Soteldo Martínez,2.1,5,3.96,22,soteldo,7,-0.67,,,,,,5.0,1.0,4.0,7.0,12.0,,,,,1.0,,,,,
Kannemann,Kannemann,87342,GRE,284,0,True,https://s3.glbimg.com/v1/AUTH_58d78b787ec34892b5aaa0c7a146155f/clubes_2026/silhuetas/GRE/FORMATO.png,2,-0.4,Walter Kannemann,-1.0,3,3.78,22,kannemann,6,-0.86,,1.0,,,,1.0,1.0,,,,,,,,,1.0,,,,
Thaciano,Thaciano,87470,SAN,277,0,True,https://s3.glbimg.com/v1/AUTH_58d78b787ec34892b5aaa0c7a146155f/clubes_2026/silhuetas/SAN/FORMATO.png,12,2.71,Thaciano Mickael da Silva,1.5,4,6.24,22,thaciano,6,-0.17,,1.0,,,,7.0,2.0,1.0,4.0,7.0,,2.0,,,3.0,,,,,
Vitor Bueno,V. Bueno,87552,REM,364,0,True,https://s3.glbimg.com/v1/AUTH_58d78b787ec34892b5aaa0c7a146155f/clubes_2026/silhuetas/REM/FORMATO.png,15,3.56,Vitor Frezarin Bueno,7.0,4,7.61,22,vitor-bueno,6,0.97,3.0,,,,,4.0,10.0,6.0,5.0,10.0,1.0,2.0,,,,,,,,
Neto Moura,N. Moura,87742,MIR,2305,0,False,https://s3.glbimg.com/v1/AUTH_58d78b787ec34892b5aaa0c7a146155f/clubes_2026/silhuetas/MIR/FORMATO.png,11,1.56,Antônio Francisco Moura Neto,0.0,4,3.31,22,neto-moura,6,0.0,,3.0,,,,9.0,10.0,2.0,6.0,5.0,,,,,,,,,,
Arrascaeta,Arrascaeta,87863,FLA,262,0,True,https://s3.glbimg.com/v1/AUTH_58d78b787ec34892b5aaa0c7a146155f/clubes_2026/silhuetas/FLA/FORMATO.png,13,5.2,Giorgian Daniel de Arrascaeta Benedetti,6.4,4,14.59,22,arrascaeta,7,0.43,1.0,1.0,,,,7.0,5.0,6.0,8.0,14.0,3.0,3.0,,,,,,1.0,,
Balbuena,Balbuena,87887,GRE,284,0,False,https://s3.glbimg.com/v1/AUTH_58d78b787ec34892b5aaa0c7a146155f/clubes_2026/silhuetas/GRE/FORMATO.png,7,3.94,Fabián Cornelio Balbuena González,0.0,3,6.98,22,balbuena,6,0.0,,,,,,11.0,2.0,,1.0,2.0,,,,,1.0,,,,2.0,
Gustavo Scarpa,G. Scarpa,87999,CAM,282,0,False,https://s3.glbimg.com/v1/AUTH_58d78b787ec34892b5aaa0c7a146155f/clubes_2026/silhuetas/CAM/FORMATO.png,10,3.09,Gustavo Henrique Furtado Scarpa,0.0,4,7.06,22,gustavo-scarpa,5,0.0,1.0,,,,,3.0,2.0,2.0,7.0,6.0,1.0,1.0,,,,,,,,
Luís Castro,L. Castro,88037,GRE,284,0,True,https://s3.glbimg.com/v1/AUTH_58d78b787ec34892b5aaa0c7a146155f/clubes_2026/silhuetas/GRE/FORMATO.png,20,4.74,Luís Manuel Ribeiro de Castro,5.85,6,9.48,22,luis-castro,7,0.26,,,,,,,,,,,,,,,,,,,,6.0
Ivan,Ivan,88136,REM,364,0,False,https://s3.glbimg.com/v1/AUTH_58d78b787ec34892b5aaa0c7a146155f/clubes_2026/silhuetas/REM/FORMATO.png,1,10.2,Ivan Quaresma da Silva,0.0,1,7.58,22,ivan,6,0.0,,,,4.0,,,,,,,,,,,,,,,1.0,
Neto Pessoa,N. Pessoa,88293,CHA,315,0,False,https://s3.glbimg.com/v1/AUTH_58d78b787ec34892b5aaa0c7a146155f/clubes_2026/silhuetas/CHA/FORMATO.png,9,3.49,Altemir Cordeiro Pessôa Neto,0.0,5,4.74,22,neto-pessoa,6,0.0,1.0,1.0,,,,3.0,5.0,2.0,5.0,2.0,,2.0,,,,,,1.0,,
Ayrton Lucas,A. Lucas,88393,FLA,262,0,True,https://s3.glbimg.com/v1/AUTH_58d78b787ec34892b5aaa0c7a146155f/clubes_2026/silhuetas/FLA/FORMATO.png,11,4.74,Ayrton Lucas Dantas de Medeiros,4.1,2,8.64,22,ayrton-lucas,6,-0.45,1.0,,,,,6.0,10.0,2.0,4.0,1.0,,,,,,,,,7.0,
Walace,Walace,88479,VIT,287,0,True,https://s3.glbimg.com/v1/AUTH_58d78b787ec34892b5aaa0c7a146155f/clubes_2026/silhuetas/VIT/FORMATO.png,3,0.67,Walace Souza Silva,1.2,4,3.37,22,walace,6,-0.11,,,,,,1.0,1.0,,1.0,,,,,,,,,,,
Leonardo Jardim,L. Jardim,88963,FLA,262,0,True,https://s3.glbimg.com/v1/AUTH_58d78b787ec34892b5aaa0c7a146155f/clubes_2026/silhuetas/FLA/FORMATO.png,18,7.09,José Leonardo Nunes Alves Sousa Jardim,8.96,6,13.54,22,leonardo-jardim,7,0.73,,,,,,,,,,,,,,,,,,,,11.0
Gerson,Gerson,89256,CRU,283,0,False,https://s3.glbimg.com/v1/AUTH_58d78b787ec34892b5aaa0c7a146155f/clubes_2026/silhuetas/CRU/FORMATO.png,19,4.32,Gerson Santos da Silva,-1.0,4,8.23,22,gerson,7,-0.81,2.0,4.0,,,,33.0,22.0,7.0,5.0,42.0,,,,,3.0,,,,,
João Pedro,J. Pedro,89273,GRE,284,0,False,https://s3.glbimg.com/v1/AUTH_58d78b787ec34892b5aaa0c7a146155f/clubes_2026/silhuetas/GRE/FORMATO.png,5,0.72,João Pedro Maturano dos Santos,0.0,2,3.11,22,joao-pedro,6,0.0,,,,,,3.0,6.0,,,2.0,,,,,1.0,,,,,
Andreas Pereira,A. Pereira,89274,PAL,275,0,True,https://s3.glbimg.com/v1/AUTH_58d78b787ec34892b5aaa0c7a146155f/clubes_2026/silhuetas/PAL/FORMATO.png,21,4.96,Andreas Hugo Hoelgebaum Pereira,3.1,4,12.21,22,andreas-pereira,7,-0.6,9.0,3.0,,,,21.0,20.0,5.0,17.0,18.0,,1.0,,,,,,,,
William,William,89275,CRU,283,0,False,https://s3.glbimg.com/v1/AUTH_58d78b787ec34892b5aaa0c7a146155f/clubes_2026/silhuetas/CRU/FORMATO.png,11,3.66,Willian de Asevedo Furtado,0.0,2,9.17,22,william,6,0.0,,1.0,1.0,,,16.0,10.0,4.0,2.0,4.0,,,,,1.0,,,,3.0,
Braithwaite,Braithwaite,89368,GRE,284,0,True,https://s3.glbimg.com/v1/AUTH_58d78b787ec34892b5aaa0c7a146155f/clubes_2026/silhuetas/GRE/FORMATO.png,13,0.3,Martin Christensen Braithwaite,0.0,5,5.48,22,braithwaite,6,-0.21,,,,,,1.0,6.0,1.0,1.0,5.0,,,,,3.0,,,,,
Igor Rabello,I. Rabello,89493,FLU,266,0,False,https://s3.glbimg.com/v1/AUTH_58d78b787ec34892b5aaa0c7a146155f/clubes_2026/silhuetas/FLU/FORMATO.png,1,8.8,Igor Rabello da Costa,0.0,3,7.95,22,igor-rabello,7,0.0,,,,,,2.0,,,1.0,,,,,,,,,,1.0,
Thiago Maia,T. Maia,89637,INT,285,0,False,https://s3.glbimg.com/v1/AUTH_58d78b787ec34892b5aaa0c7a146155f/clubes_2026/silhuetas/INT/FORMATO.png,10,0.92,Thiago Maia Alencar,0.0,4,3.6,22,thiago-maia,5,0.0,,,,,,5.0,1.0,1.0,,2.0,,,,,1.0,,,,,
Lucho Acosta,L. Acosta,89837,FLU,266,0,True,https://s3.glbimg.com/v1/AUTH_58d78b787ec34892b5aaa0c7a146155f/clubes_2026/silhuetas/FLU/FORMATO.png,17,5.1,Luciano Federico Acosta,1.5,4,10.37,22,lucho-acosta,7,-0.6,4.0,4.0,,,,19.0,16.0,5.0,11.0,16.0,,3.0,,,,,,,,
Calleri,Calleri,89840,SAO,276,0,True,https://s3.glbimg.com/v1/AUTH_58d78b787ec34892b5aaa0c7a146155f/clubes_2026/silhuetas/SAO/FORMATO.png,19,5.66,Jonathan Calleri,1.1,5,11.39,22,calleri,7,-1.4,1.0,4.0,,,,14.0,31.0,6.0,18.0,38.0,,7.0,,,7.0,1.0,,,,
Dodi,Dodi,89883,GRE,284,0,True,https://s3.glbimg.com/v1/AUTH_58d78b787ec34892b5aaa0c7a146155f/clubes_2026/silhuetas/GRE/FORMATO.png,7,0.07,Douglas Moreira Fagundes,-0.3,4,2.52,22,dodi,6,-0.52,,2.0,,,,2.0,6.0,,1.0,1.0,,,,,,,,,,
Mendoza,Mendoza,90031,CAP,293,0,True,https://s3.glbimg.com/v1/AUTH_58d78b787ec34892b5aaa0c7a146155f/clubes_2026/silhuetas/CAP/FORMATO.png,20,4.21,John Stiven Mendoza Valencia,-0.3,5,7.49,22,mendoza,7,-0.17,,,,,,14.0,11.0,5.0,10.0,13.0,2.0,5.0,,,2.0,,,,,
Bruno Pacheco,B. Pacheco,90061,CHA,315,0,True,https://s3.glbimg.com/v1/AUTH_58d78b787ec34892b5aaa0c7a146155f/clubes_2026/silhuetas/CHA/FORMATO.png,12,3.72,Bruno de Jesus Pacheco,1.5,2,6.05,22,bruno-pacheco,7,0.03,3.0,2.0,,,,19.0,7.0,,1.0,9.0,,,,,1.0,,,,,
Bruno Henrique,B. Henrique,90285,FLA,262,0,True,https://s3.glbimg.com/v1/AUTH_58d78b787ec34892b5aaa0c7a146155f/clubes_2026/silhuetas/FLA/FORMATO.png,15,2.84,Bruno Henrique Pinto,8.0,5,6.45,22,bruno-henrique,6,0.36,3.0,2.0,,,,8.0,12.0,3.0,6.0,10.0,,1.0,,,3.0,,,,,
Pedro Rocha,P. Rocha,90302,CFC,294,0,True,https://s3.glbimg.com/v1/AUTH_58d78b787ec34892b5aaa0c7a146155f/clubes_2026/silhuetas/CFC/FORMATO.png,21,3.85,Pedro Rocha Neves,9.6,5,7.85,22,pedro-rocha,7,1.26,1.0,1.0,1.0,,,6.0,19.0,9.0,19.0,23.0,,5.0,,,8.0,,,,,
David,David,90309,VAS,267,0,True,https://s3.glbimg.com/v1/AUTH_58d78b787ec34892b5aaa0c7a146155f/clubes_2026/silhuetas/VAS/FORMATO.png,17,2.11,David Corrêa da Fonseca,0.8,5,4.22,22,david,2,0.05,1.0,,,,,4.0,11.0,4.0,6.0,7.0,,2.0,,,10.0,,,,,
Matheus Pereira,M. Pereira,90370,COR,264,0,False,https://s3.glbimg.com/v1/AUTH_58d78b787ec34892b5aaa0c7a146155f/clubes_2026/silhuetas/COR/FORMATO.png,13,1.04,Matheus Pereira da Silva,0.0,4,3.6,22,matheus-pereira,6,0.0,,1.0,,,,7.0,13.0,2.0,5.0,3.0,,,,,,,,,,
Caíque,Caíque,90588,VIT,287,0,True,https://s3.glbimg.com/v1/AUTH_58d78b787ec34892b5aaa0c7a146155f/clubes_2026/silhuetas/VIT/FORMATO.png,17,2.5,Caique de Jesus Gonçalves,1.5,4,4.64,22,caique,7,-0.74,,3.0,,,,26.0,17.0,1.0,1.0,21.0,,,,,,1.0,,,,
Chico da Costa,C. Costa,90608,CRU,283,0,False,https://s3.glbimg.com/v1/AUTH_58d78b787ec34892b5aaa0c7a146155f/clubes_2026/silhuetas/CRU/FORMATO.png,7,1.24,Francisco da Costa Aragão,0.0,5,3.81,22,chico-da-costa,6,0.0,1.0,,,,,1.0,5.0,2.0,1.0,1.0,,,,,,,,,,
Matheuzinho,Matheuzinho,90703,VIT,287,0,True,https://s3.glbimg.com/v1/AUTH_58d78b787ec34892b5aaa0c7a146155f/clubes_2026/silhuetas/VIT/FORMATO.png,18,3.24,Matheus Martins Fogaça de Paulo,1.7,4,5.67,22,matheuzinho,7,-0.23,1.0,2.0,,,,9.0,7.0,12.0,9.0,27.0,,1.0,,,,,,1.0,,
Fabrício Bruno,F. Bruno,90768,CRU,283,0,False,https://s3.glbimg.com/v1/AUTH_58d78b787ec34892b5aaa0c7a146155f/clubes_2026/silhuetas/CRU/FORMATO.png,20,2.29,Fabrício Bruno Soares de Faria,0.0,3,6.89,22,fabricio-bruno,7,0.0,,5.0,,,,16.0,9.0,4.0,4.0,5.0,,,,,,1.0,,,4.0,
Carlos Eduardo,C. Eduardo,90917,MIR,2305,0,False,https://s3.glbimg.com/v1/AUTH_58d78b787ec34892b5aaa0c7a146155f/clubes_2026/silhuetas/MIR/FORMATO.png,12,3.06,Carlos Eduardo Ferreira de Souza,0.0,5,4.97,22,carlos-eduardo,6,0.0,1.0,1.0,,,,9.0,9.0,1.0,7.0,13.0,,1.0,,,5.0,,,1.0,,
Ronaldo,Ronaldo,91101,BAH,265,0,True,https://s3.glbimg.com/v1/AUTH_58d78b787ec34892b5aaa0c7a146155f/clubes_2026/silhuetas/BAH/FORMATO.png,12,5.68,Ronaldo de Oliveira Strada,8.9,1,8.81,22,ronaldo,7,-0.76,,2.0,,39.0,,,,,,1.0,,,,6.0,,,,,5.0,
Fernandinho,Fernandinho,91130,MIR,2305,0,True,https://s3.glbimg.com/v1/AUTH_58d78b787ec34892b5aaa0c7a146155f/clubes_2026/silhuetas/MIR/FORMATO.png,2,4.15,Fernando José Marques Maciel,4.8,5,4.94,22,fernandinho,7,0.83,,,,,,4.0,3.0,1.0,,4.0,,,,,,,,,,
Kaio,Kaio,91158,BOT,263,0,False,https://s3.glbimg.com/v1/AUTH_58d78b787ec34892b5aaa0c7a146155f/clubes_2026/silhuetas/BOT/FORMATO.png,0,0.0,Kaio Fernando da Silva Pantaleão,0.0,3,7.0,22,kaio,5,0.0,,,,,,,,,,,,,,,,,,,,
Warleson,Warleson,91204,BOT,263,0,True,https://s3.glbimg.com/v1/AUTH_58d78b787ec34892b5aaa0c7a146155f/clubes_2026/silhuetas/BOT/FORMATO.png,2,7.45,Warleson Steillon Lisboa Oliveira - Stellion,3.9,1,6.32,22,warleson,7,0.19,,1.0,,8.0,,,,,,3.0,,,,1.0,,,,,1.0,
Erick Pulgar,E. Pulgar,91473,FLA,262,0,True,https://s3.glbimg.com/v1/AUTH_58d78b787ec34892b5aaa0c7a146155f/clubes_2026/silhuetas/FLA/FORMATO.png,11,2.77,Erick Antonio Pulgar Farfán,7.7,4,7.17,22,erick-pulgar,7,1.15,,5.0,1.0,,,17.0,15.0,1.0,1.0,9.0,1.0,1.0,,,,,,,,
Arboleda,Arboleda,91573,SAO,276,0,True,https://s3.glbimg.com/v1/AUTH_58d78b787ec34892b5aaa0c7a146155f/clubes_2026/silhuetas/SAO/FORMATO.png,9,4.02,Robert Abel Arboleda Escobar,0.4,3,8.55,22,arboleda,7,-1.25,,1.0,,,,18.0,6.0,1.0,,2.0,,,,,2.0,,,,2.0,
R. Rústico,R. Rústico,91607,SAN,277,0,True,https://s3.glbimg.com/v1/AUTH_58d78b787ec34892b5aaa0c7a146155f/clubes_2026/silhuetas/SAN/FORMATO.png,15,2.12,Ronielson da Silva Barbosa,0.9,5,5.15,22,r-rustico,6,-0.28,,3.0,,,,13.0,19.0,2.0,8.0,26.0,,,,,6.0,,,,,
Paulinho,Paulinho,91626,BOT,263,0,True,https://s3.glbimg.com/v1/AUTH_58d78b787ec34892b5aaa0c7a146155f/clubes_2026/silhuetas/BOT/FORMATO.png,1,-0.3,Paulo Victor da Silva,-0.3,2,4.4,22,paulinho,6,-0.6,,,,,,,1.0,,,,,,,,,,,,,
Marlon,Marlon,91706,GRE,284,0,True,https://s3.glbimg.com/v1/AUTH_58d78b787ec34892b5aaa0c7a146155f/clubes_2026/silhuetas/GRE/FORMATO.png,8,5.49,Marlon Rodrigues Xavier,3.5,2,8.97,22,marlon,7,0.12,1.0,2.0,,,,14.0,10.0,2.0,2.0,12.0,,1.0,,,1.0,,,,1.0,
David Duarte,D. Duarte,91772,BAH,265,0,True,https://s3.glbimg.com/v1/AUTH_58d78b787ec34892b5aaa0c7a146155f/clubes_2026/silhuetas/BAH/FORMATO.png,14,4.38,David de Duarte Macedo,8.0,3,7.03,22,david-duarte,7,0.01,,3.0,,,,17.0,9.0,3.0,2.0,5.0,1.0,3.0,1.0,,2.0,,,,2.0,
Zé Ivaldo,Z. Ivaldo,91866,REM,364,0,False,https://s3.glbimg.com/v1/AUTH_58d78b787ec34892b5aaa0c7a146155f/clubes_2026/silhuetas/REM/FORMATO.png,7,2.47,José Ivaldo Almeida Silva,0.0,3,5.48,22,ze-ivaldo,7,0.0,,3.0,,,,9.0,3.0,3.0,2.0,3.0,,,1.0,,,1.0,,,1.0,
Pavón,Pavón,91908,GRE,284,0,True,https://s3.glbimg.com/v1/AUTH_58d78b787ec34892b5aaa0c7a146155f/clubes_2026/silhuetas/GRE/FORMATO.png,18,4.21,Cristian David Pavón,11.1,5,7.44,22,pavon,7,1.33,2.0,4.0,,,,35.0,13.0,3.0,4.0,7.0,1.0,1.0,,,3.0,,,,,
Lyanco,Lyanco,92087,CAM,282,0,False,https://s3.glbimg.com/v1/AUTH_58d78b787ec34892b5aaa0c7a146155f/clubes_2026/silhuetas/CAM/FORMATO.png,9,3.04,Lyanco Evangelista Silveira Neves Vojnovic,0.0,3,7.8,22,lyanco,7,0.0,,2.0,1.0,,,10.0,10.0,,3.0,6.0,,,,,,,,,3.0,
Arthur Cabral,A. Cabral,92171,BOT,263,0,True,https://s3.glbimg.com/v1/AUTH_58d78b787ec34892b5aaa0c7a146155f/clubes_2026/silhuetas/BOT/FORMATO.png,16,6.33,Arthur Mendonça Cabral,4.6,5,10.23,22,arthur-cabral,7,0.04,1.0,2.0,,,,11.0,28.0,10.0,15.0,21.0,,7.0,,,3.0,,,,,
Jair Ventura,J. Ventura,92180,VIT,287,0,True,https://s3.glbimg.com/v1/AUTH_58d78b787ec34892b5aaa0c7a146155f/clubes_2026/silhuetas/VIT/FORMATO.png,19,5.02,Jair Ventura,2.54,6,8.21,22,jair-ventura,7,0.06,,,,,,,,,,,,,,,,,,,,6.0
Juninho,Juninho,92182,INT,285,0,True,https://s3.glbimg.com/v1/AUTH_58d78b787ec34892b5aaa0c7a146155f/clubes_2026/silhuetas/INT/FORMATO.png,6,2.17,José Carlos Ferreira Júnior,5.0,3,5.36,22,juninho,6,0.79,,,,,,2.0,,,,,,,,,,,,,2.0,
Odair Hellmann,O. Hellmann,92273,CAP,293,0,True,https://s3.glbimg.com/v1/AUTH_58d78b787ec34892b5aaa0c7a146155f/clubes_2026/silhuetas/CAP/FORMATO.png,20,5.89,Odair Hellmann,8.44,6,9.44,22,odair-hellmann,7,0.32,,,,,,,,,,,,,,,,,,,,11.0
André Ramalho,A. Ramalho,92440,COR,264,0,False,https://s3.glbimg.com/v1/AUTH_58d78b787ec34892b5aaa0c7a146155f/clubes_2026/silhuetas/COR/FORMATO.png,6,2.55,André Ramalho Silva,0.0,3,5.73,22,andre-ramalho,6,0.0,,4.0,,,,4.0,5.0,,1.0,8.0,,,,,,,,,2.0,
Renato Kayzer,R. Kayzer,92696,VIT,287,0,False,https://s3.glbimg.com/v1/AUTH_58d78b787ec34892b5aaa0c7a146155f/clubes_2026/silhuetas/VIT/FORMATO.png,12,3.27,Renato Kayzer de Souza,0.0,5,6.63,22,renato-kayzer,6,0.0,1.0,2.0,,,,5.0,12.0,2.0,3.0,9.0,,3.0,,,10.0,,,,,
Eduardo Domínguez,E. Domínguez,92747,CAM,282,0,True,https://s3.glbimg.com/v1/AUTH_58d78b787ec34892b5aaa0c7a146155f/clubes_2026/silhuetas/CAM/FORMATO.png,17,5.24,Eduardo Rodrigo Domínguez,4.68,6,10.3,22,eduardo-dominguez,7,-0.21,,,,,,,,,,,,,,,,,,,,8.0
Bruno Rodrigues,B. Rodrigues,92811,CRU,283,0,True,https://s3.glbimg.com/v1/AUTH_58d78b787ec34892b5aaa0c7a146155f/clubes_2026/silhuetas/CRU/FORMATO.png,14,1.74,Bruno Rafael Rodrigues do Nascimento,5.0,5,3.56,22,bruno-rodrigues,6,0.75,2.0,,,,,5.0,7.0,1.0,2.0,13.0,,,,,3.0,,,,,
Ronaldo,Ronaldo,92981,INT,285,0,True,https://s3.glbimg.com/v1/AUTH_58d78b787ec34892b5aaa0c7a146155f/clubes_2026/silhuetas/INT/FORMATO.png,9,2.38,Ronaldo da Silva Souza Guerrero,1.5,4,3.88,22,ronaldo,6,0.05,,1.0,,,,9.0,10.0,,3.0,3.0,,1.0,,,,,,,,
Lucas Veríssimo,L. Veríssimo,93368,SAN,277,0,False,https://s3.glbimg.com/v1/AUTH_58d78b787ec34892b5aaa0c7a146155f/clubes_2026/silhuetas/SAN/FORMATO.png,12,4.01,Lucas Veríssimo da Silva,0.0,3,8.63,22,lucas-verissimo,5,0.0,,2.0,,,,18.0,15.0,1.0,4.0,7.0,,,,,2.0,,,,4.0,
Rodrigo Rodrigues,R. Rodrigues,93371,CFC,294,0,False,https://s3.glbimg.com/v1/AUTH_58d78b787ec34892b5aaa0c7a146155f/clubes_2026/silhuetas/CFC/FORMATO.png,1,-0.9,Rodrigo Rodrigues Silva,0.0,5,3.28,22,rodrigo-rodrigues,6,0.0,,,,,,,3.0,,,,,,,,,,,,,
Wanderson,Wanderson,93478,CRU,283,0,False,https://s3.glbimg.com/v1/AUTH_58d78b787ec34892b5aaa0c7a146155f/clubes_2026/silhuetas/CRU/FORMATO.png,16,1.61,Wanderson Maciel Sousa Campos,0.0,5,4.91,22,wanderson,6,0.0,,,,,,7.0,8.0,3.0,6.0,3.0,,1.0,,,3.0,,,,,
Bruno Tubarão,B. Tubarão,93637,CHA,315,0,False,https://s3.glbimg.com/v1/AUTH_58d78b787ec34892b5aaa0c7a146155f/clubes_2026/silhuetas/CHA/FORMATO.png,1,1.1,Bruno Nunes de Barros,0.0,2,3.17,22,bruno-tubarao,7,0.0,,1.0,,,,1.0,2.0,1.0,,,,,,,,,,,,
Paulo Henrique,P. Henrique,93716,VAS,267,0,True,https://s3.glbimg.com/v1/AUTH_58d78b787ec34892b5aaa0c7a146155f/clubes_2026/silhuetas/VAS/FORMATO.png,13,3.29,Paulo Henrique de Oliveira Alves,7.5,2,8.3,22,paulo-henrique,7,1.05,2.0,3.0,,,,15.0,11.0,1.0,3.0,18.0,,,,,,1.0,,,1.0,
Marlon Freitas,M. Freitas,93790,PAL,275,0,True,https://s3.glbimg.com/v1/AUTH_58d78b787ec34892b5aaa0c7a146155f/clubes_2026/silhuetas/PAL/FORMATO.png,21,2.77,Marlon Rodrigues Freitas,5.1,4,6.31,22,marlon-freitas,7,0.83,1.0,4.0,,,,25.0,22.0,1.0,10.0,2.0,,2.0,,,1.0,,,,,
Keiller,Keiller,93834,CFC,294,0,False,https://s3.glbimg.com/v1/AUTH_58d78b787ec34892b5aaa0c7a146155f/clubes_2026/silhuetas/CFC/FORMATO.png,0,0.0,Keiller da Silva Nunes,0.0,1,4.0,22,keiller,6,0.0,,,,,,,,,,,,,,,,,,,,
Cleiton,Cleiton,93882,RBB,280,0,False,https://s3.glbimg.com/v1/AUTH_58d78b787ec34892b5aaa0c7a146155f/clubes_2026/silhuetas/RBB/FORMATO.png,7,2.56,Cleiton Schwengber,0.0,1,6.19,22,cleiton,6,0.0,,1.0,,13.0,,,,,,,,,,8.0,,,,,2.0,
Breno Lopes,B. Lopes,93988,CFC,294,0,True,https://s3.glbimg.com/v1/AUTH_58d78b787ec34892b5aaa0c7a146155f/clubes_2026/silhuetas/CFC/FORMATO.png,19,5.33,Breno Henrique Vasconcelos Lopes,3.7,5,9.19,22,breno-lopes,7,0.1,,3.0,,,,12.0,8.0,6.0,5.0,26.0,,8.0,,,7.0,,,1.0,,
Kevin Ramírez,K. Ramírez,94034,CHA,315,0,True,https://s3.glbimg.com/v1/AUTH_58d78b787ec34892b5aaa0c7a146155f/clubes_2026/silhuetas/CHA/FORMATO.png,4,3.1,Kevin Federik Ramírez Dutra,10.2,5,4.83,22,kevin-ramirez,6,2.08,1.0,,,,,1.0,,3.0,1.0,3.0,,,,,,,,,,
Matheus Fernandes,M. Fernandes,94067,RBB,280,0,True,https://s3.glbimg.com/v1/AUTH_58d78b787ec34892b5aaa0c7a146155f/clubes_2026/silhuetas/RBB/FORMATO.png,12,2.45,Matheus Fernandes Siqueira,1.5,4,4.42,22,matheus-fernandes,7,0.1,1.0,2.0,,,,13.0,13.0,1.0,9.0,5.0,,,,,1.0,,,,,
Maycon,Maycon,94154,CAM,282,0,True,https://s3.glbimg.com/v1/AUTH_58d78b787ec34892b5aaa0c7a146155f/clubes_2026/silhuetas/CAM/FORMATO.png,13,2.6,Maycon de Andrade Barberan,0.2,4,5.28,22,maycon,6,-0.13,,,,,,10.0,10.0,1.0,2.0,6.0,,2.0,,,,,,,,
Léo Duarte,L. Duarte,94214,CAM,282,0,False,https://s3.glbimg.com/v1/AUTH_58d78b787ec34892b5aaa0c7a146155f/clubes_2026/silhuetas/CAM/FORMATO.png,0,0.0,Leonardo Campos Duarte da Silva,0.0,3,5.0,22,leo-duarte,5,0.0,,,,,,,,,,,,,,,,,,,,
Lucas Oliveira,L. Oliveira,94514,MIR,2305,0,False,https://s3.glbimg.com/v1/AUTH_58d78b787ec34892b5aaa0c7a146155f/clubes_2026/silhuetas/MIR/FORMATO.png,8,3.13,Lucas da Cruz Oliveira,0.0,3,5.07,22,lucas-oliveira,6,0.0,,2.0,,,,9.0,2.0,,1.0,1.0,,1.0,,,1.0,,,,1.0,
Pedro,Pedro,94583,FLA,262,0,True,https://s3.glbimg.com/v1/AUTH_58d78b787ec34892b5aaa0c7a146155f/clubes_2026/silhuetas/FLA/FORMATO.png,20,8.16,Pedro Guilherme Abreu dos Santos,-0.3,5,15.42,22,pedro,7,-0.62,4.0,1.0,,,,12.0,13.0,10.0,11.0,19.0,1.0,12.0,,,3.0,,,1.0,,
Lucas Paquetá,L. Paquetá,94930,FLA,262,0,True,https://s3.glbimg.com/v1/AUTH_58d78b787ec34892b5aaa0c7a146155f/clubes_2026/silhuetas/FLA/FORMATO.png,12,6.05,Lucas Tolentino Coelho de Lima,1.5,4,13.54,22,lucas-paqueta,6,-1.32,,2.0,,,,19.0,18.0,4.0,13.0,25.0,,3.0,,,2.0,,,,,
Juninho Capixaba,J. Capixaba,94968,RBB,280,0,True,https://s3.glbimg.com/v1/AUTH_58d78b787ec34892b5aaa0c7a146155f/clubes_2026/silhuetas/RBB/FORMATO.png,18,7.31,Luis Antônio da Rocha Júnior,5.7,2,13.21,22,juninho-capixaba,7,-0.18,2.0,9.0,,,,35.0,36.0,3.0,10.0,25.0,2.0,3.0,,,2.0,,,,7.0,
Gabriel Taliari,G. Taliari,95131,REM,364,0,True,https://s3.glbimg.com/v1/AUTH_58d78b787ec34892b5aaa0c7a146155f/clubes_2026/silhuetas/REM/FORMATO.png,10,5.7,Gabriel Pereira Taliari,10.2,5,10.06,22,gabriel-taliari,7,1.17,,,,,,5.0,14.0,4.0,9.0,20.0,,4.0,,,3.0,,,,,
Marcinho,Marcinho,95332,CHA,315,0,True,https://s3.glbimg.com/v1/AUTH_58d78b787ec34892b5aaa0c7a146155f/clubes_2026/silhuetas/CHA/FORMATO.png,19,3.21,Márcio Antônio de Sousa Júnior,2.0,5,4.37,22,marcinho,7,-0.78,1.0,,,,,16.0,8.0,5.0,7.0,14.0,,2.0,,,3.0,,,,,
Cassierra,Cassierra,95362,CAM,282,0,True,https://s3.glbimg.com/v1/AUTH_58d78b787ec34892b5aaa0c7a146155f/clubes_2026/silhuetas/CAM/FORMATO.png,17,2.19,Zander Mateo Casierra Cabezas,0.0,5,5.31,22,cassierra,7,-0.47,1.0,1.0,,,,2.0,10.0,5.0,6.0,8.0,1.0,2.0,,,4.0,,,,,
Igor Vinícius,I. Vinícius,95466,SAN,277,0,False,https://s3.glbimg.com/v1/AUTH_58d78b787ec34892b5aaa0c7a146155f/clubes_2026/silhuetas/SAN/FORMATO.png,13,5.82,Igor Vinícius de Souza,0.0,2,9.33,22,igor-vinicius,5,0.0,1.0,4.0,,,,33.0,14.0,2.0,,14.0,,,,,,,,,4.0,
Gustavo Cazonatti,G. Cazonatti,95541,MIR,2305,0,True,https://s3.glbimg.com/v1/AUTH_58d78b787ec34892b5aaa0c7a146155f/clubes_2026/silhuetas/MIR/FORMATO.png,2,2.55,Gustavo Cazonatti,5.1,4,3.88,22,gustavo-cazonatti,6,1.16,,,,,,2.0,2.0,1.0,,3.0,,,,,,,,,,
Raniele,Raniele,95556,COR,264,0,True,https://s3.glbimg.com/v1/AUTH_58d78b787ec34892b5aaa0c7a146155f/clubes_2026/silhuetas/COR/FORMATO.png,18,4.23,Raniele Almeida Melo,3.5,4,7.8,22,raniele,7,-0.49,,5.0,,,,38.0,29.0,1.0,8.0,29.0,1.0,1.0,,,1.0,,,,,
Artur,Artur,95799,SAO,276,0,False,https://s3.glbimg.com/v1/AUTH_58d78b787ec34892b5aaa0c7a146155f/clubes_2026/silhuetas/SAO/FORMATO.png,16,5.52,Artur Victor Guimarães,0.0,5,8.98,22,artur,2,0.0,2.0,1.0,,,,14.0,7.0,13.0,12.0,21.0,,3.0,,,1.0,,,1.0,,
Daniel Fuzato,D. Fuzato,95936,VAS,267,0,False,https://s3.glbimg.com/v1/AUTH_58d78b787ec34892b5aaa0c7a146155f/clubes_2026/silhuetas/VAS/FORMATO.png,0,0.0,Daniel Cerântula Fuzato,0.0,1,2.0,22,daniel-fuzato,6,0.0,,,,,,,,,,,,,,,,,,,,
Charles,Charles,96342,COR,264,0,False,https://s3.glbimg.com/v1/AUTH_58d78b787ec34892b5aaa0c7a146155f/clubes_2026/silhuetas/COR/FORMATO.png,3,1.03,Charles Rigon Mattos,0.0,4,3.53,22,charles,6,0.0,,,,,,2.0,1.0,,,1.0,,,,,1.0,,,,,
Renan Lodi,R. Lodi,96591,CAM,282,0,False,https://s3.glbimg.com/v1/AUTH_58d78b787ec34892b5aaa0c7a146155f/clubes_2026/silhuetas/CAM/FORMATO.png,19,4.84,Renan Augusto Lodi dos Santos,0.0,2,9.52,22,renan-lodi,7,0.0,2.0,3.0,1.0,,,24.0,33.0,5.0,13.0,44.0,1.0,,,,6.0,,,1.0,4.0,
Matheus Pereira,M. Pereira,96610,CRU,283,0,True,https://s3.glbimg.com/v1/AUTH_58d78b787ec34892b5aaa0c7a146155f/clubes_2026/silhuetas/CRU/FORMATO.png,19,6.76,Matheus Fellipe Costa Pereira,2.2,4,13.8,22,matheus-pereira,7,-1.86,2.0,9.0,,,,20.0,35.0,10.0,23.0,72.0,,5.0,,,5.0,,,2.0,,
Allan,Allan,96652,COR,264,0,True,https://s3.glbimg.com/v1/AUTH_58d78b787ec34892b5aaa0c7a146155f/clubes_2026/silhuetas/COR/FORMATO.png,16,1.04,Allan Rodrigues de Souza,3.9,4,3.26,22,allan,7,0.41,,4.0,1.0,,,13.0,17.0,2.0,3.0,9.0,,,,,,,,,,
Camutanga,Camutanga,96793,VIT,287,0,False,https://s3.glbimg.com/v1/AUTH_58d78b787ec34892b5aaa0c7a146155f/clubes_2026/silhuetas/VIT/FORMATO.png,7,3.95,Cleidson Andrade de Souza Silva,0.0,3,6.71,22,camutanga,5,0.0,,,,,,8.0,2.0,1.0,2.0,3.0,,,1.0,,,,,,3.0,
Emerson Royal,E. Royal,96870,FLA,262,0,False,https://s3.glbimg.com/v1/AUTH_58d78b787ec34892b5aaa0c7a146155f/clubes_2026/silhuetas/FLA/FORMATO.png,10,5.48,Emerson Aparecido Leite de Souza Júnior,0.0,2,7.39,22,emerson-royal,6,0.0,1.0,,,,,16.0,9.0,1.0,1.0,3.0,,,,,1.0,,,,5.0,
Carlos Cuesta,C. Cuesta,97095,VAS,267,0,True,https://s3.glbimg.com/v1/AUTH_58d78b787ec34892b5aaa0c7a146155f/clubes_2026/silhuetas/VAS/FORMATO.png,10,2.18,Carlos Eccehomo Cuesta Figueroa,7.0,3,6.04,22,carlos-cuesta,2,1.08,1.0,1.0,1.0,,,7.0,13.0,,2.0,5.0,1.0,,1.0,,,,,,2.0,
Gabriel Rojas,G. Rojas,97101,CRU,283,0,True,https://s3.glbimg.com/v1/AUTH_58d78b787ec34892b5aaa0c7a146155f/clubes_2026/silhuetas/CRU/FORMATO.png,4,3.85,Gabriel Hernán Rojas,0.5,2,6.83,22,gabriel-rojas,7,-1.38,,,,,,7.0,7.0,,,4.0,,,,,,,,,1.0,
Villasanti,Villasanti,97145,GRE,284,0,True,https://s3.glbimg.com/v1/AUTH_58d78b787ec34892b5aaa0c7a146155f/clubes_2026/silhuetas/GRE/FORMATO.png,2,2.3,Mathías Adalberto Villasanti Rolón,3.4,4,6.99,22,villasanti,7,0.13,,1.0,,,,1.0,2.0,2.0,1.0,3.0,,,,,,,,,,
Alesson,Alesson,97321,MIR,2305,0,True,https://s3.glbimg.com/v1/AUTH_58d78b787ec34892b5aaa0c7a146155f/clubes_2026/silhuetas/MIR/FORMATO.png,17,4.92,Alesson dos Santos Batista,1.5,5,8.3,22,alesson,2,-0.99,3.0,1.0,,,,26.0,14.0,12.0,7.0,25.0,1.0,,,,7.0,,,,,
Rogério Ceni,R. Ceni,97341,BAH,265,0,True,https://s3.glbimg.com/v1/AUTH_58d78b787ec34892b5aaa0c7a146155f/clubes_2026/silhuetas/BAH/FORMATO.png,21,5.46,Rogério Mücke Ceni,5.96,6,10.61,22,rogerio-ceni,7,-0.08,,,,,,,,,,,,,,,,,,,,7.0
Victor Caetano,V. Caetano,97432,CHA,315,0,False,https://s3.glbimg.com/v1/AUTH_58d78b787ec34892b5aaa0c7a146155f/clubes_2026/silhuetas/CHA/FORMATO.png,8,1.6,Victor Henrique Carvalho Caetano,0.0,3,3.19,22,victor-caetano,5,0.0,,2.0,,,,11.0,7.0,,,1.0,,,,,1.0,,,,,
Gustavo Mosquito,G. Mosquito,97450,MIR,2305,0,False,https://s3.glbimg.com/v1/AUTH_58d78b787ec34892b5aaa0c7a146155f/clubes_2026/silhuetas/MIR/FORMATO.png,2,1.65,Gustavo Henric da Silva,0.0,5,4.99,22,gustavo-mosquito,6,0.0,,,,,,1.0,1.0,1.0,,2.0,,,,,1.0,,,,,
João Victor,J. Victor,97460,MIR,2305,0,True,https://s3.glbimg.com/v1/AUTH_58d78b787ec34892b5aaa0c7a146155f/clubes_2026/silhuetas/MIR/FORMATO.png,19,2.59,João Victor Carroll Santana - Caroll,2.7,3,4.9,22,joao-victor,7,-1.25,1.0,1.0,,,,21.0,11.0,2.0,2.0,6.0,,1.0,1.0,,1.0,,,,1.0,
Marçal,Marçal,97468,BOT,263,0,False,https://s3.glbimg.com/v1/AUTH_58d78b787ec34892b5aaa0c7a146155f/clubes_2026/silhuetas/BOT/FORMATO.png,5,2.62,Fernando Marçal de Oliveira,-3.0,2,5.85,22,marcal,3,-0.88,,1.0,1.0,,,4.0,7.0,2.0,1.0,,,,,,,,,,2.0,
Shaylon,Shaylon,97520,MIR,2305,0,True,https://s3.glbimg.com/v1/AUTH_58d78b787ec34892b5aaa0c7a146155f/clubes_2026/silhuetas/MIR/FORMATO.png,15,1.63,Shaylon Kallyson Cardozo - Cardoso,-1.1,4,3.48,22,shaylon,2,-0.47,,1.0,,,,11.0,14.0,2.0,2.0,2.0,,1.0,,,,,,,,
Félix Torres,F. Torres,97642,INT,285,0,True,https://s3.glbimg.com/v1/AUTH_58d78b787ec34892b5aaa0c7a146155f/clubes_2026/silhuetas/INT/FORMATO.png,16,3.69,Félix Eduardo Torres Caicedo,8.5,3,5.55,22,felix-torres,6,1.11,,3.0,,,,20.0,13.0,1.0,5.0,6.0,,1.0,,,1.0,,,,4.0,
Thiago Couto,T. Couto,97645,VIT,287,0,False,https://s3.glbimg.com/v1/AUTH_58d78b787ec34892b5aaa0c7a146155f/clubes_2026/silhuetas/VIT/FORMATO.png,0,0.0,Thiago Couto Wenceslau,0.0,1,3.0,22,thiago-couto,6,0.0,,,,,,,,,,,,,,,,,,,,
Murilo,Murilo,97653,PAL,275,0,True,https://s3.glbimg.com/v1/AUTH_58d78b787ec34892b5aaa0c7a146155f/clubes_2026/silhuetas/PAL/FORMATO.png,19,3.55,Murilo Cerqueira Paim,5.7,3,7.19,22,murilo,7,0.01,1.0,2.0,1.0,,,15.0,27.0,5.0,3.0,3.0,,1.0,,,,,,,7.0,
Marcelinho,Marcelinho,97795,REM,364,0,False,https://s3.glbimg.com/v1/AUTH_58d78b787ec34892b5aaa0c7a146155f/clubes_2026/silhuetas/REM/FORMATO.png,18,5.1,Marcelo Rodrigues Souza,0.0,2,5.98,22,marcelinho,7,0.0,1.0,2.0,,,,19.0,7.0,6.0,10.0,27.0,1.0,2.0,,,1.0,,,,3.0,
Erick,Erick,97810,VIT,287,0,True,https://s3.glbimg.com/v1/AUTH_58d78b787ec34892b5aaa0c7a146155f/clubes_2026/silhuetas/VIT/FORMATO.png,17,4.29,Erick de Arruda Serafim,1.3,5,7.98,22,erick,7,-0.23,4.0,1.0,,,,4.0,5.0,6.0,8.0,34.0,1.0,2.0,,,1.0,,,,,
Léo Ortiz,L. Ortiz,97867,FLA,262,0,True,https://s3.glbimg.com/v1/AUTH_58d78b787ec34892b5aaa0c7a146155f/clubes_2026/silhuetas/FLA/FORMATO.png,17,4.28,Leonardo Rech Ortiz,7.0,3,9.41,22,leo-ortiz,7,0.29,,,,,,13.0,12.0,,1.0,4.0,2.0,1.0,,,1.0,,,,8.0,
Iago,Iago,97868,SAO,276,0,False,https://s3.glbimg.com/v1/AUTH_58d78b787ec34892b5aaa0c7a146155f/clubes_2026/silhuetas/SAO/FORMATO.png,4,2.2,Iago Amaral Borduchi,0.0,2,4.5,22,iago,6,0.0,,,,,,1.0,4.0,,,1.0,1.0,,,,,,,,1.0,
Jacy,Jacy,97878,CFC,294,0,True,https://s3.glbimg.com/v1/AUTH_58d78b787ec34892b5aaa0c7a146155f/clubes_2026/silhuetas/CFC/FORMATO.png,19,3.92,Jacy Maranhão Oliveira,1.9,3,5.36,22,jacy,2,0.12,,2.0,1.0,,,28.0,13.0,,6.0,18.0,,1.0,,,1.0,,,,4.0,
Matheus Bahia,M. Bahia,97899,INT,285,0,True,https://s3.glbimg.com/v1/AUTH_58d78b787ec34892b5aaa0c7a146155f/clubes_2026/silhuetas/INT/FORMATO.png,14,4.32,Matheus Bahia Santos,7.4,2,7.54,22,matheus-bahia,7,0.33,1.0,2.0,,,,22.0,16.0,1.0,1.0,15.0,,,,,2.0,,,,4.0,
Vitão,Vitão,97900,FLA,262,0,False,https://s3.glbimg.com/v1/AUTH_58d78b787ec34892b5aaa0c7a146155f/clubes_2026/silhuetas/FLA/FORMATO.png,9,2.37,Vitor Eduardo da Silva Matos,0.0,3,6.62,22,vitao,6,0.0,,2.0,,,,2.0,6.0,,2.0,1.0,,,,,,,,,4.0,
Matheus Aurélio,M. Aurélio,97905,CHA,315,0,False,https://s3.glbimg.com/v1/AUTH_58d78b787ec34892b5aaa0c7a146155f/clubes_2026/silhuetas/CHA/FORMATO.png,2,1.7,Matheus Aurélio Palhares Guimarães,0.0,1,2.61,22,matheus-aurelio,6,0.0,,1.0,,8.0,,,,,,,,,,6.0,,,,,,
Lucas Silva,L. Silva,97911,VIT,287,0,False,https://s3.glbimg.com/v1/AUTH_58d78b787ec34892b5aaa0c7a146155f/clubes_2026/silhuetas/VIT/FORMATO.png,3,-0.17,Lucas Rodrigues da Silva,0.0,5,2.8,22,lucas-silva,6,0.0,,1.0,,,,,,,,1.0,,,,,,,,,,
Erick,Erick,98022,BAH,265,0,False,https://s3.glbimg.com/v1/AUTH_58d78b787ec34892b5aaa0c7a146155f/clubes_2026/silhuetas/BAH/FORMATO.png,15,3.71,Erick Luis Conrado de Carvalho,0.0,4,6.04,22,erick,6,0.0,,5.0,,,,21.0,19.0,2.0,4.0,15.0,2.0,2.0,,,1.0,,,,,
Jáderson,Jáderson,98224,REM,364,0,True,https://s3.glbimg.com/v1/AUTH_58d78b787ec34892b5aaa0c7a146155f/clubes_2026/silhuetas/REM/FORMATO.png,11,0.85,Jaderson Flores dos Reis,-0.3,4,2.44,22,jaderson,6,-0.2,,,,,,4.0,3.0,,1.0,7.0,,,,,,,,,,
Pedro Raul,P. Raul,98225,COR,264,0,True,https://s3.glbimg.com/v1/AUTH_58d78b787ec34892b5aaa0c7a146155f/clubes_2026/silhuetas/COR/FORMATO.png,9,1.18,Pedro Raul Garay da Silva,10.5,5,4.43,22,pedro-raul,7,1.8,,1.0,,,,2.0,8.0,,1.0,5.0,,1.0,,,3.0,,,,,
Gabriel Batista,G. Batista,98333,BOT,263,0,False,https://s3.glbimg.com/v1/AUTH_58d78b787ec34892b5aaa0c7a146155f/clubes_2026/silhuetas/BOT/FORMATO.png,0,0.0,Gabriel Batista de Souza,0.0,1,3.0,22,gabriel-batista,6,0.0,,,,,,,,,,,,,,,,,,,,
Negueba,Negueba,98384,MIR,2305,0,False,https://s3.glbimg.com/v1/AUTH_58d78b787ec34892b5aaa0c7a146155f/clubes_2026/silhuetas/MIR/FORMATO.png,8,5.23,Luiz Henrique Soares Firmino,0.0,5,8.57,22,negueba,5,0.0,,4.0,,,,15.0,5.0,3.0,6.0,17.0,,1.0,,,,,,,,
Kanu,Kanu,98484,BAH,265,0,False,https://s3.glbimg.com/v1/AUTH_58d78b787ec34892b5aaa0c7a146155f/clubes_2026/silhuetas/BAH/FORMATO.png,3,0.83,Victor Hugo Soares dos Santos,0.0,3,3.68,22,kanu,6,0.0,,2.0,,,,,3.0,,,1.0,,,,,1.0,,,,1.0,
Jean Lucas,J. Lucas,98517,BAH,265,0,True,https://s3.glbimg.com/v1/AUTH_58d78b787ec34892b5aaa0c7a146155f/clubes_2026/silhuetas/BAH/FORMATO.png,18,5.12,Jean Lucas de Souza Oliveira,3.5,4,9.37,22,jean-lucas,7,0.03,2.0,2.0,,,,36.0,30.0,3.0,10.0,17.0,1.0,2.0,,,1.0,,,,,
Maripán,Maripán,98617,INT,285,0,True,https://s3.glbimg.com/v1/AUTH_58d78b787ec34892b5aaa0c7a146155f/clubes_2026/silhuetas/INT/FORMATO.png,4,1.92,Guillermo Alfonso Maripán Loaysa,4.7,3,4.74,22,maripan,7,0.4,,,,,,1.0,6.0,1.0,1.0,2.0,,,,,,,,,1.0,
Savarino,Savarino,98672,FLU,266,0,True,https://s3.glbimg.com/v1/AUTH_58d78b787ec34892b5aaa0c7a146155f/clubes_2026/silhuetas/FLU/FORMATO.png,17,4.67,Jefferson David Savarino Quintero,3.0,4,9.02,22,savarino,7,0.11,2.0,2.0,,,,7.0,6.0,10.0,14.0,14.0,3.0,3.0,,,6.0,,,,,
Angileri,Angileri,98720,COR,264,0,False,https://s3.glbimg.com/v1/AUTH_58d78b787ec34892b5aaa0c7a146155f/clubes_2026/silhuetas/COR/FORMATO.png,8,3.99,Fabrizio Germán Angileri - Fabricio,0.0,2,6.1,22,angileri,6,0.0,,3.0,,,,6.0,4.0,,2.0,5.0,,1.0,,,,,,,3.0,
Samuel Lino,S. Lino,98873,FLA,262,0,True,https://s3.glbimg.com/v1/AUTH_58d78b787ec34892b5aaa0c7a146155f/clubes_2026/silhuetas/FLA/FORMATO.png,20,7.58,Samuel Dias Lino,7.4,5,11.7,22,samuel-lino,7,-0.36,7.0,2.0,,,,28.0,18.0,9.0,14.0,34.0,1.0,5.0,,,2.0,,,,,
Cuello,Cuello,98909,CAM,282,0,True,https://s3.glbimg.com/v1/AUTH_58d78b787ec34892b5aaa0c7a146155f/clubes_2026/silhuetas/CAM/FORMATO.png,19,5.71,Tomás Esteban Cuello,1.4,5,8.78,22,cuello,7,-0.63,1.0,1.0,,,,30.0,16.0,7.0,18.0,30.0,4.0,2.0,,,14.0,,,,,
Elias,Elias,99034,MIR,2305,0,True,https://s3.glbimg.com/v1/AUTH_58d78b787ec34892b5aaa0c7a146155f/clubes_2026/silhuetas/MIR/FORMATO.png,1,1.8,Elias Lira Nogueira Júnior,1.8,2,3.41,22,elias,6,0.41,,1.0,,,,2.0,4.0,,,2.0,,,,,,,,,,
Puma Rodríguez,P. Rodríguez,99213,VAS,267,0,False,https://s3.glbimg.com/v1/AUTH_58d78b787ec34892b5aaa0c7a146155f/clubes_2026/silhuetas/VAS/FORMATO.png,13,5.15,José Luis Rodríguez Bebanz,0.0,2,7.99,22,puma-rodriguez,6,0.0,4.0,3.0,,,,12.0,5.0,6.0,6.0,1.0,,2.0,,,1.0,,,,1.0,
De la Cruz,D. Cruz,99228,FLA,262,0,False,https://s3.glbimg.com/v1/AUTH_58d78b787ec34892b5aaa0c7a146155f/clubes_2026/silhuetas/FLA/FORMATO.png,10,0.82,Diego Nicolás de la Cruz Arcosa,0.0,4,4.41,22,de-la-cruz,6,0.0,,3.0,,,,4.0,8.0,,2.0,12.0,,,,,,,,,,
Pochettino,Pochettino,99267,VIT,287,0,True,https://s3.glbimg.com/v1/AUTH_58d78b787ec34892b5aaa0c7a146155f/clubes_2026/silhuetas/VIT/FORMATO.png,3,1.23,Tomás Pochettino,0.5,4,5.21,22,pochettino,6,-0.62,,,,,,,,2.0,1.0,1.0,,,,,,,,,,
Alexander Barboza,A. Barboza,99274,PAL,275,0,True,https://s3.glbimg.com/v1/AUTH_58d78b787ec34892b5aaa0c7a146155f/clubes_2026/silhuetas/PAL/FORMATO.png,14,5.1,Alexander Nahuel Barboza Ullúa,9.7,3,10.94,22,alexander-barboza,7,0.79,2.0,5.0,1.0,,,29.0,26.0,5.0,6.0,,,1.0,,,,,,,3.0,
Luis Zubeldía,L. Zubeldía,99366,FLU,266,0,True,https://s3.glbimg.com/v1/AUTH_58d78b787ec34892b5aaa0c7a146155f/clubes_2026/silhuetas/FLU/FORMATO.png,21,5.54,Luis Francisco Zubeldía,5.55,6,10.07,22,luis-zubeldia,7,-0.34,,,,,,,,,,,,,,,,,,,,9.0
Baralhas,Baralhas,99440,VIT,287,0,False,https://s3.glbimg.com/v1/AUTH_58d78b787ec34892b5aaa0c7a146155f/clubes_2026/silhuetas/VIT/FORMATO.png,15,5.24,Gabriel Baralhas dos Santos,0.0,4,9.25,22,baralhas,7,0.0,2.0,4.0,,,,31.0,26.0,1.0,9.0,19.0,,2.0,,,,,,,,
Rossi,Rossi,99552,FLA,262,0,True,https://s3.glbimg.com/v1/AUTH_58d78b787ec34892b5aaa0c7a146155f/clubes_2026/silhuetas/FLA/FORMATO.png,20,4.97,Agustín Daniel Rossi,6.3,1,8.96,22,rossi,7,0.28,,,,54.0,,,,,,2.0,,,,17.0,,,,,9.0,
Brenner,Brenner,99789,VAS,267,0,True,https://s3.glbimg.com/v1/AUTH_58d78b787ec34892b5aaa0c7a146155f/clubes_2026/silhuetas/VAS/FORMATO.png,14,2.9,Brenner Souza da Silva,1.8,5,6.94,22,brenner,2,-0.13,,1.0,,,,8.0,4.0,5.0,7.0,11.0,2.0,1.0,,,3.0,,,,,
Arias,Arias,99815,PAL,275,0,True,https://s3.glbimg.com/v1/AUTH_58d78b787ec34892b5aaa0c7a146155f/clubes_2026/silhuetas/PAL/FORMATO.png,17,7.97,Jhon Adolfo Arias Andrade,7.7,4,15.17,22,arias,7,-1.33,2.0,4.0,,,,45.0,20.0,8.0,13.0,27.0,1.0,4.0,,,4.0,,,,,
Paulinho,Paulinho,99818,PAL,275,0,False,https://s3.glbimg.com/v1/AUTH_58d78b787ec34892b5aaa0c7a146155f/clubes_2026/silhuetas/PAL/FORMATO.png,6,3.42,Paulo Henrique Sampaio Filho,0.0,5,10.37,22,paulinho,5,0.0,,1.0,,,,1.0,1.0,,3.0,4.0,,2.0,,,1.0,,,,,
Igor Gomes,I. Gomes,100084,CAM,282,0,True,https://s3.glbimg.com/v1/AUTH_58d78b787ec34892b5aaa0c7a146155f/clubes_2026/silhuetas/CAM/FORMATO.png,7,1.5,Igor Silveira Gomes,1.7,4,4.58,22,igor-gomes,6,-1.04,,1.0,,,,2.0,5.0,,,4.0,,1.0,,,,,,,,
Léo Andrade,L. Andrade,100342,REM,364,0,False,https://s3.glbimg.com/v1/AUTH_58d78b787ec34892b5aaa0c7a146155f/clubes_2026/silhuetas/REM/FORMATO.png,4,2.95,Leonardo de Andrade Silva,0.0,3,4.79,22,leo-andrade,2,0.0,,1.0,,,,9.0,4.0,,,1.0,,,,,,,,,,
Krovinovic,Krovinovic,100596,GRE,284,0,False,https://s3.glbimg.com/v1/AUTH_58d78b787ec34892b5aaa0c7a146155f/clubes_2026/silhuetas/GRE/FORMATO.png,0,0.0,Filip Krovinović,0.0,4,5.0,22,krovinovic,6,0.0,,,,,,,,,,,,,,,,,,,,
Yuri Alberto,Y. Alberto,100652,COR,264,0,False,https://s3.glbimg.com/v1/AUTH_58d78b787ec34892b5aaa0c7a146155f/clubes_2026/silhuetas/COR/FORMATO.png,17,4.1,Yuri Alberto Monteiro da Silva,0.0,5,10.58,22,yuri-alberto,5,0.0,2.0,2.0,,,,8.0,23.0,14.0,14.0,12.0,,3.0,,,13.0,,,,,
Fernando,Fernando,100695,RBB,280,0,False,https://s3.glbimg.com/v1/AUTH_58d78b787ec34892b5aaa0c7a146155f/clubes_2026/silhuetas/RBB/FORMATO.png,9,4.89,Fernando dos Santos Pedro,0.0,5,5.37,22,fernando,6,0.0,1.0,,,,,8.0,6.0,3.0,3.0,8.0,1.0,2.0,,,2.0,,,,,
Matheus Henrique,M. Henrique,100742,CRU,283,0,False,https://s3.glbimg.com/v1/AUTH_58d78b787ec34892b5aaa0c7a146155f/clubes_2026/silhuetas/CRU/FORMATO.png,20,1.88,Matheus Henrique de Souza,0.0,4,4.54,22,matheus-henrique,7,0.0,,3.0,,,,20.0,13.0,,5.0,23.0,,,,,,1.0,,,,
Tchamba,Tchamba,100804,REM,364,0,False,https://s3.glbimg.com/v1/AUTH_58d78b787ec34892b5aaa0c7a146155f/clubes_2026/silhuetas/REM/FORMATO.png,14,2.08,Duplexe Tchamba Bangou,0.0,3,5.11,22,tchamba,5,0.0,,1.0,,,,15.0,8.0,1.0,3.0,5.0,,,2.0,,1.0,,,,2.0,
Ruan,Ruan,100842,CAM,282,0,True,https://s3.glbimg.com/v1/AUTH_58d78b787ec34892b5aaa0c7a146155f/clubes_2026/silhuetas/CAM/FORMATO.png,18,3.18,Ruan Tressoldi Netto,3.0,3,5.44,22,ruan,7,-0.27,,7.0,,,,23.0,16.0,,2.0,14.0,,2.0,,,1.0,,,,2.0,
Luan Cândido,L. Cândido,100848,VIT,287,0,False,https://s3.glbimg.com/v1/AUTH_58d78b787ec34892b5aaa0c7a146155f/clubes_2026/silhuetas/VIT/FORMATO.png,11,3.41,Luan Cândido de Almeida,0.0,2,5.15,22,luan-candido,7,0.0,2.0,1.0,1.0,,,7.0,8.0,2.0,4.0,4.0,,,,,2.0,,,1.0,3.0,
Vitinho,Vitinho,100898,BOT,263,0,True,https://s3.glbimg.com/v1/AUTH_58d78b787ec34892b5aaa0c7a146155f/clubes_2026/silhuetas/BOT/FORMATO.png,16,5.2,Victor Alexander da Silva,5.1,2,9.8,22,vitinho,7,-0.66,2.0,3.0,,,,40.0,18.0,,2.0,14.0,1.0,,,,1.0,,,,2.0,
Nonato,Nonato,100987,FLU,266,0,True,https://s3.glbimg.com/v1/AUTH_58d78b787ec34892b5aaa0c7a146155f/clubes_2026/silhuetas/FLU/FORMATO.png,9,2.6,Gustavo Nonato Santana,2.8,4,5.94,22,nonato,6,-0.04,1.0,4.0,,,,9.0,12.0,1.0,1.0,5.0,,1.0,,,,,,,,
Júnior Santos,J. Santos,101002,BOT,263,0,False,https://s3.glbimg.com/v1/AUTH_58d78b787ec34892b5aaa0c7a146155f/clubes_2026/silhuetas/BOT/FORMATO.png,8,2.24,José Antonio dos Santos Júnior,0.0,5,4.55,22,junior-santos,5,0.0,,1.0,,,,3.0,4.0,3.0,1.0,7.0,,1.0,,,2.0,,,,,
Alef Manga,A. Manga,101254,REM,364,0,True,https://s3.glbimg.com/v1/AUTH_58d78b787ec34892b5aaa0c7a146155f/clubes_2026/silhuetas/REM/FORMATO.png,22,4.8,Alef Mangueira Severino Pereira,4.2,5,8.35,22,alef-manga,6,0.04,3.0,1.0,,,,20.0,18.0,10.0,15.0,18.0,,5.0,,,19.0,,1.0,,,
Ferreira,Ferreira,101290,SAO,276,0,True,https://s3.glbimg.com/v1/AUTH_58d78b787ec34892b5aaa0c7a146155f/clubes_2026/silhuetas/SAO/FORMATO.png,16,4.1,Aldemir dos Santos Ferreira,7.4,5,7.56,22,ferreira,2,0.87,,2.0,,,,11.0,6.0,5.0,8.0,17.0,,4.0,,,,,,,,
Ademir,Ademir,101314,BAH,265,0,True,https://s3.glbimg.com/v1/AUTH_58d78b787ec34892b5aaa0c7a146155f/clubes_2026/silhuetas/BAH/FORMATO.png,21,2.35,Ademir da Silva Santos Júnior,2.0,5,5.59,22,ademir,3,-0.28,1.0,3.0,,,,12.0,16.0,6.0,6.0,25.0,,1.0,,,3.0,,,2.0,,
Guga,Guga,101319,FLU,266,0,False,https://s3.glbimg.com/v1/AUTH_58d78b787ec34892b5aaa0c7a146155f/clubes_2026/silhuetas/FLU/FORMATO.png,12,3.01,Cláudio Rodrigues Gomes,0.0,2,5.55,22,guga,7,0.0,2.0,2.0,,,,10.0,7.0,,3.0,6.0,,,,,1.0,,,,2.0,
Bruno Matias,B. Matias,101352,CHA,315,0,True,https://s3.glbimg.com/v1/AUTH_58d78b787ec34892b5aaa0c7a146155f/clubes_2026/silhuetas/CHA/FORMATO.png,3,1.23,Bruno Matias dos Santos,4.5,4,3.21,22,bruno-matias,6,0.99,,1.0,,,,3.0,3.0,,2.0,1.0,,,,,,1.0,,,,
Eduardo Doma,E. Doma,101393,CHA,315,0,True,https://s3.glbimg.com/v1/AUTH_58d78b787ec34892b5aaa0c7a146155f/clubes_2026/silhuetas/CHA/FORMATO.png,18,2.34,Eduardo Vinícius Domachowski,1.5,3,4.02,22,eduardo-doma,7,-0.07,,3.0,1.0,,,21.0,13.0,2.0,6.0,3.0,,1.0,,,,1.0,,,1.0,
Wallisson,Wallisson,101405,MIR,2305,0,True,https://s3.glbimg.com/v1/AUTH_58d78b787ec34892b5aaa0c7a146155f/clubes_2026/silhuetas/MIR/FORMATO.png,13,2.4,Wallisson Luiz Alves Máximo,3.2,4,4.71,22,wallisson,2,0.35,,3.0,,,,21.0,17.0,,3.0,11.0,,,,,1.0,,,,,
Marcelo Pitaluga,M. Pitaluga,101478,FLU,266,0,False,https://s3.glbimg.com/v1/AUTH_58d78b787ec34892b5aaa0c7a146155f/clubes_2026/silhuetas/FLU/FORMATO.png,0,0.0,Marcelo de Araújo Pitaluga Filho,0.0,1,3.0,22,marcelo-pitaluga,6,0.0,,,,,,,,,,,,,,,,,,,,
Hugo Souza,H. Souza,101574,COR,264,0,True,https://s3.glbimg.com/v1/AUTH_58d78b787ec34892b5aaa0c7a146155f/clubes_2026/silhuetas/COR/FORMATO.png,19,4.26,Hugo de Souza Nogueira,7.6,1,9.67,22,hugo-souza,7,0.02,,1.0,,39.0,1.0,1.0,,,,1.0,,,,17.0,,1.0,,,8.0,
Ramon,Ramon,101597,VIT,287,0,False,https://s3.glbimg.com/v1/AUTH_58d78b787ec34892b5aaa0c7a146155f/clubes_2026/silhuetas/VIT/FORMATO.png,15,4.84,Ramon Ramos Lima,0.0,2,7.72,22,ramon,7,0.0,,2.0,,,,19.0,23.0,2.0,5.0,11.0,,2.0,,,,,,,5.0,
Felipe Jonatan,F. Jonatan,101708,CFC,294,0,True,https://s3.glbimg.com/v1/AUTH_58d78b787ec34892b5aaa0c7a146155f/clubes_2026/silhuetas/CFC/FORMATO.png,15,2.38,Felipe Jonatan Rocha Andrade,-0.3,2,4.54,22,felipe-jonatan,6,-0.24,,,,,,10.0,4.0,2.0,2.0,6.0,,,,,1.0,,,,3.0,
Alerrandro,Alerrandro,101715,INT,285,0,False,https://s3.glbimg.com/v1/AUTH_58d78b787ec34892b5aaa0c7a146155f/clubes_2026/silhuetas/INT/FORMATO.png,20,3.61,Alerrandro Barra Mansa Realino de Souza,0.0,5,6.33,22,alerrandro,6,0.0,3.0,1.0,,,,7.0,18.0,7.0,13.0,21.0,,3.0,,,5.0,,,,,
Matheuzinho,Matheuzinho,101727,COR,264,0,True,https://s3.glbimg.com/v1/AUTH_58d78b787ec34892b5aaa0c7a146155f/clubes_2026/silhuetas/COR/FORMATO.png,17,6.44,Matheus França Silva,18.5,2,12.62,22,matheuzinho,7,1.25,2.0,3.0,1.0,,,38.0,19.0,4.0,5.0,12.0,,1.0,1.0,,4.0,,,,7.0,
Fabinho,Fabinho,101729,CFC,294,0,False,https://s3.glbimg.com/v1/AUTH_58d78b787ec34892b5aaa0c7a146155f/clubes_2026/silhuetas/CFC/FORMATO.png,7,-0.03,Fabio Augusto Luciano da Silva,0.0,5,1.43,22,fabinho,6,0.0,,1.0,,,,,4.0,1.0,1.0,,,,,,,,,,,
Oliva,Oliva,101807,SAN,277,0,True,https://s3.glbimg.com/v1/AUTH_58d78b787ec34892b5aaa0c7a146155f/clubes_2026/silhuetas/SAN/FORMATO.png,13,2.94,Christian Gabriel Oliva Giménez,0.6,4,6.17,22,oliva,7,-0.09,2.0,,,,,17.0,21.0,1.0,4.0,9.0,,,,,,,,,,
Mayk,Mayk,101820,REM,364,0,True,https://s3.glbimg.com/v1/AUTH_58d78b787ec34892b5aaa0c7a146155f/clubes_2026/silhuetas/REM/FORMATO.png,14,3.27,Mayksilvan da Silva Ferreira,-0.3,2,5.75,22,mayk,2,-0.28,1.0,,,,,14.0,4.0,,3.0,7.0,,,,,,,,,3.0,
Willian Machado,W. Machado,101908,MIR,2305,0,False,https://s3.glbimg.com/v1/AUTH_58d78b787ec34892b5aaa0c7a146155f/clubes_2026/silhuetas/MIR/FORMATO.png,15,3.58,Willian Estefani Machado,0.0,3,5.34,22,willian-machado,6,0.0,1.0,2.0,,,,20.0,9.0,2.0,3.0,11.0,,1.0,,,,,,,1.0,
Vitinho,Vitinho,101960,INT,285,0,True,https://s3.glbimg.com/v1/AUTH_58d78b787ec34892b5aaa0c7a146155f/clubes_2026/silhuetas/INT/FORMATO.png,21,4.78,Vitor Hugo Naum dos Santos,3.8,5,7.68,22,vitinho,7,-1.35,3.0,4.0,,,,33.0,26.0,10.0,13.0,31.0,1.0,1.0,,,2.0,1.0,,,,
Brítez,Brítez,101995,VIT,287,0,True,https://s3.glbimg.com/v1/AUTH_58d78b787ec34892b5aaa0c7a146155f/clubes_2026/silhuetas/VIT/FORMATO.png,2,2.1,Emanuel Fermín Brítez,3.0,3,5.26,22,britez,6,0.26,,1.0,,,,3.0,2.0,,1.0,1.0,,,,,,,,,,
Piquerez,Piquerez,102130,PAL,275,0,True,https://s3.glbimg.com/v1/AUTH_58d78b787ec34892b5aaa0c7a146155f/clubes_2026/silhuetas/PAL/FORMATO.png,10,6.97,Joaquín Piquerez Moreira,8.0,2,11.85,22,piquerez,7,-0.63,3.0,,,,,15.0,4.0,2.0,4.0,10.0,1.0,,,,1.0,,,,4.0,
Vitor Eudes,V. Eudes,102137,FLU,266,0,False,https://s3.glbimg.com/v1/AUTH_58d78b787ec34892b5aaa0c7a146155f/clubes_2026/silhuetas/FLU/FORMATO.png,0,0.0,Vitor Eudes de Souza Costa,0.0,1,2.0,22,vitor-eudes,6,0.0,,,,,,,,,,,,,,,,,,,,
Rollheiser,Rollheiser,102256,SAN,277,0,True,https://s3.glbimg.com/v1/AUTH_58d78b787ec34892b5aaa0c7a146155f/clubes_2026/silhuetas/SAN/FORMATO.png,15,2.48,Benjamín Rollheiser,1.0,4,5.34,22,rollheiser,6,-0.14,,1.0,,,,4.0,10.0,4.0,5.0,5.0,,3.0,,,1.0,,,,,
Matheus Felipe,M. Felipe,102310,REM,364,0,True,https://s3.glbimg.com/v1/AUTH_58d78b787ec34892b5aaa0c7a146155f/clubes_2026/silhuetas/REM/FORMATO.png,2,2.7,Matheus Felipe Santos Nascimento,0.5,3,4.14,22,matheus-felipe,6,-0.51,,2.0,,,,2.0,2.0,,,,,,,,,,,,1.0,
Caio Paulista,C. Paulista,102318,GRE,284,0,False,https://s3.glbimg.com/v1/AUTH_58d78b787ec34892b5aaa0c7a146155f/clubes_2026/silhuetas/GRE/FORMATO.png,7,3.43,Caio Fernando de Oliveira,0.0,2,5.62,22,caio-paulista,6,0.0,,,,,,8.0,2.0,,2.0,2.0,,,,,,,,,2.0,
Cacá,Cacá,102340,VIT,287,0,False,https://s3.glbimg.com/v1/AUTH_58d78b787ec34892b5aaa0c7a146155f/clubes_2026/silhuetas/VIT/FORMATO.png,14,2.55,Carlos de Menezes Júnior,0.0,3,4.84,22,caca,7,0.0,,4.0,1.0,,,6.0,8.0,1.0,1.0,4.0,,1.0,,,,1.0,,,5.0,
Gabriel Poveda,G. Poveda,102877,REM,364,0,False,https://s3.glbimg.com/v1/AUTH_58d78b787ec34892b5aaa0c7a146155f/clubes_2026/silhuetas/REM/FORMATO.png,11,0.66,Gabriel Buscariol Poveda,0.0,5,2.68,22,gabriel-poveda,6,0.0,,,,,,3.0,4.0,1.0,1.0,4.0,,,,,,,,,,
Anderson,Anderson,102906,CHA,315,0,True,https://s3.glbimg.com/v1/AUTH_58d78b787ec34892b5aaa0c7a146155f/clubes_2026/silhuetas/CHA/FORMATO.png,7,3.04,Anderson Silva da Paixão,0.6,1,5.36,22,anderson,7,-0.51,,,,26.0,,,,,,1.0,,,,13.0,,,,,,
Luan,Luan,102909,SAO,276,0,False,https://s3.glbimg.com/v1/AUTH_58d78b787ec34892b5aaa0c7a146155f/clubes_2026/silhuetas/SAO/FORMATO.png,7,0.96,Luan Vinícius da Silva Santos,0.0,4,2.69,22,luan,6,0.0,,1.0,,,,5.0,2.0,,1.0,,,,,,,,,,,
Zé Ricardo,Z. Ricardo,102911,REM,364,0,True,https://s3.glbimg.com/v1/AUTH_58d78b787ec34892b5aaa0c7a146155f/clubes_2026/silhuetas/REM/FORMATO.png,20,2.57,José Ricardo Araújo Fernandes,1.5,4,4.31,22,ze-ricardo,7,-0.28,1.0,4.0,1.0,,,28.0,31.0,6.0,4.0,22.0,,,,,3.0,,,,,
Canobbio,Canobbio,102928,FLU,266,0,True,https://s3.glbimg.com/v1/AUTH_58d78b787ec34892b5aaa0c7a146155f/clubes_2026/silhuetas/FLU/FORMATO.png,14,7.0,Agustín Canobbio Graviz,2.0,5,10.45,22,canobbio,7,-0.57,2.0,4.0,1.0,,,24.0,19.0,8.0,7.0,23.0,2.0,4.0,,,1.0,,,,,
Escobar,Escobar,102975,SAN,277,0,True,https://s3.glbimg.com/v1/AUTH_58d78b787ec34892b5aaa0c7a146155f/clubes_2026/silhuetas/SAN/FORMATO.png,14,5.98,Gonzalo Daniel Escobar,1.7,2,9.53,22,escobar,7,-0.64,1.0,5.0,,,,37.0,14.0,1.0,4.0,12.0,1.0,,,,1.0,1.0,,,4.0,
Gabriel Brazão,G. Brazão,103056,SAN,277,0,True,https://s3.glbimg.com/v1/AUTH_58d78b787ec34892b5aaa0c7a146155f/clubes_2026/silhuetas/SAN/FORMATO.png,17,2.38,Gabriel Nascimento Rezende Brazão - Resende,0.6,1,5.11,22,gabriel-brazao,7,-0.14,,4.0,,44.0,,,,1.0,,2.0,,,,29.0,,1.0,,,3.0,
Andrew,Andrew,103183,FLA,262,0,False,https://s3.glbimg.com/v1/AUTH_58d78b787ec34892b5aaa0c7a146155f/clubes_2026/silhuetas/FLA/FORMATO.png,0,0.0,Andrew da Silva Ventura,0.0,1,3.0,22,andrew,6,0.0,,,,,,,,,,,,,,,,,,,,
Eric Ramires,E. Ramires,103295,RBB,280,0,True,https://s3.glbimg.com/v1/AUTH_58d78b787ec34892b5aaa0c7a146155f/clubes_2026/silhuetas/RBB/FORMATO.png,13,0.58,Eric dos Santos Rodrigues,2.6,4,2.59,22,eric-ramires,6,0.4,,2.0,,,,5.0,11.0,,1.0,7.0,,,,,,,,1.0,,
Matheus Alexandre,M. Alexandre,103347,REM,364,0,True,https://s3.glbimg.com/v1/AUTH_58d78b787ec34892b5aaa0c7a146155f/clubes_2026/silhuetas/REM/FORMATO.png,11,1.92,Matheus Alexandre Anastácio de Souza,1.5,2,4.19,22,matheus-alexandre,6,0.06,,1.0,,,,5.0,4.0,,1.0,,,,,,,,,,3.0,
Emmanuel Martínez,E. Martínez,103388,VIT,287,0,True,https://s3.glbimg.com/v1/AUTH_58d78b787ec34892b5aaa0c7a146155f/clubes_2026/silhuetas/VIT/FORMATO.png,15,3.29,Leandro Emmanuel Martínez,5.9,4,6.7,22,emmanuel-martinez,7,1.04,,5.0,,,,29.0,25.0,2.0,3.0,27.0,,,,,1.0,,,,,
Kaio Jorge,K. Jorge,103445,CRU,283,0,True,https://s3.glbimg.com/v1/AUTH_58d78b787ec34892b5aaa0c7a146155f/clubes_2026/silhuetas/CRU/FORMATO.png,16,4.85,Kaio Jorge Pinto Ramos,8.5,5,11.8,22,kaio-jorge,7,1.1,,1.0,,,,3.0,5.0,6.0,17.0,13.0,,6.0,,,6.0,,,1.0,,
Ignácio,Ignácio,103523,FLU,266,0,True,https://s3.glbimg.com/v1/AUTH_58d78b787ec34892b5aaa0c7a146155f/clubes_2026/silhuetas/FLU/FORMATO.png,10,3.45,Ignácio da Silva Oliveira,12.7,3,7.32,22,ignacio,3,1.35,,3.0,,,,11.0,9.0,,4.0,9.0,1.0,1.0,,,,,,,1.0,
Guido Herrera,G. Herrera,103562,BAH,265,0,False,https://s3.glbimg.com/v1/AUTH_58d78b787ec34892b5aaa0c7a146155f/clubes_2026/silhuetas/BAH/FORMATO.png,0,0.0,Guido Gabriel Herrera,0.0,1,6.0,22,guido-herrera,6,0.0,,,,,,,,,,,,,,,,,,,,
Ocampo,Ocampo,103626,CFC,294,0,True,https://s3.glbimg.com/v1/AUTH_58d78b787ec34892b5aaa0c7a146155f/clubes_2026/silhuetas/CFC/FORMATO.png,3,1.1,Brian Alexis Ocampo Ferreira,0.0,5,4.51,22,ocampo,2,-0.57,,,,,,1.0,1.0,,2.0,1.0,,,,,,,,,,
Gabriel Menino,G. Menino,103767,SAN,277,0,True,https://s3.glbimg.com/v1/AUTH_58d78b787ec34892b5aaa0c7a146155f/clubes_2026/silhuetas/SAN/FORMATO.png,9,5.45,Gabriel Vinícius Menino,8.5,4,9.92,22,gabriel-menino,7,0.69,,2.0,,,,19.0,5.0,5.0,4.0,14.0,,1.0,,,1.0,,,,,
Bruno Santos,B. Santos,103967,MIR,2305,0,True,https://s3.glbimg.com/v1/AUTH_58d78b787ec34892b5aaa0c7a146155f/clubes_2026/silhuetas/MIR/FORMATO.png,3,0.6,Bruno Santos de Oliveira,1.4,5,3.32,22,bruno-santos,7,-0.04,,,,,,,6.0,,3.0,3.0,,,,,3.0,,,,,
Rafael Guanaes,R. Guanaes,104027,MIR,2305,0,True,https://s3.glbimg.com/v1/AUTH_58d78b787ec34892b5aaa0c7a146155f/clubes_2026/silhuetas/MIR/FORMATO.png,19,4.15,Rafael Silva Guanaes,2.5,6,6.99,22,rafael-guanaes,7,-0.45,,,,,,,,,,,,,,,,,,,,5.0
Labyad,Labyad,104036,COR,264,0,False,https://s3.glbimg.com/v1/AUTH_58d78b787ec34892b5aaa0c7a146155f/clubes_2026/silhuetas/COR/FORMATO.png,11,2.05,Zakaria Labyad,0.0,4,4.52,22,labyad,5,0.0,2.0,1.0,,,,3.0,6.0,,1.0,4.0,,1.0,,,,,,,,
Sabino,Sabino,104075,SAO,276,0,False,https://s3.glbimg.com/v1/AUTH_58d78b787ec34892b5aaa0c7a146155f/clubes_2026/silhuetas/SAO/FORMATO.png,16,3.89,José Sabino Chagas Monteiro,0.0,3,6.86,22,sabino,6,0.0,,1.0,,,,24.0,22.0,1.0,2.0,10.0,1.0,1.0,,,,,,,3.0,
Carlos Miguel,C. Miguel,104084,PAL,275,0,True,https://s3.glbimg.com/v1/AUTH_58d78b787ec34892b5aaa0c7a146155f/clubes_2026/silhuetas/PAL/FORMATO.png,21,5.21,Carlos Miguel dos Santos Pereira,8.1,1,8.9,22,carlos-miguel,7,-0.03,,3.0,,64.0,,,,,,11.0,,,,16.0,,,,,8.0,
Bruno Fuchs,B. Fuchs,104085,PAL,275,0,False,https://s3.glbimg.com/v1/AUTH_58d78b787ec34892b5aaa0c7a146155f/clubes_2026/silhuetas/PAL/FORMATO.png,7,4.21,Bruno de Lara Fuchs,0.0,3,8.5,22,bruno-fuchs,5,0.0,,,,,,7.0,5.0,,,1.0,,,,,,,,,4.0,
Lucas Arcanjo,L. Arcanjo,104118,VIT,287,0,True,https://s3.glbimg.com/v1/AUTH_58d78b787ec34892b5aaa0c7a146155f/clubes_2026/silhuetas/VIT/FORMATO.png,16,5.42,Lucas Willians Assis Arcanjo,1.9,1,8.88,22,lucas-arcanjo,7,0.1,,1.0,,56.0,2.0,,,,,,,,,23.0,,1.0,,,5.0,
Fabri,Fabri,104134,VIT,287,0,True,https://s3.glbimg.com/v1/AUTH_58d78b787ec34892b5aaa0c7a146155f/clubes_2026/silhuetas/VIT/FORMATO.png,8,2.33,Fabrício do Rosário dos Santos,0.0,5,4.67,22,fabri,6,-0.6,1.0,,,,,4.0,3.0,2.0,2.0,3.0,1.0,,,,,,,,,
Edson Carioca,E. Carioca,104204,MIR,2305,0,True,https://s3.glbimg.com/v1/AUTH_58d78b787ec34892b5aaa0c7a146155f/clubes_2026/silhuetas/MIR/FORMATO.png,13,2.16,Edson Guilherme Mendes dos Santos,0.0,5,4.05,22,edson-carioca,2,-0.53,,4.0,,,,11.0,15.0,2.0,8.0,7.0,,1.0,,,1.0,,,,,
João Lucas,J. Lucas,104257,REM,364,0,False,https://s3.glbimg.com/v1/AUTH_58d78b787ec34892b5aaa0c7a146155f/clubes_2026/silhuetas/REM/FORMATO.png,6,2.82,João Lucas de Almeida Carvalho,0.0,2,4.59,22,joao-lucas,6,0.0,,3.0,,,,11.0,8.0,1.0,2.0,6.0,,,,,,,,,,
Dudu,Dudu,104330,VIT,287,0,False,https://s3.glbimg.com/v1/AUTH_58d78b787ec34892b5aaa0c7a146155f/clubes_2026/silhuetas/VIT/FORMATO.png,2,3.95,Eduardo Marcelo Rodrigues Nunes,0.0,4,5.01,22,dudu,5,0.0,,,,,,,2.0,,,1.0,,1.0,,,,,,,,
Everton,Everton,104470,CHA,315,0,True,https://s3.glbimg.com/v1/AUTH_58d78b787ec34892b5aaa0c7a146155f/clubes_2026/silhuetas/CHA/FORMATO.png,16,1.88,Everton Souza da Cruz,0.0,2,3.52,22,everton,6,-0.58,1.0,4.0,1.0,,,11.0,13.0,2.0,5.0,16.0,,,,,,,,,1.0,
Camilo,Camilo,104519,CHA,315,0,True,https://s3.glbimg.com/v1/AUTH_58d78b787ec34892b5aaa0c7a146155f/clubes_2026/silhuetas/CHA/FORMATO.png,17,3.07,Camilo Reijers de Oliveira,-0.3,4,4.72,22,camilo,7,-0.72,,4.0,,,,34.0,26.0,2.0,5.0,13.0,,,,,,,,,,
Fabrício,Fabrício,104588,RBB,280,0,False,https://s3.glbimg.com/v1/AUTH_58d78b787ec34892b5aaa0c7a146155f/clubes_2026/silhuetas/RBB/FORMATO.png,0,0.0,Fabrício Oliveira de Souza,0.0,1,2.0,22,fabricio,6,0.0,,,,,,,,,,,,,,,,,,,,
Moisés,Moisés,104666,SAN,277,0,False,https://s3.glbimg.com/v1/AUTH_58d78b787ec34892b5aaa0c7a146155f/clubes_2026/silhuetas/SAN/FORMATO.png,13,2.35,Moisés Vieira da Veiga,0.0,5,4.78,22,moises,5,0.0,1.0,,,,,2.0,5.0,4.0,,5.0,,2.0,,,,,,1.0,,
Newton,Newton,104693,SAO,276,0,False,https://s3.glbimg.com/v1/AUTH_58d78b787ec34892b5aaa0c7a146155f/clubes_2026/silhuetas/SAO/FORMATO.png,7,1.94,Newton Araújo da Costa Júnior,0.0,4,4.18,22,newton,6,0.0,,2.0,,,,8.0,3.0,1.0,1.0,5.0,,,,,,,,,,
Enzo Díaz,E. Díaz,104758,SAO,276,0,False,https://s3.glbimg.com/v1/AUTH_58d78b787ec34892b5aaa0c7a146155f/clubes_2026/silhuetas/SAO/FORMATO.png,13,3.9,Enzo Hernán Díaz,0.0,2,9.04,22,enzo-diaz,6,0.0,1.0,7.0,,,,28.0,23.0,2.0,3.0,16.0,,,,,2.0,,,,1.0,
Acevedo,Acevedo,104783,BAH,265,0,True,https://s3.glbimg.com/v1/AUTH_58d78b787ec34892b5aaa0c7a146155f/clubes_2026/silhuetas/BAH/FORMATO.png,19,4.39,Nicolás Brian Acevedo Tabárez,3.4,4,7.02,22,acevedo,7,-0.05,,6.0,,,,48.0,41.0,6.0,6.0,23.0,2.0,,,,,,,,,
Sebastián Gómez,S. Gómez,104811,CFC,294,0,True,https://s3.glbimg.com/v1/AUTH_58d78b787ec34892b5aaa0c7a146155f/clubes_2026/silhuetas/CFC/FORMATO.png,18,2.49,Sebastián Gómez Londoño,1.2,4,4.05,22,sebastian-gomez,7,-0.21,,3.0,,,,24.0,27.0,4.0,7.0,19.0,,,,,,,,,,
Wagner Leonardo,W. Leonardo,104994,GRE,284,0,False,https://s3.glbimg.com/v1/AUTH_58d78b787ec34892b5aaa0c7a146155f/clubes_2026/silhuetas/GRE/FORMATO.png,9,2.78,Wagner Leonardo Calvelo de Souza,0.0,3,5.36,22,wagner-leonardo,6,0.0,,1.0,1.0,,,13.0,10.0,,2.0,2.0,,,,,1.0,,,,2.0,
João Marcelo,J. Marcelo,105047,CRU,283,0,True,https://s3.glbimg.com/v1/AUTH_58d78b787ec34892b5aaa0c7a146155f/clubes_2026/silhuetas/CRU/FORMATO.png,7,2.81,João Marcelo Messias Ferreira,10.4,3,5.42,22,joao-marcelo,6,1.94,,,,,,5.0,6.0,,,2.0,,1.0,,,,,,,1.0,
Jajá,Jajá,105048,REM,364,0,True,https://s3.glbimg.com/v1/AUTH_58d78b787ec34892b5aaa0c7a146155f/clubes_2026/silhuetas/REM/FORMATO.png,18,5.59,Jandir Breno Souza Silva,10.2,5,7.63,22,jaja,7,0.89,1.0,1.0,1.0,,,17.0,12.0,10.0,10.0,20.0,,6.0,,,4.0,,,,,
Reinier,Reinier,105068,CAM,282,0,True,https://s3.glbimg.com/v1/AUTH_58d78b787ec34892b5aaa0c7a146155f/clubes_2026/silhuetas/CAM/FORMATO.png,16,2.97,Reinier Jesus Carvalho,9.5,4,5.39,22,reinier,6,1.4,1.0,1.0,,,,7.0,9.0,8.0,4.0,8.0,1.0,2.0,,,,,,,,
Tetê,Tetê,105089,GRE,284,0,False,https://s3.glbimg.com/v1/AUTH_58d78b787ec34892b5aaa0c7a146155f/clubes_2026/silhuetas/GRE/FORMATO.png,15,3.73,Mateus Cardoso Lemos Martins,0.0,5,9.09,22,tete,5,0.0,,,,,,11.0,6.0,6.0,11.0,13.0,1.0,2.0,,,1.0,,,,,
Villagra,Villagra,105157,INT,285,0,False,https://s3.glbimg.com/v1/AUTH_58d78b787ec34892b5aaa0c7a146155f/clubes_2026/silhuetas/INT/FORMATO.png,16,2.05,Rodrigo Román Villagra,0.0,4,5.2,22,villagra,5,0.0,,1.0,,,,16.0,21.0,3.0,5.0,17.0,,,,,,,,,,
Khellven,Khellven,105175,PAL,275,0,False,https://s3.glbimg.com/v1/AUTH_58d78b787ec34892b5aaa0c7a146155f/clubes_2026/silhuetas/PAL/FORMATO.png,15,2.9,Khellven Douglas Silva Oliveira,0.0,2,5.69,22,khellven,5,0.0,,3.0,,,,18.0,15.0,,2.0,7.0,1.0,,1.0,,,1.0,,,4.0,
Sant'Anna,Sant'Anna,105213,RBB,280,0,False,https://s3.glbimg.com/v1/AUTH_58d78b787ec34892b5aaa0c7a146155f/clubes_2026/silhuetas/RBB/FORMATO.png,7,6.23,Ariel Agustín Sant'Anna Quintero,0.0,2,8.88,22,sant-anna,6,0.0,1.0,1.0,,,,7.0,7.0,3.0,1.0,4.0,,,,,2.0,,,,5.0,
Santi Rodríguez,S. Rodríguez,105214,BOT,263,0,False,https://s3.glbimg.com/v1/AUTH_58d78b787ec34892b5aaa0c7a146155f/clubes_2026/silhuetas/BOT/FORMATO.png,10,2.13,Santiago Mariano Rodríguez Molina,0.0,4,5.68,22,santi-rodriguez,6,0.0,,1.0,,,,10.0,9.0,,,14.0,1.0,,,,,,,,,
Ferraresi,Ferraresi,105300,BOT,263,0,True,https://s3.glbimg.com/v1/AUTH_58d78b787ec34892b5aaa0c7a146155f/clubes_2026/silhuetas/BOT/FORMATO.png,16,2.44,Nahuel Adolfo Ferraresi Hernández,0.2,3,5.53,22,ferraresi,7,-0.64,,4.0,,,,18.0,17.0,,3.0,8.0,,1.0,1.0,,1.0,,,,2.0,
Carrascal,Carrascal,105436,FLA,262,0,True,https://s3.glbimg.com/v1/AUTH_58d78b787ec34892b5aaa0c7a146155f/clubes_2026/silhuetas/FLA/FORMATO.png,14,4.93,Jorge Andrés Carrascal Guardo,14.5,4,11.45,22,carrascal,6,1.69,2.0,1.0,2.0,,,18.0,8.0,5.0,8.0,14.0,2.0,2.0,,,,,,,,
Renan Peixoto,R. Peixoto,105518,CAP,293,0,False,https://s3.glbimg.com/v1/AUTH_58d78b787ec34892b5aaa0c7a146155f/clubes_2026/silhuetas/CAP/FORMATO.png,7,0.9,Renan Peixoto Nepomuceno,0.0,5,2.73,22,renan-peixoto,6,0.0,,,,,,1.0,3.0,,1.0,4.0,1.0,,,,1.0,,,,,
Matheus Bidu,M. Bidu,105531,COR,264,0,True,https://s3.glbimg.com/v1/AUTH_58d78b787ec34892b5aaa0c7a146155f/clubes_2026/silhuetas/COR/FORMATO.png,16,7.81,Matheus Lima Beltrão Oliveira Valin,7.0,2,12.92,22,matheus-bidu,7,-0.38,1.0,4.0,,,,35.0,19.0,1.0,6.0,43.0,,2.0,,,4.0,1.0,,,7.0,
Carlos Vinícius,C. Vinícius,105563,GRE,284,0,True,https://s3.glbimg.com/v1/AUTH_58d78b787ec34892b5aaa0c7a146155f/clubes_2026/silhuetas/GRE/FORMATO.png,19,5.62,Carlos Vinícius Alves Morais,7.9,5,14.47,22,carlos-vinicius,7,0.4,1.0,4.0,,,,6.0,25.0,11.0,10.0,20.0,1.0,9.0,,,17.0,,,,,
Lucas Piton,L. Piton,105584,VAS,267,0,False,https://s3.glbimg.com/v1/AUTH_58d78b787ec34892b5aaa0c7a146155f/clubes_2026/silhuetas/VAS/FORMATO.png,14,2.0,Lucas Piton Crivellaro,0.0,2,4.96,22,lucas-piton,7,0.0,,,,,,13.0,9.0,2.0,3.0,3.0,,,,,1.0,,,,1.0,
Maurício,Maurício,105647,PAL,275,0,True,https://s3.glbimg.com/v1/AUTH_58d78b787ec34892b5aaa0c7a146155f/clubes_2026/silhuetas/PAL/FORMATO.png,19,3.85,Maurício Magalhães Prado,2.4,4,6.93,22,mauricio,7,-0.83,1.0,2.0,,,,11.0,16.0,9.0,10.0,16.0,,4.0,,,2.0,,,,,
Edu,Edu,105842,VIT,287,0,False,https://s3.glbimg.com/v1/AUTH_58d78b787ec34892b5aaa0c7a146155f/clubes_2026/silhuetas/VIT/FORMATO.png,1,1.5,Lucas Eduardo Ribeiro de Souza,0.0,3,4.13,22,edu,5,0.0,,,,,,1.0,,,,,,,,,,,,,,
Edson Fernando,E. Fernando,105901,REM,364,0,False,https://s3.glbimg.com/v1/AUTH_58d78b787ec34892b5aaa0c7a146155f/clubes_2026/silhuetas/REM/FORMATO.png,1,-0.3,Edson Fernando da Silva Gomes,0.0,4,2.62,22,edson-fernando,6,0.0,,,,,,,1.0,,,,,,,,,,,,,
Aldo Filho,A. Filho,105903,MIR,2305,0,False,https://s3.glbimg.com/v1/AUTH_58d78b787ec34892b5aaa0c7a146155f/clubes_2026/silhuetas/MIR/FORMATO.png,15,2.09,José Aldo Soares de Oliveira Filho,0.0,4,3.8,22,aldo-filho,5,0.0,1.0,7.0,,,,18.0,20.0,3.0,6.0,8.0,,,,,1.0,,,,,
Rochet,Rochet,105949,INT,285,0,False,https://s3.glbimg.com/v1/AUTH_58d78b787ec34892b5aaa0c7a146155f/clubes_2026/silhuetas/INT/FORMATO.png,11,3.33,Sergio Ramón Rochet Álvarez,0.0,1,6.28,22,rochet,5,0.0,,1.0,,22.0,,3.0,,,,1.0,,,,11.0,,,,,3.0,
Santiago Mingo,S. Mingo,105990,BAH,265,0,True,https://s3.glbimg.com/v1/AUTH_58d78b787ec34892b5aaa0c7a146155f/clubes_2026/silhuetas/BAH/FORMATO.png,19,2.22,Santiago Martín Ramos Mingo,5.0,3,4.87,22,santiago-mingo,7,0.07,,3.0,,,,7.0,13.0,3.0,1.0,11.0,1.0,,1.0,,1.0,1.0,,,6.0,
Coronel,Coronel,106028,SAO,276,0,False,https://s3.glbimg.com/v1/AUTH_58d78b787ec34892b5aaa0c7a146155f/clubes_2026/silhuetas/SAO/FORMATO.png,0,0.0,Carlos Miguel Coronel,0.0,1,5.0,22,coronel,6,0.0,,,,,,,,,,,,,,,,,,,,
Enamorado,Enamorado,106104,GRE,284,0,False,https://s3.glbimg.com/v1/AUTH_58d78b787ec34892b5aaa0c7a146155f/clubes_2026/silhuetas/GRE/FORMATO.png,18,3.31,José David Enamorado Gómez,0.0,5,6.68,22,enamorado,6,0.0,2.0,3.0,,,,21.0,15.0,3.0,8.0,25.0,1.0,,,,2.0,,,,,
Gabriel Pec,G. Pec,106199,CRU,283,0,False,https://s3.glbimg.com/v1/AUTH_58d78b787ec34892b5aaa0c7a146155f/clubes_2026/silhuetas/CRU/FORMATO.png,1,4.1,Gabriel Fortes Chaves,0.0,5,7.94,22,gabriel-pec,5,0.0,,,,,,1.0,1.0,1.0,1.0,2.0,,,,,1.0,,,,,
Bruno Gomes,B. Gomes,106202,INT,285,0,True,https://s3.glbimg.com/v1/AUTH_58d78b787ec34892b5aaa0c7a146155f/clubes_2026/silhuetas/INT/FORMATO.png,22,3.41,Bruno Gomes da Silva Clevelário,1.7,4,6.37,22,bruno-gomes,7,-0.62,,2.0,,,,37.0,22.0,1.0,6.0,38.0,1.0,,,,,,,,,
Marcos Antônio,M. Antônio,106294,SAO,276,0,True,https://s3.glbimg.com/v1/AUTH_58d78b787ec34892b5aaa0c7a146155f/clubes_2026/silhuetas/SAO/FORMATO.png,15,2.66,Marcos Antônio Silva Santos,2.9,4,6.39,22,marcos-antonio,7,0.01,2.0,1.0,,,,14.0,13.0,3.0,4.0,14.0,,,,,2.0,,,,,
Preciado,Preciado,106302,CAM,282,0,True,https://s3.glbimg.com/v1/AUTH_58d78b787ec34892b5aaa0c7a146155f/clubes_2026/silhuetas/CAM/FORMATO.png,9,4.44,Ángelo Smit Preciado Quiñónez,13.6,2,8.86,22,preciado,6,2.4,1.0,2.0,,,,14.0,13.0,,3.0,15.0,,,,,,,,,2.0,
Domingos Duarte,D. Duarte,106313,SAO,276,0,False,https://s3.glbimg.com/v1/AUTH_58d78b787ec34892b5aaa0c7a146155f/clubes_2026/silhuetas/SAO/FORMATO.png,0,0.0,Domingos de Sousa Coutinho Meneses Duarte,0.0,3,5.0,22,domingos-duarte,6,0.0,,,,,,,,,,,,,,,,,,,,
Caio Alexandre,C. Alexandre,106323,BAH,265,0,True,https://s3.glbimg.com/v1/AUTH_58d78b787ec34892b5aaa0c7a146155f/clubes_2026/silhuetas/BAH/FORMATO.png,12,1.22,Caio Alexandre Souza e Silva,1.5,4,4.01,22,caio-alexandre,6,0.04,,1.0,,,,8.0,12.0,,1.0,13.0,,,,,,,,,,
Eduardo Santos,E. Santos,106434,RBB,280,0,False,https://s3.glbimg.com/v1/AUTH_58d78b787ec34892b5aaa0c7a146155f/clubes_2026/silhuetas/RBB/FORMATO.png,3,1.4,Eduardo Gonzaga Mendes Santos,0.0,3,4.6,22,eduardo-santos,6,0.0,,,,,,1.0,1.0,,,,1.0,,,,,,,,,
Villalba,Villalba,106593,CRU,283,0,True,https://s3.glbimg.com/v1/AUTH_58d78b787ec34892b5aaa0c7a146155f/clubes_2026/silhuetas/CRU/FORMATO.png,11,2.69,Lucas Hernán Villalba,4.7,3,7.01,22,villalba,6,-0.01,1.0,1.0,,,,7.0,12.0,1.0,2.0,4.0,,,,,1.0,1.0,,,3.0,
Igor Formiga,I. Formiga,106708,MIR,2305,0,True,https://s3.glbimg.com/v1/AUTH_58d78b787ec34892b5aaa0c7a146155f/clubes_2026/silhuetas/MIR/FORMATO.png,16,4.8,Igor Marques Paciência Cardoso,1.5,2,7.5,22,igor-formiga,7,-0.34,,1.0,,,,33.0,22.0,1.0,9.0,5.0,,3.0,,,,,,,,
Rodrigo Nestor,R. Nestor,106822,BAH,265,0,True,https://s3.glbimg.com/v1/AUTH_58d78b787ec34892b5aaa0c7a146155f/clubes_2026/silhuetas/BAH/FORMATO.png,14,3.42,Rodrigo Nestor Bertalia,7.1,4,6.1,22,rodrigo-nestor,7,0.46,2.0,3.0,,,,17.0,17.0,4.0,16.0,6.0,,,,,1.0,,,,,
Rafael Lacerda,R. Lacerda,106907,CHA,315,0,True,https://s3.glbimg.com/v1/AUTH_58d78b787ec34892b5aaa0c7a146155f/clubes_2026/silhuetas/CHA/FORMATO.png,3,3.34,Rafael dos Santos Lacerda,3.15,6,7.72,22,rafael-lacerda,7,-0.32,,,,,,,,,,,,,,,,,,,,
Fernando,Fernando,106950,CHA,315,0,True,https://s3.glbimg.com/v1/AUTH_58d78b787ec34892b5aaa0c7a146155f/clubes_2026/silhuetas/CHA/FORMATO.png,2,3.1,Fernando Augusto Pereira Bueno Júnior,1.2,2,4.38,22,fernando,7,-0.31,,,,,,3.0,1.0,,,4.0,,,,,,,,,,
Yuri Sena,Y. Sena,107075,VIT,287,0,False,https://s3.glbimg.com/v1/AUTH_58d78b787ec34892b5aaa0c7a146155f/clubes_2026/silhuetas/VIT/FORMATO.png,0,0.0,Yuri Sena dos Reis Batista,0.0,1,1.0,22,yuri-sena,6,0.0,,,,,,,,,,,,,,,,,,,,
Luciano Juba,L. Juba,107093,BAH,265,0,True,https://s3.glbimg.com/v1/AUTH_58d78b787ec34892b5aaa0c7a146155f/clubes_2026/silhuetas/BAH/FORMATO.png,18,7.3,Luciano Batista da Silva Júnior,4.7,2,11.26,22,luciano-juba,7,-0.66,1.0,2.0,,,,20.0,14.0,5.0,7.0,12.0,1.0,7.0,,,,,1.0,,6.0,
Michel Araújo,M. Araújo,107173,BAH,265,0,True,https://s3.glbimg.com/v1/AUTH_58d78b787ec34892b5aaa0c7a146155f/clubes_2026/silhuetas/BAH/FORMATO.png,14,0.96,Michel Daryl Araújo Villar,2.0,4,2.83,22,michel-araujo,6,0.2,,,1.0,,,8.0,10.0,1.0,5.0,5.0,,,,,3.0,,,,,
Max,Max,107203,CHA,315,0,True,https://s3.glbimg.com/v1/AUTH_58d78b787ec34892b5aaa0c7a146155f/clubes_2026/silhuetas/CHA/FORMATO.png,2,1.85,Max Alves da Silva,0.5,4,4.39,22,max,5,-0.51,,,,,,2.0,2.0,,1.0,1.0,,,,,,,,,,
Danilo,Danilo,107231,BOT,263,0,True,https://s3.glbimg.com/v1/AUTH_58d78b787ec34892b5aaa0c7a146155f/clubes_2026/silhuetas/BOT/FORMATO.png,14,8.37,Danilo dos Santos de Oliveira,7.1,4,15.0,22,danilo,7,0.52,2.0,1.0,,,,23.0,9.0,5.0,10.0,7.0,1.0,7.0,,,,,,,,
Vanderlan,Vanderlan,107236,RBB,280,0,False,https://s3.glbimg.com/v1/AUTH_58d78b787ec34892b5aaa0c7a146155f/clubes_2026/silhuetas/RBB/FORMATO.png,1,-0.3,Vanderlan Barbosa da Silva,0.0,2,4.41,22,vanderlan,5,0.0,,1.0,,,,,1.0,,,,,,,,,,,,,
Zé Vitor,Z. Vitor,107256,VIT,287,0,True,https://s3.glbimg.com/v1/AUTH_58d78b787ec34892b5aaa0c7a146155f/clubes_2026/silhuetas/VIT/FORMATO.png,12,3.89,Jose Vitor Silva Neves,0.9,4,5.29,22,ze-vitor,6,-0.09,,4.0,,,,22.0,23.0,1.0,8.0,20.0,,1.0,,,,1.0,,,,
João Paulo,J. Paulo,107453,CHA,315,0,False,https://s3.glbimg.com/v1/AUTH_58d78b787ec34892b5aaa0c7a146155f/clubes_2026/silhuetas/CHA/FORMATO.png,6,3.3,João Paulo Silveira dos Santos,0.0,3,4.8,22,joao-paulo,5,0.0,1.0,2.0,,,,6.0,11.0,,2.0,3.0,,1.0,,,,,,,,
Ênio,Ênio,107516,CHA,315,0,True,https://s3.glbimg.com/v1/AUTH_58d78b787ec34892b5aaa0c7a146155f/clubes_2026/silhuetas/CHA/FORMATO.png,12,2.93,Sebastião Ênio Santos de Almeida,0.8,5,5.04,22,enio,6,-0.04,,2.0,,,,4.0,9.0,4.0,6.0,27.0,1.0,1.0,,,3.0,,,,,
Natanael,Natanael,107554,CAM,282,0,False,https://s3.glbimg.com/v1/AUTH_58d78b787ec34892b5aaa0c7a146155f/clubes_2026/silhuetas/CAM/FORMATO.png,13,4.85,Natanael Moreira Milouski,0.0,2,8.48,22,natanael,7,0.0,2.0,,1.0,,,22.0,14.0,2.0,4.0,24.0,,,,,4.0,,,,2.0,
Eduardo Melo,E. Melo,107700,REM,364,0,False,https://s3.glbimg.com/v1/AUTH_58d78b787ec34892b5aaa0c7a146155f/clubes_2026/silhuetas/REM/FORMATO.png,1,1.4,Eduardo de Queiroz Melo,0.0,5,2.13,22,eduardo-melo,6,0.0,,,,,,1.0,,,,,,,,,1.0,,,,,
Praxedes,Praxedes,107744,RBB,280,0,False,https://s3.glbimg.com/v1/AUTH_58d78b787ec34892b5aaa0c7a146155f/clubes_2026/silhuetas/RBB/FORMATO.png,0,0.0,Bruno Conceição Praxedes,0.0,4,4.0,22,praxedes,6,0.0,,,,,,,,,,,,,,,,,,,,
Fintelman,Fintelman,107859,VIT,287,0,False,https://s3.glbimg.com/v1/AUTH_58d78b787ec34892b5aaa0c7a146155f/clubes_2026/silhuetas/VIT/FORMATO.png,0,0.0,Alexandre Fintelman de Mello Ribeiro da Silva,0.0,1,2.0,22,fintelman,6,0.0,,,,,,,,,,,,,,,,,,,,
Bobadilla,Bobadilla,107873,SAO,276,0,True,https://s3.glbimg.com/v1/AUTH_58d78b787ec34892b5aaa0c7a146155f/clubes_2026/silhuetas/SAO/FORMATO.png,16,3.94,Damián Josué Bobadilla Benítez,1.2,4,8.06,22,bobadilla,6,-0.16,2.0,3.0,,,,31.0,20.0,6.0,3.0,6.0,1.0,,,,1.0,,,,,
Hugo,Hugo,107908,COR,264,0,False,https://s3.glbimg.com/v1/AUTH_58d78b787ec34892b5aaa0c7a146155f/clubes_2026/silhuetas/COR/FORMATO.png,0,0.0,Hugo Ferreira de Farias,0.0,2,4.0,22,hugo,6,0.0,,,,,,,,,,,,,,,,,,,,
Terán,Terán,107985,CAP,293,0,False,https://s3.glbimg.com/v1/AUTH_58d78b787ec34892b5aaa0c7a146155f/clubes_2026/silhuetas/CAP/FORMATO.png,13,4.09,Carlos Terán Díaz,0.0,3,6.98,22,teran,5,0.0,,,,,,15.0,10.0,3.0,2.0,7.0,,,,,,,,,5.0,
Carbonero,Carbonero,107989,INT,285,0,True,https://s3.glbimg.com/v1/AUTH_58d78b787ec34892b5aaa0c7a146155f/clubes_2026/silhuetas/INT/FORMATO.png,21,5.15,Johan Stiven Carbonero Balanta,2.8,5,8.68,22,carbonero,7,-0.46,3.0,3.0,,,,8.0,23.0,12.0,20.0,44.0,,5.0,,,14.0,,,,,
Garcez,Garcez,108131,CHA,315,0,False,https://s3.glbimg.com/v1/AUTH_58d78b787ec34892b5aaa0c7a146155f/clubes_2026/silhuetas/CHA/FORMATO.png,8,1.22,Maurício Garcez de Jesus,0.0,5,3.12,22,garcez,5,0.0,,,,,,2.0,6.0,1.0,5.0,7.0,,,,,1.0,,,,,
Isidro Pitta,I. Pitta,108133,RBB,280,0,True,https://s3.glbimg.com/v1/AUTH_58d78b787ec34892b5aaa0c7a146155f/clubes_2026/silhuetas/RBB/FORMATO.png,19,3.84,Isidro Miguel Pitta Saldívar,0.7,5,5.4,22,isidro-pitta,6,-0.14,2.0,2.0,,,,2.0,20.0,7.0,23.0,10.0,,5.0,,,10.0,,1.0,1.0,,
Nardoni,Nardoni,108162,GRE,284,0,True,https://s3.glbimg.com/v1/AUTH_58d78b787ec34892b5aaa0c7a146155f/clubes_2026/silhuetas/GRE/FORMATO.png,13,2.06,Juan Ignacio Martín Nardoni,1.8,4,6.36,22,nardoni,7,-0.24,,2.0,,,,10.0,17.0,1.0,4.0,13.0,,1.0,,,1.0,,,,,
Adonis Frías,A. Frías,108469,SAN,277,0,True,https://s3.glbimg.com/v1/AUTH_58d78b787ec34892b5aaa0c7a146155f/clubes_2026/silhuetas/SAN/FORMATO.png,8,3.4,Adonis Uriel Frías,2.1,3,5.64,22,adonis-frias,7,-0.02,,2.0,,,,9.0,6.0,1.0,1.0,5.0,,1.0,,,,,,,1.0,
Emiliano Martínez,E. Martínez,108683,PAL,275,0,True,https://s3.glbimg.com/v1/AUTH_58d78b787ec34892b5aaa0c7a146155f/clubes_2026/silhuetas/PAL/FORMATO.png,10,2.41,Emiliano Martínez Toranza,5.9,4,4.89,22,emiliano-martinez,6,0.8,,1.0,,,,15.0,7.0,2.0,1.0,3.0,,,,,,,,,,
Galeano,Galeano,108713,MIR,2305,0,False,https://s3.glbimg.com/v1/AUTH_58d78b787ec34892b5aaa0c7a146155f/clubes_2026/silhuetas/MIR/FORMATO.png,10,1.19,Antonio Javier Galeano Ferreira,0.0,5,4.42,22,galeano,6,0.0,,1.0,,,,3.0,2.0,4.0,1.0,7.0,,,,,1.0,,,,,
Victor Sá,V. Sá,108946,SAO,276,0,True,https://s3.glbimg.com/v1/AUTH_58d78b787ec34892b5aaa0c7a146155f/clubes_2026/silhuetas/SAO/FORMATO.png,3,0.3,João Victor Santos Sá,0.0,5,4.32,22,victor-sa,6,-0.77,,,,,,1.0,2.0,,,,,,,,,,,,,
Plata,Plata,109096,FLA,262,0,True,https://s3.glbimg.com/v1/AUTH_58d78b787ec34892b5aaa0c7a146155f/clubes_2026/silhuetas/FLA/FORMATO.png,11,6.25,Gonzalo Jordy Plata Jiménez,-1.3,5,9.94,22,plata,7,-1.02,1.0,2.0,,,,17.0,7.0,10.0,3.0,12.0,2.0,2.0,,,,,,,,
Jovane Cabral,J. Cabral,109097,GRE,284,0,True,https://s3.glbimg.com/v1/AUTH_58d78b787ec34892b5aaa0c7a146155f/clubes_2026/silhuetas/GRE/FORMATO.png,2,4.35,Jovane Eduardo Borges Cabral,2.9,5,8.34,22,jovane-cabral,6,-0.32,1.0,,,,,1.0,1.0,1.0,1.0,1.0,,,,,,,,,,
Matheus Nascimento,M. Nascimento,109114,GRE,284,0,False,https://s3.glbimg.com/v1/AUTH_58d78b787ec34892b5aaa0c7a146155f/clubes_2026/silhuetas/GRE/FORMATO.png,0,0.0,Matheus Nascimento de Paula,0.0,5,4.0,22,matheus-nascimento,6,0.0,,,,,,,,,,,,,,,,,,,,
Tiago Cóser,T. Cóser,109127,CFC,294,0,True,https://s3.glbimg.com/v1/AUTH_58d78b787ec34892b5aaa0c7a146155f/clubes_2026/silhuetas/CFC/FORMATO.png,19,2.66,Tiago Cóser,8.2,3,4.39,22,tiago-coser,7,1.06,,1.0,1.0,,,7.0,20.0,,2.0,5.0,,2.0,,,,,,,6.0,
Rafael Carvalheira,R. Carvalheira,109336,CHA,315,0,False,https://s3.glbimg.com/v1/AUTH_58d78b787ec34892b5aaa0c7a146155f/clubes_2026/silhuetas/CHA/FORMATO.png,14,2.72,Rafael dos Santos Carvalheira Natividade,0.0,4,5.7,22,rafael-carvalheira,5,0.0,,2.0,,,,15.0,19.0,2.0,5.0,4.0,,2.0,,,1.0,1.0,,,,
Erick Pulga,E. Pulga,109401,BAH,265,0,False,https://s3.glbimg.com/v1/AUTH_58d78b787ec34892b5aaa0c7a146155f/clubes_2026/silhuetas/BAH/FORMATO.png,20,3.65,Erick da Costa Farias,0.0,5,7.23,22,erick-pulga,7,0.0,1.0,3.0,,,,21.0,20.0,9.0,4.0,41.0,1.0,1.0,,,12.0,1.0,,2.0,,
Calebe,Calebe,109461,INT,285,0,False,https://s3.glbimg.com/v1/AUTH_58d78b787ec34892b5aaa0c7a146155f/clubes_2026/silhuetas/INT/FORMATO.png,1,0.5,Calebe Gonçalves Ferreira da Silva,0.0,4,5.63,22,calebe,6,0.0,,,,,,,,,,1.0,,,,,,,,,,
Martinelli,Martinelli,109573,FLU,266,0,False,https://s3.glbimg.com/v1/AUTH_58d78b787ec34892b5aaa0c7a146155f/clubes_2026/silhuetas/FLU/FORMATO.png,14,1.76,Matheus Martinelli Lima,0.0,4,5.27,22,martinelli,7,0.0,1.0,3.0,,,,9.0,20.0,4.0,8.0,8.0,,,,,,,,,,
Monsalve,Monsalve,109966,GRE,284,0,False,https://s3.glbimg.com/v1/AUTH_58d78b787ec34892b5aaa0c7a146155f/clubes_2026/silhuetas/GRE/FORMATO.png,7,0.64,Miguel Ángel Monsalve Gonzáles - González,0.0,4,3.12,22,monsalve,6,0.0,,1.0,,,,1.0,7.0,,2.0,9.0,,,,,,,,,,
Medina,Medina,109987,BOT,263,0,True,https://s3.glbimg.com/v1/AUTH_58d78b787ec34892b5aaa0c7a146155f/clubes_2026/silhuetas/BOT/FORMATO.png,12,3.83,Cristian Nicolás Medina,3.3,4,7.05,22,medina,7,0.13,,3.0,1.0,,,21.0,15.0,1.0,6.0,20.0,,1.0,,,,,,1.0,,
Spinelli,Spinelli,110144,VAS,267,0,True,https://s3.glbimg.com/v1/AUTH_58d78b787ec34892b5aaa0c7a146155f/clubes_2026/silhuetas/VAS/FORMATO.png,14,3.12,Claudio Paul Spinelli,0.0,5,5.61,22,spinelli,6,-0.92,,,,,,8.0,14.0,8.0,13.0,10.0,1.0,1.0,,,,,,,,
Bernabei,Bernabei,110426,INT,285,0,True,https://s3.glbimg.com/v1/AUTH_58d78b787ec34892b5aaa0c7a146155f/clubes_2026/silhuetas/INT/FORMATO.png,19,6.28,Alexandro Ezequiel Bernabei,11.4,2,10.84,22,bernabei,7,1.07,1.0,5.0,1.0,,,23.0,41.0,11.0,23.0,21.0,1.0,4.0,,,7.0,1.0,,,5.0,
Abel Ferreira,A. Ferreira,110506,PAL,275,0,True,https://s3.glbimg.com/v1/AUTH_58d78b787ec34892b5aaa0c7a146155f/clubes_2026/silhuetas/PAL/FORMATO.png,22,6.62,Abel Fernando Moreira Ferreira,6.31,6,12.08,22,abel-ferreira,7,-0.44,,,,,,,,,,,,,,,,,,,,14.0
Aguirre,Aguirre,110510,INT,285,0,True,https://s3.glbimg.com/v1/AUTH_58d78b787ec34892b5aaa0c7a146155f/clubes_2026/silhuetas/INT/FORMATO.png,15,3.62,Braian Nahuel Aguirre,4.9,2,5.86,22,aguirre,6,0.3,1.0,2.0,,,,16.0,11.0,3.0,4.0,2.0,,1.0,,,1.0,,,,3.0,
Marino Hinestroza,M. Hinestroza,110598,VAS,267,0,True,https://s3.glbimg.com/v1/AUTH_58d78b787ec34892b5aaa0c7a146155f/clubes_2026/silhuetas/VAS/FORMATO.png,9,1.83,Marino Hinestroza Angulo,1.0,5,5.63,22,marino-hinestroza,6,-0.13,,,,,,5.0,5.0,,3.0,10.0,1.0,,,,,,,,,
Vinícius Balieiro,V. Balieiro,110605,CHA,315,0,False,https://s3.glbimg.com/v1/AUTH_58d78b787ec34892b5aaa0c7a146155f/clubes_2026/silhuetas/CHA/FORMATO.png,5,1.84,Vinícius Balieiro Lourenço de Carvalho,0.0,4,3.62,22,vinicius-balieiro,6,0.0,,,,,,5.0,1.0,,,4.0,,,,,,,,,,
Gustavo,Gustavo,110633,CFC,294,0,False,https://s3.glbimg.com/v1/AUTH_58d78b787ec34892b5aaa0c7a146155f/clubes_2026/silhuetas/CFC/FORMATO.png,4,0.9,Gustavo Silva de Oliveira,0.0,4,3.3,22,gustavo,6,0.0,,,,,,1.0,,,2.0,1.0,,,,,,,,,,
Esquivel,Esquivel,110668,CAP,293,0,False,https://s3.glbimg.com/v1/AUTH_58d78b787ec34892b5aaa0c7a146155f/clubes_2026/silhuetas/CAP/FORMATO.png,14,4.88,Lucas Ángel Esquivel,0.0,2,7.9,22,esquivel,5,0.0,3.0,1.0,1.0,,,19.0,27.0,1.0,6.0,12.0,,,,,,,,,5.0,
Mycael,Mycael,110698,CAP,293,0,True,https://s3.glbimg.com/v1/AUTH_58d78b787ec34892b5aaa0c7a146155f/clubes_2026/silhuetas/CAP/FORMATO.png,1,7.6,Mycael Pontes Moreira,7.6,1,7.46,22,mycael,6,2.86,,1.0,,2.0,,,,,,,,,,,,,,,1.0,
Pedro Rangel,P. Rangel,110708,CFC,294,0,False,https://s3.glbimg.com/v1/AUTH_58d78b787ec34892b5aaa0c7a146155f/clubes_2026/silhuetas/CFC/FORMATO.png,17,4.67,Pedro Felipe de Faria Rangel,0.0,1,7.48,22,pedro-rangel,5,0.0,,1.0,,53.0,,1.0,,,,4.0,,,,22.0,,,,,6.0,
Andrés Hurtado,A. Hurtado,110715,RBB,280,0,True,https://s3.glbimg.com/v1/AUTH_58d78b787ec34892b5aaa0c7a146155f/clubes_2026/silhuetas/RBB/FORMATO.png,14,3.51,José Andrés Hurtado Cheme,1.5,2,5.43,22,andres-hurtado,7,-0.71,,2.0,,,,11.0,9.0,1.0,7.0,5.0,,1.0,,,,,,,4.0,
Gustavo Marques,G. Marques,110750,RBB,280,0,False,https://s3.glbimg.com/v1/AUTH_58d78b787ec34892b5aaa0c7a146155f/clubes_2026/silhuetas/RBB/FORMATO.png,17,4.31,Gustavo Marques Alves dos Santos,0.0,3,7.36,22,gustavo-marques,6,0.0,,3.0,,,,20.0,12.0,4.0,6.0,11.0,,,,,1.0,,,,7.0,
John Kennedy,J. Kennedy,110759,FLU,266,0,False,https://s3.glbimg.com/v1/AUTH_58d78b787ec34892b5aaa0c7a146155f/clubes_2026/silhuetas/FLU/FORMATO.png,17,7.3,John Kennedy Batista de Souza,0.0,5,10.92,22,john-kennedy,5,0.0,1.0,,,,,13.0,19.0,16.0,9.0,8.0,1.0,9.0,,,2.0,,,,,
Alix Vinicius,A. Vinicius,111246,RBB,280,0,True,https://s3.glbimg.com/v1/AUTH_58d78b787ec34892b5aaa0c7a146155f/clubes_2026/silhuetas/RBB/FORMATO.png,17,3.0,Alix Vinicius de Souza Sampaio,0.8,3,5.15,22,alix-vinicius,7,-0.87,,4.0,1.0,,,15.0,29.0,2.0,4.0,7.0,,,,,,,,,7.0,
Mancha,Mancha,111279,CHA,315,0,False,https://s3.glbimg.com/v1/AUTH_58d78b787ec34892b5aaa0c7a146155f/clubes_2026/silhuetas/CHA/FORMATO.png,0,0.0,Gianluca Piola Minozzo,0.0,2,3.0,22,mancha,6,0.0,,,,,,,,,,,,,,,,,,,,
Gustavo Martins,G. Martins,111309,GRE,284,0,True,https://s3.glbimg.com/v1/AUTH_58d78b787ec34892b5aaa0c7a146155f/clubes_2026/silhuetas/GRE/FORMATO.png,13,2.76,Gustavo Martins de Souza Santos,-1.3,3,5.5,22,gustavo-martins,7,-0.63,2.0,3.0,,,,10.0,14.0,1.0,5.0,4.0,,,1.0,,1.0,1.0,,,3.0,
Victor Gabriel,V. Gabriel,111466,INT,285,0,False,https://s3.glbimg.com/v1/AUTH_58d78b787ec34892b5aaa0c7a146155f/clubes_2026/silhuetas/INT/FORMATO.png,16,2.16,Victor Gabriel da Conceição Ribeiro,0.0,3,3.51,22,victor-gabriel,3,0.0,,6.0,1.0,,,20.0,22.0,,2.0,9.0,,,,,,1.0,,,3.0,
Adson,Adson,111682,VAS,267,0,True,https://s3.glbimg.com/v1/AUTH_58d78b787ec34892b5aaa0c7a146155f/clubes_2026/silhuetas/VAS/FORMATO.png,10,3.69,Adson Ferreira Soares,5.3,4,6.63,22,adson,6,0.27,,,,,,15.0,4.0,5.0,7.0,8.0,,,,,,,,,,
Anthoni,Anthoni,111683,INT,285,0,False,https://s3.glbimg.com/v1/AUTH_58d78b787ec34892b5aaa0c7a146155f/clubes_2026/silhuetas/INT/FORMATO.png,9,2.55,Anthoni Spier Souza,0.0,1,3.91,22,anthoni,6,0.0,,,,25.0,,,,,,1.0,,,,15.0,,,,,1.0,
Matheus Cunha,M. Cunha,111690,INT,285,0,True,https://s3.glbimg.com/v1/AUTH_58d78b787ec34892b5aaa0c7a146155f/clubes_2026/silhuetas/INT/FORMATO.png,11,3.55,Matheus Cunha Queiroz,7.1,1,5.02,22,matheus-cunha,7,0.75,1.0,2.0,,17.0,,,,,,2.0,,,,12.0,,,,,5.0,
Fabinho,Fabinho,111760,RBB,280,0,False,https://s3.glbimg.com/v1/AUTH_58d78b787ec34892b5aaa0c7a146155f/clubes_2026/silhuetas/RBB/FORMATO.png,5,-0.08,Fábio Silva de Freitas,0.0,4,2.04,22,fabinho,6,0.0,,,1.0,,,2.0,8.0,,,4.0,,,,,,,,,,
Kayky,Kayky,111829,INT,285,0,False,https://s3.glbimg.com/v1/AUTH_58d78b787ec34892b5aaa0c7a146155f/clubes_2026/silhuetas/INT/FORMATO.png,6,1.27,Kayky da Silva Chagas,0.0,5,3.63,22,kayky,5,0.0,,,,,,2.0,,3.0,,2.0,,,,,,,,,,
Matheus Martins,M. Martins,111831,BOT,263,0,True,https://s3.glbimg.com/v1/AUTH_58d78b787ec34892b5aaa0c7a146155f/clubes_2026/silhuetas/BOT/FORMATO.png,16,4.46,Matheus Martins Silva dos Santos,1.9,5,7.01,22,matheus-martins,6,-0.07,,1.0,,,,10.0,10.0,10.0,6.0,17.0,1.0,4.0,,,,,,,,
Jefté,Jefté,111832,PAL,275,0,False,https://s3.glbimg.com/v1/AUTH_58d78b787ec34892b5aaa0c7a146155f/clubes_2026/silhuetas/PAL/FORMATO.png,7,2.47,Jefté Vital da Silva Dias,0.0,2,4.16,22,jefte,5,0.0,1.0,1.0,,,,3.0,5.0,,,1.0,,,,,2.0,,,,2.0,
Mateus Silva,M. Silva,111879,VIT,287,0,False,https://s3.glbimg.com/v1/AUTH_58d78b787ec34892b5aaa0c7a146155f/clubes_2026/silhuetas/VIT/FORMATO.png,2,4.85,Mateus da Silva Duarte,0.0,2,4.95,22,mateus-silva,6,0.0,,,,,,2.0,2.0,,1.0,3.0,,,,,,,,,1.0,
Felipinho,Felipinho,112017,CAP,293,0,True,https://s3.glbimg.com/v1/AUTH_58d78b787ec34892b5aaa0c7a146155f/clubes_2026/silhuetas/CAP/FORMATO.png,8,2.99,Antonio Feliphe Costa Silva,1.7,4,4.79,22,felipinho,6,-0.78,,2.0,,,,16.0,8.0,,1.0,1.0,1.0,,,,,,,,,
Vini Paulista,V. Paulista,112576,CFC,294,0,True,https://s3.glbimg.com/v1/AUTH_58d78b787ec34892b5aaa0c7a146155f/clubes_2026/silhuetas/CFC/FORMATO.png,21,2.32,Vinicius Romualdo dos Santos,2.4,4,3.88,22,vini-paulista,2,0.2,,3.0,,,,28.0,11.0,1.0,5.0,10.0,1.0,,,,1.0,,,,,
Gabriel Grando,G. Grando,112616,GRE,284,0,False,https://s3.glbimg.com/v1/AUTH_58d78b787ec34892b5aaa0c7a146155f/clubes_2026/silhuetas/GRE/FORMATO.png,1,0.3,Gabriel Hamester Grando,0.0,1,3.77,22,gabriel-grando,6,0.0,,,,1.0,,,,,,,,,,1.0,,,,,,
Ramón Sosa,R. Sosa,112863,PAL,275,0,True,https://s3.glbimg.com/v1/AUTH_58d78b787ec34892b5aaa0c7a146155f/clubes_2026/silhuetas/PAL/FORMATO.png,18,3.38,Ramón Sosa Acosta,-0.4,5,5.69,22,ramon-sosa,6,-1.37,2.0,3.0,,,,4.0,17.0,3.0,7.0,19.0,1.0,4.0,,,9.0,,,,,
Lucas Barbosa,L. Barbosa,112886,RBB,280,0,True,https://s3.glbimg.com/v1/AUTH_58d78b787ec34892b5aaa0c7a146155f/clubes_2026/silhuetas/RBB/FORMATO.png,18,6.28,Lucas Henrique Barbosa,2.8,5,9.53,22,lucas-barbosa,7,-0.28,2.0,5.0,,,,25.0,36.0,13.0,23.0,32.0,,4.0,,,7.0,,,,,
Catarozzi,Catarozzi,112939,REM,364,0,False,https://s3.glbimg.com/v1/AUTH_58d78b787ec34892b5aaa0c7a146155f/clubes_2026/silhuetas/REM/FORMATO.png,1,0.9,Franco Catarozzi Parafita,0.0,4,5.41,22,catarozzi,6,0.0,,,,,,1.0,2.0,,,,,,,,,,,,,
Peralta,Peralta,112985,CRU,283,0,False,https://s3.glbimg.com/v1/AUTH_58d78b787ec34892b5aaa0c7a146155f/clubes_2026/silhuetas/CRU/FORMATO.png,0,0.0,Fabrizio José Peralta Ramírez,0.0,4,4.0,22,peralta,5,0.0,,,,,,,,,,,,,,,,,,,,
Freytes,Freytes,113034,FLU,266,0,False,https://s3.glbimg.com/v1/AUTH_58d78b787ec34892b5aaa0c7a146155f/clubes_2026/silhuetas/FLU/FORMATO.png,17,2.63,Juan Pablo Freytes,0.0,3,5.23,22,freytes,5,0.0,,3.0,,,,15.0,15.0,,6.0,10.0,,,,,,,,,4.0,
Flaco López,F. López,113103,PAL,275,0,True,https://s3.glbimg.com/v1/AUTH_58d78b787ec34892b5aaa0c7a146155f/clubes_2026/silhuetas/PAL/FORMATO.png,19,6.17,José Manuel Alberto López,0.5,5,12.92,22,flaco-lopez,7,-0.48,2.0,2.0,,,,20.0,30.0,8.0,16.0,39.0,,6.0,,,14.0,,,,,
Benavídez,Benavídez,113113,CAP,293,0,True,https://s3.glbimg.com/v1/AUTH_58d78b787ec34892b5aaa0c7a146155f/clubes_2026/silhuetas/CAP/FORMATO.png,16,4.77,Gastón Américo Benavídez,7.4,2,7.76,22,benavidez,7,0.37,4.0,5.0,,,,11.0,15.0,2.0,4.0,18.0,,,,,2.0,,,,7.0,
Picco,Picco,113125,REM,364,0,True,https://s3.glbimg.com/v1/AUTH_58d78b787ec34892b5aaa0c7a146155f/clubes_2026/silhuetas/REM/FORMATO.png,19,3.63,Leonel Marcelo Picco,1.2,4,6.34,22,picco,7,-1.91,,2.0,,,,36.0,22.0,1.0,6.0,3.0,,2.0,,,,,,,,
Nathan Mendes,N. Mendes,113157,VIT,287,0,False,https://s3.glbimg.com/v1/AUTH_58d78b787ec34892b5aaa0c7a146155f/clubes_2026/silhuetas/VIT/FORMATO.png,12,5.02,Nathan Gabriel de Souza Mendes,0.0,2,7.52,22,nathan-mendes,5,0.0,1.0,3.0,,,,21.0,14.0,,1.0,10.0,,,,,,,,,5.0,
Marquinhos,Marquinhos,113158,CRU,283,0,False,https://s3.glbimg.com/v1/AUTH_58d78b787ec34892b5aaa0c7a146155f/clubes_2026/silhuetas/CRU/FORMATO.png,2,0.45,Marcus Vinícius Oliveira Alencar,0.0,5,3.54,22,marquinhos,6,0.0,,,,,,,2.0,,,3.0,,,,,,,,,,
Pablo Maia,P. Maia,113359,SAO,276,0,True,https://s3.glbimg.com/v1/AUTH_58d78b787ec34892b5aaa0c7a146155f/clubes_2026/silhuetas/SAO/FORMATO.png,13,1.48,Pablo Gonçalves Maia Fortunato,2.7,4,4.35,22,pablo-maia,7,0.16,,1.0,,,,10.0,19.0,1.0,6.0,10.0,,,,,,,,,,
Cristian Olivera,C. Olivera,113397,BAH,265,0,False,https://s3.glbimg.com/v1/AUTH_58d78b787ec34892b5aaa0c7a146155f/clubes_2026/silhuetas/BAH/FORMATO.png,16,4.1,Cristian Gonzalo Olivera Ibarra - Kike,0.0,5,7.16,22,cristian-olivera,6,0.0,1.0,1.0,,,,12.0,12.0,12.0,6.0,35.0,1.0,1.0,,,6.0,,,,,
Bruninho,Bruninho,113558,RBB,280,0,False,https://s3.glbimg.com/v1/AUTH_58d78b787ec34892b5aaa0c7a146155f/clubes_2026/silhuetas/RBB/FORMATO.png,0,0.0,Bruno Gonçalves de Jesus,0.0,4,4.0,22,bruninho,6,0.0,,,,,,,,,,,,,,,,,,,,
Diógenes,Diógenes,113690,SAN,277,0,False,https://s3.glbimg.com/v1/AUTH_58d78b787ec34892b5aaa0c7a146155f/clubes_2026/silhuetas/SAN/FORMATO.png,2,5.55,Diógenes Vinícius da Silva,0.0,1,5.0,22,diogenes,6,0.0,,1.0,,7.0,,,,,,,,,,2.0,,,,,1.0,
Minda,Minda,114040,CAM,282,0,True,https://s3.glbimg.com/v1/AUTH_58d78b787ec34892b5aaa0c7a146155f/clubes_2026/silhuetas/CAM/FORMATO.png,11,4.36,Alan Steve Minda García,5.8,5,8.13,22,minda,6,0.0,2.0,,,,,5.0,2.0,2.0,4.0,5.0,2.0,2.0,,,1.0,,,1.0,,
Alejo Véliz,A. Véliz,114208,BAH,265,0,True,https://s3.glbimg.com/v1/AUTH_58d78b787ec34892b5aaa0c7a146155f/clubes_2026/silhuetas/BAH/FORMATO.png,3,0.67,Alejo Véliz,-0.3,5,4.01,22,alejo-veliz,7,-0.72,,,,,,,6.0,,4.0,2.0,,,,,4.0,,,,,
Colidio,Colidio,114323,VAS,267,0,False,https://s3.glbimg.com/v1/AUTH_58d78b787ec34892b5aaa0c7a146155f/clubes_2026/silhuetas/VAS/FORMATO.png,0,0.0,Facundo Colidio,0.0,5,7.0,22,colidio,6,0.0,,,,,,,,,,,,,,,,,,,,
Sinisterra,Sinisterra,114405,CRU,283,0,False,https://s3.glbimg.com/v1/AUTH_58d78b787ec34892b5aaa0c7a146155f/clubes_2026/silhuetas/CRU/FORMATO.png,8,3.27,Luis Fernando Sinisterra Lucumí,0.0,5,5.85,22,sinisterra,5,0.0,,,,,,8.0,8.0,2.0,7.0,1.0,,1.0,,,,,,,,
Danilo Pereira,D. Pereira,114801,BOT,263,0,True,https://s3.glbimg.com/v1/AUTH_58d78b787ec34892b5aaa0c7a146155f/clubes_2026/silhuetas/BOT/FORMATO.png,1,1.2,Danilo Pereira da Silva,1.2,5,4.98,22,danilo-pereira,7,-0.02,,,,,,,,1.0,,,,,,,,,,,,
Vitor Roque,V. Roque,114802,PAL,275,0,True,https://s3.glbimg.com/v1/AUTH_58d78b787ec34892b5aaa0c7a146155f/clubes_2026/silhuetas/PAL/FORMATO.png,10,5.87,Vitor Hugo Roque Ferreira,4.0,5,15.52,22,vitor-roque,6,0.1,,1.0,,,,9.0,8.0,4.0,7.0,21.0,1.0,3.0,,,3.0,,,1.0,,
Miguelito,Miguelito,115025,SAN,277,0,False,https://s3.glbimg.com/v1/AUTH_58d78b787ec34892b5aaa0c7a146155f/clubes_2026/silhuetas/SAN/FORMATO.png,8,4.88,Miguel Àngel Terceros,0.0,4,7.41,22,miguelito,6,0.0,2.0,1.0,,,,12.0,8.0,1.0,4.0,4.0,,1.0,,,,,,,,
Lucas Freitas,L. Freitas,115141,VAS,267,0,False,https://s3.glbimg.com/v1/AUTH_58d78b787ec34892b5aaa0c7a146155f/clubes_2026/silhuetas/VAS/FORMATO.png,2,2.5,Lucas de Freitas Molarinho Chagas,0.0,3,4.77,22,lucas-freitas,6,0.0,,,,,,,,,,,,,,,,,,,1.0,
Kaique,Kaique,115247,PAL,275,0,False,https://s3.glbimg.com/v1/AUTH_58d78b787ec34892b5aaa0c7a146155f/clubes_2026/silhuetas/PAL/FORMATO.png,0,0.0,Kaique Pereira Azarias,0.0,1,1.0,22,kaique,6,0.0,,,,,,,,,,,,,,,,,,,,
Renan Viana,R. Viana,115266,CAP,293,0,False,https://s3.glbimg.com/v1/AUTH_58d78b787ec34892b5aaa0c7a146155f/clubes_2026/silhuetas/CAP/FORMATO.png,0,0.0,Renan Rodrigues Fonseca Viana,0.0,5,2.0,22,renan-viana,6,0.0,,,,,,,,,,,,,,,,,,,,
Paulo Pezzolano,P. Pezzolano,115479,INT,285,0,True,https://s3.glbimg.com/v1/AUTH_58d78b787ec34892b5aaa0c7a146155f/clubes_2026/silhuetas/INT/FORMATO.png,22,4.78,Paulo César Pezzolano Suárez,5.54,6,7.79,22,paulo-pezzolano,7,0.05,,,,,,,,,,,,,,,,,,,,5.0
Marcos Victor,M. Victor,115537,BAH,265,0,False,https://s3.glbimg.com/v1/AUTH_58d78b787ec34892b5aaa0c7a146155f/clubes_2026/silhuetas/BAH/FORMATO.png,3,2.67,Marcos Victor Ferreira da Silva,0.0,3,4.18,22,marcos-victor,6,0.0,,,,,,2.0,,,,,,,,,,,,,1.0,
Gabriel Delfim,G. Delfim,115674,CAM,282,0,False,https://s3.glbimg.com/v1/AUTH_58d78b787ec34892b5aaa0c7a146155f/clubes_2026/silhuetas/CAM/FORMATO.png,0,0.0,Gabriel Delfim Ferreira,0.0,1,2.0,22,gabriel-delfim,6,0.0,,,,,,,,,,,,,,,,,,,,
Benassi,Benassi,115840,CFC,294,0,False,https://s3.glbimg.com/v1/AUTH_58d78b787ec34892b5aaa0c7a146155f/clubes_2026/silhuetas/CFC/FORMATO.png,0,0.0,João Victor Silva Benassi,0.0,1,1.0,22,benassi,6,0.0,,,,,,,,,,,,,,,,,,,,
Evertton Araújo,E. Araújo,115914,FLA,262,0,True,https://s3.glbimg.com/v1/AUTH_58d78b787ec34892b5aaa0c7a146155f/clubes_2026/silhuetas/FLA/FORMATO.png,16,1.32,Everton Gustavo Fernandes Araújo,2.3,4,3.03,22,evertton-araujo,6,0.19,1.0,3.0,1.0,,,9.0,18.0,,12.0,3.0,1.0,,,,,,,,,
Denilson,Denilson,115986,MIR,2305,0,True,https://s3.glbimg.com/v1/AUTH_58d78b787ec34892b5aaa0c7a146155f/clubes_2026/silhuetas/MIR/FORMATO.png,13,3.73,Denilson Alves Borges,0.9,4,5.08,22,denilson,7,-1.73,,1.0,,,,26.0,19.0,1.0,2.0,13.0,,1.0,,,,1.0,,,,
Victor Hugo,V. Hugo,116034,CAM,282,0,True,https://s3.glbimg.com/v1/AUTH_58d78b787ec34892b5aaa0c7a146155f/clubes_2026/silhuetas/CAM/FORMATO.png,18,3.73,Victor Hugo Gomes Silva,0.7,4,6.45,22,victor-hugo,7,-1.21,1.0,1.0,,,,9.0,4.0,6.0,4.0,17.0,,4.0,,,,,,,,
Cuiabano,Cuiabano,116065,VAS,267,0,True,https://s3.glbimg.com/v1/AUTH_58d78b787ec34892b5aaa0c7a146155f/clubes_2026/silhuetas/VAS/FORMATO.png,13,7.66,Luís Eduardo Soares da Silva,13.6,2,13.58,22,cuiabano,3,1.38,4.0,3.0,,,,35.0,14.0,7.0,7.0,15.0,,1.0,,,,,,,1.0,
Rubens,Rubens,116066,CHA,315,0,True,https://s3.glbimg.com/v1/AUTH_58d78b787ec34892b5aaa0c7a146155f/clubes_2026/silhuetas/CHA/FORMATO.png,9,1.38,Rubens Tadeu Hartmann Ricoldi,-0.2,5,2.48,22,rubens,7,-0.29,,2.0,,,,3.0,7.0,1.0,1.0,4.0,,1.0,,,,,,,,
Thiago Beltrame,T. Beltrame,116067,GRE,284,0,False,https://s3.glbimg.com/v1/AUTH_58d78b787ec34892b5aaa0c7a146155f/clubes_2026/silhuetas/GRE/FORMATO.png,1,0.7,Thiago Beltrame Stallbaum,0.0,1,2.08,22,thiago-beltrame,6,0.0,,,1.0,5.0,,,1.0,,,1.0,,,,3.0,,,,,,
Hércules,Hércules,116447,FLU,266,0,True,https://s3.glbimg.com/v1/AUTH_58d78b787ec34892b5aaa0c7a146155f/clubes_2026/silhuetas/FLU/FORMATO.png,19,3.79,Hércules Pereira do Nascimento,0.5,4,6.82,22,hercules,7,-1.0,,2.0,,,,26.0,28.0,6.0,11.0,7.0,,3.0,,,1.0,,,,,
Jamerson,Jamerson,116461,VIT,287,0,True,https://s3.glbimg.com/v1/AUTH_58d78b787ec34892b5aaa0c7a146155f/clubes_2026/silhuetas/VIT/FORMATO.png,9,3.54,Jamerson Santos de Jesus,2.3,2,5.79,22,jamerson,6,0.01,,1.0,,,,9.0,2.0,,3.0,5.0,,,,,,,,,3.0,
Andrés Gómez,A. Gómez,116706,VAS,267,0,False,https://s3.glbimg.com/v1/AUTH_58d78b787ec34892b5aaa0c7a146155f/clubes_2026/silhuetas/VAS/FORMATO.png,17,7.66,Carlos Andrés Gómez Hinestroza,0.0,5,13.56,22,andres-gomez,7,0.0,2.0,6.0,,,,29.0,22.0,13.0,24.0,28.0,3.0,4.0,,,5.0,,,,,
Gabriel Knesowitsch,G. Knesowitsch,117061,MIR,2305,0,True,https://s3.glbimg.com/v1/AUTH_58d78b787ec34892b5aaa0c7a146155f/clubes_2026/silhuetas/MIR/FORMATO.png,3,-0.03,Gabriel Knesowitsch,0.0,3,2.25,22,gabriel-knesowitsch,7,-0.19,,1.0,,,,1.0,2.0,,,,,,,,,,,,,
Thiago Borbas,T. Borbas,117314,CAM,282,0,True,https://s3.glbimg.com/v1/AUTH_58d78b787ec34892b5aaa0c7a146155f/clubes_2026/silhuetas/CAM/FORMATO.png,1,-0.3,Thiago Nicolás Borbas Silva,-0.3,5,3.5,22,thiago-borbas,6,-0.5,,,,,,,1.0,,,,,,,,,,,,,
Robert Renan,R. Renan,117330,VAS,267,0,True,https://s3.glbimg.com/v1/AUTH_58d78b787ec34892b5aaa0c7a146155f/clubes_2026/silhuetas/VAS/FORMATO.png,20,2.66,Robert Renan Alves Barbosa,8.5,3,6.05,22,robert-renan,7,0.23,,1.0,,,,24.0,18.0,1.0,3.0,4.0,,1.0,,,,,,,2.0,
Renato Marques,R. Marques,117403,CFC,294,0,False,https://s3.glbimg.com/v1/AUTH_58d78b787ec34892b5aaa0c7a146155f/clubes_2026/silhuetas/CFC/FORMATO.png,7,0.74,Renato Marques de Oliveira Júnior,0.0,5,2.73,22,renato-marques,6,0.0,,,1.0,,,,3.0,1.0,3.0,5.0,1.0,,,,,,,,,
Otávio,Otávio,117404,CRU,283,0,True,https://s3.glbimg.com/v1/AUTH_58d78b787ec34892b5aaa0c7a146155f/clubes_2026/silhuetas/CRU/FORMATO.png,9,2.07,Otávio Eleodoro Rezende Costa,1.6,1,2.43,22,otavio,7,-0.77,,2.0,,19.0,,,,,,2.0,,,,10.0,,,,,1.0,
Garro,Garro,117632,COR,264,0,True,https://s3.glbimg.com/v1/AUTH_58d78b787ec34892b5aaa0c7a146155f/clubes_2026/silhuetas/COR/FORMATO.png,20,5.04,Rodrigo Garro,9.3,4,11.13,22,garro,7,1.18,6.0,5.0,,,,9.0,19.0,11.0,11.0,55.0,1.0,2.0,,,2.0,,,,,
Young,Young,117818,SAO,276,0,False,https://s3.glbimg.com/v1/AUTH_58d78b787ec34892b5aaa0c7a146155f/clubes_2026/silhuetas/SAO/FORMATO.png,0,0.0,Young Navarro Moraes,0.0,1,3.0,22,young,6,0.0,,,,,,,,,,,,,,,,,,,,
Wesley,Wesley,117909,CRU,283,0,True,https://s3.glbimg.com/v1/AUTH_58d78b787ec34892b5aaa0c7a146155f/clubes_2026/silhuetas/CRU/FORMATO.png,1,9.5,Wesley Gassova Ribeiro Teixeira,9.5,5,10.9,22,wesley,6,2.9,,1.0,,,,1.0,1.0,,1.0,1.0,,1.0,,,,,,,,
Breno Bidon,B. Bidon,117910,COR,264,0,True,https://s3.glbimg.com/v1/AUTH_58d78b787ec34892b5aaa0c7a146155f/clubes_2026/silhuetas/COR/FORMATO.png,20,3.64,Breno de Souza Bidon,2.9,4,8.58,22,breno-bidon,7,0.27,1.0,2.0,,,,18.0,26.0,1.0,6.0,51.0,1.0,2.0,,,2.0,,,,,
Lavega,Lavega,117930,CFC,294,0,True,https://s3.glbimg.com/v1/AUTH_58d78b787ec34892b5aaa0c7a146155f/clubes_2026/silhuetas/CFC/FORMATO.png,20,3.56,Joaquín Lavega Colzada,8.6,5,6.1,22,lavega,7,1.07,2.0,3.0,,,,11.0,10.0,3.0,5.0,7.0,,5.0,,,4.0,,,,,
Ronald,Ronald,118238,GRE,284,0,False,https://s3.glbimg.com/v1/AUTH_58d78b787ec34892b5aaa0c7a146155f/clubes_2026/silhuetas/GRE/FORMATO.png,0,0.0,Ronald Cardoso Falkoski,0.0,4,3.0,22,ronald,6,0.0,,,,,,,,,,,,,,,,,,,,
Rodriguinho,Rodriguinho,118563,RBB,280,0,True,https://s3.glbimg.com/v1/AUTH_58d78b787ec34892b5aaa0c7a146155f/clubes_2026/silhuetas/RBB/FORMATO.png,11,3.54,Rodrigo Huendra Almeida Mendonça,4.8,4,6.07,22,rodriguinho,7,-0.05,,3.0,,,,13.0,16.0,,6.0,5.0,1.0,2.0,,,1.0,,,1.0,,
Saldivia,Saldivia,118655,VAS,267,0,True,https://s3.glbimg.com/v1/AUTH_58d78b787ec34892b5aaa0c7a146155f/clubes_2026/silhuetas/VAS/FORMATO.png,11,2.55,Alan Gabriel Saldivia Vázquez,8.0,3,5.83,22,saldivia,2,1.04,,3.0,,,,16.0,11.0,1.0,4.0,8.0,,,1.0,,,,,,1.0,
Mateus Carvalho,M. Carvalho,118752,VAS,267,0,False,https://s3.glbimg.com/v1/AUTH_58d78b787ec34892b5aaa0c7a146155f/clubes_2026/silhuetas/VAS/FORMATO.png,0,0.0,Mateus Carvalho dos Santos,0.0,4,4.0,22,mateus-carvalho,5,0.0,,,,,,,,,,,,,,,,,,,,
Alexsander,Alexsander,118774,CAM,282,0,False,https://s3.glbimg.com/v1/AUTH_58d78b787ec34892b5aaa0c7a146155f/clubes_2026/silhuetas/CAM/FORMATO.png,5,0.84,Alexsander Cristhian Gomes da Costa - Christian,0.0,4,4.85,22,alexsander,6,0.0,,1.0,,,,2.0,2.0,,1.0,4.0,,,,,,,,,,
Lautaro Díaz,L. Díaz,118775,SAN,277,0,False,https://s3.glbimg.com/v1/AUTH_58d78b787ec34892b5aaa0c7a146155f/clubes_2026/silhuetas/SAN/FORMATO.png,8,2.28,Lautaro Ariel Díaz,0.0,5,5.26,22,lautaro-diaz,6,0.0,,,,,,2.0,2.0,1.0,4.0,1.0,1.0,1.0,,,,,,,,
Buta,Buta,118806,SAO,276,0,False,https://s3.glbimg.com/v1/AUTH_58d78b787ec34892b5aaa0c7a146155f/clubes_2026/silhuetas/SAO/FORMATO.png,0,0.0,Aurélio Gabriel Ulineia Buta,0.0,2,5.0,22,buta,6,0.0,,,,,,,,,,,,,,,,,,,,
Kaio César,K. César,118844,COR,264,0,True,https://s3.glbimg.com/v1/AUTH_58d78b787ec34892b5aaa0c7a146155f/clubes_2026/silhuetas/COR/FORMATO.png,10,6.38,Kaio César Andrade Lima,2.9,5,10.19,22,kaio-cesar,6,-0.21,1.0,2.0,,,,19.0,7.0,5.0,2.0,22.0,,2.0,,,1.0,,,,,
Léo Derik,L. Derik,120433,CAP,293,0,False,https://s3.glbimg.com/v1/AUTH_58d78b787ec34892b5aaa0c7a146155f/clubes_2026/silhuetas/CAP/FORMATO.png,9,3.65,Leonardo Derik Dias Gonçalves,0.0,2,5.81,22,leo-derik,7,0.0,,,,,,11.0,1.0,1.0,,1.0,,,,,,,,,3.0,
Marco Moreno,M. Moreno,120681,BAH,265,0,False,https://s3.glbimg.com/v1/AUTH_58d78b787ec34892b5aaa0c7a146155f/clubes_2026/silhuetas/BAH/FORMATO.png,0,0.0,Marco Moreno Ojeda,0.0,3,4.0,22,marco-moreno,6,0.0,,,,,,,,,,,,,,,,,,,,
Da Silva,D. Silva,121811,CHA,315,0,False,https://s3.glbimg.com/v1/AUTH_58d78b787ec34892b5aaa0c7a146155f/clubes_2026/silhuetas/CHA/FORMATO.png,0,0.0,Fernando Carlos da Silva Filho,0.0,4,3.0,22,da-silva,6,0.0,,,,,,,,,,,,,,,,,,,,
Kauê,Kauê,121823,COR,264,0,False,https://s3.glbimg.com/v1/AUTH_58d78b787ec34892b5aaa0c7a146155f/clubes_2026/silhuetas/COR/FORMATO.png,2,8.7,Kauê Vinicius de Souza Camargo,0.0,1,5.52,22,kaue,6,0.0,,2.0,,13.0,,,,,,1.0,,,,3.0,,,,,1.0,
Kayke,Kayke,121824,COR,264,0,False,https://s3.glbimg.com/v1/AUTH_58d78b787ec34892b5aaa0c7a146155f/clubes_2026/silhuetas/COR/FORMATO.png,6,1.65,Kayke Ferrari Guimarães,0.0,5,3.64,22,kayke,5,0.0,,,,,,5.0,1.0,1.0,,3.0,,,,,,,,,,
Gustavo Talles,G. Talles,121870,CHA,315,0,False,https://s3.glbimg.com/v1/AUTH_58d78b787ec34892b5aaa0c7a146155f/clubes_2026/silhuetas/CHA/FORMATO.png,0,0.0,Gustavo Talles da Silva,0.0,2,2.0,22,gustavo-talles,6,0.0,,,,,,,,,,,,,,,,,,,,
Túlio Eduardo,T. Eduardo,122121,CHA,315,0,True,https://s3.glbimg.com/v1/AUTH_58d78b787ec34892b5aaa0c7a146155f/clubes_2026/silhuetas/CHA/FORMATO.png,1,9.4,Túlio Eduardo Silva de Oliveira,9.4,5,6.35,22,tulio-eduardo,7,3.35,,,,,,,1.0,,1.0,2.0,,1.0,,,1.0,,,,,
Batata,Batata,122316,CAP,293,0,False,https://s3.glbimg.com/v1/AUTH_58d78b787ec34892b5aaa0c7a146155f/clubes_2026/silhuetas/CAP/FORMATO.png,0,0.0,João Vitor Vigolo Gomes,0.0,2,1.0,22,batata,6,0.0,,,,,,,,,,,,,,,,,,,,
Dyogo Alves,D. Alves,122318,FLA,262,0,False,https://s3.glbimg.com/v1/AUTH_58d78b787ec34892b5aaa0c7a146155f/clubes_2026/silhuetas/FLA/FORMATO.png,0,0.0,Francisco Dyogo Bento Alves,0.0,1,3.0,22,dyogo-alves,6,0.0,,,,,,,,,,,,,,,,,,,,
Daniel Sales,D. Sales,122320,FLA,262,0,False,https://s3.glbimg.com/v1/AUTH_58d78b787ec34892b5aaa0c7a146155f/clubes_2026/silhuetas/FLA/FORMATO.png,0,0.0,Daniel dos Santos Salles,0.0,2,2.0,22,daniel-sales,5,0.0,,,,,,,,,,,,,,,,,,,,
Lorran,Lorran,122321,FLA,262,0,True,https://s3.glbimg.com/v1/AUTH_58d78b787ec34892b5aaa0c7a146155f/clubes_2026/silhuetas/FLA/FORMATO.png,3,5.93,Lorran Lucas Pereira de Sousa,-0.7,4,8.0,22,lorran,6,-1.16,,,,,,5.0,6.0,3.0,,1.0,,1.0,,,,,,,,
Gustavinho,Gustavinho,122394,RBB,280,0,True,https://s3.glbimg.com/v1/AUTH_58d78b787ec34892b5aaa0c7a146155f/clubes_2026/silhuetas/RBB/FORMATO.png,15,2.59,Gustavo Ribeiro Neves,0.0,4,5.55,22,gustavinho,6,-0.15,1.0,1.0,,,,15.0,15.0,4.0,2.0,5.0,,1.0,,,,,,,,
Ryan,Ryan,122396,COR,264,0,False,https://s3.glbimg.com/v1/AUTH_58d78b787ec34892b5aaa0c7a146155f/clubes_2026/silhuetas/COR/FORMATO.png,0,0.0,Ryan Gustavo de Lima,0.0,4,3.0,22,ryan,6,0.0,,,,,,,,,,,,,,,,,,,,
Isaac,Isaac,122439,CAP,293,0,False,https://s3.glbimg.com/v1/AUTH_58d78b787ec34892b5aaa0c7a146155f/clubes_2026/silhuetas/CAP/FORMATO.png,3,0.4,Isaac Rodrigues de Lima,0.0,5,1.66,22,isaac,6,0.0,,,,,,1.0,1.0,,,,,,,,,,,,,
Barros,Barros,122485,VAS,267,0,True,https://s3.glbimg.com/v1/AUTH_58d78b787ec34892b5aaa0c7a146155f/clubes_2026/silhuetas/VAS/FORMATO.png,17,4.7,Cauan Lucas Barros da Luz,3.0,4,8.75,22,barros,6,-0.11,,4.0,1.0,,,29.0,30.0,,10.0,43.0,,3.0,,,,1.0,,,,
Wallace Yan,W. Yan,122573,FLA,262,0,False,https://s3.glbimg.com/v1/AUTH_58d78b787ec34892b5aaa0c7a146155f/clubes_2026/silhuetas/FLA/FORMATO.png,7,0.1,Wallace Yan de Souza Barreto,0.0,5,2.44,22,wallace-yan,6,0.0,,1.0,,,,,2.0,,,5.0,,,,,2.0,,,,,
Japa,Japa,122660,MIR,2305,0,False,https://s3.glbimg.com/v1/AUTH_58d78b787ec34892b5aaa0c7a146155f/clubes_2026/silhuetas/MIR/FORMATO.png,5,5.32,João Wellington Gadelha Melo de Oliveira,0.0,4,6.53,22,japa,7,0.0,,,,,,6.0,4.0,3.0,4.0,8.0,,1.0,,,,,,,,
Diego Caito,D. Caito,122670,GRE,284,0,True,https://s3.glbimg.com/v1/AUTH_58d78b787ec34892b5aaa0c7a146155f/clubes_2026/silhuetas/GRE/FORMATO.png,2,5.35,Diego Caito Barcellos Oliveira dos Santos,1.9,2,5.82,22,diego-caito,7,-0.36,,1.0,,,,1.0,3.0,,2.0,3.0,,1.0,,,,,,,,
Lucas Cunha,L. Cunha,122755,RBB,280,0,False,https://s3.glbimg.com/v1/AUTH_58d78b787ec34892b5aaa0c7a146155f/clubes_2026/silhuetas/RBB/FORMATO.png,0,0.0,Lucas de Souza Cunha,0.0,3,3.0,22,lucas-cunha,6,0.0,,,,,,,,,,,,,,,,,,,,
Caballero,Caballero,122781,SAN,277,0,True,https://s3.glbimg.com/v1/AUTH_58d78b787ec34892b5aaa0c7a146155f/clubes_2026/silhuetas/SAN/FORMATO.png,3,2.53,Gustavo Rubén Caballero González,3.0,5,4.54,22,caballero,6,0.08,,,,,,1.0,1.0,1.0,4.0,2.0,,,,,,,,1.0,,
Guzmán Rodríguez,G. Rodríguez,122897,RBB,280,0,False,https://s3.glbimg.com/v1/AUTH_58d78b787ec34892b5aaa0c7a146155f/clubes_2026/silhuetas/RBB/FORMATO.png,0,-1.0,Guzmán Rodríguez Ferrari,0.0,3,5.54,22,guzman-rodriguez,6,0.0,,1.0,,,,,,,,,,,,,,,,,,
Patrick,Patrick,122990,CAM,282,0,False,https://s3.glbimg.com/v1/AUTH_58d78b787ec34892b5aaa0c7a146155f/clubes_2026/silhuetas/CAM/FORMATO.png,0,0.0,Patrick Roberto da Silva Campos,0.0,4,4.0,22,patrick,5,0.0,,,,,,,,,,,,,,,,,,,,
Victor Nascimento,V. Nascimento,122994,BAH,265,0,False,https://s3.glbimg.com/v1/AUTH_58d78b787ec34892b5aaa0c7a146155f/clubes_2026/silhuetas/BAH/FORMATO.png,0,0.0,Victor dos Santos Nascimento,0.0,1,1.0,22,victor-nascimento,6,0.0,,,,,,,,,,,,,,,,,,,,
Sidney,Sidney,123005,BAH,265,0,False,https://s3.glbimg.com/v1/AUTH_58d78b787ec34892b5aaa0c7a146155f/clubes_2026/silhuetas/BAH/FORMATO.png,0,0.0,Sidney de Carvalho Duarte,0.0,4,1.0,22,sidney,6,0.0,,,,,,,,,,,,,,,,,,,,
David Braga,D. Braga,123016,REM,364,0,True,https://s3.glbimg.com/v1/AUTH_58d78b787ec34892b5aaa0c7a146155f/clubes_2026/silhuetas/REM/FORMATO.png,8,1.26,David Francisco Trindade Braga,0.5,4,3.03,22,david-braga,6,-0.11,,2.0,,,,6.0,3.0,,,8.0,,,,,,,,,,
Leozinho,Leozinho,123101,CAP,293,0,True,https://s3.glbimg.com/v1/AUTH_58d78b787ec34892b5aaa0c7a146155f/clubes_2026/silhuetas/CAP/FORMATO.png,9,5.66,Leonardo Caetano Silva,2.5,5,5.8,22,leozinho,7,-0.04,,1.0,,,,11.0,5.0,2.0,5.0,7.0,1.0,3.0,,,,,,,,
Cauly,Cauly,123360,SAO,276,0,True,https://s3.glbimg.com/v1/AUTH_58d78b787ec34892b5aaa0c7a146155f/clubes_2026/silhuetas/SAO/FORMATO.png,13,2.79,Cauly Oliveira Souza,1.4,4,6.08,22,cauly,6,-0.5,,,,,,14.0,14.0,2.0,4.0,12.0,,1.0,,,,,,,,
Dantas,Dantas,123445,CAP,293,0,True,https://s3.glbimg.com/v1/AUTH_58d78b787ec34892b5aaa0c7a146155f/clubes_2026/silhuetas/CAP/FORMATO.png,1,1.5,João Vitor Silva Dantas de Oliveira,1.5,4,5.1,22,dantas,6,0.1,,,,,,1.0,,,,,,,,,,,,,,
Lucas Ronier,L. Ronier,123648,CFC,294,0,False,https://s3.glbimg.com/v1/AUTH_58d78b787ec34892b5aaa0c7a146155f/clubes_2026/silhuetas/CFC/FORMATO.png,18,6.7,Lucas Ronier Vieira Pires,0.0,5,10.77,22,lucas-ronier,5,0.0,3.0,3.0,,,,36.0,19.0,7.0,16.0,50.0,2.0,1.0,,,1.0,,,,,
Milans,Milans,123689,COR,264,0,False,https://s3.glbimg.com/v1/AUTH_58d78b787ec34892b5aaa0c7a146155f/clubes_2026/silhuetas/COR/FORMATO.png,5,5.28,Pedro Milans Carámbula,0.0,2,8.55,22,milans,6,0.0,,,,,,7.0,5.0,,,5.0,,,,,1.0,,,,3.0,
Zé Guilherme,Z. Guilherme,123717,BAH,265,0,True,https://s3.glbimg.com/v1/AUTH_58d78b787ec34892b5aaa0c7a146155f/clubes_2026/silhuetas/BAH/FORMATO.png,4,2.9,José Guilherme de Lima Costa,6.5,2,4.74,22,ze-guilherme,6,1.06,,2.0,,,,5.0,4.0,,1.0,3.0,,,,,,,,,1.0,
Herrera,Herrera,123738,RBB,280,0,False,https://s3.glbimg.com/v1/AUTH_58d78b787ec34892b5aaa0c7a146155f/clubes_2026/silhuetas/RBB/FORMATO.png,15,2.59,José María Herrera Ares,0.0,5,5.69,22,herrera,7,0.0,,3.0,,,,15.0,20.0,6.0,8.0,8.0,,1.0,,,2.0,,,,,
Lucho Rodríguez,L. Rodríguez,123795,CRU,283,0,False,https://s3.glbimg.com/v1/AUTH_58d78b787ec34892b5aaa0c7a146155f/clubes_2026/silhuetas/CRU/FORMATO.png,0,0.0,Luciano Rodríguez Rosales,0.0,5,7.0,22,lucho-rodriguez,6,0.0,,,,,,,,,,,,,,,,,,,,
Aguirre,Aguirre,123869,CAP,293,0,True,https://s3.glbimg.com/v1/AUTH_58d78b787ec34892b5aaa0c7a146155f/clubes_2026/silhuetas/CAP/FORMATO.png,17,3.86,Juan Felipe Aguirre Tabares,8.0,3,6.59,22,aguirre,7,0.52,,1.0,,,,17.0,19.0,4.0,2.0,5.0,1.0,,,,1.0,,,,7.0,
Millán,Millán,124219,FLU,266,0,False,https://s3.glbimg.com/v1/AUTH_58d78b787ec34892b5aaa0c7a146155f/clubes_2026/silhuetas/FLU/FORMATO.png,3,1.0,Julián Camilo Millán Díaz,0.0,3,4.86,22,millan,5,0.0,,1.0,,,,2.0,6.0,1.0,2.0,,,,,,,,,,,
Henry Mosquera,H. Mosquera,124239,RBB,280,0,True,https://s3.glbimg.com/v1/AUTH_58d78b787ec34892b5aaa0c7a146155f/clubes_2026/silhuetas/RBB/FORMATO.png,16,3.63,Henry David Mosquera Sánchez,2.8,5,5.62,22,henry-mosquera,7,0.11,3.0,3.0,,,,14.0,18.0,10.0,15.0,14.0,,,,,6.0,,,,,
Kauan Jesus,K. Jesus,124264,INT,285,0,False,https://s3.glbimg.com/v1/AUTH_58d78b787ec34892b5aaa0c7a146155f/clubes_2026/silhuetas/INT/FORMATO.png,0,0.0,Kauan Jesus Santos Oliveira,0.0,1,1.0,22,kauan-jesus,6,0.0,,,,,,,,,,,,,,,,,,,,
Allex,Allex,124270,INT,285,0,False,https://s3.glbimg.com/v1/AUTH_58d78b787ec34892b5aaa0c7a146155f/clubes_2026/silhuetas/INT/FORMATO.png,8,1.55,Allex Rodrigues Pereira da Silva,0.0,4,2.38,22,allex,6,0.0,,1.0,,,,5.0,3.0,1.0,2.0,8.0,,,,,,,,,,
João Almeida,J. Almeida,124358,CFC,294,0,False,https://s3.glbimg.com/v1/AUTH_58d78b787ec34892b5aaa0c7a146155f/clubes_2026/silhuetas/CFC/FORMATO.png,1,0.0,João Vitor da Silva Almeida,0.0,2,0.92,22,joao-almeida,6,0.0,,,,,,,,,,,,,,,,,,,,
Léo Aragão,L. Aragão,124369,CRU,283,0,False,https://s3.glbimg.com/v1/AUTH_58d78b787ec34892b5aaa0c7a146155f/clubes_2026/silhuetas/CRU/FORMATO.png,0,0.0,Leonardo de Aragão Carvalho,0.0,1,2.0,22,leo-aragao,5,0.0,,,,,,,,,,,,,,,,,,,,
Kainã,Kainã,124386,CHA,315,0,False,https://s3.glbimg.com/v1/AUTH_58d78b787ec34892b5aaa0c7a146155f/clubes_2026/silhuetas/CHA/FORMATO.png,0,0.0,Kainã Correa Dal Magro,0.0,1,1.0,22,kaina,6,0.0,,,,,,,,,,,,,,,,,,,,
Rodrigo Castillo,R. Castillo,124424,FLU,266,0,True,https://s3.glbimg.com/v1/AUTH_58d78b787ec34892b5aaa0c7a146155f/clubes_2026/silhuetas/FLU/FORMATO.png,13,3.86,Rodrigo Castillo,6.4,5,7.87,22,rodrigo-castillo,6,0.89,1.0,1.0,,,,8.0,22.0,4.0,6.0,15.0,,3.0,,,3.0,,,,,
Mateo Ponte,M. Ponte,124481,BOT,263,0,False,https://s3.glbimg.com/v1/AUTH_58d78b787ec34892b5aaa0c7a146155f/clubes_2026/silhuetas/BOT/FORMATO.png,8,2.8,Mateo Ponte Costa,0.0,2,5.53,22,mateo-ponte,6,0.0,1.0,3.0,,,,7.0,5.0,,,7.0,1.0,,,,1.0,,,,1.0,
Lucas Monzón,L. Monzón,124483,BOT,263,0,False,https://s3.glbimg.com/v1/AUTH_58d78b787ec34892b5aaa0c7a146155f/clubes_2026/silhuetas/BOT/FORMATO.png,0,0.0,Lucas Gabriel Monzón Lemos,0.0,3,4.0,22,lucas-monzon,7,0.0,,,,,,,,,,,,,,,,,,,,
Giay,Giay,124526,PAL,275,0,True,https://s3.glbimg.com/v1/AUTH_58d78b787ec34892b5aaa0c7a146155f/clubes_2026/silhuetas/PAL/FORMATO.png,17,4.67,Agustín Giay,5.5,2,7.29,22,giay,7,0.28,,3.0,,,,28.0,20.0,1.0,1.0,19.0,,,,,1.0,,,,7.0,
Ruan Assis,R. Assis,124834,CFC,294,0,False,https://s3.glbimg.com/v1/AUTH_58d78b787ec34892b5aaa0c7a146155f/clubes_2026/silhuetas/CFC/FORMATO.png,0,0.0,Ruan Lucas de Assis,0.0,5,1.0,22,ruan-assis,6,0.0,,,,,,,,,,,,,,,,,,,,
Jonathan Jesus,J. Jesus,124912,CRU,283,0,True,https://s3.glbimg.com/v1/AUTH_58d78b787ec34892b5aaa0c7a146155f/clubes_2026/silhuetas/CRU/FORMATO.png,14,4.15,Jonathan de Jesus Alves,2.3,3,6.2,22,jonathan-jesus,7,-0.71,,2.0,,,,26.0,13.0,1.0,8.0,5.0,,,,,1.0,,,,3.0,
João Pedro,J. Pedro,125488,COR,264,0,False,https://s3.glbimg.com/v1/AUTH_58d78b787ec34892b5aaa0c7a146155f/clubes_2026/silhuetas/COR/FORMATO.png,2,7.7,João Pedro de Sousa Rodrigues - Tchoca,0.0,3,8.84,22,joao-pedro,6,0.0,,1.0,,,,2.0,3.0,,1.0,1.0,,1.0,,,,,,,1.0,
Dudu,Dudu,125746,CAP,293,0,True,https://s3.glbimg.com/v1/AUTH_58d78b787ec34892b5aaa0c7a146155f/clubes_2026/silhuetas/CAP/FORMATO.png,13,1.67,Eduardo Kogitzki Anastacio,0.0,4,2.1,22,dudu,6,-0.26,,,,,,7.0,7.0,1.0,2.0,5.0,,1.0,,,,,,,,
Pedro Morisco,P. Morisco,125803,CFC,294,0,True,https://s3.glbimg.com/v1/AUTH_58d78b787ec34892b5aaa0c7a146155f/clubes_2026/silhuetas/CFC/FORMATO.png,6,4.3,Pedro Luccas Morisco da Silva,1.6,1,7.6,22,pedro-morisco,7,-0.62,,1.0,,26.0,,,,,,2.0,,,,7.0,,1.0,,,,
Zapelli,Zapelli,125926,CAP,293,0,False,https://s3.glbimg.com/v1/AUTH_58d78b787ec34892b5aaa0c7a146155f/clubes_2026/silhuetas/CAP/FORMATO.png,13,1.37,Bruno Zapelli,0.0,4,4.23,22,zapelli,6,0.0,1.0,4.0,1.0,,,9.0,8.0,1.0,5.0,7.0,,,,,,,,,,
Ythallo,Ythallo,126013,BOT,263,0,False,https://s3.glbimg.com/v1/AUTH_58d78b787ec34892b5aaa0c7a146155f/clubes_2026/silhuetas/BOT/FORMATO.png,1,0.2,Ythallo Ryckelm Rodrigues de Oliveira - Rycklem,0.0,3,3.5,22,ythallo,6,0.0,,1.0,,,,1.0,1.0,,,,,,,,,,,,,
Marcelinho,Marcelinho,126120,RBB,280,0,True,https://s3.glbimg.com/v1/AUTH_58d78b787ec34892b5aaa0c7a146155f/clubes_2026/silhuetas/RBB/FORMATO.png,5,2.18,Marcelo Braz da Silva,2.0,4,3.16,22,marcelinho,6,0.21,1.0,,,,,2.0,4.0,1.0,2.0,3.0,,,,,2.0,,,,,
Paulinho,Paulinho,126182,INT,285,0,True,https://s3.glbimg.com/v1/AUTH_58d78b787ec34892b5aaa0c7a146155f/clubes_2026/silhuetas/INT/FORMATO.png,16,1.95,Paulo Lucas Santos de Paula,-0.2,4,3.84,22,paulinho,7,-0.3,,5.0,,,,18.0,25.0,4.0,5.0,16.0,,,,,1.0,,,,,
Tomás Pérez,T. Pérez,126189,CAM,282,0,False,https://s3.glbimg.com/v1/AUTH_58d78b787ec34892b5aaa0c7a146155f/clubes_2026/silhuetas/CAM/FORMATO.png,12,1.54,Tomás Pérez,0.0,4,4.13,22,tomas-perez,6,0.0,,2.0,,,,13.0,12.0,2.0,1.0,3.0,,,,,,,,,,
Barreal,Barreal,126471,SAN,277,0,True,https://s3.glbimg.com/v1/AUTH_58d78b787ec34892b5aaa0c7a146155f/clubes_2026/silhuetas/SAN/FORMATO.png,16,4.89,Álvaro Martín Barreal,6.4,4,10.8,22,barreal,7,-0.32,1.0,4.0,1.0,,,27.0,19.0,4.0,13.0,15.0,,3.0,,,3.0,1.0,,,,
Fernando Seabra,F. Seabra,126977,CFC,294,0,True,https://s3.glbimg.com/v1/AUTH_58d78b787ec34892b5aaa0c7a146155f/clubes_2026/silhuetas/CFC/FORMATO.png,22,5.11,Fernando Seabra,5.65,6,8.04,22,fernando-seabra,7,0.38,,,,,,,,,,,,,,,,,,,,8.0
Paulinho,Paulinho,126996,VAS,267,0,False,https://s3.glbimg.com/v1/AUTH_58d78b787ec34892b5aaa0c7a146155f/clubes_2026/silhuetas/VAS/FORMATO.png,0,0.0,Paulo Ricardo Alves Ibelli,0.0,2,4.0,22,paulinho,6,0.0,,,,,,,,,,,,,,,,,,,,
Bahia,Bahia,127242,COR,264,0,False,https://s3.glbimg.com/v1/AUTH_58d78b787ec34892b5aaa0c7a146155f/clubes_2026/silhuetas/COR/FORMATO.png,0,0.0,Luiz Gustavo Lemos Carvalho,0.0,4,2.0,22,bahia,6,0.0,,,,,,,,,,,,,,,,,,,,
Artur Jorge,A. Jorge,127273,CRU,283,0,True,https://s3.glbimg.com/v1/AUTH_58d78b787ec34892b5aaa0c7a146155f/clubes_2026/silhuetas/CRU/FORMATO.png,14,6.37,Artur Jorge Torres Gomes Araújo Amorim,6.91,6,12.0,22,artur-jorge,7,-0.12,,,,,,,,,,,,,,,,,,,,9.0
Vargas,Vargas,127871,CAP,293,0,True,https://s3.glbimg.com/v1/AUTH_58d78b787ec34892b5aaa0c7a146155f/clubes_2026/silhuetas/CAP/FORMATO.png,1,0.0,Kerwin Andrés Calderón Vargas,0.0,5,7.23,22,vargas,6,-0.77,,,,,,,,,,,,,,,,,,,,
Júlio Fidelis,J. Fidelis,127932,FLU,266,0,False,https://s3.glbimg.com/v1/AUTH_58d78b787ec34892b5aaa0c7a146155f/clubes_2026/silhuetas/FLU/FORMATO.png,0,0.0,Julio Cesar Lima Fidelis,0.0,2,2.0,22,julio-fidelis,6,0.0,,,,,,,,,,,,,,,,,,,,
Matheus Reis,M. Reis,127969,FLU,266,0,False,https://s3.glbimg.com/v1/AUTH_58d78b787ec34892b5aaa0c7a146155f/clubes_2026/silhuetas/FLU/FORMATO.png,0,0.0,Matheus dos Reis Francisco,0.0,5,1.0,22,matheus-reis,5,0.0,,,,,,,,,,,,,,,,,,,,
Felipe Chiqueti,F. Chiqueti,127970,CAP,293,0,False,https://s3.glbimg.com/v1/AUTH_58d78b787ec34892b5aaa0c7a146155f/clubes_2026/silhuetas/CAP/FORMATO.png,7,1.35,Felipe Chiqueti Bandeira,0.0,4,2.07,22,felipe-chiqueti,6,0.0,,1.0,,,,4.0,8.0,1.0,2.0,8.0,,,,,,,,,,
Pedro Emanuel,P. Emanuel,128177,VAS,267,0,True,https://s3.glbimg.com/v1/AUTH_58d78b787ec34892b5aaa0c7a146155f/clubes_2026/silhuetas/VAS/FORMATO.png,2,5.8,Pedro Emanuel dos Santos Martins Silva,7.3,6,11.37,22,pedro-emanuel,7,0.75,,,,,,,,,,,,,,,,,,,,
Alejandro García,A. García,128427,CAP,293,0,False,https://s3.glbimg.com/v1/AUTH_58d78b787ec34892b5aaa0c7a146155f/clubes_2026/silhuetas/CAP/FORMATO.png,0,0.0,Alejandro García Castillo,0.0,4,4.0,22,alejandro-garcia,6,0.0,,,,,,,,,,,,,,,,,,,,
João Cruz,J. Cruz,128431,CAP,293,0,True,https://s3.glbimg.com/v1/AUTH_58d78b787ec34892b5aaa0c7a146155f/clubes_2026/silhuetas/CAP/FORMATO.png,15,3.25,João Victor Machado Cruz,9.5,4,6.15,22,joao-cruz,6,1.28,4.0,1.0,,,,12.0,10.0,5.0,7.0,6.0,,,,,1.0,,,,,
Johan Rojas,J. Rojas,128433,VAS,267,0,False,https://s3.glbimg.com/v1/AUTH_58d78b787ec34892b5aaa0c7a146155f/clubes_2026/silhuetas/VAS/FORMATO.png,16,1.58,Johan Rojas Echavarría,0.0,4,3.78,22,johan-rojas,6,0.0,1.0,3.0,,,,5.0,13.0,8.0,7.0,3.0,1.0,,,,3.0,,,,,
Wendel,Wendel,129661,BAH,265,0,False,https://s3.glbimg.com/v1/AUTH_58d78b787ec34892b5aaa0c7a146155f/clubes_2026/silhuetas/BAH/FORMATO.png,0,0.0,Wendel Silva Passos,0.0,4,1.0,22,wendel,6,0.0,,,,,,,,,,,,,,,,,,,,
Ruan Pablo,R. Pablo,129663,BAH,265,0,False,https://s3.glbimg.com/v1/AUTH_58d78b787ec34892b5aaa0c7a146155f/clubes_2026/silhuetas/BAH/FORMATO.png,1,0.0,Ruan Pablo Barbosa Sousa,0.0,5,1.81,22,ruan-pablo,6,0.0,,,,,,,,,,,,,,,,,,,,
Pablo,Pablo,129665,VAS,267,0,False,https://s3.glbimg.com/v1/AUTH_58d78b787ec34892b5aaa0c7a146155f/clubes_2026/silhuetas/VAS/FORMATO.png,0,0.0,Pablo de Paula Cardoso,0.0,1,1.0,22,pablo,6,0.0,,,,,,,,,,,,,,,,,,,,
JP,JP,129666,VAS,267,0,False,https://s3.glbimg.com/v1/AUTH_58d78b787ec34892b5aaa0c7a146155f/clubes_2026/silhuetas/VAS/FORMATO.png,2,0.95,João Pedro Murilo de Paula Morais,0.0,4,1.41,22,jp,6,0.0,,,,,,1.0,3.0,,1.0,1.0,,,,,,,,,,
Cristhian Loor,C. Loor,129930,BOT,263,0,False,https://s3.glbimg.com/v1/AUTH_58d78b787ec34892b5aaa0c7a146155f/clubes_2026/silhuetas/BOT/FORMATO.png,0,0.0,Cristhian Joel Loor Santamaría - Christian,0.0,1,2.0,22,cristhian-loor,6,0.0,,,,,,,,,,,,,,,,,,,,
Noriega,Noriega,130048,GRE,284,0,True,https://s3.glbimg.com/v1/AUTH_58d78b787ec34892b5aaa0c7a146155f/clubes_2026/silhuetas/GRE/FORMATO.png,15,4.38,Erick Carlos Noriega Loret de Mola,6.7,3,7.95,22,noriega,7,0.5,1.0,2.0,,,,21.0,19.0,2.0,3.0,18.0,,1.0,,,,,,,3.0,
João Costa,J. Costa,130121,CRU,283,0,True,https://s3.glbimg.com/v1/AUTH_58d78b787ec34892b5aaa0c7a146155f/clubes_2026/silhuetas/CRU/FORMATO.png,1,-0.3,João Gabriel e Costa Cesco,-0.3,5,4.4,22,joao-costa,7,-0.6,,,,,,,1.0,,,,,,,,,,,,,
Léo Nannetti,L. Nannetti,130189,FLA,262,0,False,https://s3.glbimg.com/v1/AUTH_58d78b787ec34892b5aaa0c7a146155f/clubes_2026/silhuetas/FLA/FORMATO.png,0,0.0,Leonardo Nannetti Lopes,0.0,1,2.0,22,leo-nannetti,6,0.0,,,,,,,,,,,,,,,,,,,,
Renê,Renê,130209,VIT,287,0,True,https://s3.glbimg.com/v1/AUTH_58d78b787ec34892b5aaa0c7a146155f/clubes_2026/silhuetas/VIT/FORMATO.png,13,6.53,Carlos Renê de Sousa Ferreira - Souza,0.8,5,8.44,22,rene,7,-0.23,1.0,2.0,,,,8.0,10.0,10.0,7.0,25.0,1.0,5.0,,,1.0,,,,,
Caio Roque,C. Roque,130232,BOT,263,0,False,https://s3.glbimg.com/v1/AUTH_58d78b787ec34892b5aaa0c7a146155f/clubes_2026/silhuetas/BOT/FORMATO.png,3,4.0,Caio Alves Roque Gomes,0.0,2,5.72,22,caio-roque,6,0.0,1.0,,,,,4.0,,,,2.0,,,,,,,,,,
Iuri,Iuri,130233,BAH,265,0,False,https://s3.glbimg.com/v1/AUTH_58d78b787ec34892b5aaa0c7a146155f/clubes_2026/silhuetas/BAH/FORMATO.png,0,0.0,Iuri Jean Carlo Neres dos Santos,0.0,1,1.0,22,iuri,6,0.0,,,,,,,,,,,,,,,,,,,,
Lukas Zuccarello,L. Zuccarello,130279,VAS,267,0,False,https://s3.glbimg.com/v1/AUTH_58d78b787ec34892b5aaa0c7a146155f/clubes_2026/silhuetas/VAS/FORMATO.png,1,1.3,Lukas Rocha Zuccarello,0.0,4,2.32,22,lukas-zuccarello,6,0.0,,,,,,,,,1.0,1.0,,,,,,,,,,
Phillipe Gabriel,P. Gabriel,130280,VAS,267,0,False,https://s3.glbimg.com/v1/AUTH_58d78b787ec34892b5aaa0c7a146155f/clubes_2026/silhuetas/VAS/FORMATO.png,0,0.0,Phillipe Gabriel Pires de Oliveira,0.0,1,1.0,22,phillipe-gabriel,6,0.0,,,,,,,,,,,,,,,,,,,,
Anthony,Anthony,130282,BOT,263,0,False,https://s3.glbimg.com/v1/AUTH_58d78b787ec34892b5aaa0c7a146155f/clubes_2026/silhuetas/BOT/FORMATO.png,0,0.0,Anthony Wesley Ciriano Oliveira,0.0,3,3.0,22,anthony,6,0.0,,,,,,,,,,,,,,,,,,,,
Matheus Dias,M. Dias,130283,CFC,294,0,False,https://s3.glbimg.com/v1/AUTH_58d78b787ec34892b5aaa0c7a146155f/clubes_2026/silhuetas/CFC/FORMATO.png,0,0.0,Matheus Dalsasso Dias,0.0,4,1.0,22,matheus-dias,6,0.0,,,,,,,,,,,,,,,,,,,,
Wallace,Wallace,130307,GRE,284,0,True,https://s3.glbimg.com/v1/AUTH_58d78b787ec34892b5aaa0c7a146155f/clubes_2026/silhuetas/GRE/FORMATO.png,1,8.7,Wallace Gomes da Silva Santos,8.7,3,6.08,22,wallace,7,3.08,,,,,,,2.0,,1.0,1.0,,1.0,,,,,,,,
Rodrigo Falcão,R. Falcão,130309,SAN,277,0,False,https://s3.glbimg.com/v1/AUTH_58d78b787ec34892b5aaa0c7a146155f/clubes_2026/silhuetas/SAN/FORMATO.png,0,0.0,Rodrigo Plazezwski Falcão,0.0,1,1.0,22,rodrigo-falcao,6,0.0,,,,,,,,,,,,,,,,,,,,
Guilherme Gomes,G. Gomes,130382,FLA,262,0,False,https://s3.glbimg.com/v1/AUTH_58d78b787ec34892b5aaa0c7a146155f/clubes_2026/silhuetas/FLA/FORMATO.png,0,0.0,Guilherme Henrique Bernardineli Gomes,0.0,4,3.0,22,guilherme-gomes,6,0.0,,,,,,,,,,,,,,,,,,,,
Luiz Gustavo,L. Gustavo,130393,BAH,265,0,False,https://s3.glbimg.com/v1/AUTH_58d78b787ec34892b5aaa0c7a146155f/clubes_2026/silhuetas/BAH/FORMATO.png,0,0.0,Luiz Gustavo Marinho Ribeiro dos Santos,0.0,3,1.0,22,luiz-gustavo,6,0.0,,,,,,,,,,,,,,,,,,,,
Igor Felisberto,I. Felisberto,130399,SAO,276,0,False,https://s3.glbimg.com/v1/AUTH_58d78b787ec34892b5aaa0c7a146155f/clubes_2026/silhuetas/SAO/FORMATO.png,0,0.0,Igor Teixeira Felisberto,0.0,2,1.0,22,igor-felisberto,6,0.0,,,,,,,,,,,,,,,,,,,,
Robert,Robert,130414,CHA,315,0,False,https://s3.glbimg.com/v1/AUTH_58d78b787ec34892b5aaa0c7a146155f/clubes_2026/silhuetas/CHA/FORMATO.png,1,3.0,Robert dos Santos Conceição,0.0,4,3.51,22,robert,5,0.0,,,,,,2.0,,,,,,,,,,,,,,
Diego,Diego,130438,INT,285,0,False,https://s3.glbimg.com/v1/AUTH_58d78b787ec34892b5aaa0c7a146155f/clubes_2026/silhuetas/INT/FORMATO.png,0,0.0,Diego Esser Pereira,0.0,1,1.0,22,diego,6,0.0,,,,,,,,,,,,,,,,,,,,
Luciano,Luciano,130443,CHA,315,0,False,https://s3.glbimg.com/v1/AUTH_58d78b787ec34892b5aaa0c7a146155f/clubes_2026/silhuetas/CHA/FORMATO.png,0,0.0,Luciano Bertolo Ludwig,0.0,3,1.0,22,luciano,6,0.0,,,,,,,,,,,,,,,,,,,,
Rodrigo,Rodrigo,130444,CHA,315,0,False,https://s3.glbimg.com/v1/AUTH_58d78b787ec34892b5aaa0c7a146155f/clubes_2026/silhuetas/CHA/FORMATO.png,0,0.0,Rodrigo Endrio Azevedo Tiago,0.0,5,1.0,22,rodrigo,6,0.0,,,,,,,,,,,,,,,,,,,,
Riquelme Fillipi,R. Fillipi,130608,PAL,275,0,False,https://s3.glbimg.com/v1/AUTH_58d78b787ec34892b5aaa0c7a146155f/clubes_2026/silhuetas/PAL/FORMATO.png,3,1.37,Riquelme Fillipi Marinho de Souza,0.0,5,1.46,22,riquelme-fillipi,6,0.0,,,,,,2.0,2.0,1.0,,1.0,,,,,,,,,,
Edenílson,Edenílson,130620,VIT,287,0,True,https://s3.glbimg.com/v1/AUTH_58d78b787ec34892b5aaa0c7a146155f/clubes_2026/silhuetas/VIT/FORMATO.png,9,1.55,Edenílson Santos Nascimento Filho,0.0,4,3.1,22,edenilson,6,-0.18,,1.0,1.0,,,13.0,7.0,,,1.0,,,,,,,,,,
Kadu,Kadu,130698,BOT,263,0,False,https://s3.glbimg.com/v1/AUTH_58d78b787ec34892b5aaa0c7a146155f/clubes_2026/silhuetas/BOT/FORMATO.png,0,0.0,Carlos Eduardo da Silva Santos,0.0,2,1.0,22,kadu,6,0.0,,,,,,,,,,,,,,,,,,,,
Kauan,Kauan,130806,CHA,315,0,True,https://s3.glbimg.com/v1/AUTH_58d78b787ec34892b5aaa0c7a146155f/clubes_2026/silhuetas/CHA/FORMATO.png,1,-0.6,Kauan Faria Gomes,-0.6,3,0.67,22,kauan,6,-0.33,,,,,,,2.0,,,,,,,,,,,,,
Matheus Soares,M. Soares,130842,CAP,293,0,False,https://s3.glbimg.com/v1/AUTH_58d78b787ec34892b5aaa0c7a146155f/clubes_2026/silhuetas/CAP/FORMATO.png,0,0.0,Matheus Soares Rocha,0.0,1,1.0,22,matheus-soares,6,0.0,,,,,,,,,,,,,,,,,,,,
Arthur Dias,A. Dias,130843,CAP,293,0,True,https://s3.glbimg.com/v1/AUTH_58d78b787ec34892b5aaa0c7a146155f/clubes_2026/silhuetas/CAP/FORMATO.png,18,3.72,Arthur dos Santos Barbosa Dias,7.0,3,6.45,22,arthur-dias,7,0.46,,5.0,,,,22.0,14.0,,4.0,10.0,,,,,1.0,,,,7.0,
Riquelme,Riquelme,130889,GRE,284,0,False,https://s3.glbimg.com/v1/AUTH_58d78b787ec34892b5aaa0c7a146155f/clubes_2026/silhuetas/GRE/FORMATO.png,2,-1.45,Riquelme Freitas dos Santos,0.0,4,2.42,22,riquelme,6,0.0,,,1.0,,,,3.0,,,2.0,,,,,,,,,,
Riquelme,Riquelme,130906,CAP,293,0,True,https://s3.glbimg.com/v1/AUTH_58d78b787ec34892b5aaa0c7a146155f/clubes_2026/silhuetas/CAP/FORMATO.png,5,1.06,Diogo Riquelme Rivas do Nascimento,3.0,4,1.53,22,riquelme,6,0.62,,1.0,,,,4.0,3.0,1.0,,,,,,,,,,,,
Thiago Azaf,T. Azaf,131279,CFC,294,0,False,https://s3.glbimg.com/v1/AUTH_58d78b787ec34892b5aaa0c7a146155f/clubes_2026/silhuetas/CFC/FORMATO.png,0,0.0,Thiago Azaf Siqueira Soares,0.0,5,1.0,22,thiago-azaf,6,0.0,,,,,,,,,,,,,,,,,,,,
JP Chermont,J. Chermont,131516,CFC,294,0,False,https://s3.glbimg.com/v1/AUTH_58d78b787ec34892b5aaa0c7a146155f/clubes_2026/silhuetas/CFC/FORMATO.png,12,2.7,João Pedro Chermont Crema,0.0,2,4.51,22,jp-chermont,6,0.0,1.0,,,,,6.0,3.0,2.0,,4.0,,,,,,,,,3.0,
André Silva,A. Silva,131617,SAO,276,0,True,https://s3.glbimg.com/v1/AUTH_58d78b787ec34892b5aaa0c7a146155f/clubes_2026/silhuetas/SAO/FORMATO.png,13,0.22,André Oliveira e Silva,-1.0,5,3.22,22,andre-silva,6,-0.26,,4.0,,,,1.0,11.0,4.0,1.0,6.0,,,,,,,,,,
Felipe Longo,F. Longo,131753,COR,264,0,False,https://s3.glbimg.com/v1/AUTH_58d78b787ec34892b5aaa0c7a146155f/clubes_2026/silhuetas/COR/FORMATO.png,0,0.0,Felipe Longo Fernandes da Silva,0.0,1,2.0,22,felipe-longo,6,0.0,,,,,,,,,,,,,,,,,,,,
Isac,Isac,131762,SAO,276,0,False,https://s3.glbimg.com/v1/AUTH_58d78b787ec34892b5aaa0c7a146155f/clubes_2026/silhuetas/SAO/FORMATO.png,0,0.0,Isac Silvestre da Silva,0.0,3,1.0,22,isac,6,0.0,,,,,,,,,,,,,,,,,,,,
Filipinho,Filipinho,131766,RBB,280,0,False,https://s3.glbimg.com/v1/AUTH_58d78b787ec34892b5aaa0c7a146155f/clubes_2026/silhuetas/RBB/FORMATO.png,0,0.0,Filipe Gabriel Rios Rodrigues,0.0,5,1.0,22,filipinho,6,0.0,,,,,,,,,,,,,,,,,,,,
Portilla,Portilla,131832,CAP,293,0,False,https://s3.glbimg.com/v1/AUTH_58d78b787ec34892b5aaa0c7a146155f/clubes_2026/silhuetas/CAP/FORMATO.png,15,1.17,Juan Camilo Portilla Orozco,0.0,4,2.87,22,portilla,5,0.0,,4.0,,,,12.0,20.0,1.0,3.0,12.0,,,,,,,,,,
Jhoan Hernández,J. Hernández,131964,BOT,263,0,False,https://s3.glbimg.com/v1/AUTH_58d78b787ec34892b5aaa0c7a146155f/clubes_2026/silhuetas/BOT/FORMATO.png,1,0.0,Jhoan Hernández Mejía,0.0,2,3.69,22,jhoan-hernandez,6,0.0,,,,,,,,,,,,,,,,,,,,
Villarreal,Villarreal,131967,CRU,283,0,False,https://s3.glbimg.com/v1/AUTH_58d78b787ec34892b5aaa0c7a146155f/clubes_2026/silhuetas/CRU/FORMATO.png,12,5.65,Neyser Villarreal - Neiser,0.0,5,8.62,22,villarreal,5,0.0,1.0,,,,,11.0,9.0,5.0,11.0,15.0,1.0,3.0,,,2.0,,,,,
Serna,Serna,132071,FLU,266,0,True,https://s3.glbimg.com/v1/AUTH_58d78b787ec34892b5aaa0c7a146155f/clubes_2026/silhuetas/FLU/FORMATO.png,20,3.21,Kevin Steven Serna Jaramillo,7.9,5,6.72,22,serna,6,0.7,2.0,1.0,,,,15.0,18.0,7.0,9.0,24.0,1.0,1.0,,,6.0,,,,,
Arroyo,Arroyo,132264,CRU,283,0,True,https://s3.glbimg.com/v1/AUTH_58d78b787ec34892b5aaa0c7a146155f/clubes_2026/silhuetas/CRU/FORMATO.png,18,3.0,Keny Alexander Arroyo Alvarado,0.5,5,5.09,22,arroyo,7,-0.34,1.0,4.0,1.0,,,9.0,17.0,10.0,11.0,22.0,,2.0,,,2.0,,,,,
Ignacio Sosa,I. Sosa,132274,RBB,280,0,False,https://s3.glbimg.com/v1/AUTH_58d78b787ec34892b5aaa0c7a146155f/clubes_2026/silhuetas/RBB/FORMATO.png,15,1.5,Ignacio Sosa Ospital,0.0,4,3.41,22,ignacio-sosa,6,0.0,,5.0,,,,14.0,17.0,1.0,1.0,19.0,,,,,,,,,,
Román Gómez,R. Gómez,132412,BAH,265,0,True,https://s3.glbimg.com/v1/AUTH_58d78b787ec34892b5aaa0c7a146155f/clubes_2026/silhuetas/BAH/FORMATO.png,7,5.96,Román Agustín Gómez,8.9,2,9.35,22,roman-gomez,7,0.26,,1.0,,,,16.0,11.0,,5.0,6.0,,,,,,,,,3.0,
Jemmes,Jemmes,132553,FLU,266,0,True,https://s3.glbimg.com/v1/AUTH_58d78b787ec34892b5aaa0c7a146155f/clubes_2026/silhuetas/FLU/FORMATO.png,15,3.62,Jemmes Bruno Ribeiro da Silva,3.5,3,6.82,22,jemmes,7,-0.56,1.0,3.0,,,,23.0,11.0,,3.0,8.0,,,,,1.0,,,,3.0,
Vinicinho,Vinicinho,132580,RBB,280,0,True,https://s3.glbimg.com/v1/AUTH_58d78b787ec34892b5aaa0c7a146155f/clubes_2026/silhuetas/RBB/FORMATO.png,10,2.28,Vinicius Mendonça Pereira,3.0,5,4.32,22,vinicinho,6,0.36,,,,,,9.0,1.0,1.0,,17.0,,,,,1.0,,,,,
João Pedro,J. Pedro,132750,SAN,277,0,False,https://s3.glbimg.com/v1/AUTH_58d78b787ec34892b5aaa0c7a146155f/clubes_2026/silhuetas/SAN/FORMATO.png,0,0.0,João Pedro Lucio da Silva,0.0,1,1.0,22,joao-pedro,6,0.0,,,,,,,,,,,,,,,,,,,,
Gui Negão,G. Negão,133543,COR,264,0,False,https://s3.glbimg.com/v1/AUTH_58d78b787ec34892b5aaa0c7a146155f/clubes_2026/silhuetas/COR/FORMATO.png,4,1.35,Guilherme William Silva Inácio,0.0,5,3.97,22,gui-negao,6,0.0,,,,,,4.0,2.0,,,,,,,,,,,,,
Gustavo Reis,G. Reis,133671,RBB,280,0,False,https://s3.glbimg.com/v1/AUTH_58d78b787ec34892b5aaa0c7a146155f/clubes_2026/silhuetas/RBB/FORMATO.png,0,0.0,Gustavo Reis de Alcântara,0.0,1,1.0,22,gustavo-reis,6,0.0,,,,,,,,,,,,,,,,,,,,
Mateus Xavier,M. Xavier,133673,SAN,277,0,False,https://s3.glbimg.com/v1/AUTH_58d78b787ec34892b5aaa0c7a146155f/clubes_2026/silhuetas/SAN/FORMATO.png,1,1.2,Mateus Xavier de Sousa,0.0,5,2.33,22,mateus-xavier,6,0.0,,,,,,1.0,1.0,,,,,,,,,,,,,
Benedetti,Benedetti,133679,PAL,275,0,False,https://s3.glbimg.com/v1/AUTH_58d78b787ec34892b5aaa0c7a146155f/clubes_2026/silhuetas/PAL/FORMATO.png,2,4.85,Luis Gustavo Roncholeta Benedetti - Luiz,0.0,3,5.42,22,benedetti,6,0.0,,,,,,,1.0,,,,,,,,,,,,2.0,
Bruno Lopes,B. Lopes,133690,VAS,267,0,False,https://s3.glbimg.com/v1/AUTH_58d78b787ec34892b5aaa0c7a146155f/clubes_2026/silhuetas/VAS/FORMATO.png,1,1.7,Bruno Lopes Ferreira,0.0,5,1.57,22,bruno-lopes,6,0.0,,,,,,,1.0,1.0,1.0,,,,,,,,,,,
Wallace Davi,W. Davi,133696,BOT,263,0,False,https://s3.glbimg.com/v1/AUTH_58d78b787ec34892b5aaa0c7a146155f/clubes_2026/silhuetas/BOT/FORMATO.png,0,0.0,Wallace Davi Nunes da Silva Dias,0.0,4,4.0,22,wallace-davi,6,0.0,,,,,,,,,,,,,,,,,,,,
Larson,Larson,136156,PAL,275,0,False,https://s3.glbimg.com/v1/AUTH_58d78b787ec34892b5aaa0c7a146155f/clubes_2026/silhuetas/PAL/FORMATO.png,4,0.48,Larson Torna Ferreira dos Santos,0.0,4,2.1,22,larson,6,0.0,,,,,,,2.0,1.0,1.0,1.0,,,,,,,,,,
Sanabria,Sanabria,136955,BAH,265,0,True,https://s3.glbimg.com/v1/AUTH_58d78b787ec34892b5aaa0c7a146155f/clubes_2026/silhuetas/BAH/FORMATO.png,13,2.93,Mateo Naín Sanabria Doracio,2.2,5,6.01,22,sanabria,6,-0.15,1.0,1.0,,,,5.0,9.0,2.0,7.0,11.0,,2.0,,,2.0,,,,,
Kaique Kenji,K. Kenji,137542,CRU,283,0,True,https://s3.glbimg.com/v1/AUTH_58d78b787ec34892b5aaa0c7a146155f/clubes_2026/silhuetas/CRU/FORMATO.png,9,1.2,Kaique Kenji Takamura Correa,0.7,5,2.39,22,kaique-kenji,3,0.03,,3.0,,,,1.0,4.0,2.0,2.0,3.0,,1.0,,,,,,,,
Tevis,Tevis,137543,CRU,283,0,False,https://s3.glbimg.com/v1/AUTH_58d78b787ec34892b5aaa0c7a146155f/clubes_2026/silhuetas/CRU/FORMATO.png,0,0.0,Tevis Gabriel Alves Santos,0.0,5,2.0,22,tevis,6,0.0,,,,,,,,,,,,,,,,,,,,
Clayton Sampaio,C. Sampaio,137618,INT,285,0,False,https://s3.glbimg.com/v1/AUTH_58d78b787ec34892b5aaa0c7a146155f/clubes_2026/silhuetas/INT/FORMATO.png,0,-1.0,Clayton Sampaio Pereira,0.0,3,2.63,22,clayton-sampaio,6,0.0,,1.0,,,,,,,,,,,,,,,,,,
Palacios,Palacios,138021,RBB,280,0,False,https://s3.glbimg.com/v1/AUTH_58d78b787ec34892b5aaa0c7a146155f/clubes_2026/silhuetas/RBB/FORMATO.png,0,0.0,Sergio Stevan Palacios Zapata,0.0,3,3.0,22,palacios,6,0.0,,,,,,,,,,,,,,,,,,,,
Pedro Kauã,P. Kauã,139200,INT,285,0,False,https://s3.glbimg.com/v1/AUTH_58d78b787ec34892b5aaa0c7a146155f/clubes_2026/silhuetas/INT/FORMATO.png,0,0.0,Pedro Kauã Rodrigues Machado,0.0,3,1.0,22,pedro-kaua,6,0.0,,,,,,,,,,,,,,,,,,,,
David,David,140438,CHA,315,0,False,https://s3.glbimg.com/v1/AUTH_58d78b787ec34892b5aaa0c7a146155f/clubes_2026/silhuetas/CHA/FORMATO.png,6,0.97,David Antunes da Silva,0.0,4,1.4,22,david,6,0.0,,,,,,3.0,2.0,,3.0,1.0,,,,,,1.0,,,,
Riquelme Felipe,R. Felipe,140484,FLU,266,0,False,https://s3.glbimg.com/v1/AUTH_58d78b787ec34892b5aaa0c7a146155f/clubes_2026/silhuetas/FLU/FORMATO.png,3,0.7,Riquelme Felipe Silva de Almeida,0.0,5,3.53,22,riquelme-felipe,6,0.0,,1.0,,,,2.0,3.0,,,2.0,,,,,,,,,,
João Victor,J. Victor,140492,FLA,262,0,False,https://s3.glbimg.com/v1/AUTH_58d78b787ec34892b5aaa0c7a146155f/clubes_2026/silhuetas/FLA/FORMATO.png,1,6.5,João Victor de Souza Cunha,0.0,3,4.34,22,joao-victor,6,0.0,,,,,,1.0,,,,,,,,,,,,,1.0,
Tiaguinho,Tiaguinho,140496,GRE,284,0,False,https://s3.glbimg.com/v1/AUTH_58d78b787ec34892b5aaa0c7a146155f/clubes_2026/silhuetas/GRE/FORMATO.png,1,0.0,Tiago Augusto Gonçalves,0.0,4,0.93,22,tiaguinho,6,0.0,,,,,,,,,,,,,,,,,,,,
Ryan Francisco,R. Francisco,140542,SAO,276,0,False,https://s3.glbimg.com/v1/AUTH_58d78b787ec34892b5aaa0c7a146155f/clubes_2026/silhuetas/SAO/FORMATO.png,0,0.0,Ryan Francisco Rodrigues dos Santos Silva,0.0,5,5.0,22,ryan-francisco,6,0.0,,,,,,,,,,,,,,,,,,,,
David Martins,D. Martins,140726,BAH,265,0,False,https://s3.glbimg.com/v1/AUTH_58d78b787ec34892b5aaa0c7a146155f/clubes_2026/silhuetas/BAH/FORMATO.png,3,-0.1,David Martins Almeida de Lira,0.0,4,0.65,22,david-martins,6,0.0,,,,,,,1.0,,,,,,,,,,,,,
Davi Gomes,D. Gomes,140906,RBB,280,0,False,https://s3.glbimg.com/v1/AUTH_58d78b787ec34892b5aaa0c7a146155f/clubes_2026/silhuetas/RBB/FORMATO.png,2,4.25,Davi Gomes de Alvarenga,0.0,5,5.19,22,davi-gomes,5,0.0,,,,,,1.0,,2.0,2.0,,1.0,,,,,,,,,
Robert,Robert,141125,CAM,282,0,False,https://s3.glbimg.com/v1/AUTH_58d78b787ec34892b5aaa0c7a146155f/clubes_2026/silhuetas/CAM/FORMATO.png,0,0.0,Robert Pinto Alves Assunção,0.0,1,1.0,22,robert,6,0.0,,,,,,,,,,,,,,,,,,,,
Pedro Cobra,P. Cobra,141126,CAM,282,0,False,https://s3.glbimg.com/v1/AUTH_58d78b787ec34892b5aaa0c7a146155f/clubes_2026/silhuetas/CAM/FORMATO.png,0,0.0,Pedro Cobra Rodrigues,0.0,1,1.0,22,pedro-cobra,6,0.0,,,,,,,,,,,,,,,,,,,,
Vitão,Vitão,141131,CAM,282,0,False,https://s3.glbimg.com/v1/AUTH_58d78b787ec34892b5aaa0c7a146155f/clubes_2026/silhuetas/CAM/FORMATO.png,0,0.0,Vitor Fernandes Chaves Teixeira,0.0,3,1.0,22,vitao,6,0.0,,,,,,,,,,,,,,,,,,,,
Zé Lucas,Z. Lucas,141160,CRU,283,0,True,https://s3.glbimg.com/v1/AUTH_58d78b787ec34892b5aaa0c7a146155f/clubes_2026/silhuetas/CRU/FORMATO.png,1,2.9,José Lucas Gomes da Silva,2.9,4,6.54,22,ze-lucas,6,0.54,,,,,,1.0,2.0,,,4.0,,,,,,,,,,
Enzo Vagner,E. Vagner,141165,CFC,294,0,False,https://s3.glbimg.com/v1/AUTH_58d78b787ec34892b5aaa0c7a146155f/clubes_2026/silhuetas/CFC/FORMATO.png,1,0.5,Enzo Vágner Moraes de Souza,0.0,5,1.04,22,enzo-vagner,6,0.0,,,,,,,1.0,,1.0,,,,,,,,,,,
Walace Falcão,W. Falcão,141184,VAS,267,0,False,https://s3.glbimg.com/v1/AUTH_58d78b787ec34892b5aaa0c7a146155f/clubes_2026/silhuetas/VAS/FORMATO.png,0,0.0,Wallace Fernandes Alves Falcão,0.0,3,1.0,22,walace-falcao,6,0.0,,,,,,,,,,,,,,,,,,,,
Lucas Taverna,L. Taverna,141337,CFC,294,0,False,https://s3.glbimg.com/v1/AUTH_58d78b787ec34892b5aaa0c7a146155f/clubes_2026/silhuetas/CFC/FORMATO.png,3,2.1,Lucas Taverna,0.0,2,2.58,22,lucas-taverna,6,0.0,,1.0,,,,2.0,4.0,,,1.0,,,,,,,,,1.0,
Paulo Roberto,P. Roberto,141339,CFC,294,0,False,https://s3.glbimg.com/v1/AUTH_58d78b787ec34892b5aaa0c7a146155f/clubes_2026/silhuetas/CFC/FORMATO.png,2,4.1,Paulo Roberto da Silva Souza,0.0,5,3.54,22,paulo-roberto,6,0.0,,1.0,,,,1.0,1.0,,,,,1.0,,,,,,,,
Vitor Tissi,V. Tissi,141344,CFC,294,0,False,https://s3.glbimg.com/v1/AUTH_58d78b787ec34892b5aaa0c7a146155f/clubes_2026/silhuetas/CFC/FORMATO.png,2,0.35,Vitor Gonçalves Tissi,0.0,4,1.01,22,vitor-tissi,6,0.0,,,,,,,1.0,,,2.0,,,,,,,,,,
Gustavo Santana,G. Santana,141382,SAO,276,0,True,https://s3.glbimg.com/v1/AUTH_58d78b787ec34892b5aaa0c7a146155f/clubes_2026/silhuetas/SAO/FORMATO.png,1,0.0,Gustavo Domingos Santana,0.0,5,1.81,22,gustavo-santana,6,-0.19,,,,,,,,,,,,,,,,,,,,
João Victor,J. Victor,141385,REM,364,0,False,https://s3.glbimg.com/v1/AUTH_58d78b787ec34892b5aaa0c7a146155f/clubes_2026/silhuetas/REM/FORMATO.png,0,0.0,João Victor Ferreira da Silva,0.0,1,1.0,22,joao-victor,6,0.0,,,,,,,,,,,,,,,,,,,,
Marcos Alexandre,M. Alexandre,141386,REM,364,0,False,https://s3.glbimg.com/v1/AUTH_58d78b787ec34892b5aaa0c7a146155f/clubes_2026/silhuetas/REM/FORMATO.png,0,0.0,Marcos Alexandre Ferreira Campos Filho,0.0,1,1.0,22,marcos-alexandre,6,0.0,,,,,,,,,,,,,,,,,,,,
Huguinho,Huguinho,141400,BOT,263,0,False,https://s3.glbimg.com/v1/AUTH_58d78b787ec34892b5aaa0c7a146155f/clubes_2026/silhuetas/BOT/FORMATO.png,4,5.2,Victor Hugo Custódio de Melo Moura,0.0,4,5.99,22,huguinho,7,0.0,,2.0,,,,9.0,9.0,,,8.0,,1.0,,,,,,,,
Avellar,Avellar,141405,VAS,267,0,False,https://s3.glbimg.com/v1/AUTH_58d78b787ec34892b5aaa0c7a146155f/clubes_2026/silhuetas/VAS/FORMATO.png,1,1.5,Riquelme Avellar da Silva Fortes,0.0,2,1.49,22,avellar,6,0.0,,,,,,1.0,,,,,,,,,,,,,,
Andrey Fernandes,A. Fernandes,141406,VAS,267,0,False,https://s3.glbimg.com/v1/AUTH_58d78b787ec34892b5aaa0c7a146155f/clubes_2026/silhuetas/VAS/FORMATO.png,1,1.7,Andrey Fernandes de Oliveira Nunes,0.0,5,1.41,22,andrey-fernandes,6,0.0,,,,,,,,1.0,,1.0,,,,,,,,,,
Fredi Lippert,F. Lippert,141419,BAH,265,0,False,https://s3.glbimg.com/v1/AUTH_58d78b787ec34892b5aaa0c7a146155f/clubes_2026/silhuetas/BAH/FORMATO.png,0,0.0,Frederico Lippert Neto Gomes,0.0,3,2.0,22,fredi-lippert,6,0.0,,,,,,,,,,,,,,,,,,,,
Allan,Allan,141451,PAL,275,0,True,https://s3.glbimg.com/v1/AUTH_58d78b787ec34892b5aaa0c7a146155f/clubes_2026/silhuetas/PAL/FORMATO.png,19,5.91,Allan Andrade Elias,3.3,4,12.39,22,allan,7,-0.22,2.0,3.0,1.0,,,32.0,22.0,9.0,5.0,35.0,1.0,4.0,,,2.0,,,,,
Yuri Alves,Y. Alves,141536,RBB,280,0,True,https://s3.glbimg.com/v1/AUTH_58d78b787ec34892b5aaa0c7a146155f/clubes_2026/silhuetas/RBB/FORMATO.png,1,1.5,Yuri Alves de Aquino,1.5,4,1.48,22,yuri-alves,6,0.48,,,,,,1.0,,,,,,,,,,,,,,
Índio,Índio,141551,CAM,282,0,False,https://s3.glbimg.com/v1/AUTH_58d78b787ec34892b5aaa0c7a146155f/clubes_2026/silhuetas/CAM/FORMATO.png,0,0.0,Hendel dos Santos Nascimento,0.0,4,1.0,22,indio,5,0.0,,,,,,,,,,,,,,,,,,,,
Pedro Gabriel,P. Gabriel,141594,GRE,284,0,False,https://s3.glbimg.com/v1/AUTH_58d78b787ec34892b5aaa0c7a146155f/clubes_2026/silhuetas/GRE/FORMATO.png,10,3.52,Pedro Gabriel Crisostomo Pinheiro,0.0,2,4.7,22,pedro-gabriel,6,0.0,1.0,3.0,,,,8.0,14.0,3.0,1.0,2.0,,,,,,,,,4.0,
Gabriel Mec,G. Mec,141595,GRE,284,0,False,https://s3.glbimg.com/v1/AUTH_58d78b787ec34892b5aaa0c7a146155f/clubes_2026/silhuetas/GRE/FORMATO.png,14,2.82,Gabriel Ferreira de Carvalho,0.0,5,4.45,22,gabriel-mec,6,0.0,,3.0,,,,10.0,9.0,1.0,5.0,18.0,,2.0,,,,,,,,
Hugo Leonardo,H. Leonardo,141606,SAO,276,0,False,https://s3.glbimg.com/v1/AUTH_58d78b787ec34892b5aaa0c7a146155f/clubes_2026/silhuetas/SAO/FORMATO.png,1,0.0,Hugo Leonardo Nunes Fernandes Santos,0.0,4,0.91,22,hugo-leonardo,6,0.0,,,,,,,,,,,,,,,,,,,,
Lucca,Lucca,141609,SAO,276,0,False,https://s3.glbimg.com/v1/AUTH_58d78b787ec34892b5aaa0c7a146155f/clubes_2026/silhuetas/SAO/FORMATO.png,4,0.23,Lucca Marques Alencar,0.0,5,2.05,22,lucca,5,0.0,,,,,,1.0,2.0,,,,,,,,,,,,,
Maik,Maik,141611,SAO,276,0,False,https://s3.glbimg.com/v1/AUTH_58d78b787ec34892b5aaa0c7a146155f/clubes_2026/silhuetas/SAO/FORMATO.png,5,3.48,Maik Gomes Viegas,0.0,2,5.52,22,maik,6,0.0,,,,,,8.0,3.0,,1.0,1.0,,,,,,,,,1.0,
Paulinho,Paulinho,141614,SAO,276,0,False,https://s3.glbimg.com/v1/AUTH_58d78b787ec34892b5aaa0c7a146155f/clubes_2026/silhuetas/SAO/FORMATO.png,0,0.0,Paulo Sérgio Venuto Bezerra,0.0,5,2.0,22,paulinho,6,0.0,,,,,,,,,,,,,,,,,,,,
Pedro Ferreira,P. Ferreira,141615,SAO,276,0,False,https://s3.glbimg.com/v1/AUTH_58d78b787ec34892b5aaa0c7a146155f/clubes_2026/silhuetas/SAO/FORMATO.png,2,1.2,Pedro Henrique Ferreira da Silva,0.0,4,1.51,22,pedro-ferreira,6,0.0,,,,,,,1.0,1.0,,3.0,,,,,,,,,,
Pablo Lúcio,P. Lúcio,141628,FLA,262,0,False,https://s3.glbimg.com/v1/AUTH_58d78b787ec34892b5aaa0c7a146155f/clubes_2026/silhuetas/FLA/FORMATO.png,0,0.0,Pablo Lúcio,0.0,4,2.0,22,pablo-lucio,6,0.0,,,,,,,,,,,,,,,,,,,,
Caio Valle,C. Valle,141752,BOT,263,0,False,https://s3.glbimg.com/v1/AUTH_58d78b787ec34892b5aaa0c7a146155f/clubes_2026/silhuetas/BOT/FORMATO.png,0,0.0,Caio Ribeiro do Valle Silva,0.0,4,1.0,22,caio-valle,6,0.0,,,,,,,,,,,,,,,,,,,,
Gabriel Bontempo,G. Bontempo,141754,SAN,277,0,True,https://s3.glbimg.com/v1/AUTH_58d78b787ec34892b5aaa0c7a146155f/clubes_2026/silhuetas/SAN/FORMATO.png,17,3.7,Gabriel Morais Silva Bontempo,4.0,4,5.38,22,gabriel-bontempo,7,-0.24,2.0,2.0,,,,27.0,7.0,1.0,6.0,19.0,,,,,,,,1.0,,
Fabiano Souza,F. Souza,141763,VIT,287,0,True,https://s3.glbimg.com/v1/AUTH_58d78b787ec34892b5aaa0c7a146155f/clubes_2026/silhuetas/VIT/FORMATO.png,3,0.23,Fabiano Josué de Souza Silva,1.3,2,3.85,22,fabiano-souza,7,-0.04,,1.0,,,,2.0,2.0,,1.0,3.0,,,1.0,,,,,,,
Gustavo Henrique,G. Henrique,141776,SAN,277,0,False,https://s3.glbimg.com/v1/AUTH_58d78b787ec34892b5aaa0c7a146155f/clubes_2026/silhuetas/SAN/FORMATO.png,8,1.5,Gustavo Henrique Pereira,0.0,4,2.48,22,gustavo-henrique,5,0.0,,3.0,1.0,,,10.0,11.0,,1.0,11.0,,,,,,,,,,
Kauan Coutinho,K. Coutinho,141795,VIT,287,0,False,https://s3.glbimg.com/v1/AUTH_58d78b787ec34892b5aaa0c7a146155f/clubes_2026/silhuetas/VIT/FORMATO.png,0,0.0,Kauan Santos Neves Coutinho,0.0,3,1.0,22,kauan-coutinho,6,0.0,,,,,,,,,,,,,,,,,,,,
Vini Lira,V. Lira,141868,SAN,277,0,False,https://s3.glbimg.com/v1/AUTH_58d78b787ec34892b5aaa0c7a146155f/clubes_2026/silhuetas/SAN/FORMATO.png,4,2.42,Vinicius Rodrigues Lira,0.0,2,3.79,22,vini-lira,5,0.0,,1.0,,,,7.0,6.0,1.0,1.0,,,,,,,,,,,
Jacaré,Jacaré,141873,COR,264,0,False,https://s3.glbimg.com/v1/AUTH_58d78b787ec34892b5aaa0c7a146155f/clubes_2026/silhuetas/COR/FORMATO.png,0,0.0,João Vitor Barros Silva,0.0,2,2.0,22,jacare,6,0.0,,,,,,,,,,,,,,,,,,,,
Tico,Tico,141991,REM,364,0,False,https://s3.glbimg.com/v1/AUTH_58d78b787ec34892b5aaa0c7a146155f/clubes_2026/silhuetas/REM/FORMATO.png,1,0.5,Paulo Sérgio da Costa Evangelista Junior,0.0,5,1.1,22,tico,6,0.0,,,,,,,,,,1.0,,,,,,,,,,
Dieguinho,Dieguinho,141995,COR,264,0,False,https://s3.glbimg.com/v1/AUTH_58d78b787ec34892b5aaa0c7a146155f/clubes_2026/silhuetas/COR/FORMATO.png,10,1.42,Diego da Cruz Lopes,0.0,4,3.24,22,dieguinho,6,0.0,,,,,,2.0,1.0,,2.0,4.0,,1.0,,,1.0,,,,,
Amuzu,Amuzu,142004,GRE,284,0,True,https://s3.glbimg.com/v1/AUTH_58d78b787ec34892b5aaa0c7a146155f/clubes_2026/silhuetas/GRE/FORMATO.png,18,4.0,Francis Amuzu,2.5,5,7.21,22,amuzu,7,-0.19,3.0,,,,,13.0,12.0,7.0,12.0,24.0,1.0,1.0,,,,,,,,
Kauan Toledo,K. Toledo,142086,BOT,263,0,True,https://s3.glbimg.com/v1/AUTH_58d78b787ec34892b5aaa0c7a146155f/clubes_2026/silhuetas/BOT/FORMATO.png,5,2.18,Kauan Almeida Toledo,5.4,5,2.87,22,kauan-toledo,6,1.08,,,,,,5.0,7.0,1.0,1.0,7.0,,,,,,,,,,
Marcelo Eráclito,M. Eráclito,142130,CRU,283,0,False,https://s3.glbimg.com/v1/AUTH_58d78b787ec34892b5aaa0c7a146155f/clubes_2026/silhuetas/CRU/FORMATO.png,0,0.0,Marcelo Eráclito de Souza Filho,0.0,1,1.0,22,marcelo-eraclito,6,0.0,,,,,,,,,,,,,,,,,,,,
Luis Eduardo,L. Eduardo,142257,GRE,284,0,False,https://s3.glbimg.com/v1/AUTH_58d78b787ec34892b5aaa0c7a146155f/clubes_2026/silhuetas/GRE/FORMATO.png,2,-0.3,Luis Eduardo Guedes de Souza,0.0,3,1.45,22,luis-eduardo,6,0.0,,,,,,,2.0,,,,,,,,,,,,,
Bernardo Zortea,B. Zortea,142260,GRE,284,0,False,https://s3.glbimg.com/v1/AUTH_58d78b787ec34892b5aaa0c7a146155f/clubes_2026/silhuetas/GRE/FORMATO.png,3,0.13,Bernardo Schons Zortea,0.0,4,0.77,22,bernardo-zortea,6,0.0,,,,,,1.0,3.0,,1.0,,,,,,,1.0,,,,
Jeferson,Jeferson,142261,GRE,284,0,False,https://s3.glbimg.com/v1/AUTH_58d78b787ec34892b5aaa0c7a146155f/clubes_2026/silhuetas/GRE/FORMATO.png,0,0.0,Jeferson Borges dos Santos,0.0,5,1.0,22,jeferson,6,0.0,,,,,,,,,,,,,,,,,,,,
Dell,Dell,142265,BAH,265,0,False,https://s3.glbimg.com/v1/AUTH_58d78b787ec34892b5aaa0c7a146155f/clubes_2026/silhuetas/BAH/FORMATO.png,4,0.65,Wendeson Wanderley Santos de Melo,0.0,5,1.82,22,dell,6,0.0,,,1.0,,,2.0,3.0,1.0,1.0,3.0,,,,,,,,,,
Luiz Felipe,L. Felipe,142275,FLA,262,0,False,https://s3.glbimg.com/v1/AUTH_58d78b787ec34892b5aaa0c7a146155f/clubes_2026/silhuetas/FLA/FORMATO.png,0,0.0,Luiz Felipe Mariano dos Santos,0.0,4,1.0,22,luiz-felipe,6,0.0,,,,,,,,,,,,,,,,,,,,
Nuno Moreira,N. Moreira,142279,VAS,267,0,False,https://s3.glbimg.com/v1/AUTH_58d78b787ec34892b5aaa0c7a146155f/clubes_2026/silhuetas/VAS/FORMATO.png,16,2.07,Nuno Gonçalo Rocha Moreira,0.0,4,4.77,22,nuno-moreira,7,0.0,1.0,3.0,,,,9.0,11.0,3.0,7.0,8.0,,1.0,,,1.0,,,,,
Barrera,Barrera,142484,BOT,263,0,True,https://s3.glbimg.com/v1/AUTH_58d78b787ec34892b5aaa0c7a146155f/clubes_2026/silhuetas/BOT/FORMATO.png,11,2.46,Jordan Andrés Barrera Herrera,0.9,4,4.93,22,barrera,6,-1.52,,,,,,5.0,9.0,6.0,2.0,5.0,1.0,1.0,,,,,,,,
João Victor,J. Victor,142638,INT,285,0,False,https://s3.glbimg.com/v1/AUTH_58d78b787ec34892b5aaa0c7a146155f/clubes_2026/silhuetas/INT/FORMATO.png,0,0.0,João Victor Alves de Morais Francisco,0.0,5,1.0,22,joao-victor,5,0.0,,,,,,,,,,,,,,,,,,,,
Franco Rossi,F. Rossi,142764,CHA,315,0,True,https://s3.glbimg.com/v1/AUTH_58d78b787ec34892b5aaa0c7a146155f/clubes_2026/silhuetas/CHA/FORMATO.png,1,1.2,Franco Andrés Rossi Donazar,1.2,5,3.17,22,franco-rossi,6,0.17,,,,,,,2.0,,1.0,2.0,,,,,,,,,,
Robinho Jr.,R. Jr.,142867,SAN,277,0,False,https://s3.glbimg.com/v1/AUTH_58d78b787ec34892b5aaa0c7a146155f/clubes_2026/silhuetas/SAN/FORMATO.png,4,0.62,Robson de Souza Júnior,0.0,5,2.76,22,robinho-jr,6,0.0,,,,,,1.0,1.0,,1.0,1.0,,,,,,,,,,
Johnny,Johnny,142868,FLA,262,0,False,https://s3.glbimg.com/v1/AUTH_58d78b787ec34892b5aaa0c7a146155f/clubes_2026/silhuetas/FLA/FORMATO.png,0,0.0,Johnny Monteiro Góes,0.0,2,1.0,22,johnny,6,0.0,,,,,,,,,,,,,,,,,,,,
Villalba,Villalba,142877,BOT,263,0,True,https://s3.glbimg.com/v1/AUTH_58d78b787ec34892b5aaa0c7a146155f/clubes_2026/silhuetas/BOT/FORMATO.png,10,1.61,Lucas Martín Villalba Jaume,2.2,5,4.33,22,villalba,6,0.25,,2.0,,,,6.0,6.0,1.0,1.0,2.0,,1.0,,,,,,,,
Montoro,Montoro,142890,BOT,263,0,True,https://s3.glbimg.com/v1/AUTH_58d78b787ec34892b5aaa0c7a146155f/clubes_2026/silhuetas/BOT/FORMATO.png,16,2.89,Álvaro Montoro,3.4,4,7.29,22,montoro,7,-0.27,3.0,3.0,,,,9.0,12.0,5.0,5.0,23.0,1.0,,,,,,,,,
Gabriel Abdias,G. Abdias,143072,BOT,263,0,False,https://s3.glbimg.com/v1/AUTH_58d78b787ec34892b5aaa0c7a146155f/clubes_2026/silhuetas/BOT/FORMATO.png,0,0.0,Gabriel da Silva Abdias,0.0,2,3.0,22,gabriel-abdias,6,0.0,,,,,,,,,,,,,,,,,,,,
Tarzia,Tarzia,143153,VIT,287,0,True,https://s3.glbimg.com/v1/AUTH_58d78b787ec34892b5aaa0c7a146155f/clubes_2026/silhuetas/VIT/FORMATO.png,15,2.97,Diego Tarzia,1.7,5,3.69,22,tarzia,6,-0.38,1.0,1.0,,,,7.0,9.0,7.0,5.0,9.0,,2.0,,,1.0,,,,,
Viveros,Viveros,143193,CAP,293,0,True,https://s3.glbimg.com/v1/AUTH_58d78b787ec34892b5aaa0c7a146155f/clubes_2026/silhuetas/CAP/FORMATO.png,19,8.77,Kevin Stiven Viveros Rodallega,17.9,5,14.34,22,viveros,7,2.26,2.0,3.0,,,,3.0,43.0,18.0,16.0,60.0,2.0,12.0,,,14.0,,,3.0,,
Gean,Gean,143252,VIT,287,0,False,https://s3.glbimg.com/v1/AUTH_58d78b787ec34892b5aaa0c7a146155f/clubes_2026/silhuetas/VIT/FORMATO.png,0,0.0,Gean de Jesus Soares,0.0,2,1.0,22,gean,6,0.0,,,,,,,,,,,,,,,,,,,,
Wendell,Wendell,143253,VIT,287,0,False,https://s3.glbimg.com/v1/AUTH_58d78b787ec34892b5aaa0c7a146155f/clubes_2026/silhuetas/VIT/FORMATO.png,0,0.0,Wendell dos Santos Sacramento,0.0,4,2.0,22,wendell,6,0.0,,,,,,,,,,,,,,,,,,,,
Kauan Vitor,K. Vitor,143255,VIT,287,0,False,https://s3.glbimg.com/v1/AUTH_58d78b787ec34892b5aaa0c7a146155f/clubes_2026/silhuetas/VIT/FORMATO.png,0,0.0,Kauan Vitor Silva Ferreira de Melo,0.0,2,1.0,22,kauan-vitor,6,0.0,,,,,,,,,,,,,,,,,,,,
Joshua,Joshua,143295,FLA,262,0,False,https://s3.glbimg.com/v1/AUTH_58d78b787ec34892b5aaa0c7a146155f/clubes_2026/silhuetas/FLA/FORMATO.png,1,-0.3,Caio Joshua Lana de Andrade,0.0,4,2.6,22,joshua,6,0.0,,,,,,,1.0,,,,,,,,,,,,,
PH Gama,P. Gama,143455,REM,364,0,False,https://s3.glbimg.com/v1/AUTH_58d78b787ec34892b5aaa0c7a146155f/clubes_2026/silhuetas/REM/FORMATO.png,0,0.0,Darilson Gama Amador,0.0,4,2.0,22,ph-gama,6,0.0,,,,,,,,,,,,,,,,,,,,
Wesley Natã,W. Natã,143463,FLU,266,0,False,https://s3.glbimg.com/v1/AUTH_58d78b787ec34892b5aaa0c7a146155f/clubes_2026/silhuetas/FLU/FORMATO.png,1,-0.3,Wesley Natã de Freitas Prado,0.0,5,0.8,22,wesley-nata,6,0.0,,,,,,,1.0,,,,,,,,,,,,,
Keven Samuel,K. Samuel,143465,FLU,266,0,False,https://s3.glbimg.com/v1/AUTH_58d78b787ec34892b5aaa0c7a146155f/clubes_2026/silhuetas/FLU/FORMATO.png,0,0.0,Keven Samuel Moreira dos Santos,0.0,5,1.0,22,keven-samuel,6,0.0,,,,,,,,,,,,,,,,,,,,
Raykkonen,Raykkonen,143488,INT,285,0,False,https://s3.glbimg.com/v1/AUTH_58d78b787ec34892b5aaa0c7a146155f/clubes_2026/silhuetas/INT/FORMATO.png,1,0.5,Raykkonen Pereira Soares,0.0,5,2.63,22,raykkonen,6,0.0,,,,,,,,,,1.0,,,,,,,,,,
Carlos Eduardo,C. Eduardo,143532,CAP,293,0,False,https://s3.glbimg.com/v1/AUTH_58d78b787ec34892b5aaa0c7a146155f/clubes_2026/silhuetas/CAP/FORMATO.png,0,0.0,Carlos Eduardo Souza de Barros,0.0,1,1.0,22,carlos-eduardo,6,0.0,,,,,,,,,,,,,,,,,,,,
Kauã Moraes,K. Moraes,143600,CRU,283,0,False,https://s3.glbimg.com/v1/AUTH_58d78b787ec34892b5aaa0c7a146155f/clubes_2026/silhuetas/CRU/FORMATO.png,10,4.83,Kauã Moraes da Silva,0.0,2,6.81,22,kaua-moraes,6,0.0,1.0,2.0,,,,10.0,14.0,1.0,1.0,13.0,,2.0,,,,,,,2.0,
João Alencar,J. Alencar,144255,SAN,277,0,False,https://s3.glbimg.com/v1/AUTH_58d78b787ec34892b5aaa0c7a146155f/clubes_2026/silhuetas/SAN/FORMATO.png,0,0.0,João Alencar Santos Paes da Costa,0.0,3,1.0,22,joao-alencar,6,0.0,,,,,,,,,,,,,,,,,,,,
Nicolas Pontes,N. Pontes,144423,CRU,283,0,False,https://s3.glbimg.com/v1/AUTH_58d78b787ec34892b5aaa0c7a146155f/clubes_2026/silhuetas/CRU/FORMATO.png,0,0.0,Nicolas Pontes de Souza Almeida,0.0,2,1.0,22,nicolas-pontes,6,0.0,,,,,,,,,,,,,,,,,,,,
Vitor Lamounier,V. Lamounier,144424,CRU,283,0,False,https://s3.glbimg.com/v1/AUTH_58d78b787ec34892b5aaa0c7a146155f/clubes_2026/silhuetas/CRU/FORMATO.png,0,0.0,Vitor Lamounier Rego,0.0,1,2.0,22,vitor-lamounier,6,0.0,,,,,,,,,,,,,,,,,,,,
Victor Gabriel,V. Gabriel,144889,PAL,275,0,False,https://s3.glbimg.com/v1/AUTH_58d78b787ec34892b5aaa0c7a146155f/clubes_2026/silhuetas/PAL/FORMATO.png,0,0.0,Victor Gabriel Leite dos Santos,0.0,4,1.0,22,victor-gabriel,6,0.0,,,,,,,,,,,,,,,,,,,,
Vitinho,Vitinho,144898,CAP,293,0,False,https://s3.glbimg.com/v1/AUTH_58d78b787ec34892b5aaa0c7a146155f/clubes_2026/silhuetas/CAP/FORMATO.png,0,0.0,Victor Vinicius Teodoro Ferraz,0.0,2,1.0,22,vitinho,6,0.0,,,,,,,,,,,,,,,,,,,,
Domingos Andrade,D. Andrade,144976,BOT,263,0,False,https://s3.glbimg.com/v1/AUTH_58d78b787ec34892b5aaa0c7a146155f/clubes_2026/silhuetas/BOT/FORMATO.png,0,0.0,Domingos Paulo Andrade,0.0,4,5.0,22,domingos-andrade,6,0.0,,,,,,,,,,,,,,,,,,,,
Fernando Pradella,F. Pradella,145036,SAN,277,0,False,https://s3.glbimg.com/v1/AUTH_58d78b787ec34892b5aaa0c7a146155f/clubes_2026/silhuetas/SAN/FORMATO.png,1,0.0,Fernando Pradella Rocha,0.0,5,0.82,22,fernando-pradella,6,0.0,,,,,,,,,,,,,,,,,,,,
Kauê Furquim,K. Furquim,145379,BAH,265,0,True,https://s3.glbimg.com/v1/AUTH_58d78b787ec34892b5aaa0c7a146155f/clubes_2026/silhuetas/BAH/FORMATO.png,4,0.93,Kauê Junior Furquim da Silva,1.7,5,2.0,22,kaue-furquim,7,0.16,,,,,,1.0,1.0,,,5.0,,,,,,,,,,
Rúben Ismael,R. Ismael,145387,VIT,287,0,False,https://s3.glbimg.com/v1/AUTH_58d78b787ec34892b5aaa0c7a146155f/clubes_2026/silhuetas/VIT/FORMATO.png,0,0.0,Rúben Ismael Valente Ramos,0.0,4,4.0,22,ruben-ismael,5,0.0,,,,,,,,,,,,,,,,,,,,
Cauê,Cauê,145400,RBB,280,0,False,https://s3.glbimg.com/v1/AUTH_58d78b787ec34892b5aaa0c7a146155f/clubes_2026/silhuetas/RBB/FORMATO.png,3,3.47,Cauê Nascimento Santos,0.0,2,4.23,22,caue,5,0.0,,1.0,,,,4.0,4.0,,2.0,,,,,,,,,,1.0,
Arthur,Arthur,145404,PAL,275,0,False,https://s3.glbimg.com/v1/AUTH_58d78b787ec34892b5aaa0c7a146155f/clubes_2026/silhuetas/PAL/FORMATO.png,14,4.16,Arthur Gabriel Santana Marcolino,0.0,2,4.22,22,arthur,6,0.0,,,,,,15.0,16.0,2.0,5.0,8.0,,,,,,,,,6.0,
Rafael Coutinho,R. Coutinho,145413,PAL,275,0,False,https://s3.glbimg.com/v1/AUTH_58d78b787ec34892b5aaa0c7a146155f/clubes_2026/silhuetas/PAL/FORMATO.png,0,0.0,Rafael Barbosa Coutinho,0.0,4,1.0,22,rafael-coutinho,6,0.0,,,,,,,,,,,,,,,,,,,,
Belé,Belé,145436,PAL,275,0,False,https://s3.glbimg.com/v1/AUTH_58d78b787ec34892b5aaa0c7a146155f/clubes_2026/silhuetas/PAL/FORMATO.png,0,0.0,Erick Machado Belé,0.0,5,3.0,22,bele,6,0.0,,,,,,,,,,,,,,,,,,,,
João Ananias,J. Ananias,145563,SAN,277,0,True,https://s3.glbimg.com/v1/AUTH_58d78b787ec34892b5aaa0c7a146155f/clubes_2026/silhuetas/SAN/FORMATO.png,5,2.06,João Paulo Ananias Bento,1.5,3,2.79,22,joao-ananias,7,-0.11,,1.0,,,,9.0,5.0,,1.0,3.0,,,1.0,,,,,,,
Élan Ricardo,E. Ricardo,145609,CAP,293,0,False,https://s3.glbimg.com/v1/AUTH_58d78b787ec34892b5aaa0c7a146155f/clubes_2026/silhuetas/CAP/FORMATO.png,0,0.0,Élan Joshep Ricardo Ochoa,0.0,4,3.0,22,elan-ricardo,6,0.0,,,,,,,,,,,,,,,,,,,,
Nicolas,Nicolas,145659,SAO,276,0,False,https://s3.glbimg.com/v1/AUTH_58d78b787ec34892b5aaa0c7a146155f/clubes_2026/silhuetas/SAO/FORMATO.png,1,5.0,Nicolas Bosshardt,0.0,2,2.79,22,nicolas,6,0.0,,,,,,,,,,,,,,,,,,,1.0,
Luiz Felipe,L. Felipe,145660,INT,285,0,False,https://s3.glbimg.com/v1/AUTH_58d78b787ec34892b5aaa0c7a146155f/clubes_2026/silhuetas/INT/FORMATO.png,2,1.45,Luiz Felipe de Morais Francisco,0.0,2,1.65,22,luiz-felipe,6,0.0,,,,,,2.0,,,,,,,,,1.0,,,,,
Kaio Nóbrega,K. Nóbrega,145703,FLA,262,0,False,https://s3.glbimg.com/v1/AUTH_58d78b787ec34892b5aaa0c7a146155f/clubes_2026/silhuetas/FLA/FORMATO.png,0,0.0,Kaio Nóbrega Siqueira,0.0,4,1.0,22,kaio-nobrega,6,0.0,,,,,,,,,,,,,,,,,,,,
Douglas Telles,D. Telles,145705,FLA,262,0,False,https://s3.glbimg.com/v1/AUTH_58d78b787ec34892b5aaa0c7a146155f/clubes_2026/silhuetas/FLA/FORMATO.png,0,0.0,Douglas Costa Telles,0.0,5,2.0,22,douglas-telles,6,0.0,,,,,,,,,,,,,,,,,,,,
André,André,145744,COR,264,0,False,https://s3.glbimg.com/v1/AUTH_58d78b787ec34892b5aaa0c7a146155f/clubes_2026/silhuetas/COR/FORMATO.png,16,4.07,André Luiz Santos Dias,0.0,4,6.15,22,andre,5,0.0,2.0,1.0,2.0,,,20.0,16.0,1.0,5.0,15.0,,3.0,,,,,,,,
Tassano,Tassano,145782,REM,364,0,False,https://s3.glbimg.com/v1/AUTH_58d78b787ec34892b5aaa0c7a146155f/clubes_2026/silhuetas/REM/FORMATO.png,0,0.0,Cristian Marcelo González Tassano,0.0,3,3.0,22,tassano,6,0.0,,,,,,,,,,,,,,,,,,,,
Gilberto Junior,G. Junior,146374,CAP,293,0,False,https://s3.glbimg.com/v1/AUTH_58d78b787ec34892b5aaa0c7a146155f/clubes_2026/silhuetas/CAP/FORMATO.png,6,4.62,Gilberto Junior Leite dos Santos,0.0,2,6.14,22,gilberto-junior,6,0.0,,,,,,11.0,3.0,1.0,,2.0,,,,,1.0,,,,2.0,
Kadir,Kadir,146375,BOT,263,0,False,https://s3.glbimg.com/v1/AUTH_58d78b787ec34892b5aaa0c7a146155f/clubes_2026/silhuetas/BOT/FORMATO.png,9,2.12,José Kadir Barría Rose,0.0,5,4.15,22,kadir,6,0.0,1.0,1.0,,,,5.0,15.0,3.0,7.0,6.0,,,,,1.0,,,,,
Marquinhos,Marquinhos,146410,BOT,263,0,False,https://s3.glbimg.com/v1/AUTH_58d78b787ec34892b5aaa0c7a146155f/clubes_2026/silhuetas/BOT/FORMATO.png,1,0.0,Marcos Felipe Vinagre Souza,0.0,4,0.85,22,marquinhos,6,0.0,,,,,,,,,,,,,,,,,,,,
Justino,Justino,146430,BOT,263,0,True,https://s3.glbimg.com/v1/AUTH_58d78b787ec34892b5aaa0c7a146155f/clubes_2026/silhuetas/BOT/FORMATO.png,8,2.74,Gabriel Pereira Justino,0.2,3,3.24,22,justino,3,-1.83,,3.0,,,,6.0,2.0,,,7.0,,1.0,,,,,,,1.0,
Luis Pacheco,L. Pacheco,146623,PAL,275,0,False,https://s3.glbimg.com/v1/AUTH_58d78b787ec34892b5aaa0c7a146155f/clubes_2026/silhuetas/PAL/FORMATO.png,3,0.0,Luis Felipe Pacheco da Costa,0.0,4,1.98,22,luis-pacheco,6,0.0,,2.0,,,,1.0,1.0,,1.0,,,,,,,,,,,
Heittor,Heittor,146624,PAL,275,0,False,https://s3.glbimg.com/v1/AUTH_58d78b787ec34892b5aaa0c7a146155f/clubes_2026/silhuetas/PAL/FORMATO.png,2,0.55,Heittor Vinicius da Silva Nunes,0.0,5,1.17,22,heittor,6,0.0,,,,,,1.0,1.0,,,,,,,,1.0,,,,,
Alisson,Alisson,146632,INT,285,0,False,https://s3.glbimg.com/v1/AUTH_58d78b787ec34892b5aaa0c7a146155f/clubes_2026/silhuetas/INT/FORMATO.png,0,0.0,Alisson Rodrigues de Melo,0.0,2,1.0,22,alisson,6,0.0,,,,,,,,,,,,,,,,,,,,
Kauan Lima,K. Lima,146663,PAL,275,0,False,https://s3.glbimg.com/v1/AUTH_58d78b787ec34892b5aaa0c7a146155f/clubes_2026/silhuetas/PAL/FORMATO.png,0,0.0,Kauan Lima da Cunha,0.0,1,1.0,22,kauan-lima,6,0.0,,,,,,,,,,,,,,,,,,,,
Benjamin Arhin,B. Arhin,146701,INT,285,0,False,https://s3.glbimg.com/v1/AUTH_58d78b787ec34892b5aaa0c7a146155f/clubes_2026/silhuetas/INT/FORMATO.png,1,-0.3,Benjamin Arhin,0.0,4,1.73,22,benjamin-arhin,5,0.0,,,,,,,1.0,,,,,,,,,,,,,
Rayan Lelis,R. Lelis,146807,CRU,283,0,False,https://s3.glbimg.com/v1/AUTH_58d78b787ec34892b5aaa0c7a146155f/clubes_2026/silhuetas/CRU/FORMATO.png,0,0.0,Rayan Passaglia Lelis,0.0,5,2.0,22,rayan-lelis,6,0.0,,,,,,,,,,,,,,,,,,,,
Cléber Lucas,C. Lucas,146833,BOT,263,0,False,https://s3.glbimg.com/v1/AUTH_58d78b787ec34892b5aaa0c7a146155f/clubes_2026/silhuetas/BOT/FORMATO.png,0,0.0,Cléber Lucas Chieppe Chagas,0.0,1,1.0,22,cleber-lucas,6,0.0,,,,,,,,,,,,,,,,,,,,
Filipe Sirio,F. Sirio,146964,INT,285,0,False,https://s3.glbimg.com/v1/AUTH_58d78b787ec34892b5aaa0c7a146155f/clubes_2026/silhuetas/INT/FORMATO.png,0,0.0,Filipe Borba Sirio,0.0,1,1.0,22,filipe-sirio,6,0.0,,,,,,,,,,,,,,,,,,,,
Rhuan Gabriel,R. Gabriel,146991,CRU,283,0,False,https://s3.glbimg.com/v1/AUTH_58d78b787ec34892b5aaa0c7a146155f/clubes_2026/silhuetas/CRU/FORMATO.png,1,1.2,Rhuan Gabriel Rodrigues de Souza Silva,0.0,4,1.39,22,rhuan-gabriel,6,0.0,,,,,,,1.0,,,3.0,,,,,,,,,,
Cissé,Cissé,147088,CAM,282,0,True,https://s3.glbimg.com/v1/AUTH_58d78b787ec34892b5aaa0c7a146155f/clubes_2026/silhuetas/CAM/FORMATO.png,11,1.71,Mamady Cissé,1.3,4,2.29,22,cisse,7,-0.13,,,,,,3.0,5.0,1.0,4.0,7.0,,1.0,,,1.0,,,,,
Cauã Soares,C. Soares,147089,CAM,282,0,False,https://s3.glbimg.com/v1/AUTH_58d78b787ec34892b5aaa0c7a146155f/clubes_2026/silhuetas/CAM/FORMATO.png,5,0.64,Cauã Campos Soares,0.0,5,1.24,22,caua-soares,6,0.0,,,,,,1.0,,1.0,,1.0,,,,,,,,,,
Kauã Pascini,K. Pascini,147090,CAM,282,0,True,https://s3.glbimg.com/v1/AUTH_58d78b787ec34892b5aaa0c7a146155f/clubes_2026/silhuetas/CAM/FORMATO.png,5,3.24,Kauã Pascini Resende,5.0,2,3.99,22,kaua-pascini,6,0.44,,,,,,4.0,2.0,,1.0,,,,,,,,,,2.0,
Claudinho,Claudinho,147192,CAP,293,0,False,https://s3.glbimg.com/v1/AUTH_58d78b787ec34892b5aaa0c7a146155f/clubes_2026/silhuetas/CAP/FORMATO.png,6,7.52,Claudio Henrique de Jesus Passos,0.0,2,7.84,22,claudinho,5,0.0,1.0,,,,,13.0,8.0,1.0,1.0,6.0,1.0,,,,,,,,3.0,
João Kempes,J. Kempes,147201,INT,285,0,False,https://s3.glbimg.com/v1/AUTH_58d78b787ec34892b5aaa0c7a146155f/clubes_2026/silhuetas/INT/FORMATO.png,0,0.0,João Gabriel Kempes Gonçalves,0.0,4,2.0,22,joao-kempes,6,0.0,,,,,,,,,,,,,,,,,,,,
João Bezerra,J. Bezerra,147202,INT,285,0,True,https://s3.glbimg.com/v1/AUTH_58d78b787ec34892b5aaa0c7a146155f/clubes_2026/silhuetas/INT/FORMATO.png,2,0.6,João Pedro Bezerra de Oliveira Lo,0.0,5,1.19,22,joao-bezerra,6,-0.19,,,,,,,,1.0,,,,,,,,,,,,
Anderson Pato,A. Pato,147268,VIT,287,0,False,https://s3.glbimg.com/v1/AUTH_58d78b787ec34892b5aaa0c7a146155f/clubes_2026/silhuetas/VIT/FORMATO.png,4,1.38,Anderson Bispo dos Santos,0.0,5,3.12,22,anderson-pato,5,0.0,,1.0,,,,4.0,1.0,,1.0,,,,,,,,,,,
Wellington,Wellington,147468,CHA,315,0,False,https://s3.glbimg.com/v1/AUTH_58d78b787ec34892b5aaa0c7a146155f/clubes_2026/silhuetas/CHA/FORMATO.png,0,0.0,Wellington Felipe Pradeiczuk,0.0,1,1.0,22,wellington,6,0.0,,,,,,,,,,,,,,,,,,,,
Gabriel Menegon,G. Menegon,147544,GRE,284,0,False,https://s3.glbimg.com/v1/AUTH_58d78b787ec34892b5aaa0c7a146155f/clubes_2026/silhuetas/GRE/FORMATO.png,1,0.0,Gabriel Otávio Menegon,0.0,1,1.81,22,gabriel-menegon,6,0.0,,,,,,,,,,,,,,,,,,,,
Jefinho,Jefinho,147545,GRE,284,0,False,https://s3.glbimg.com/v1/AUTH_58d78b787ec34892b5aaa0c7a146155f/clubes_2026/silhuetas/GRE/FORMATO.png,1,1.5,Jéferson Forneck,0.0,4,1.46,22,jefinho,6,0.0,,,,,,1.0,,,,,,,,,,,,,,
Roger,Roger,147546,GRE,284,0,False,https://s3.glbimg.com/v1/AUTH_58d78b787ec34892b5aaa0c7a146155f/clubes_2026/silhuetas/GRE/FORMATO.png,2,1.2,Roger Dias Fernandes,0.0,4,1.5,22,roger,6,0.0,,,,,,1.0,1.0,1.0,,,,,,,,,,,,
Alan Santos,A. Santos,147556,FLA,262,0,False,https://s3.glbimg.com/v1/AUTH_58d78b787ec34892b5aaa0c7a146155f/clubes_2026/silhuetas/FLA/FORMATO.png,0,0.0,Alan da Silva Santos,0.0,5,1.0,22,alan-santos,6,0.0,,,,,,,,,,,,,,,,,,,,
Caio Suassuna,C. Suassuna,147560,BAH,265,0,False,https://s3.glbimg.com/v1/AUTH_58d78b787ec34892b5aaa0c7a146155f/clubes_2026/silhuetas/BAH/FORMATO.png,1,2.0,Caio Suassuna Gonçalves Ferreira,0.0,5,2.64,22,caio-suassuna,6,0.0,,,,,,1.0,,,,1.0,,,,,,,,,,
Pepê Fermino,P. Fermino,147736,SAN,277,0,False,https://s3.glbimg.com/v1/AUTH_58d78b787ec34892b5aaa0c7a146155f/clubes_2026/silhuetas/SAN/FORMATO.png,0,0.0,Pedro Paulo Manoel Fermino,0.0,4,1.0,22,pepe-fermino,5,0.0,,,,,,,,,,,,,,,,,,,,
Arthur Novaes,A. Novaes,147782,BOT,263,0,False,https://s3.glbimg.com/v1/AUTH_58d78b787ec34892b5aaa0c7a146155f/clubes_2026/silhuetas/BOT/FORMATO.png,0,0.0,Arthur Alves Novaes,0.0,4,1.0,22,arthur-novaes,6,0.0,,,,,,,,,,,,,,,,,,,,
Arthur Izaque,A. Izaque,147788,BOT,263,0,False,https://s3.glbimg.com/v1/AUTH_58d78b787ec34892b5aaa0c7a146155f/clubes_2026/silhuetas/BOT/FORMATO.png,0,0.0,Arthur Izaque Bendayan de Castro Silva,0.0,5,1.0,22,arthur-izaque,6,0.0,,,,,,,,,,,,,,,,,,,,
Koné,Koné,147792,PAL,275,0,False,https://s3.glbimg.com/v1/AUTH_58d78b787ec34892b5aaa0c7a146155f/clubes_2026/silhuetas/PAL/FORMATO.png,0,0.0,Koné Zie Mohamed,0.0,3,2.0,22,kone,6,0.0,,,,,,,,,,,,,,,,,,,,
Rafael Monti,R. Monti,147864,REM,364,0,False,https://s3.glbimg.com/v1/AUTH_58d78b787ec34892b5aaa0c7a146155f/clubes_2026/silhuetas/REM/FORMATO.png,1,0.0,Rafael Monti Azpiazú,0.0,5,3.56,22,rafael-monti,6,0.0,,,,,,,,,,,,,,,,,,,,
Daniel Silva,D. Silva,147875,FLA,262,0,False,https://s3.glbimg.com/v1/AUTH_58d78b787ec34892b5aaa0c7a146155f/clubes_2026/silhuetas/FLA/FORMATO.png,0,0.0,Daniel Carvalho Marinho da Silva,0.0,3,1.0,22,daniel-silva,6,0.0,,,,,,,,,,,,,,,,,,,,
Cauan Farias,C. Farias,147877,VIT,287,0,False,https://s3.glbimg.com/v1/AUTH_58d78b787ec34892b5aaa0c7a146155f/clubes_2026/silhuetas/VIT/FORMATO.png,0,0.0,Cauan de Jesus Farias,0.0,3,1.0,22,cauan-farias,6,0.0,,,,,,,,,,,,,,,,,,,,
Alejandro,Alejandro,147878,VIT,287,0,False,https://s3.glbimg.com/v1/AUTH_58d78b787ec34892b5aaa0c7a146155f/clubes_2026/silhuetas/VIT/FORMATO.png,0,0.0,Alejandro Ariel Almaraz,0.0,4,2.0,22,alejandro,6,0.0,,,,,,,,,,,,,,,,,,,,
João Vitor,J. Vitor,147883,VAS,267,0,False,https://s3.glbimg.com/v1/AUTH_58d78b787ec34892b5aaa0c7a146155f/clubes_2026/silhuetas/VAS/FORMATO.png,4,3.13,João Vitor Fonseca da Silva - JV Mutano,0.0,5,3.49,22,joao-vitor,6,0.0,,,,,,8.0,,,,1.0,,,,,,,,,,
Vitor Ramon,V. Ramon,148092,GRE,284,0,False,https://s3.glbimg.com/v1/AUTH_58d78b787ec34892b5aaa0c7a146155f/clubes_2026/silhuetas/GRE/FORMATO.png,1,0.2,Vitor Ramon Ribeiro de Oliveira,0.0,2,1.0,22,vitor-ramon,6,0.0,,1.0,,,,1.0,1.0,,,,,,,,,,,,,
Rafael Soares,R. Soares,148103,REM,364,0,False,https://s3.glbimg.com/v1/AUTH_58d78b787ec34892b5aaa0c7a146155f/clubes_2026/silhuetas/REM/FORMATO.png,0,0.0,Rafael Soares de Sousa,0.0,4,1.0,22,rafael-soares,6,0.0,,,,,,,,,,,,,,,,,,,,
Filipe Lima,F. Lima,148109,REM,364,0,False,https://s3.glbimg.com/v1/AUTH_58d78b787ec34892b5aaa0c7a146155f/clubes_2026/silhuetas/REM/FORMATO.png,0,0.0,Filipe Lima de Oliveira,0.0,5,1.0,22,filipe-lima,6,0.0,,,,,,,,,,,,,,,,,,,,
Vinicius,Vinicius,148124,CHA,315,0,False,https://s3.glbimg.com/v1/AUTH_58d78b787ec34892b5aaa0c7a146155f/clubes_2026/silhuetas/CHA/FORMATO.png,2,0.1,Vinicius Eduardo de Almeida Gomes da Silva,0.0,3,1.63,22,vinicius,5,0.0,,1.0,,,,1.0,1.0,,,,,,,,,,,,,
Ryan Augusto,R. Augusto,148125,RBB,280,0,False,https://s3.glbimg.com/v1/AUTH_58d78b787ec34892b5aaa0c7a146155f/clubes_2026/silhuetas/RBB/FORMATO.png,5,3.7,Ryan Augusto Tavares da Silva,0.0,2,3.78,22,ryan-augusto,6,0.0,,,,,,7.0,3.0,1.0,1.0,4.0,,,,,1.0,,,,1.0,
Weimar Palacios,W. Palacios,148126,RBB,280,0,False,https://s3.glbimg.com/v1/AUTH_58d78b787ec34892b5aaa0c7a146155f/clubes_2026/silhuetas/RBB/FORMATO.png,0,0.0,Weimar Enrique Vivas Palacios,0.0,3,1.0,22,weimar-palacios,6,0.0,,,,,,,,,,,,,,,,,,,,
Ararat,Ararat,148152,CFC,294,0,False,https://s3.glbimg.com/v1/AUTH_58d78b787ec34892b5aaa0c7a146155f/clubes_2026/silhuetas/CFC/FORMATO.png,0,0.0,Alejandro Ararat Díaz,0.0,4,4.0,22,ararat,6,0.0,,,,,,,,,,,,,,,,,,,,
Nadson,Nadson,148206,SAN,277,0,False,https://s3.glbimg.com/v1/AUTH_58d78b787ec34892b5aaa0c7a146155f/clubes_2026/silhuetas/SAN/FORMATO.png,0,0.0,Nadson Juan Maia da Silva de Souza,0.0,5,1.0,22,nadson,6,0.0,,,,,,,,,,,,,,,,,,,,
Djhordney,Djhordney,148215,SAO,276,0,False,https://s3.glbimg.com/v1/AUTH_58d78b787ec34892b5aaa0c7a146155f/clubes_2026/silhuetas/SAO/FORMATO.png,2,-0.2,Djhordney Ferreira,0.0,4,0.79,22,djhordney,6,0.0,,1.0,,,,1.0,3.0,,,,,,,,,,,,,
Tetê,Tetê,148717,SAO,276,0,False,https://s3.glbimg.com/v1/AUTH_58d78b787ec34892b5aaa0c7a146155f/clubes_2026/silhuetas/SAO/FORMATO.png,4,-0.4,Perivan dos Santos,0.0,5,0.65,22,tete,6,0.0,,1.0,,,,,2.0,,,,,,,,,,,,,
Rafael Gonzaga,R. Gonzaga,149715,SAN,277,0,False,https://s3.glbimg.com/v1/AUTH_58d78b787ec34892b5aaa0c7a146155f/clubes_2026/silhuetas/SAN/FORMATO.png,1,2.4,Rafael de Andrade Gonzaga,0.0,2,2.79,22,rafael-gonzaga,6,0.0,,,,,,2.0,2.0,,,,,,,,,,,,,
Franclim Carvalho,F. Carvalho,149990,BOT,263,0,True,https://s3.glbimg.com/v1/AUTH_58d78b787ec34892b5aaa0c7a146155f/clubes_2026/silhuetas/BOT/FORMATO.png,10,5.22,Franclim Pereira da Silva Maia Carvalho,4.35,6,11.22,22,franclim-carvalho,7,-0.6,,,,,,,,,,,,,,,,,,,,3.0
David,David,149991,CFC,294,0,False,https://s3.glbimg.com/v1/AUTH_58d78b787ec34892b5aaa0c7a146155f/clubes_2026/silhuetas/CFC/FORMATO.png,1,0.0,David Alves França,0.0,5,0.92,22,david,6,0.0,,,,,,,,,,,,,,,,,,,,
Iago Machado,I. Machado,149993,COR,264,0,False,https://s3.glbimg.com/v1/AUTH_58d78b787ec34892b5aaa0c7a146155f/clubes_2026/silhuetas/COR/FORMATO.png,0,0.0,Iago da Silva Machado,0.0,3,1.0,22,iago-machado,6,0.0,,,,,,,,,,,,,,,,,,,,
Jhuan Nunes,J. Nunes,149994,RBB,280,0,False,https://s3.glbimg.com/v1/AUTH_58d78b787ec34892b5aaa0c7a146155f/clubes_2026/silhuetas/RBB/FORMATO.png,1,2.3,Jhuan Nunes Coelho,0.0,5,1.83,22,jhuan-nunes,6,0.0,,,,,,1.0,,,1.0,,,,,,,,,,,
Ramon Rique,R. Rique,150180,VAS,267,0,True,https://s3.glbimg.com/v1/AUTH_58d78b787ec34892b5aaa0c7a146155f/clubes_2026/silhuetas/VAS/FORMATO.png,4,2.83,Ramon Rique Santos de Souza Barros,1.2,4,2.93,22,ramon-rique,6,-0.26,1.0,,,,,4.0,3.0,1.0,,,,,,,,,,,,
Osorio,Osorio,150197,SAO,276,0,True,https://s3.glbimg.com/v1/AUTH_58d78b787ec34892b5aaa0c7a146155f/clubes_2026/silhuetas/SAO/FORMATO.png,5,2.32,Luís Osório Messias de Oliveira,-0.6,3,2.24,22,osorio,7,-0.97,1.0,1.0,,,,6.0,8.0,,,2.0,,,,,,,,,,
Samuel Pierri,S. Pierri,150757,SAN,277,0,False,https://s3.glbimg.com/v1/AUTH_58d78b787ec34892b5aaa0c7a146155f/clubes_2026/silhuetas/SAN/FORMATO.png,2,0.45,Samuel Pierri Mendes e Silva,0.0,4,1.88,22,samuel-pierri,6,0.0,,,,,,1.0,2.0,,,,,,,,,,,,,
Breno,Breno,150825,RBB,280,0,False,https://s3.glbimg.com/v1/AUTH_58d78b787ec34892b5aaa0c7a146155f/clubes_2026/silhuetas/RBB/FORMATO.png,2,3.35,Breno de Moraes Souza,0.0,3,2.8,22,breno,6,0.0,,,,,,1.0,1.0,,,1.0,,,,,,,,,1.0,
Nícollas,Nícollas,150826,COR,264,0,False,https://s3.glbimg.com/v1/AUTH_58d78b787ec34892b5aaa0c7a146155f/clubes_2026/silhuetas/COR/FORMATO.png,0,0.0,Nícollas Vitor Pascoal Melo,0.0,5,1.0,22,nicollas,6,0.0,,,,,,,,,,,,,,,,,,,,
Fabricio Prado,F. Prado,150841,INT,285,0,False,https://s3.glbimg.com/v1/AUTH_58d78b787ec34892b5aaa0c7a146155f/clubes_2026/silhuetas/INT/FORMATO.png,0,0.0,Fabricio Zechmeister do Prado,0.0,5,1.0,22,fabricio-prado,6,0.0,,,,,,,,,,,,,,,,,,,,
Gabriel Vinicius,G. Vinicius,150842,INT,285,0,False,https://s3.glbimg.com/v1/AUTH_58d78b787ec34892b5aaa0c7a146155f/clubes_2026/silhuetas/INT/FORMATO.png,0,0.0,Gabriel Vinicius Oliveira da Silva,0.0,4,1.0,22,gabriel-vinicius,6,0.0,,,,,,,,,,,,,,,,,,,,
Arthur Monteiro,A. Monteiro,150952,CAP,293,0,False,https://s3.glbimg.com/v1/AUTH_58d78b787ec34892b5aaa0c7a146155f/clubes_2026/silhuetas/CAP/FORMATO.png,0,0.0,Arthur Rodrigues Monteiro,0.0,2,1.0,22,arthur-monteiro,6,0.0,,,,,,,,,,,,,,,,,,,,
Davizinho,Davizinho,150959,SAN,277,0,False,https://s3.glbimg.com/v1/AUTH_58d78b787ec34892b5aaa0c7a146155f/clubes_2026/silhuetas/SAN/FORMATO.png,2,0.0,Davi Fernandes Cavalcante Ribeiro,0.0,2,0.81,22,davizinho,6,0.0,,,,,,,,,,,,,,,,,,,,
Sayago,Sayago,150995,FLA,262,0,False,https://s3.glbimg.com/v1/AUTH_58d78b787ec34892b5aaa0c7a146155f/clubes_2026/silhuetas/FLA/FORMATO.png,0,0.0,Juan Gabriel Sayago,0.0,4,2.0,22,sayago,6,0.0,,,,,,,,,,,,,,,,,,,,
Eduardo,Eduardo,151003,PAL,275,0,False,https://s3.glbimg.com/v1/AUTH_58d78b787ec34892b5aaa0c7a146155f/clubes_2026/silhuetas/PAL/FORMATO.png,0,0.0,Eduardo Conceição Silva,0.0,5,1.0,22,eduardo,6,0.0,,,,,,,,,,,,,,,,,,,,
Jorge Rivaldo,J. Rivaldo,151120,CAP,293,0,False,https://s3.glbimg.com/v1/AUTH_58d78b787ec34892b5aaa0c7a146155f/clubes_2026/silhuetas/CAP/FORMATO.png,1,-0.3,Jorge Luis Rivaldo Pinto,0.0,5,4.42,22,jorge-rivaldo,6,0.0,,,,,,,1.0,,,,,,,,,,,,,
Felipe Morais,F. Morais,151292,CRU,283,0,False,https://s3.glbimg.com/v1/AUTH_58d78b787ec34892b5aaa0c7a146155f/clubes_2026/silhuetas/CRU/FORMATO.png,1,2.7,Felipe de Morais Barbosa Penna dos Santos,0.0,4,1.96,22,felipe-morais,6,0.0,,,,,,1.0,3.0,,2.0,1.0,,,,,,,,,,
Juan Ferreira,J. Ferreira,151294,CHA,315,0,False,https://s3.glbimg.com/v1/AUTH_58d78b787ec34892b5aaa0c7a146155f/clubes_2026/silhuetas/CHA/FORMATO.png,0,0.0,Juan Ferreira Leite,0.0,4,1.0,22,juan-ferreira,6,0.0,,,,,,,,,,,,,,,,,,,,
Lucas Emanuel,L. Emanuel,151404,BOT,263,0,True,https://s3.glbimg.com/v1/AUTH_58d78b787ec34892b5aaa0c7a146155f/clubes_2026/silhuetas/BOT/FORMATO.png,1,1.4,Lucas Emanuel Jales do Nascimento,1.4,5,1.45,22,lucas-emanuel,6,0.45,,,,,,,1.0,1.0,,1.0,,,,,,,,,,
Victor Hugo,V. Hugo,151405,BOT,263,0,False,https://s3.glbimg.com/v1/AUTH_58d78b787ec34892b5aaa0c7a146155f/clubes_2026/silhuetas/BOT/FORMATO.png,0,0.0,Victor Hugo Gonçalves dos Santos,0.0,4,1.0,22,victor-hugo,6,0.0,,,,,,,,,,,,,,,,,,,,
Herick,Herick,151406,BOT,263,0,False,https://s3.glbimg.com/v1/AUTH_58d78b787ec34892b5aaa0c7a146155f/clubes_2026/silhuetas/BOT/FORMATO.png,0,0.0,Herick Garcia da Silva Neves,0.0,3,1.0,22,herick,6,0.0,,,,,,,,,,,,,,,,,,,,
Kássio,Kássio,151412,CHA,315,0,False,https://s3.glbimg.com/v1/AUTH_58d78b787ec34892b5aaa0c7a146155f/clubes_2026/silhuetas/CHA/FORMATO.png,1,1.5,Kássio da Silva de Jesus,0.0,5,1.49,22,kassio,6,0.0,,,,,,1.0,,,,,,,,,,,,,,
Miguel Bilong,M. Bilong,151436,PAL,275,0,False,https://s3.glbimg.com/v1/AUTH_58d78b787ec34892b5aaa0c7a146155f/clubes_2026/silhuetas/PAL/FORMATO.png,0,0.0,Miguel Cinoncelli Bilong,0.0,5,2.0,22,miguel-bilong,6,0.0,,,,,,,,,,,,,,,,,,,,
Gutte,Gutte,151440,CAM,282,0,False,https://s3.glbimg.com/v1/AUTH_58d78b787ec34892b5aaa0c7a146155f/clubes_2026/silhuetas/CAM/FORMATO.png,0,0.0,João Pedro Porto Lucrécio,0.0,4,1.0,22,gutte,6,0.0,,,,,,,,,,,,,,,,,,,,
Marquinhos,Marquinhos,151492,RBB,280,0,False,https://s3.glbimg.com/v1/AUTH_58d78b787ec34892b5aaa0c7a146155f/clubes_2026/silhuetas/RBB/FORMATO.png,0,0.0,Marcos Vinicius Krygsman Monteiro,0.0,2,1.0,22,marquinhos,6,0.0,,,,,,,,,,,,,,,,,,,,
