atletas.apelido,atletas.apelido_abreviado,atletas.atleta_id,atletas.clube.id.full.name,atletas.clube_id,atletas.craque,atletas.entrou_em_campo,atletas.foto,atletas.jogos_num,atletas.media_num,atletas.nome,atletas.pontos_num,atletas.posicao_id,atletas.preco_num,atletas.rodada_id,atletas.slug,atletas.status_id,atletas.variacao_num,A,CA,CV,DE,DP,DS,FC,FD,FF,FS,FT,G,GC,GS,I,PC,PP,PS,SG,V
Fábio,Fábio,37656,FLU,266,0,True,https://s3.glbimg.com/v1/AUTH_58d78b787ec34892b5aaa0c7a146155f/clubes_2026/silhuetas/FLU/FORMATO.png,27,4.59,Fábio Deivson Lopes Maciel,6.8,1,9.43,28,fabio,7,0.22,,1.0,,103.0,,,,,,7.0,,,,35.0,,2.0,,,5.0,
Thiago Silva,T. Silva,37715,FLU,266,0,True,https://s3.glbimg.com/v1/AUTH_58d78b787ec34892b5aaa0c7a146155f/clubes_2026/silhuetas/FLU/FORMATO.png,4,2.82,Thiago Emiliano da Silva,2.0,3,6.17,28,thiago-silva,7,-0.66,,1.0,,,,3.0,2.0,,3.0,2.0,,,,,,,,,1.0,
Hulk,Hulk,39148,FLU,266,0,True,https://s3.glbimg.com/v1/AUTH_58d78b787ec34892b5aaa0c7a146155f/clubes_2026/silhuetas/FLU/FORMATO.png,20,6.95,Givanildo Vieira de Souza,18.3,5,14.05,28,hulk,7,1.54,4.0,2.0,,,,9.0,12.0,14.0,15.0,54.0,,7.0,,,7.0,,,,,
Alan Franco,A. Franco,39656,CAM,282,0,False,https://s3.glbimg.com/v1/AUTH_58d78b787ec34892b5aaa0c7a146155f/clubes_2026/silhuetas/CAM/FORMATO.png,20,1.95,Alan Steven Franco Palma,0.0,4,4.58,28,alan-franco,7,0.0,1.0,5.0,,,,25.0,27.0,3.0,3.0,8.0,,,,,2.0,,,,,
Vagner Mancini,V. Mancini,39850,RBB,280,0,True,https://s3.glbimg.com/v1/AUTH_58d78b787ec34892b5aaa0c7a146155f/clubes_2026/silhuetas/RBB/FORMATO.png,26,5.33,Vagner Carmo Mancini,3.75,6,8.24,28,vagner-mancini,7,-0.1,,,,,,,,,,,,,,,,,,,,10.0
Dorival Júnior,D. Júnior,40990,SAO,276,0,True,https://s3.glbimg.com/v1/AUTH_58d78b787ec34892b5aaa0c7a146155f/clubes_2026/silhuetas/SAO/FORMATO.png,20,4.66,Dorival Silvestre Júnior,8.15,6,9.78,28,dorival-junior,7,0.34,,,,,,,,,,,,,,,,,,,,4.0
Renato Gaúcho,R. Gaúcho,41929,GRE,284,0,True,https://s3.glbimg.com/v1/AUTH_58d78b787ec34892b5aaa0c7a146155f/clubes_2026/silhuetas/GRE/FORMATO.png,15,5.27,Renato Portaluppi,7.97,6,10.09,28,renato-gaucho,7,0.3,,,,,,,,,,,,,,,,,,,,5.0
Osvaldo,Osvaldo,42222,VIT,287,0,False,https://s3.glbimg.com/v1/AUTH_58d78b787ec34892b5aaa0c7a146155f/clubes_2026/silhuetas/VIT/FORMATO.png,2,0.4,Osvaldo Lourenço Filho,0.0,5,4.07,28,osvaldo,6,0.0,,,,,,,,,1.0,,,,,,,,,,,
Cássio,Cássio,42234,CRU,283,0,False,https://s3.glbimg.com/v1/AUTH_58d78b787ec34892b5aaa0c7a146155f/clubes_2026/silhuetas/CRU/FORMATO.png,5,1.32,Cássio Roberto Ramos,0.0,1,6.89,28,cassio,6,0.0,,,,12.0,,,,,,2.0,,,,10.0,,,,,,
Cuca,Cuca,42411,SAN,277,0,True,https://s3.glbimg.com/v1/AUTH_58d78b787ec34892b5aaa0c7a146155f/clubes_2026/silhuetas/SAN/FORMATO.png,19,6.17,Alexi Stival,5.58,6,10.22,28,cuca,7,-0.21,,,,,,,,,,,,,,,,,,,,9.0
Fagner,Fagner,42500,CRU,283,0,True,https://s3.glbimg.com/v1/AUTH_58d78b787ec34892b5aaa0c7a146155f/clubes_2026/silhuetas/CRU/FORMATO.png,20,3.81,Fagner Conserva Lemos,0.0,2,5.63,28,fagner,7,-0.63,4.0,3.0,,,,30.0,23.0,2.0,4.0,11.0,,,,,,,,,2.0,
Tite,Tite,45125,BOT,263,0,True,https://s3.glbimg.com/v1/AUTH_58d78b787ec34892b5aaa0c7a146155f/clubes_2026/silhuetas/BOT/FORMATO.png,7,3.72,Adenor Leonardo Bachi,3.18,6,8.52,28,tite,7,-0.77,,,,,,,,,,,,,,,,,,,,
Walter,Walter,51413,MIR,2305,0,True,https://s3.glbimg.com/v1/AUTH_58d78b787ec34892b5aaa0c7a146155f/clubes_2026/silhuetas/MIR/FORMATO.png,21,3.05,Walter Leandro Capeloza Artune,10.2,1,6.3,28,walter,7,1.24,,3.0,,67.0,,,,,,2.0,,,,30.0,,1.0,,,2.0,
Everton Ribeiro,E. Ribeiro,51772,BAH,265,0,True,https://s3.glbimg.com/v1/AUTH_58d78b787ec34892b5aaa0c7a146155f/clubes_2026/silhuetas/BAH/FORMATO.png,18,3.96,Everton Augusto de Barros Ribeiro,0.0,4,7.84,28,everton-ribeiro,6,-0.16,4.0,1.0,,,,22.0,12.0,4.0,6.0,29.0,,,,,,1.0,,,,
Alex Sandro,A. Sandro,61987,FLA,262,0,True,https://s3.glbimg.com/v1/AUTH_58d78b787ec34892b5aaa0c7a146155f/clubes_2026/silhuetas/FLA/FORMATO.png,17,3.13,Alex Sandro Lobo Silva,0.3,2,7.71,28,alex-sandro,7,-0.18,,4.0,,,,17.0,22.0,,1.0,15.0,,,,,1.0,,,,6.0,
Ganso,Ganso,62977,FLU,266,0,True,https://s3.glbimg.com/v1/AUTH_58d78b787ec34892b5aaa0c7a146155f/clubes_2026/silhuetas/FLU/FORMATO.png,19,1.61,Paulo Henrique Chagas de Lima,6.2,4,4.24,28,ganso,7,0.89,1.0,2.0,,,,13.0,11.0,2.0,1.0,11.0,1.0,,,,1.0,,,,,
Neymar,Neymar,63007,SAN,277,0,False,https://s3.glbimg.com/v1/AUTH_58d78b787ec34892b5aaa0c7a146155f/clubes_2026/silhuetas/SAN/FORMATO.png,12,9.78,Neymar da Silva Santos Júnior,0.0,4,18.9,28,neymar,5,0.0,2.0,7.0,,,,10.0,18.0,13.0,18.0,49.0,1.0,6.0,,,8.0,,,,,
Rafael Tolói,R. Tolói,63008,SAO,276,0,True,https://s3.glbimg.com/v1/AUTH_58d78b787ec34892b5aaa0c7a146155f/clubes_2026/silhuetas/SAO/FORMATO.png,8,5.19,Rafael Toloi,10.1,3,8.49,28,rafael-toloi,7,0.75,,3.0,,,,19.0,11.0,1.0,2.0,3.0,,,,,,,,,3.0,
Marcos Rocha,M. Rocha,63013,GRE,284,0,True,https://s3.glbimg.com/v1/AUTH_58d78b787ec34892b5aaa0c7a146155f/clubes_2026/silhuetas/GRE/FORMATO.png,5,1.94,Marcos Luis Rocha Aquino,6.5,2,6.39,28,marcos-rocha,6,0.44,,,,,,3.0,1.0,,,1.0,,,,,,,,,1.0,
Edenílson,Edenílson,63289,BOT,263,0,True,https://s3.glbimg.com/v1/AUTH_58d78b787ec34892b5aaa0c7a146155f/clubes_2026/silhuetas/BOT/FORMATO.png,18,2.73,Edenílson Andrade dos Santos,0.0,4,5.55,28,edenilson,6,-0.29,2.0,2.0,,,,6.0,10.0,2.0,3.0,7.0,1.0,3.0,,,1.0,,,,,
Rodrigo Moledo,R. Moledo,63354,CFC,294,0,True,https://s3.glbimg.com/v1/AUTH_58d78b787ec34892b5aaa0c7a146155f/clubes_2026/silhuetas/CFC/FORMATO.png,6,3.7,Rodrigo Modesto da Silva Moledo,1.5,3,5.73,28,rodrigo-moledo,7,-0.49,,,,,,4.0,1.0,1.0,1.0,3.0,,1.0,,,,,,,1.0,
Alan Patrick,A. Patrick,68685,INT,285,0,True,https://s3.glbimg.com/v1/AUTH_58d78b787ec34892b5aaa0c7a146155f/clubes_2026/silhuetas/INT/FORMATO.png,23,3.85,Alan Patrick Lourenço,3.5,4,7.22,28,alan-patrick,7,-0.05,1.0,1.0,,,,17.0,10.0,2.0,13.0,35.0,,4.0,,,1.0,,,,,
Eduardo,Eduardo,68708,MIR,2305,0,True,https://s3.glbimg.com/v1/AUTH_58d78b787ec34892b5aaa0c7a146155f/clubes_2026/silhuetas/MIR/FORMATO.png,20,4.12,Carlos Eduardo de Oliveira Alves,18.3,4,8.37,28,eduardo,7,2.63,,1.0,1.0,,,13.0,10.0,3.0,11.0,13.0,1.0,6.0,,,,,,,,
Rafael Santos,R. Santos,68822,CHA,315,0,False,https://s3.glbimg.com/v1/AUTH_58d78b787ec34892b5aaa0c7a146155f/clubes_2026/silhuetas/CHA/FORMATO.png,4,3.75,Rafael de Carvalho Santos,0.0,1,4.94,28,rafael-santos,6,0.0,,,,20.0,,,,,,,,,,11.0,,,,,,
Marcelo Lomba,M. Lomba,68872,PAL,275,0,False,https://s3.glbimg.com/v1/AUTH_58d78b787ec34892b5aaa0c7a146155f/clubes_2026/silhuetas/PAL/FORMATO.png,1,8.9,Marcelo Lomba do Nascimento,0.0,1,7.08,28,marcelo-lomba,6,0.0,,,,3.0,,,,,,,,,,,,,,,1.0,
Philippe Coutinho,P. Coutinho,68899,SAN,277,0,False,https://s3.glbimg.com/v1/AUTH_58d78b787ec34892b5aaa0c7a146155f/clubes_2026/silhuetas/SAN/FORMATO.png,3,8.23,Philippe Coutinho Correia,0.0,4,13.21,28,philippe-coutinho,6,0.0,,,,,,1.0,,6.0,5.0,2.0,1.0,1.0,,,,,,,,
Dudu,Dudu,68920,CAM,282,0,True,https://s3.glbimg.com/v1/AUTH_58d78b787ec34892b5aaa0c7a146155f/clubes_2026/silhuetas/CAM/FORMATO.png,17,2.24,Eduardo Pereira Rodrigues,1.2,5,5.77,28,dudu,6,-0.32,,,,,,3.0,3.0,7.0,5.0,12.0,,2.0,,,,,,,,
Rafael,Rafael,68928,SAO,276,0,True,https://s3.glbimg.com/v1/AUTH_58d78b787ec34892b5aaa0c7a146155f/clubes_2026/silhuetas/SAO/FORMATO.png,26,3.37,Rafael Pires Monteiro,6.8,1,7.68,28,rafael,7,0.2,,1.0,,65.0,,,,,,4.0,,,,28.0,,,,,6.0,
Giovanni Augusto,G. Augusto,68938,CHA,315,0,True,https://s3.glbimg.com/v1/AUTH_58d78b787ec34892b5aaa0c7a146155f/clubes_2026/silhuetas/CHA/FORMATO.png,18,3.75,Giovanni Augusto Oliveira Cardoso,5.5,4,5.3,28,giovanni-augusto,7,0.76,5.0,2.0,,,,15.0,12.0,3.0,4.0,22.0,,1.0,,,1.0,,,,,
Marinho,Marinho,68952,VIT,287,0,False,https://s3.glbimg.com/v1/AUTH_58d78b787ec34892b5aaa0c7a146155f/clubes_2026/silhuetas/VIT/FORMATO.png,12,2.02,Mário Sérgio Santos Costa,0.0,5,4.6,28,marinho,6,0.0,,2.0,,,,9.0,10.0,2.0,5.0,19.0,,,,,2.0,,,,,
Willian José,W. José,68996,BAH,265,0,False,https://s3.glbimg.com/v1/AUTH_58d78b787ec34892b5aaa0c7a146155f/clubes_2026/silhuetas/BAH/FORMATO.png,21,2.33,Willian José da Silva,0.0,5,7.0,28,willian-jose,6,0.0,2.0,,,,,3.0,12.0,5.0,7.0,5.0,1.0,3.0,,,,,1.0,1.0,,
Santos,Santos,69012,CAP,293,0,False,https://s3.glbimg.com/v1/AUTH_58d78b787ec34892b5aaa0c7a146155f/clubes_2026/silhuetas/CAP/FORMATO.png,22,4.21,Aderbar Melo dos Santos Neto,0.0,1,7.97,28,santos,6,0.0,,2.0,,62.0,,,,,,4.0,,,,23.0,,,,,7.0,
Allan,Allan,69140,BOT,263,0,False,https://s3.glbimg.com/v1/AUTH_58d78b787ec34892b5aaa0c7a146155f/clubes_2026/silhuetas/BOT/FORMATO.png,11,2.05,Allan Marques Loureiro,0.0,4,4.5,28,allan,6,0.0,,3.0,,,,16.0,11.0,,3.0,5.0,,,,,,,,,,
Gabriel Paulista,G. Paulista,69208,COR,264,0,False,https://s3.glbimg.com/v1/AUTH_58d78b787ec34892b5aaa0c7a146155f/clubes_2026/silhuetas/COR/FORMATO.png,19,4.13,Gabriel Armando de Abreu,0.0,3,8.25,28,gabriel-paulista,7,0.0,,5.0,,,,20.0,14.0,1.0,11.0,9.0,,1.0,,,1.0,,,,7.0,
Danilo,Danilo,69783,FLA,262,0,False,https://s3.glbimg.com/v1/AUTH_58d78b787ec34892b5aaa0c7a146155f/clubes_2026/silhuetas/FLA/FORMATO.png,9,1.4,Danilo Luiz da Silva,0.0,3,4.85,28,danilo,6,0.0,,,1.0,,,7.0,4.0,,1.0,1.0,,,,,,,,,1.0,
Lucas Moura,L. Moura,70164,SAO,276,0,False,https://s3.glbimg.com/v1/AUTH_58d78b787ec34892b5aaa0c7a146155f/clubes_2026/silhuetas/SAO/FORMATO.png,8,2.32,Lucas Rodrigues Moura da Silva,0.0,4,7.5,28,lucas-moura,6,0.0,1.0,,,,,,5.0,2.0,2.0,6.0,,1.0,,,,,,,,
Eduardo Sasha,E. Sasha,70360,RBB,280,0,False,https://s3.glbimg.com/v1/AUTH_58d78b787ec34892b5aaa0c7a146155f/clubes_2026/silhuetas/RBB/FORMATO.png,18,0.98,Eduardo Colcenti Antunes,0.0,5,3.91,28,eduardo-sasha,6,0.0,,1.0,,,,6.0,2.0,6.0,6.0,13.0,,,,,3.0,,2.0,,,
Felipe Anderson,F. Anderson,70592,PAL,275,0,True,https://s3.glbimg.com/v1/AUTH_58d78b787ec34892b5aaa0c7a146155f/clubes_2026/silhuetas/PAL/FORMATO.png,21,3.32,Felipe Anderson Pereira Gomes,2.9,4,6.38,28,felipe-anderson,6,-0.08,1.0,1.0,,,,26.0,11.0,2.0,5.0,9.0,1.0,2.0,,,,,,,,
Marllon,Marllon,70666,REM,364,0,True,https://s3.glbimg.com/v1/AUTH_58d78b787ec34892b5aaa0c7a146155f/clubes_2026/silhuetas/REM/FORMATO.png,25,2.79,Marllon Gonçalves Jerônimo Borges,8.0,3,5.87,28,marllon,7,0.69,1.0,4.0,,,,27.0,13.0,,3.0,13.0,,2.0,1.0,,,,,,2.0,
Bruno Henrique,B. Henrique,70944,INT,285,0,True,https://s3.glbimg.com/v1/AUTH_58d78b787ec34892b5aaa0c7a146155f/clubes_2026/silhuetas/INT/FORMATO.png,25,2.2,Bruno Henrique Corsini,-1.1,4,3.69,28,bruno-henrique,7,-1.49,1.0,1.0,,,,17.0,31.0,5.0,11.0,9.0,,2.0,,,1.0,,,,,
Léo Vieira,L. Vieira,71043,BAH,265,0,False,https://s3.glbimg.com/v1/AUTH_58d78b787ec34892b5aaa0c7a146155f/clubes_2026/silhuetas/BAH/FORMATO.png,16,5.02,Leonardo da Silva Vieira,0.0,1,6.82,28,leo-vieira,5,0.0,,1.0,,71.0,,,,,,4.0,,,,23.0,,,,,2.0,
Thiago Mendes,T. Mendes,71123,VAS,267,0,True,https://s3.glbimg.com/v1/AUTH_58d78b787ec34892b5aaa0c7a146155f/clubes_2026/silhuetas/VAS/FORMATO.png,23,4.25,Thiago Henrique Mendes Ribeiro,2.3,4,7.2,28,thiago-mendes,7,-1.05,1.0,8.0,,,,19.0,17.0,5.0,9.0,48.0,,5.0,,,1.0,,,,,
Maicon,Maicon,71227,CFC,294,0,False,https://s3.glbimg.com/v1/AUTH_58d78b787ec34892b5aaa0c7a146155f/clubes_2026/silhuetas/CFC/FORMATO.png,15,1.79,Maicon Pereira Roque,0.0,3,3.7,28,maicon,2,0.0,,,1.0,,,7.0,5.0,,,4.0,,,,,1.0,1.0,,,4.0,
Luiz Gustavo,L. Gustavo,71536,CAP,293,0,True,https://s3.glbimg.com/v1/AUTH_58d78b787ec34892b5aaa0c7a146155f/clubes_2026/silhuetas/CAP/FORMATO.png,19,3.42,Luiz Gustavo Dias,1.5,4,5.84,28,luiz-gustavo,7,-0.72,,2.0,,,,22.0,18.0,7.0,3.0,21.0,1.0,2.0,,,,1.0,,,,
Weverton,Weverton,71631,GRE,284,0,True,https://s3.glbimg.com/v1/AUTH_58d78b787ec34892b5aaa0c7a146155f/clubes_2026/silhuetas/GRE/FORMATO.png,24,5.26,Weverton Pereira da Silva,21.6,1,10.2,28,weverton,7,2.72,1.0,2.0,,81.0,2.0,,,,,8.0,,,,29.0,,1.0,,,6.0,
Gustavo Gómez,G. Gómez,71684,PAL,275,0,True,https://s3.glbimg.com/v1/AUTH_58d78b787ec34892b5aaa0c7a146155f/clubes_2026/silhuetas/PAL/FORMATO.png,25,5.45,Gustavo Raúl Gómez Portillo,7.4,3,10.67,28,gustavo-gomez,7,-0.45,3.0,2.0,,,,24.0,25.0,3.0,10.0,4.0,,4.0,,,7.0,,,,10.0,
Tiago Volpi,T. Volpi,72018,RBB,280,0,True,https://s3.glbimg.com/v1/AUTH_58d78b787ec34892b5aaa0c7a146155f/clubes_2026/silhuetas/RBB/FORMATO.png,19,5.47,Tiago Luis Volpi,3.2,1,9.35,28,tiago-volpi,2,-0.58,,1.0,,61.0,,,,,,3.0,,2.0,,22.0,,,,,6.0,
Thomazella,Thomazella,72279,MIR,2305,0,False,https://s3.glbimg.com/v1/AUTH_58d78b787ec34892b5aaa0c7a146155f/clubes_2026/silhuetas/MIR/FORMATO.png,2,-1.35,Carlos Eduardo Lecciolle Thomazella,0.0,1,0.83,28,thomazella,6,0.0,,,,1.0,,,,,,,,,,4.0,,,,,,
Everson,Everson,72294,CAM,282,0,False,https://s3.glbimg.com/v1/AUTH_58d78b787ec34892b5aaa0c7a146155f/clubes_2026/silhuetas/CAM/FORMATO.png,23,4.58,Everson Felipe Marques Pires,0.0,1,9.67,28,everson,5,0.0,1.0,,,72.0,,,1.0,,,8.0,,,,27.0,,,,,6.0,
Fernando Diniz,F. Diniz,72391,COR,264,0,True,https://s3.glbimg.com/v1/AUTH_58d78b787ec34892b5aaa0c7a146155f/clubes_2026/silhuetas/COR/FORMATO.png,21,5.35,Fernando Diniz Silva,4.95,6,8.86,28,fernando-diniz,7,0.03,,,,,,,,,,,,,,,,,,,,6.0
Bernard,Bernard,72460,CAM,282,0,True,https://s3.glbimg.com/v1/AUTH_58d78b787ec34892b5aaa0c7a146155f/clubes_2026/silhuetas/CAM/FORMATO.png,23,3.1,Bernard Anício Caldeira Duarte,8.2,4,5.51,28,bernard,7,0.9,4.0,,,,,17.0,16.0,2.0,5.0,18.0,,2.0,,,3.0,,,,,
Alex Telles,A. Telles,72493,BOT,263,0,True,https://s3.glbimg.com/v1/AUTH_58d78b787ec34892b5aaa0c7a146155f/clubes_2026/silhuetas/BOT/FORMATO.png,21,4.14,Alex Nicolao Telles,2.0,2,8.65,28,alex-telles,7,-1.01,4.0,4.0,,,,21.0,23.0,,11.0,9.0,,3.0,,,,1.0,,,2.0,
Vitor Hugo,V. Hugo,72605,CAM,282,0,True,https://s3.glbimg.com/v1/AUTH_58d78b787ec34892b5aaa0c7a146155f/clubes_2026/silhuetas/CAM/FORMATO.png,14,3.15,Vitor Hugo Franchescoli de Souza,-0.9,3,5.88,28,vitor-hugo,6,-0.35,,2.0,,,,5.0,7.0,1.0,2.0,4.0,,2.0,,,1.0,,,,4.0,
Mercado,Mercado,72951,INT,285,0,True,https://s3.glbimg.com/v1/AUTH_58d78b787ec34892b5aaa0c7a146155f/clubes_2026/silhuetas/INT/FORMATO.png,18,3.6,Gabriel Iván Mercado,3.2,3,6.01,28,mercado,7,0.13,,7.0,,,,26.0,16.0,3.0,2.0,9.0,,1.0,,,1.0,,,,4.0,
Daniel Borges,D. Borges,73318,MIR,2305,0,True,https://s3.glbimg.com/v1/AUTH_58d78b787ec34892b5aaa0c7a146155f/clubes_2026/silhuetas/MIR/FORMATO.png,6,4.62,Daniel Fortunato Borges,8.5,2,6.47,28,daniel-borges,6,1.33,,1.0,,,,6.0,3.0,1.0,3.0,8.0,1.0,,,,,,,,2.0,
Samuel Xavier,S. Xavier,73384,FLU,266,0,True,https://s3.glbimg.com/v1/AUTH_58d78b787ec34892b5aaa0c7a146155f/clubes_2026/silhuetas/FLU/FORMATO.png,16,3.38,Samuel Xavier Brito,0.7,2,7.1,28,samuel-xavier,6,-0.2,,5.0,,,,22.0,19.0,2.0,2.0,26.0,,,,,2.0,,,,3.0,
Marcão,Marcão,73476,FLU,266,0,True,https://s3.glbimg.com/v1/AUTH_58d78b787ec34892b5aaa0c7a146155f/clubes_2026/silhuetas/FLU/FORMATO.png,6,7.48,Marco Aurélio de Oliveira Breves,7.55,6,12.29,28,marcao,7,0.16,,,,,,,,,,,,,,,,,,,,4.0
Rodinei,Rodinei,73992,SAN,277,0,True,https://s3.glbimg.com/v1/AUTH_58d78b787ec34892b5aaa0c7a146155f/clubes_2026/silhuetas/SAN/FORMATO.png,2,1.0,Rodinei Marcelo de Almeida,0.7,2,6.02,28,rodinei,7,-0.69,,,,,,1.0,5.0,,,4.0,,,,,,,,,,
Carrillo,Carrillo,77485,COR,264,0,False,https://s3.glbimg.com/v1/AUTH_58d78b787ec34892b5aaa0c7a146155f/clubes_2026/silhuetas/COR/FORMATO.png,20,1.53,André Martín Carrillo Díaz,0.0,4,4.35,28,carrillo,6,0.0,1.0,4.0,,,,20.0,29.0,,6.0,8.0,,,,,3.0,,,,,
Fred,Fred,77510,CAM,282,0,True,https://s3.glbimg.com/v1/AUTH_58d78b787ec34892b5aaa0c7a146155f/clubes_2026/silhuetas/CAM/FORMATO.png,4,3.0,Frederico Rodrigues de Paula Santos,4.1,4,7.47,28,fred,7,-0.5,,1.0,,,,3.0,8.0,1.0,4.0,13.0,,,,,,,,,,
Cédric Soares,C. Soares,77656,SAO,276,0,False,https://s3.glbimg.com/v1/AUTH_58d78b787ec34892b5aaa0c7a146155f/clubes_2026/silhuetas/SAO/FORMATO.png,8,0.94,Cédric Ricardo Alves Soares,0.0,2,3.73,28,cedric-soares,6,0.0,,1.0,,,,5.0,2.0,,2.0,,,,,,,,,,,
João Schmidt,J. Schmidt,77777,SAN,277,0,False,https://s3.glbimg.com/v1/AUTH_58d78b787ec34892b5aaa0c7a146155f/clubes_2026/silhuetas/SAN/FORMATO.png,14,2.08,João Felipe Schmidt Urbano,0.0,4,4.96,28,joao-schmidt,6,0.0,,2.0,,,,20.0,20.0,1.0,5.0,4.0,,,,,,,,,,
Everaldo,Everaldo,78117,BAH,265,0,True,https://s3.glbimg.com/v1/AUTH_58d78b787ec34892b5aaa0c7a146155f/clubes_2026/silhuetas/BAH/FORMATO.png,18,3.05,Everaldo Stum,-2.8,5,4.97,28,everaldo,6,-0.58,,2.0,1.0,,,10.0,13.0,4.0,6.0,16.0,1.0,4.0,,,1.0,,1.0,,,
Gustavo Henrique,G. Henrique,78248,COR,264,0,True,https://s3.glbimg.com/v1/AUTH_58d78b787ec34892b5aaa0c7a146155f/clubes_2026/silhuetas/COR/FORMATO.png,22,4.33,Gustavo Henrique Vernes,12.2,3,9.46,28,gustavo-henrique,7,1.04,1.0,3.0,,,,19.0,19.0,6.0,11.0,8.0,,2.0,,,,1.0,,,7.0,
Vitinho,Vitinho,78435,COR,264,0,False,https://s3.glbimg.com/v1/AUTH_58d78b787ec34892b5aaa0c7a146155f/clubes_2026/silhuetas/COR/FORMATO.png,7,2.13,Victor Vinícius Coelho dos Santos,0.0,5,5.06,28,vitinho,6,0.0,,,,,,5.0,5.0,2.0,5.0,5.0,,,,,,,,,,
Renê,Renê,78445,FLU,266,0,True,https://s3.glbimg.com/v1/AUTH_58d78b787ec34892b5aaa0c7a146155f/clubes_2026/silhuetas/FLU/FORMATO.png,19,6.18,Renê Rodrigues Martins,4.2,2,9.68,28,rene,7,-1.49,2.0,1.0,,,,51.0,17.0,4.0,4.0,18.0,,,,,,,,,4.0,
Willian Arão,W. Arão,78478,SAN,277,0,False,https://s3.glbimg.com/v1/AUTH_58d78b787ec34892b5aaa0c7a146155f/clubes_2026/silhuetas/SAN/FORMATO.png,19,3.42,Willian Souza Arão da Silva,0.0,4,6.21,28,willian-arao,7,0.0,,2.0,,,,36.0,10.0,1.0,2.0,5.0,1.0,1.0,,,2.0,,,,,
Gabriel,Gabriel,78605,RBB,280,0,False,https://s3.glbimg.com/v1/AUTH_58d78b787ec34892b5aaa0c7a146155f/clubes_2026/silhuetas/RBB/FORMATO.png,18,3.08,Gabriel Girotto Franco,0.0,4,5.28,28,gabriel,6,0.0,,5.0,,,,25.0,15.0,5.0,3.0,8.0,,2.0,,,,1.0,,,,
Reinaldo,Reinaldo,78850,MIR,2305,0,True,https://s3.glbimg.com/v1/AUTH_58d78b787ec34892b5aaa0c7a146155f/clubes_2026/silhuetas/MIR/FORMATO.png,22,3.52,Reinaldo Manoel da Silva,9.5,2,8.94,28,reinaldo,7,0.97,4.0,5.0,,,,14.0,13.0,6.0,13.0,14.0,1.0,1.0,,,,,,,2.0,
Thiago Santos,T. Santos,78855,CFC,294,0,True,https://s3.glbimg.com/v1/AUTH_58d78b787ec34892b5aaa0c7a146155f/clubes_2026/silhuetas/CFC/FORMATO.png,19,3.25,Thiago dos Santos,3.5,3,4.56,28,thiago-santos,7,0.26,,7.0,,,,25.0,23.0,2.0,3.0,17.0,,,,,,,,,5.0,
Alex Muralha,A. Muralha,79066,MIR,2305,0,False,https://s3.glbimg.com/v1/AUTH_58d78b787ec34892b5aaa0c7a146155f/clubes_2026/silhuetas/MIR/FORMATO.png,2,4.35,Alex Roberto Santana Rafael,0.0,1,4.99,28,alex-muralha,6,0.0,,1.0,,9.0,,,,,,,,,,3.0,,,,,,
Cano,Cano,79631,FLU,266,0,False,https://s3.glbimg.com/v1/AUTH_58d78b787ec34892b5aaa0c7a146155f/clubes_2026/silhuetas/FLU/FORMATO.png,8,2.28,Germán Ezequiel Cano,0.0,5,4.31,28,cano,5,0.0,,,,,,,1.0,3.0,5.0,,1.0,1.0,,,,,,,,
Lucas Silva,L. Silva,79701,CRU,283,0,False,https://s3.glbimg.com/v1/AUTH_58d78b787ec34892b5aaa0c7a146155f/clubes_2026/silhuetas/CRU/FORMATO.png,17,0.36,Lucas Silva Borges,0.0,4,3.22,28,lucas-silva,6,0.0,,5.0,,,,7.0,8.0,,2.0,3.0,,,,,,,,,,
Saúl,Saúl,80061,FLA,262,0,True,https://s3.glbimg.com/v1/AUTH_58d78b787ec34892b5aaa0c7a146155f/clubes_2026/silhuetas/FLA/FORMATO.png,8,2.41,Saúl Ñíguez Esclapez,4.7,4,6.43,28,saul,6,0.57,1.0,,,,,10.0,4.0,,,1.0,,,,,,,,,,
Zé Roberto,Z. Roberto,80076,MIR,2305,0,True,https://s3.glbimg.com/v1/AUTH_58d78b787ec34892b5aaa0c7a146155f/clubes_2026/silhuetas/MIR/FORMATO.png,1,1.4,José Roberto Assunção de Araújo Filho,1.4,5,4.06,28,ze-roberto,6,0.06,,,,,,,1.0,1.0,,1.0,,,,,,,,,,
Jadson,Jadson,80129,CAP,293,0,True,https://s3.glbimg.com/v1/AUTH_58d78b787ec34892b5aaa0c7a146155f/clubes_2026/silhuetas/CAP/FORMATO.png,20,3.54,Jadson Alves dos Santos,1.0,4,5.07,28,jadson,7,-0.08,1.0,5.0,,,,43.0,22.0,2.0,1.0,21.0,,,,,,1.0,,,,
Yago Pikachu,Y. Pikachu,80196,REM,364,0,True,https://s3.glbimg.com/v1/AUTH_58d78b787ec34892b5aaa0c7a146155f/clubes_2026/silhuetas/REM/FORMATO.png,27,2.41,Glaybson Yago Souza Lisboa,5.5,4,5.34,28,yago-pikachu,7,0.62,2.0,2.0,1.0,,,13.0,11.0,6.0,6.0,22.0,,3.0,,,1.0,,1.0,1.0,,
Luciano,Luciano,80287,SAO,276,0,True,https://s3.glbimg.com/v1/AUTH_58d78b787ec34892b5aaa0c7a146155f/clubes_2026/silhuetas/SAO/FORMATO.png,22,5.59,Luciano da Rocha Neves,6.8,5,13.05,28,luciano,7,-0.68,1.0,4.0,,,,16.0,24.0,8.0,17.0,34.0,1.0,8.0,,,8.0,,1.0,3.0,,
Gilberto,Gilberto,80313,CAP,293,0,True,https://s3.glbimg.com/v1/AUTH_58d78b787ec34892b5aaa0c7a146155f/clubes_2026/silhuetas/CAP/FORMATO.png,14,4.4,Gilberto Moraes Júnior,0.0,2,6.69,28,gilberto,7,-0.67,1.0,,,,,21.0,5.0,4.0,3.0,3.0,1.0,,,,1.0,,,,3.0,
Wendell,Wendell,80570,SAO,276,0,False,https://s3.glbimg.com/v1/AUTH_58d78b787ec34892b5aaa0c7a146155f/clubes_2026/silhuetas/SAO/FORMATO.png,18,4.28,Wendell Nascimento Borges,0.0,2,8.27,28,wendell,6,0.0,3.0,4.0,,,,30.0,38.0,2.0,4.0,14.0,,,,,2.0,,,,4.0,
André Luis,A. Luis,81005,MIR,2305,0,False,https://s3.glbimg.com/v1/AUTH_58d78b787ec34892b5aaa0c7a146155f/clubes_2026/silhuetas/MIR/FORMATO.png,13,1.01,André Luis Silva de Aguiar,0.0,5,3.17,28,andre-luis,6,0.0,,2.0,,,,1.0,6.0,,2.0,12.0,,1.0,,,1.0,,,,,
Jair,Jair,81091,VAS,267,0,True,https://s3.glbimg.com/v1/AUTH_58d78b787ec34892b5aaa0c7a146155f/clubes_2026/silhuetas/VAS/FORMATO.png,5,2.08,Jair Rodrigues Júnior,0.5,4,5.2,28,jair,6,-0.61,,,,,,6.0,2.0,,,4.0,,,,,,,,,,
Lingard,Lingard,81720,COR,264,0,True,https://s3.glbimg.com/v1/AUTH_58d78b787ec34892b5aaa0c7a146155f/clubes_2026/silhuetas/COR/FORMATO.png,17,1.62,Jesse Ellis Lingard,0.2,5,3.67,28,lingard,6,-0.29,1.0,2.0,,,,12.0,19.0,3.0,6.0,8.0,,,,,1.0,,,,,
Alisson,Alisson,81845,FLU,266,0,False,https://s3.glbimg.com/v1/AUTH_58d78b787ec34892b5aaa0c7a146155f/clubes_2026/silhuetas/FLU/FORMATO.png,8,0.96,Alisson Euler de Freitas Castro,0.0,4,3.52,28,alisson,6,0.0,1.0,3.0,,,,3.0,5.0,1.0,,5.0,,,,,,1.0,,,,
Chico Kim,C. Kim,82407,MIR,2305,0,True,https://s3.glbimg.com/v1/AUTH_58d78b787ec34892b5aaa0c7a146155f/clubes_2026/silhuetas/MIR/FORMATO.png,7,1.95,Francisco Hyun-Sol Kim,5.7,4,3.89,28,chico-kim,7,0.25,,,,,,6.0,5.0,1.0,3.0,5.0,,,,,,,,,,
Otávio,Otávio,82463,FLU,266,0,False,https://s3.glbimg.com/v1/AUTH_58d78b787ec34892b5aaa0c7a146155f/clubes_2026/silhuetas/FLU/FORMATO.png,7,1.34,Otávio Henrique Passos Santos,0.0,4,3.64,28,otavio,6,0.0,,2.0,,,,7.0,7.0,1.0,1.0,2.0,,,,,,,,,,
Luiz Araújo,L. Araújo,82627,FLA,262,0,True,https://s3.glbimg.com/v1/AUTH_58d78b787ec34892b5aaa0c7a146155f/clubes_2026/silhuetas/FLA/FORMATO.png,15,3.12,Luiz de Araújo Guimarães Neto,3.5,5,7.28,28,luiz-araujo,6,0.36,1.0,2.0,,,,14.0,8.0,2.0,3.0,9.0,,2.0,,,1.0,,,,,
Tinga,Tinga,82628,CFC,294,0,False,https://s3.glbimg.com/v1/AUTH_58d78b787ec34892b5aaa0c7a146155f/clubes_2026/silhuetas/CFC/FORMATO.png,16,3.59,Guilherme de Jesus da Silva,0.0,2,5.53,28,tinga,5,0.0,2.0,,,,,20.0,3.0,1.0,2.0,11.0,,,,,,,,,2.0,
Marcelo Rangel,M. Rangel,82730,REM,364,0,True,https://s3.glbimg.com/v1/AUTH_58d78b787ec34892b5aaa0c7a146155f/clubes_2026/silhuetas/REM/FORMATO.png,27,3.87,Marcelo Rangel da Rosa,0.6,1,5.4,28,marcelo-rangel,7,-1.03,,2.0,,103.0,1.0,,,,,6.0,,,,47.0,,,,,2.0,
Lucas Ramon,L. Ramon,82775,SAO,276,0,True,https://s3.glbimg.com/v1/AUTH_58d78b787ec34892b5aaa0c7a146155f/clubes_2026/silhuetas/SAO/FORMATO.png,20,5.04,Lucas Ramon Batista Silva,6.2,2,10.01,28,lucas-ramon,7,-0.85,2.0,2.0,1.0,,,34.0,18.0,4.0,6.0,26.0,1.0,,,,3.0,,,,5.0,
Rafael Thyere,R. Thyere,83048,CHA,315,0,False,https://s3.glbimg.com/v1/AUTH_58d78b787ec34892b5aaa0c7a146155f/clubes_2026/silhuetas/CHA/FORMATO.png,3,-0.1,Rafael Thyere de Albuquerque Marques,0.0,3,2.75,28,rafael-thyere,6,0.0,,,,,,2.0,1.0,,,,,,1.0,,,,,,,
Ygor Vinhas,Y. Vinhas,83074,REM,364,0,False,https://s3.glbimg.com/v1/AUTH_58d78b787ec34892b5aaa0c7a146155f/clubes_2026/silhuetas/REM/FORMATO.png,0,0.0,Ygor Vinhas Oliveira Lima,0.0,1,3.0,28,ygor-vinhas,6,0.0,,,,,,,,,,,,,,,,,,,,
Gabriel,Gabriel,83257,SAN,277,0,True,https://s3.glbimg.com/v1/AUTH_58d78b787ec34892b5aaa0c7a146155f/clubes_2026/silhuetas/SAN/FORMATO.png,18,5.69,Gabriel Barbosa Almeida,12.6,5,10.16,28,gabriel,7,-0.41,3.0,6.0,1.0,,,4.0,6.0,2.0,18.0,7.0,,9.0,,,14.0,,,1.0,,
Patrick,Patrick,83433,REM,364,0,False,https://s3.glbimg.com/v1/AUTH_58d78b787ec34892b5aaa0c7a146155f/clubes_2026/silhuetas/REM/FORMATO.png,23,3.73,Patrick Bezerra do Nascimento,0.0,4,5.31,28,patrick,6,0.0,,,,,,42.0,15.0,2.0,7.0,23.0,3.0,,,,1.0,1.0,,,,
Léo Pereira,L. Pereira,83528,FLA,262,0,True,https://s3.glbimg.com/v1/AUTH_58d78b787ec34892b5aaa0c7a146155f/clubes_2026/silhuetas/FLA/FORMATO.png,21,4.86,Leonardo Pereira,1.5,3,8.97,28,leo-pereira,7,-1.1,1.0,5.0,,,,16.0,14.0,3.0,10.0,9.0,,2.0,,,,,,,10.0,
Tiquinho Soares,T. Soares,84042,BOT,263,0,False,https://s3.glbimg.com/v1/AUTH_58d78b787ec34892b5aaa0c7a146155f/clubes_2026/silhuetas/BOT/FORMATO.png,8,1.5,Francisco das Chagas Soares dos Santos Meireles,0.0,5,4.69,28,tiquinho-soares,6,0.0,,1.0,,,,3.0,6.0,3.0,5.0,6.0,,,,,3.0,,,,,
Georgemy,Georgemy,84268,MIR,2305,0,False,https://s3.glbimg.com/v1/AUTH_58d78b787ec34892b5aaa0c7a146155f/clubes_2026/silhuetas/MIR/FORMATO.png,0,0.0,Georgemy Gonçalves,0.0,1,3.0,28,georgemy,6,0.0,,,,,,,,,,,,,,,,,,,,
Bruno Melo,B. Melo,84339,CFC,294,0,True,https://s3.glbimg.com/v1/AUTH_58d78b787ec34892b5aaa0c7a146155f/clubes_2026/silhuetas/CFC/FORMATO.png,25,2.96,Bruno Ferreira Melo,0.5,2,5.03,28,bruno-melo,7,-0.04,1.0,2.0,1.0,,,18.0,10.0,,7.0,13.0,,1.0,,,3.0,,,,6.0,
Lucas Romero,L. Romero,84558,CRU,283,0,False,https://s3.glbimg.com/v1/AUTH_58d78b787ec34892b5aaa0c7a146155f/clubes_2026/silhuetas/CRU/FORMATO.png,19,4.89,Lucas Daniel Romero,0.0,4,8.51,28,lucas-romero,7,0.0,3.0,3.0,,,,35.0,23.0,5.0,4.0,22.0,,2.0,,,,1.0,,,,
Josué,Josué,84626,CFC,294,0,True,https://s3.glbimg.com/v1/AUTH_58d78b787ec34892b5aaa0c7a146155f/clubes_2026/silhuetas/CFC/FORMATO.png,24,3.95,Josué Filipe Soares Pesqueira,2.5,4,5.82,28,josue,7,0.17,9.0,2.0,1.0,,,11.0,22.0,7.0,10.0,35.0,1.0,1.0,,,,,,,,
Lucas Evangelista,L. Evangelista,84674,PAL,275,0,True,https://s3.glbimg.com/v1/AUTH_58d78b787ec34892b5aaa0c7a146155f/clubes_2026/silhuetas/PAL/FORMATO.png,23,1.31,Lucas Evangelista Santana de Oliveira,3.7,4,4.28,28,lucas-evangelista,6,0.3,1.0,1.0,,,,9.0,10.0,1.0,6.0,20.0,,,,,1.0,,,,,
Jorginho,Jorginho,84735,FLA,262,0,True,https://s3.glbimg.com/v1/AUTH_58d78b787ec34892b5aaa0c7a146155f/clubes_2026/silhuetas/FLA/FORMATO.png,21,3.98,Jorge Luiz Frello Filho,6.5,4,9.05,28,jorginho,7,0.83,3.0,4.0,1.0,,,33.0,18.0,,3.0,26.0,,2.0,,,,,,,,
Varela,Varela,84816,FLA,262,0,True,https://s3.glbimg.com/v1/AUTH_58d78b787ec34892b5aaa0c7a146155f/clubes_2026/silhuetas/FLA/FORMATO.png,20,4.38,Guillermo Varela Olivera,7.4,2,8.35,28,varela,6,0.81,2.0,4.0,,,,20.0,11.0,,4.0,16.0,,1.0,,,1.0,,,1.0,7.0,
Luan Peres,L. Peres,84847,SAN,277,0,True,https://s3.glbimg.com/v1/AUTH_58d78b787ec34892b5aaa0c7a146155f/clubes_2026/silhuetas/SAN/FORMATO.png,20,3.15,Luan Peres Petroni,0.2,3,4.69,28,luan-peres,6,-0.61,,3.0,1.0,,,22.0,22.0,,2.0,16.0,,1.0,,,,,,,5.0,
Sanabria,Sanabria,85035,INT,285,0,True,https://s3.glbimg.com/v1/AUTH_58d78b787ec34892b5aaa0c7a146155f/clubes_2026/silhuetas/INT/FORMATO.png,4,-0.17,Arnaldo Antonio Sanabria Ayala,0.0,5,3.31,28,sanabria,6,-0.57,,,,,,,2.0,,,,,,,,1.0,,,,,
Memphis Depay,M. Depay,85048,COR,264,0,True,https://s3.glbimg.com/v1/AUTH_58d78b787ec34892b5aaa0c7a146155f/clubes_2026/silhuetas/COR/FORMATO.png,11,2.3,Memphis Depay,2.6,5,8.73,28,memphis-depay,7,-0.37,,1.0,,,,2.0,5.0,5.0,5.0,14.0,,1.0,,,2.0,,,,,
Danielzinho,Danielzinho,85403,SAO,276,0,True,https://s3.glbimg.com/v1/AUTH_58d78b787ec34892b5aaa0c7a146155f/clubes_2026/silhuetas/SAO/FORMATO.png,24,2.37,Daniel de Oliveira Sertanejo,-0.6,4,5.64,28,danielzinho,7,-0.46,1.0,2.0,,,,20.0,22.0,1.0,4.0,34.0,,1.0,,,,,,1.0,,
João Paulo,J. Paulo,85425,SAN,277,0,False,https://s3.glbimg.com/v1/AUTH_58d78b787ec34892b5aaa0c7a146155f/clubes_2026/silhuetas/SAN/FORMATO.png,2,-0.35,João Paulo Silva Martins,0.0,1,6.94,28,joao-paulo,6,0.0,,2.0,,6.0,,,,,,1.0,,,,7.0,,,,,,
Alex Santana,A. Santana,85465,COR,264,0,False,https://s3.glbimg.com/v1/AUTH_58d78b787ec34892b5aaa0c7a146155f/clubes_2026/silhuetas/COR/FORMATO.png,1,0.8,Alex Paulo Menezes Santana,0.0,4,4.02,28,alex-santana,6,0.0,,,,,,,,,1.0,,,,,,,,,,,
Léo,Léo,85626,CAP,293,0,False,https://s3.glbimg.com/v1/AUTH_58d78b787ec34892b5aaa0c7a146155f/clubes_2026/silhuetas/CAP/FORMATO.png,2,4.9,Leonardo Pinheiro da Conceição,0.0,3,6.77,28,leo,6,0.0,,,,,,4.0,4.0,,,,,,,,,,,,1.0,
Bolasie,Bolasie,86292,CHA,315,0,True,https://s3.glbimg.com/v1/AUTH_58d78b787ec34892b5aaa0c7a146155f/clubes_2026/silhuetas/CHA/FORMATO.png,19,2.1,Yannick Bolasie,-0.3,5,3.81,28,bolasie,6,0.04,2.0,4.0,,,,5.0,23.0,7.0,12.0,15.0,1.0,1.0,,,3.0,,1.0,1.0,,
Victor Luis,V. Luis,86410,MIR,2305,0,False,https://s3.glbimg.com/v1/AUTH_58d78b787ec34892b5aaa0c7a146155f/clubes_2026/silhuetas/MIR/FORMATO.png,7,1.2,Victor Luis Chuab Zamblauskas,0.0,2,3.65,28,victor-luis,6,0.0,,2.0,,,,4.0,7.0,,2.0,2.0,,,,,1.0,1.0,,,1.0,
Keno,Keno,86485,CFC,294,0,False,https://s3.glbimg.com/v1/AUTH_58d78b787ec34892b5aaa0c7a146155f/clubes_2026/silhuetas/CFC/FORMATO.png,7,0.61,Marcos da Silva França,0.0,5,3.09,28,keno,5,0.0,,,,,,,2.0,1.0,1.0,6.0,,,,,1.0,,,,,
Tchê Tchê,T. Tchê,86686,VAS,267,0,False,https://s3.glbimg.com/v1/AUTH_58d78b787ec34892b5aaa0c7a146155f/clubes_2026/silhuetas/VAS/FORMATO.png,19,2.95,Danilo das Neves Pinheiro,0.0,4,4.97,28,tche-tche,6,0.0,,3.0,,,,20.0,17.0,5.0,6.0,15.0,,2.0,,,1.0,,,,,
Richard,Richard,86711,CFC,294,0,False,https://s3.glbimg.com/v1/AUTH_58d78b787ec34892b5aaa0c7a146155f/clubes_2026/silhuetas/CFC/FORMATO.png,0,0.0,Richard Cândido Coelho,0.0,4,4.0,28,richard,6,0.0,,,,,,,,,,,,,,,,,,,,
Everton,Everton,86757,SAN,277,0,False,https://s3.glbimg.com/v1/AUTH_58d78b787ec34892b5aaa0c7a146155f/clubes_2026/silhuetas/SAN/FORMATO.png,11,2.07,Everton Sousa Soares,0.0,5,6.07,28,everton,6,0.0,1.0,2.0,,,,4.0,8.0,3.0,12.0,6.0,,,,,,,,,,
Danilo Barbosa,D. Barbosa,86777,GRE,284,0,True,https://s3.glbimg.com/v1/AUTH_58d78b787ec34892b5aaa0c7a146155f/clubes_2026/silhuetas/GRE/FORMATO.png,4,0.8,Danilo Barbosa da Silva,1.0,4,4.05,28,danilo-barbosa,7,-0.56,,,,,,1.0,1.0,,,4.0,,,,,,,,,,
José Welison,J. Welison,86859,REM,364,0,True,https://s3.glbimg.com/v1/AUTH_58d78b787ec34892b5aaa0c7a146155f/clubes_2026/silhuetas/REM/FORMATO.png,23,2.62,José Welison da Silva - Zé,2.9,4,3.74,28,jose-welison,3,-0.23,,6.0,,,,41.0,36.0,1.0,13.0,14.0,,,1.0,,,,,,,
Marlon,Marlon,86864,REM,364,0,True,https://s3.glbimg.com/v1/AUTH_58d78b787ec34892b5aaa0c7a146155f/clubes_2026/silhuetas/REM/FORMATO.png,6,4.13,Marlon Matheus Lopes do Nascimento,5.5,2,6.25,28,marlon,7,0.53,,1.0,,,,15.0,5.0,1.0,2.0,4.0,,,,,,,,,,
Léo Jardim,L. Jardim,87008,VAS,267,0,True,https://s3.glbimg.com/v1/AUTH_58d78b787ec34892b5aaa0c7a146155f/clubes_2026/silhuetas/VAS/FORMATO.png,26,2.89,Leonardo César Jardim,6.3,1,6.49,28,leo-jardim,7,0.11,,1.0,,76.0,,1.0,1.0,,,3.0,,,,40.0,,,,,3.0,
Guilherme Arana,G. Arana,87228,FLU,266,0,False,https://s3.glbimg.com/v1/AUTH_58d78b787ec34892b5aaa0c7a146155f/clubes_2026/silhuetas/FLU/FORMATO.png,16,3.55,Guilherme Antonio Arana Lopes,0.0,2,7.88,28,guilherme-arana,6,0.0,,2.0,,,,16.0,10.0,5.0,8.0,5.0,,1.0,,,1.0,,,,3.0,
Soteldo,Soteldo,87258,FLU,266,0,False,https://s3.glbimg.com/v1/AUTH_58d78b787ec34892b5aaa0c7a146155f/clubes_2026/silhuetas/FLU/FORMATO.png,19,2.12,Yeferson Julio Soteldo Martínez,0.0,5,4.53,28,soteldo,7,0.0,2.0,1.0,,,,8.0,3.0,5.0,8.0,16.0,,,,,1.0,,,,,
Kannemann,Kannemann,87342,GRE,284,0,False,https://s3.glbimg.com/v1/AUTH_58d78b787ec34892b5aaa0c7a146155f/clubes_2026/silhuetas/GRE/FORMATO.png,4,0.73,Walter Kannemann,0.0,3,3.82,28,kannemann,6,0.0,,3.0,,,,5.0,2.0,,,,,,,,,1.0,,,,
Thaciano,Thaciano,87470,SAN,277,0,True,https://s3.glbimg.com/v1/AUTH_58d78b787ec34892b5aaa0c7a146155f/clubes_2026/silhuetas/SAN/FORMATO.png,17,2.0,Thaciano Mickael da Silva,0.0,4,5.28,28,thaciano,6,-0.29,,1.0,,,,7.0,3.0,2.0,5.0,7.0,,2.0,,,5.0,,,,,
Vitor Bueno,V. Bueno,87552,REM,364,0,True,https://s3.glbimg.com/v1/AUTH_58d78b787ec34892b5aaa0c7a146155f/clubes_2026/silhuetas/REM/FORMATO.png,21,3.9,Vitor Frezarin Bueno,2.2,4,6.96,28,vitor-bueno,7,-1.43,3.0,1.0,,,,7.0,11.0,10.0,6.0,17.0,1.0,4.0,,,,,,,,
Neto Moura,N. Moura,87742,MIR,2305,0,True,https://s3.glbimg.com/v1/AUTH_58d78b787ec34892b5aaa0c7a146155f/clubes_2026/silhuetas/MIR/FORMATO.png,15,1.84,Antônio Francisco Moura Neto,3.0,4,3.7,28,neto-moura,6,-0.18,,6.0,,,,18.0,13.0,2.0,7.0,5.0,,,,,,,,,,
Yago Felipe,Y. Felipe,87747,CHA,315,0,True,https://s3.glbimg.com/v1/AUTH_58d78b787ec34892b5aaa0c7a146155f/clubes_2026/silhuetas/CHA/FORMATO.png,6,5.65,Yago Felipe da Costa Rocha,5.4,4,8.64,28,yago-felipe,7,0.48,1.0,2.0,,,,17.0,14.0,4.0,1.0,8.0,,,,,,,,,,
Arrascaeta,Arrascaeta,87863,FLA,262,0,True,https://s3.glbimg.com/v1/AUTH_58d78b787ec34892b5aaa0c7a146155f/clubes_2026/silhuetas/FLA/FORMATO.png,19,5.37,Giorgian Daniel de Arrascaeta Benedetti,6.7,4,13.75,28,arrascaeta,7,0.33,4.0,2.0,,,,12.0,9.0,7.0,19.0,17.0,4.0,3.0,,,2.0,,,1.0,,
Balbuena,Balbuena,87887,GRE,284,0,True,https://s3.glbimg.com/v1/AUTH_58d78b787ec34892b5aaa0c7a146155f/clubes_2026/silhuetas/GRE/FORMATO.png,8,4.45,Fabián Cornelio Balbuena González,8.0,3,7.57,28,balbuena,6,0.59,,,,,,13.0,2.0,,1.0,2.0,,,,,1.0,,,,3.0,
Gustavo Scarpa,G. Scarpa,87999,CAM,282,0,False,https://s3.glbimg.com/v1/AUTH_58d78b787ec34892b5aaa0c7a146155f/clubes_2026/silhuetas/CAM/FORMATO.png,13,2.88,Gustavo Henrique Furtado Scarpa,0.0,4,6.41,28,gustavo-scarpa,5,0.0,1.0,,,,,6.0,3.0,4.0,7.0,6.0,1.0,1.0,,,1.0,,,,,
Ivan,Ivan,88136,REM,364,0,False,https://s3.glbimg.com/v1/AUTH_58d78b787ec34892b5aaa0c7a146155f/clubes_2026/silhuetas/REM/FORMATO.png,1,10.2,Ivan Quaresma da Silva,0.0,1,7.58,28,ivan,6,0.0,,,,4.0,,,,,,,,,,,,,,,1.0,
Ayrton Lucas,A. Lucas,88393,FLA,262,0,True,https://s3.glbimg.com/v1/AUTH_58d78b787ec34892b5aaa0c7a146155f/clubes_2026/silhuetas/FLA/FORMATO.png,17,5.03,Ayrton Lucas Dantas de Medeiros,0.5,2,8.18,28,ayrton-lucas,5,-0.76,2.0,,,,,14.0,14.0,5.0,6.0,6.0,,,,,,,,,9.0,
Walace,Walace,88479,VIT,287,0,False,https://s3.glbimg.com/v1/AUTH_58d78b787ec34892b5aaa0c7a146155f/clubes_2026/silhuetas/VIT/FORMATO.png,6,1.23,Walace Souza Silva,0.0,4,2.99,28,walace,5,0.0,,,,,,3.0,4.0,1.0,3.0,1.0,,,,,,,,,,
Leonardo Jardim,L. Jardim,88963,FLA,262,0,True,https://s3.glbimg.com/v1/AUTH_58d78b787ec34892b5aaa0c7a146155f/clubes_2026/silhuetas/FLA/FORMATO.png,24,7.37,José Leonardo Nunes Alves Sousa Jardim,7.02,6,13.1,28,leonardo-jardim,7,-0.11,,,,,,,,,,,,,,,,,,,,16.0
Gerson,Gerson,89256,CRU,283,0,True,https://s3.glbimg.com/v1/AUTH_58d78b787ec34892b5aaa0c7a146155f/clubes_2026/silhuetas/CRU/FORMATO.png,24,4.63,Gerson Santos da Silva,2.4,4,8.4,28,gerson,7,-1.11,3.0,5.0,,,,47.0,27.0,7.0,8.0,49.0,,,,,5.0,,,,,
João Pedro,J. Pedro,89273,GRE,284,0,True,https://s3.glbimg.com/v1/AUTH_58d78b787ec34892b5aaa0c7a146155f/clubes_2026/silhuetas/GRE/FORMATO.png,7,1.0,João Pedro Maturano dos Santos,3.4,2,3.25,28,joao-pedro,6,0.52,,1.0,,,,3.0,8.0,,,2.0,,,,,1.0,,,,1.0,
Andreas Pereira,A. Pereira,89274,PAL,275,0,True,https://s3.glbimg.com/v1/AUTH_58d78b787ec34892b5aaa0c7a146155f/clubes_2026/silhuetas/PAL/FORMATO.png,27,4.71,Andreas Hugo Hoelgebaum Pereira,5.3,4,11.73,28,andreas-pereira,7,0.39,10.0,3.0,,,,28.0,23.0,9.0,18.0,25.0,,1.0,,,4.0,,,,,
William,William,89275,CRU,283,0,True,https://s3.glbimg.com/v1/AUTH_58d78b787ec34892b5aaa0c7a146155f/clubes_2026/silhuetas/CRU/FORMATO.png,13,3.92,Willian de Asevedo Furtado,2.1,2,8.01,28,william,6,-0.94,,1.0,1.0,,,24.0,16.0,4.0,2.0,5.0,,,,,1.0,,,,3.0,
Braithwaite,Braithwaite,89368,GRE,284,0,True,https://s3.glbimg.com/v1/AUTH_58d78b787ec34892b5aaa0c7a146155f/clubes_2026/silhuetas/GRE/FORMATO.png,17,0.46,Martin Christensen Braithwaite,0.2,5,5.04,28,braithwaite,6,-0.27,,,,,,3.0,10.0,1.0,2.0,8.0,,,,,4.0,,,,,
Igor Rabello,I. Rabello,89493,FLU,266,0,False,https://s3.glbimg.com/v1/AUTH_58d78b787ec34892b5aaa0c7a146155f/clubes_2026/silhuetas/FLU/FORMATO.png,3,5.43,Igor Rabello da Costa,0.0,3,7.78,28,igor-rabello,6,0.0,,,,,,7.0,,,1.0,,,,,,,,,,1.0,
Thiago Maia,T. Maia,89637,INT,285,0,True,https://s3.glbimg.com/v1/AUTH_58d78b787ec34892b5aaa0c7a146155f/clubes_2026/silhuetas/INT/FORMATO.png,13,2.04,Thiago Maia Alencar,2.3,4,4.1,28,thiago-maia,6,-0.62,2.0,,,,,10.0,4.0,1.0,1.0,2.0,,,,,1.0,,,,,
Lucho Acosta,L. Acosta,89837,FLU,266,0,True,https://s3.glbimg.com/v1/AUTH_58d78b787ec34892b5aaa0c7a146155f/clubes_2026/silhuetas/FLU/FORMATO.png,22,4.79,Luciano Federico Acosta,6.5,4,10.38,28,lucho-acosta,6,0.62,5.0,5.0,,,,23.0,20.0,5.0,13.0,17.0,,4.0,,,,,,,,
Calleri,Calleri,89840,SAO,276,0,True,https://s3.glbimg.com/v1/AUTH_58d78b787ec34892b5aaa0c7a146155f/clubes_2026/silhuetas/SAO/FORMATO.png,23,5.2,Jonathan Calleri,9.1,5,11.69,28,calleri,7,0.77,1.0,6.0,,,,16.0,36.0,7.0,19.0,43.0,,8.0,,,8.0,1.0,,,,
Dodi,Dodi,89883,GRE,284,0,False,https://s3.glbimg.com/v1/AUTH_58d78b787ec34892b5aaa0c7a146155f/clubes_2026/silhuetas/GRE/FORMATO.png,8,-0.01,Douglas Moreira Fagundes,0.0,4,2.3,28,dodi,5,0.0,,2.0,,,,2.0,8.0,,1.0,1.0,,,,,,,,,,
Mendoza,Mendoza,90031,CAP,293,0,True,https://s3.glbimg.com/v1/AUTH_58d78b787ec34892b5aaa0c7a146155f/clubes_2026/silhuetas/CAP/FORMATO.png,25,4.27,John Stiven Mendoza Valencia,6.3,5,8.11,28,mendoza,7,0.64,1.0,,,,,20.0,11.0,6.0,15.0,14.0,3.0,5.0,,,3.0,,,,,
Bruno Pacheco,B. Pacheco,90061,CHA,315,0,True,https://s3.glbimg.com/v1/AUTH_58d78b787ec34892b5aaa0c7a146155f/clubes_2026/silhuetas/CHA/FORMATO.png,17,4.91,Bruno de Jesus Pacheco,7.0,2,7.34,28,bruno-pacheco,7,-0.42,3.0,3.0,,,,35.0,11.0,,1.0,17.0,,1.0,,,1.0,,,,1.0,
Bruno Henrique,B. Henrique,90285,FLA,262,0,True,https://s3.glbimg.com/v1/AUTH_58d78b787ec34892b5aaa0c7a146155f/clubes_2026/silhuetas/FLA/FORMATO.png,19,2.8,Bruno Henrique Pinto,-0.3,5,5.19,28,bruno-henrique,6,-1.44,3.0,4.0,,,,9.0,15.0,4.0,7.0,14.0,,2.0,,,3.0,,,,,
Pedro Rocha,P. Rocha,90302,CFC,294,0,True,https://s3.glbimg.com/v1/AUTH_58d78b787ec34892b5aaa0c7a146155f/clubes_2026/silhuetas/CFC/FORMATO.png,26,4.65,Pedro Rocha Neves,0.4,5,7.0,28,pedro-rocha,7,-1.88,1.0,1.0,1.0,,,10.0,25.0,13.0,22.0,27.0,1.0,8.0,,,12.0,,,,,
David,David,90309,VAS,267,0,True,https://s3.glbimg.com/v1/AUTH_58d78b787ec34892b5aaa0c7a146155f/clubes_2026/silhuetas/VAS/FORMATO.png,21,2.07,David Corrêa da Fonseca,0.0,5,3.95,28,david,6,-0.98,1.0,,,,,4.0,14.0,4.0,6.0,8.0,,3.0,,,12.0,,,,,
Matheus Pereira,M. Pereira,90370,COR,264,0,True,https://s3.glbimg.com/v1/AUTH_58d78b787ec34892b5aaa0c7a146155f/clubes_2026/silhuetas/COR/FORMATO.png,19,0.84,Matheus Pereira da Silva,0.0,4,2.87,28,matheus-pereira,6,-0.08,,2.0,,,,9.0,13.0,2.0,5.0,4.0,,,,,,,,,,
Arthur Melo,A. Melo,90532,SAN,277,0,True,https://s3.glbimg.com/v1/AUTH_58d78b787ec34892b5aaa0c7a146155f/clubes_2026/silhuetas/SAN/FORMATO.png,13,3.01,Arthur Henrique Ramos de Oliveira Melo,0.2,4,7.22,28,arthur-melo,6,-0.73,,1.0,,,,15.0,9.0,,1.0,39.0,,,,,,,,,,
Caíque,Caíque,90588,VIT,287,0,True,https://s3.glbimg.com/v1/AUTH_58d78b787ec34892b5aaa0c7a146155f/clubes_2026/silhuetas/VIT/FORMATO.png,21,2.62,Caique de Jesus Gonçalves,3.0,4,4.77,28,caique,7,0.11,,5.0,,,,35.0,21.0,1.0,2.0,24.0,,,,,,1.0,,,,
Matheuzinho,Matheuzinho,90703,VIT,287,0,True,https://s3.glbimg.com/v1/AUTH_58d78b787ec34892b5aaa0c7a146155f/clubes_2026/silhuetas/VIT/FORMATO.png,23,3.6,Matheus Martins Fogaça de Paulo,9.8,4,6.75,28,matheuzinho,6,1.01,2.0,3.0,,,,12.0,11.0,14.0,14.0,33.0,,2.0,,,2.0,,,1.0,,
Fabrício Bruno,F. Bruno,90768,CRU,283,0,True,https://s3.glbimg.com/v1/AUTH_58d78b787ec34892b5aaa0c7a146155f/clubes_2026/silhuetas/CRU/FORMATO.png,24,1.81,Fabrício Bruno Soares de Faria,0.0,3,5.48,28,fabricio-bruno,2,0.23,,8.0,,,,19.0,14.0,4.0,4.0,6.0,,,1.0,,,1.0,,,4.0,
Carlos Eduardo,C. Eduardo,90917,MIR,2305,0,True,https://s3.glbimg.com/v1/AUTH_58d78b787ec34892b5aaa0c7a146155f/clubes_2026/silhuetas/MIR/FORMATO.png,15,2.63,Carlos Eduardo Ferreira de Souza,0.0,5,4.42,28,carlos-eduardo,6,-0.3,1.0,1.0,,,,9.0,9.0,2.0,7.0,16.0,,1.0,,,5.0,,,1.0,,
Ronaldo,Ronaldo,91101,BAH,265,0,True,https://s3.glbimg.com/v1/AUTH_58d78b787ec34892b5aaa0c7a146155f/clubes_2026/silhuetas/BAH/FORMATO.png,18,5.03,Ronaldo de Oliveira Strada,5.8,1,8.01,28,ronaldo,7,0.5,,2.0,,59.0,,1.0,,,,1.0,,,,16.0,,,,,6.0,
Fernandinho,Fernandinho,91130,MIR,2305,0,False,https://s3.glbimg.com/v1/AUTH_58d78b787ec34892b5aaa0c7a146155f/clubes_2026/silhuetas/MIR/FORMATO.png,7,1.79,Fernando José Marques Maciel,0.0,5,3.53,28,fernandinho,6,0.0,,1.0,,,,7.0,8.0,1.0,1.0,7.0,,,,,1.0,,,,,
Kaio,Kaio,91158,BOT,263,0,False,https://s3.glbimg.com/v1/AUTH_58d78b787ec34892b5aaa0c7a146155f/clubes_2026/silhuetas/BOT/FORMATO.png,0,0.0,Kaio Fernando da Silva Pantaleão,0.0,3,7.0,28,kaio,5,0.0,,,,,,,,,,,,,,,,,,,,
Warleson,Warleson,91204,BOT,263,0,False,https://s3.glbimg.com/v1/AUTH_58d78b787ec34892b5aaa0c7a146155f/clubes_2026/silhuetas/BOT/FORMATO.png,3,5.67,Warleson Steillon Lisboa Oliveira - Stellion,0.0,1,6.12,28,warleson,6,0.0,,1.0,,10.0,,,,,,4.0,,,,2.0,,,,,1.0,
Erick Pulgar,E. Pulgar,91473,FLA,262,0,False,https://s3.glbimg.com/v1/AUTH_58d78b787ec34892b5aaa0c7a146155f/clubes_2026/silhuetas/FLA/FORMATO.png,16,2.94,Erick Antonio Pulgar Farfán,0.0,4,6.4,28,erick-pulgar,7,0.0,,6.0,1.0,,,29.0,20.0,1.0,1.0,11.0,1.0,1.0,,,,,,,,
Arboleda,Arboleda,91573,SAO,276,0,True,https://s3.glbimg.com/v1/AUTH_58d78b787ec34892b5aaa0c7a146155f/clubes_2026/silhuetas/SAO/FORMATO.png,14,4.21,Robert Abel Arboleda Escobar,7.0,3,8.96,28,arboleda,7,0.26,,1.0,,,,24.0,7.0,2.0,1.0,6.0,,,,,2.0,,,,4.0,
R. Rústico,R. Rústico,91607,SAN,277,0,True,https://s3.glbimg.com/v1/AUTH_58d78b787ec34892b5aaa0c7a146155f/clubes_2026/silhuetas/SAN/FORMATO.png,20,2.72,Ronielson da Silva Barbosa,15.6,5,7.01,28,r-rustico,7,1.88,,4.0,,,,21.0,25.0,3.0,11.0,30.0,,1.0,,,9.0,,,,,
Paulinho,Paulinho,91626,BOT,263,0,False,https://s3.glbimg.com/v1/AUTH_58d78b787ec34892b5aaa0c7a146155f/clubes_2026/silhuetas/BOT/FORMATO.png,2,-0.15,Paulo Victor da Silva,0.0,2,3.83,28,paulinho,6,0.0,,,,,,,1.0,,,,,,,,,,,,,
Marlon,Marlon,91706,GRE,284,0,False,https://s3.glbimg.com/v1/AUTH_58d78b787ec34892b5aaa0c7a146155f/clubes_2026/silhuetas/GRE/FORMATO.png,10,4.68,Marlon Rodrigues Xavier,0.0,2,8.13,28,marlon,5,0.0,1.0,3.0,,,,17.0,12.0,2.0,2.0,12.0,,1.0,,,1.0,,,,1.0,
David Duarte,D. Duarte,91772,BAH,265,0,True,https://s3.glbimg.com/v1/AUTH_58d78b787ec34892b5aaa0c7a146155f/clubes_2026/silhuetas/BAH/FORMATO.png,20,3.94,David de Duarte Macedo,4.7,3,6.33,28,david-duarte,7,0.49,,4.0,,,,24.0,16.0,4.0,5.0,8.0,1.0,3.0,1.0,,2.0,,,,3.0,
Zé Ivaldo,Z. Ivaldo,91866,REM,364,0,False,https://s3.glbimg.com/v1/AUTH_58d78b787ec34892b5aaa0c7a146155f/clubes_2026/silhuetas/REM/FORMATO.png,9,2.49,José Ivaldo Almeida Silva,0.0,3,5.52,28,ze-ivaldo,6,0.0,,3.0,,,,11.0,3.0,3.0,4.0,4.0,,,1.0,,,1.0,,,1.0,
Pavón,Pavón,91908,GRE,284,0,True,https://s3.glbimg.com/v1/AUTH_58d78b787ec34892b5aaa0c7a146155f/clubes_2026/silhuetas/GRE/FORMATO.png,23,4.24,Cristian David Pavón,2.4,5,6.29,28,pavon,7,0.09,3.0,6.0,,,,39.0,16.0,6.0,4.0,11.0,1.0,2.0,,,4.0,,,,,
Lyanco,Lyanco,92087,CAM,282,0,False,https://s3.glbimg.com/v1/AUTH_58d78b787ec34892b5aaa0c7a146155f/clubes_2026/silhuetas/CAM/FORMATO.png,9,3.04,Lyanco Evangelista Silveira Neves Vojnovic,0.0,3,7.8,28,lyanco,7,0.0,,2.0,1.0,,,10.0,10.0,,3.0,6.0,,,,,,,,,3.0,
Arthur Cabral,A. Cabral,92171,BOT,263,0,True,https://s3.glbimg.com/v1/AUTH_58d78b787ec34892b5aaa0c7a146155f/clubes_2026/silhuetas/BOT/FORMATO.png,20,5.63,Arthur Mendonça Cabral,3.5,5,9.48,28,arthur-cabral,7,0.37,1.0,3.0,1.0,,,14.0,31.0,14.0,21.0,25.0,,7.0,,,3.0,,,,,
Jair Ventura,J. Ventura,92180,VIT,287,0,True,https://s3.glbimg.com/v1/AUTH_58d78b787ec34892b5aaa0c7a146155f/clubes_2026/silhuetas/VIT/FORMATO.png,25,5.3,Jair Ventura,5.42,6,8.57,28,jair-ventura,7,-0.12,,,,,,,,,,,,,,,,,,,,8.0
Juninho,Juninho,92182,INT,285,0,False,https://s3.glbimg.com/v1/AUTH_58d78b787ec34892b5aaa0c7a146155f/clubes_2026/silhuetas/INT/FORMATO.png,9,2.77,José Carlos Ferreira Júnior,0.0,3,4.97,28,juninho,6,0.0,,,,,,5.0,,,3.0,,,,,,,,,,3.0,
Odair Hellmann,O. Hellmann,92273,CAP,293,0,True,https://s3.glbimg.com/v1/AUTH_58d78b787ec34892b5aaa0c7a146155f/clubes_2026/silhuetas/CAP/FORMATO.png,25,5.96,Odair Hellmann,6.96,6,9.18,28,odair-hellmann,7,0.36,,,,,,,,,,,,,,,,,,,,13.0
André Ramalho,A. Ramalho,92440,COR,264,0,False,https://s3.glbimg.com/v1/AUTH_58d78b787ec34892b5aaa0c7a146155f/clubes_2026/silhuetas/COR/FORMATO.png,6,2.55,André Ramalho Silva,0.0,3,5.73,28,andre-ramalho,5,0.0,,4.0,,,,4.0,5.0,,1.0,8.0,,,,,,,,,2.0,
Renato Kayzer,R. Kayzer,92696,VIT,287,0,True,https://s3.glbimg.com/v1/AUTH_58d78b787ec34892b5aaa0c7a146155f/clubes_2026/silhuetas/VIT/FORMATO.png,17,2.61,Renato Kayzer de Souza,0.0,5,5.81,28,renato-kayzer,6,-0.2,1.0,2.0,,,,7.0,16.0,3.0,5.0,10.0,,3.0,,,11.0,,,,,
Eduardo Domínguez,E. Domínguez,92747,CAM,282,0,True,https://s3.glbimg.com/v1/AUTH_58d78b787ec34892b5aaa0c7a146155f/clubes_2026/silhuetas/CAM/FORMATO.png,23,5.4,Eduardo Rodrigo Domínguez,5.12,6,10.11,28,eduardo-dominguez,7,-0.45,,,,,,,,,,,,,,,,,,,,11.0
Bruno Rodrigues,B. Rodrigues,92811,CRU,283,0,False,https://s3.glbimg.com/v1/AUTH_58d78b787ec34892b5aaa0c7a146155f/clubes_2026/silhuetas/CRU/FORMATO.png,15,2.4,Bruno Rafael Rodrigues do Nascimento,0.0,5,4.72,28,bruno-rodrigues,6,0.0,2.0,,,,,7.0,8.0,2.0,2.0,13.0,,1.0,,,6.0,,,,,
Ronaldo,Ronaldo,92981,INT,285,0,False,https://s3.glbimg.com/v1/AUTH_58d78b787ec34892b5aaa0c7a146155f/clubes_2026/silhuetas/INT/FORMATO.png,12,1.92,Ronaldo da Silva Souza Guerrero,0.0,4,3.37,28,ronaldo,6,0.0,,2.0,,,,11.0,14.0,,4.0,3.0,,1.0,,,,,,,,
Lucas Veríssimo,L. Veríssimo,93368,SAN,277,0,True,https://s3.glbimg.com/v1/AUTH_58d78b787ec34892b5aaa0c7a146155f/clubes_2026/silhuetas/SAN/FORMATO.png,14,4.39,Lucas Veríssimo da Silva,8.2,3,9.24,28,lucas-verissimo,7,0.46,1.0,3.0,,,,21.0,17.0,1.0,4.0,8.0,,,,,2.0,,,,5.0,
Rodrigo Rodrigues,R. Rodrigues,93371,CFC,294,0,False,https://s3.glbimg.com/v1/AUTH_58d78b787ec34892b5aaa0c7a146155f/clubes_2026/silhuetas/CFC/FORMATO.png,1,-0.9,Rodrigo Rodrigues Silva,0.0,5,3.28,28,rodrigo-rodrigues,6,0.0,,,,,,,3.0,,,,,,,,,,,,,
Wanderson,Wanderson,93478,CRU,283,0,False,https://s3.glbimg.com/v1/AUTH_58d78b787ec34892b5aaa0c7a146155f/clubes_2026/silhuetas/CRU/FORMATO.png,18,1.95,Wanderson Maciel Sousa Campos,0.0,5,3.98,28,wanderson,6,0.0,,,,,,8.0,8.0,3.0,6.0,3.0,,2.0,,,3.0,,,,,
Bruno Tubarão,B. Tubarão,93637,CHA,315,0,False,https://s3.glbimg.com/v1/AUTH_58d78b787ec34892b5aaa0c7a146155f/clubes_2026/silhuetas/CHA/FORMATO.png,1,1.1,Bruno Nunes de Barros,0.0,2,3.17,28,bruno-tubarao,5,0.0,,1.0,,,,1.0,2.0,1.0,,,,,,,,,,,,
Paulo Henrique,P. Henrique,93716,VAS,267,0,True,https://s3.glbimg.com/v1/AUTH_58d78b787ec34892b5aaa0c7a146155f/clubes_2026/silhuetas/VAS/FORMATO.png,19,3.24,Paulo Henrique de Oliveira Alves,7.4,2,7.81,28,paulo-henrique,7,0.74,2.0,5.0,,,,25.0,21.0,2.0,4.0,22.0,,,,,1.0,1.0,,,2.0,
Marlon Freitas,M. Freitas,93790,PAL,275,0,True,https://s3.glbimg.com/v1/AUTH_58d78b787ec34892b5aaa0c7a146155f/clubes_2026/silhuetas/PAL/FORMATO.png,26,2.68,Marlon Rodrigues Freitas,7.3,4,6.3,28,marlon-freitas,7,0.81,1.0,6.0,,,,30.0,26.0,2.0,14.0,2.0,1.0,2.0,,,1.0,,,,,
Keiller,Keiller,93834,CFC,294,0,False,https://s3.glbimg.com/v1/AUTH_58d78b787ec34892b5aaa0c7a146155f/clubes_2026/silhuetas/CFC/FORMATO.png,0,0.0,Keiller da Silva Nunes,0.0,1,4.0,28,keiller,6,0.0,,,,,,,,,,,,,,,,,,,,
Cleiton,Cleiton,93882,RBB,280,0,True,https://s3.glbimg.com/v1/AUTH_58d78b787ec34892b5aaa0c7a146155f/clubes_2026/silhuetas/RBB/FORMATO.png,8,2.24,Cleiton Schwengber,0.0,1,5.9,28,cleiton,2,-0.29,,1.0,,13.0,,,,,,,,,,8.0,,,,,2.0,
Breno Lopes,B. Lopes,93988,CFC,294,0,False,https://s3.glbimg.com/v1/AUTH_58d78b787ec34892b5aaa0c7a146155f/clubes_2026/silhuetas/CFC/FORMATO.png,23,5.02,Breno Henrique Vasconcelos Lopes,0.0,5,8.7,28,breno-lopes,6,0.0,1.0,3.0,,,,15.0,9.0,7.0,7.0,31.0,,8.0,,,11.0,,,1.0,,
Kevin Ramírez,K. Ramírez,94034,CHA,315,0,False,https://s3.glbimg.com/v1/AUTH_58d78b787ec34892b5aaa0c7a146155f/clubes_2026/silhuetas/CHA/FORMATO.png,5,3.18,Kevin Federik Ramírez Dutra,0.0,5,4.21,28,kevin-ramirez,6,0.0,1.0,,,,,3.0,,3.0,1.0,4.0,,,,,,,,,,
Matheus Fernandes,M. Fernandes,94067,RBB,280,0,False,https://s3.glbimg.com/v1/AUTH_58d78b787ec34892b5aaa0c7a146155f/clubes_2026/silhuetas/RBB/FORMATO.png,14,2.78,Matheus Fernandes Siqueira,0.0,4,4.54,28,matheus-fernandes,6,0.0,1.0,2.0,,,,19.0,14.0,1.0,10.0,5.0,,,,,1.0,,,,,
Maycon,Maycon,94154,CAM,282,0,True,https://s3.glbimg.com/v1/AUTH_58d78b787ec34892b5aaa0c7a146155f/clubes_2026/silhuetas/CAM/FORMATO.png,16,2.2,Maycon de Andrade Barberan,-0.1,4,4.81,28,maycon,6,-0.17,,,,,,11.0,12.0,1.0,2.0,7.0,,2.0,,,,,,,,
Léo Duarte,L. Duarte,94214,CAM,282,0,False,https://s3.glbimg.com/v1/AUTH_58d78b787ec34892b5aaa0c7a146155f/clubes_2026/silhuetas/CAM/FORMATO.png,0,0.0,Leonardo Campos Duarte da Silva,0.0,3,5.0,28,leo-duarte,6,0.0,,,,,,,,,,,,,,,,,,,,
Lucas Oliveira,L. Oliveira,94514,MIR,2305,0,False,https://s3.glbimg.com/v1/AUTH_58d78b787ec34892b5aaa0c7a146155f/clubes_2026/silhuetas/MIR/FORMATO.png,10,2.87,Lucas da Cruz Oliveira,0.0,3,4.78,28,lucas-oliveira,6,0.0,,2.0,,,,10.0,3.0,1.0,2.0,2.0,,1.0,,,1.0,,,,1.0,
Pedro,Pedro,94583,FLA,262,0,True,https://s3.glbimg.com/v1/AUTH_58d78b787ec34892b5aaa0c7a146155f/clubes_2026/silhuetas/FLA/FORMATO.png,26,8.3,Pedro Guilherme Abreu dos Santos,9.9,5,16.24,28,pedro,7,0.83,4.0,1.0,,,,18.0,16.0,17.0,15.0,21.0,1.0,16.0,,,5.0,,,1.0,,
Lucas Paquetá,L. Paquetá,94930,FLA,262,0,False,https://s3.glbimg.com/v1/AUTH_58d78b787ec34892b5aaa0c7a146155f/clubes_2026/silhuetas/FLA/FORMATO.png,17,6.5,Lucas Tolentino Coelho de Lima,0.0,4,14.75,28,lucas-paqueta,6,0.0,,3.0,,,,35.0,25.0,6.0,17.0,32.0,,4.0,,,3.0,,,,,
Juninho Capixaba,J. Capixaba,94968,RBB,280,0,False,https://s3.glbimg.com/v1/AUTH_58d78b787ec34892b5aaa0c7a146155f/clubes_2026/silhuetas/RBB/FORMATO.png,23,7.0,Luis Antônio da Rocha Júnior,0.0,2,12.69,28,juninho-capixaba,7,0.0,2.0,12.0,,,,51.0,44.0,5.0,12.0,31.0,2.0,3.0,,,2.0,1.0,,,8.0,
Gabriel Taliari,G. Taliari,95131,REM,364,0,True,https://s3.glbimg.com/v1/AUTH_58d78b787ec34892b5aaa0c7a146155f/clubes_2026/silhuetas/REM/FORMATO.png,16,4.77,Gabriel Pereira Taliari,6.8,5,8.88,28,gabriel-taliari,7,0.5,,1.0,,,,13.0,24.0,6.0,13.0,28.0,,4.0,,,5.0,,,2.0,,
Marcinho,Marcinho,95332,CHA,315,0,True,https://s3.glbimg.com/v1/AUTH_58d78b787ec34892b5aaa0c7a146155f/clubes_2026/silhuetas/CHA/FORMATO.png,25,4.22,Márcio Antônio de Sousa Júnior,2.7,5,5.09,28,marcinho,7,-0.76,2.0,2.0,,,,24.0,17.0,6.0,12.0,20.0,,5.0,,,4.0,,,,,
Cassierra,Cassierra,95362,CAM,282,0,True,https://s3.glbimg.com/v1/AUTH_58d78b787ec34892b5aaa0c7a146155f/clubes_2026/silhuetas/CAM/FORMATO.png,21,2.5,Zander Mateo Casierra Cabezas,11.2,5,6.61,28,cassierra,7,1.56,1.0,1.0,,,,3.0,11.0,6.0,7.0,10.0,2.0,3.0,,,4.0,,,,,
Igor Vinícius,I. Vinícius,95466,SAN,277,0,False,https://s3.glbimg.com/v1/AUTH_58d78b787ec34892b5aaa0c7a146155f/clubes_2026/silhuetas/SAN/FORMATO.png,18,6.39,Igor Vinícius de Souza,0.0,2,9.65,28,igor-vinicius,6,0.0,1.0,4.0,,,,53.0,21.0,2.0,,17.0,,,,,,,,,6.0,
Gustavo Cazonatti,G. Cazonatti,95541,MIR,2305,0,False,https://s3.glbimg.com/v1/AUTH_58d78b787ec34892b5aaa0c7a146155f/clubes_2026/silhuetas/MIR/FORMATO.png,6,2.33,Gustavo Cazonatti,0.0,4,3.42,28,gustavo-cazonatti,5,0.0,,1.0,,,,8.0,4.0,1.0,,6.0,,,,,,,,,,
Raniele,Raniele,95556,COR,264,0,True,https://s3.glbimg.com/v1/AUTH_58d78b787ec34892b5aaa0c7a146155f/clubes_2026/silhuetas/COR/FORMATO.png,22,4.57,Raniele Almeida Melo,6.7,4,8.19,28,raniele,7,-0.04,,6.0,,,,46.0,33.0,2.0,13.0,32.0,1.0,2.0,,,1.0,,,,,
Artur,Artur,95799,SAO,276,0,True,https://s3.glbimg.com/v1/AUTH_58d78b787ec34892b5aaa0c7a146155f/clubes_2026/silhuetas/SAO/FORMATO.png,22,5.04,Artur Victor Guimarães,3.3,5,8.65,28,artur,7,0.05,3.0,1.0,,,,19.0,9.0,15.0,18.0,28.0,,3.0,,,1.0,,,1.0,,
Daniel Fuzato,D. Fuzato,95936,VAS,267,0,False,https://s3.glbimg.com/v1/AUTH_58d78b787ec34892b5aaa0c7a146155f/clubes_2026/silhuetas/VAS/FORMATO.png,0,-1.0,Daniel Cerântula Fuzato,0.0,1,1.59,28,daniel-fuzato,6,0.0,,1.0,,,,,,,,,,,,,,,,,,
Lima,Lima,96340,SAN,277,0,True,https://s3.glbimg.com/v1/AUTH_58d78b787ec34892b5aaa0c7a146155f/clubes_2026/silhuetas/SAN/FORMATO.png,4,-0.35,Vinícius Moreira de Lima,-0.6,4,2.99,28,lima,6,-0.7,,1.0,,,,,3.0,,,1.0,,,,,,,,,,
Charles,Charles,96342,COR,264,0,False,https://s3.glbimg.com/v1/AUTH_58d78b787ec34892b5aaa0c7a146155f/clubes_2026/silhuetas/COR/FORMATO.png,4,2.25,Charles Rigon Mattos,0.0,4,4.49,28,charles,6,0.0,,1.0,,,,6.0,3.0,,,4.0,,,,,1.0,,,,,
Renan Lodi,R. Lodi,96591,CAM,282,0,True,https://s3.glbimg.com/v1/AUTH_58d78b787ec34892b5aaa0c7a146155f/clubes_2026/silhuetas/CAM/FORMATO.png,23,4.98,Renan Augusto Lodi dos Santos,0.5,2,9.29,28,renan-lodi,7,-0.46,3.0,4.0,1.0,,,26.0,37.0,6.0,16.0,50.0,1.0,,,,6.0,,,1.0,6.0,
Matheus Pereira,M. Pereira,96610,CRU,283,0,True,https://s3.glbimg.com/v1/AUTH_58d78b787ec34892b5aaa0c7a146155f/clubes_2026/silhuetas/CRU/FORMATO.png,25,7.46,Matheus Fellipe Costa Pereira,9.0,4,14.51,28,matheus-pereira,7,-0.79,4.0,9.0,,,,23.0,40.0,12.0,28.0,86.0,1.0,9.0,,,6.0,,1.0,3.0,,
Allan,Allan,96652,COR,264,0,False,https://s3.glbimg.com/v1/AUTH_58d78b787ec34892b5aaa0c7a146155f/clubes_2026/silhuetas/COR/FORMATO.png,20,1.74,Allan Rodrigues de Souza,0.0,4,3.12,28,allan,7,0.0,1.0,4.0,1.0,,,21.0,22.0,3.0,4.0,10.0,,,,,,,,,,
Bustos,Bustos,96678,CFC,294,0,True,https://s3.glbimg.com/v1/AUTH_58d78b787ec34892b5aaa0c7a146155f/clubes_2026/silhuetas/CFC/FORMATO.png,1,-0.3,Fabricio Tomás Bustos Sein,-0.3,2,4.3,28,bustos,6,-0.7,,,,,,,1.0,,,,,,,,,,,,,
Camutanga,Camutanga,96793,VIT,287,0,False,https://s3.glbimg.com/v1/AUTH_58d78b787ec34892b5aaa0c7a146155f/clubes_2026/silhuetas/VIT/FORMATO.png,7,3.95,Cleidson Andrade de Souza Silva,0.0,3,6.71,28,camutanga,5,0.0,,,,,,8.0,2.0,1.0,2.0,3.0,,,1.0,,,,,,3.0,
Emerson Royal,E. Royal,96870,FLA,262,0,False,https://s3.glbimg.com/v1/AUTH_58d78b787ec34892b5aaa0c7a146155f/clubes_2026/silhuetas/FLA/FORMATO.png,12,5.63,Emerson Aparecido Leite de Souza Júnior,0.0,2,7.96,28,emerson-royal,7,0.0,1.0,,,,,18.0,13.0,1.0,1.0,5.0,,,,,2.0,,,,7.0,
Carlos Cuesta,C. Cuesta,97095,VAS,267,0,False,https://s3.glbimg.com/v1/AUTH_58d78b787ec34892b5aaa0c7a146155f/clubes_2026/silhuetas/VAS/FORMATO.png,15,1.51,Carlos Eccehomo Cuesta Figueroa,0.0,3,4.47,28,carlos-cuesta,7,0.0,1.0,1.0,1.0,,,9.0,21.0,,3.0,6.0,1.0,,1.0,,,1.0,,,2.0,
Gabriel Rojas,G. Rojas,97101,CRU,283,0,True,https://s3.glbimg.com/v1/AUTH_58d78b787ec34892b5aaa0c7a146155f/clubes_2026/silhuetas/CRU/FORMATO.png,8,2.85,Gabriel Hernán Rojas,2.6,2,6.0,28,gabriel-rojas,7,-0.06,,1.0,,,,11.0,12.0,1.0,1.0,8.0,,,,,1.0,,,,1.0,
Dudu,Dudu,97133,CHA,315,0,True,https://s3.glbimg.com/v1/AUTH_58d78b787ec34892b5aaa0c7a146155f/clubes_2026/silhuetas/CHA/FORMATO.png,1,6.5,Luís Eduardo Marques dos Santos,6.5,2,5.98,28,dudu,7,1.98,1.0,,,,,1.0,,,,,,,,,,,,,,
Villasanti,Villasanti,97145,GRE,284,0,True,https://s3.glbimg.com/v1/AUTH_58d78b787ec34892b5aaa0c7a146155f/clubes_2026/silhuetas/GRE/FORMATO.png,7,4.46,Mathías Adalberto Villasanti Rolón,5.6,4,7.11,28,villasanti,7,-1.35,,1.0,,,,14.0,10.0,2.0,1.0,6.0,,1.0,,,,,,,,
Alesson,Alesson,97321,MIR,2305,0,False,https://s3.glbimg.com/v1/AUTH_58d78b787ec34892b5aaa0c7a146155f/clubes_2026/silhuetas/MIR/FORMATO.png,22,4.54,Alesson dos Santos Batista,0.0,5,8.05,28,alesson,7,0.0,3.0,2.0,,,,34.0,21.0,13.0,10.0,33.0,1.0,,,,9.0,,,,,
Rogério Ceni,R. Ceni,97341,BAH,265,0,True,https://s3.glbimg.com/v1/AUTH_58d78b787ec34892b5aaa0c7a146155f/clubes_2026/silhuetas/BAH/FORMATO.png,27,5.72,Rogério Mücke Ceni,4.16,6,10.23,28,rogerio-ceni,7,-0.36,,,,,,,,,,,,,,,,,,,,11.0
Victor Caetano,V. Caetano,97432,CHA,315,0,False,https://s3.glbimg.com/v1/AUTH_58d78b787ec34892b5aaa0c7a146155f/clubes_2026/silhuetas/CHA/FORMATO.png,8,1.48,Victor Henrique Carvalho Caetano,0.0,3,3.16,28,victor-caetano,6,0.0,,3.0,,,,11.0,7.0,,,1.0,,,,,1.0,,,,,
Gustavo Mosquito,G. Mosquito,97450,MIR,2305,0,False,https://s3.glbimg.com/v1/AUTH_58d78b787ec34892b5aaa0c7a146155f/clubes_2026/silhuetas/MIR/FORMATO.png,6,3.12,Gustavo Henric da Silva,0.0,5,4.99,28,gustavo-mosquito,6,0.0,,,,,,2.0,1.0,3.0,2.0,6.0,,1.0,,,2.0,,,,,
João Victor,J. Victor,97460,MIR,2305,0,True,https://s3.glbimg.com/v1/AUTH_58d78b787ec34892b5aaa0c7a146155f/clubes_2026/silhuetas/MIR/FORMATO.png,24,3.08,João Victor Carroll Santana - Caroll,8.0,3,5.72,28,joao-victor,7,0.67,1.0,2.0,,,,28.0,11.0,3.0,3.0,7.0,,2.0,1.0,,2.0,,,,2.0,
Marçal,Marçal,97468,BOT,263,0,False,https://s3.glbimg.com/v1/AUTH_58d78b787ec34892b5aaa0c7a146155f/clubes_2026/silhuetas/BOT/FORMATO.png,7,3.33,Fernando Marçal de Oliveira,0.0,2,7.03,28,marcal,6,0.0,,3.0,1.0,,,8.0,13.0,3.0,2.0,2.0,,,,,,,,,3.0,
Shaylon,Shaylon,97520,MIR,2305,0,True,https://s3.glbimg.com/v1/AUTH_58d78b787ec34892b5aaa0c7a146155f/clubes_2026/silhuetas/MIR/FORMATO.png,18,1.87,Shaylon Kallyson Cardozo - Cardoso,3.0,4,3.98,28,shaylon,6,-0.37,1.0,2.0,,,,14.0,15.0,2.0,2.0,4.0,,1.0,,,,,,,,
Félix Torres,F. Torres,97642,INT,285,0,False,https://s3.glbimg.com/v1/AUTH_58d78b787ec34892b5aaa0c7a146155f/clubes_2026/silhuetas/INT/FORMATO.png,19,3.75,Félix Eduardo Torres Caicedo,0.0,3,5.18,28,felix-torres,6,0.0,,3.0,,,,28.0,16.0,2.0,5.0,6.0,,1.0,,,1.0,,,,4.0,
Thiago Couto,T. Couto,97645,VIT,287,0,False,https://s3.glbimg.com/v1/AUTH_58d78b787ec34892b5aaa0c7a146155f/clubes_2026/silhuetas/VIT/FORMATO.png,0,0.0,Thiago Couto Wenceslau,0.0,1,3.0,28,thiago-couto,6,0.0,,,,,,,,,,,,,,,,,,,,
Murilo,Murilo,97653,PAL,275,0,False,https://s3.glbimg.com/v1/AUTH_58d78b787ec34892b5aaa0c7a146155f/clubes_2026/silhuetas/PAL/FORMATO.png,23,3.87,Murilo Cerqueira Paim,0.0,3,8.11,28,murilo,7,0.0,1.0,3.0,1.0,,,21.0,32.0,6.0,3.0,5.0,,2.0,,,,,,,8.0,
Marcelinho,Marcelinho,97795,REM,364,0,True,https://s3.glbimg.com/v1/AUTH_58d78b787ec34892b5aaa0c7a146155f/clubes_2026/silhuetas/REM/FORMATO.png,23,5.07,Marcelo Rodrigues Souza,4.3,2,6.23,28,marcelinho,7,0.17,2.0,3.0,,,,27.0,8.0,7.0,16.0,33.0,1.0,2.0,,,2.0,,,,3.0,
Erick,Erick,97810,VIT,287,0,True,https://s3.glbimg.com/v1/AUTH_58d78b787ec34892b5aaa0c7a146155f/clubes_2026/silhuetas/VIT/FORMATO.png,23,4.18,Erick de Arruda Serafim,5.4,5,8.14,28,erick,7,-0.04,5.0,2.0,,,,6.0,12.0,8.0,11.0,43.0,1.0,3.0,,,2.0,,,1.0,,
Léo Ortiz,L. Ortiz,97867,FLA,262,0,True,https://s3.glbimg.com/v1/AUTH_58d78b787ec34892b5aaa0c7a146155f/clubes_2026/silhuetas/FLA/FORMATO.png,22,4.12,Leonardo Rech Ortiz,1.7,3,8.31,28,leo-ortiz,7,-0.5,,,,,,17.0,14.0,,3.0,6.0,2.0,1.0,,,1.0,,,,10.0,
Iago,Iago,97868,SAO,276,0,True,https://s3.glbimg.com/v1/AUTH_58d78b787ec34892b5aaa0c7a146155f/clubes_2026/silhuetas/SAO/FORMATO.png,10,4.54,Iago Amaral Borduchi,5.5,2,6.24,28,iago,7,0.2,,,,,,10.0,8.0,2.0,1.0,7.0,1.0,1.0,,,,,,,3.0,
Jacy,Jacy,97878,CFC,294,0,False,https://s3.glbimg.com/v1/AUTH_58d78b787ec34892b5aaa0c7a146155f/clubes_2026/silhuetas/CFC/FORMATO.png,23,3.99,Jacy Maranhão Oliveira,0.0,3,5.43,28,jacy,2,0.0,,2.0,1.0,,,38.0,16.0,,8.0,21.0,,1.0,,,1.0,,,,4.0,
Matheus Bahia,M. Bahia,97899,INT,285,0,True,https://s3.glbimg.com/v1/AUTH_58d78b787ec34892b5aaa0c7a146155f/clubes_2026/silhuetas/INT/FORMATO.png,18,4.13,Matheus Bahia Santos,2.1,2,6.67,28,matheus-bahia,6,0.62,2.0,4.0,1.0,,,31.0,19.0,1.0,1.0,20.0,,,,,4.0,1.0,,,4.0,
Vitão,Vitão,97900,FLA,262,0,False,https://s3.glbimg.com/v1/AUTH_58d78b787ec34892b5aaa0c7a146155f/clubes_2026/silhuetas/FLA/FORMATO.png,9,2.37,Vitor Eduardo da Silva Matos,0.0,3,6.62,28,vitao,6,0.0,,2.0,,,,2.0,6.0,,2.0,1.0,,,,,,,,,4.0,
Matheus Aurélio,M. Aurélio,97905,CHA,315,0,False,https://s3.glbimg.com/v1/AUTH_58d78b787ec34892b5aaa0c7a146155f/clubes_2026/silhuetas/CHA/FORMATO.png,2,1.7,Matheus Aurélio Palhares Guimarães,0.0,1,2.61,28,matheus-aurelio,6,0.0,,1.0,,8.0,,,,,,,,,,6.0,,,,,,
Riccieli,Riccieli,97906,VIT,287,0,False,https://s3.glbimg.com/v1/AUTH_58d78b787ec34892b5aaa0c7a146155f/clubes_2026/silhuetas/VIT/FORMATO.png,2,3.5,Riccieli Eduardo da Silva Júnior,0.0,3,4.85,28,riccieli,6,0.0,,,,,,1.0,1.0,,1.0,,,,,,,,,,1.0,
Lucas Silva,L. Silva,97911,VIT,287,0,True,https://s3.glbimg.com/v1/AUTH_58d78b787ec34892b5aaa0c7a146155f/clubes_2026/silhuetas/VIT/FORMATO.png,4,0.5,Lucas Rodrigues da Silva,2.5,5,2.85,28,lucas-silva,6,0.05,,1.0,,,,1.0,,,,3.0,,,,,,,,,,
Erick,Erick,98022,BAH,265,0,True,https://s3.glbimg.com/v1/AUTH_58d78b787ec34892b5aaa0c7a146155f/clubes_2026/silhuetas/BAH/FORMATO.png,20,4.55,Erick Luis Conrado de Carvalho,3.8,4,6.7,28,erick,6,-1.01,,6.0,,,,32.0,23.0,2.0,8.0,19.0,2.0,4.0,,,1.0,,,,,
Jáderson,Jáderson,98224,REM,364,0,True,https://s3.glbimg.com/v1/AUTH_58d78b787ec34892b5aaa0c7a146155f/clubes_2026/silhuetas/REM/FORMATO.png,12,0.78,Jaderson Flores dos Reis,0.0,4,2.35,28,jaderson,6,-0.09,,,,,,4.0,3.0,,1.0,7.0,,,,,,,,,,
Pedro Raul,P. Raul,98225,COR,264,0,True,https://s3.glbimg.com/v1/AUTH_58d78b787ec34892b5aaa0c7a146155f/clubes_2026/silhuetas/COR/FORMATO.png,14,1.17,Pedro Raul Garay da Silva,-0.4,5,2.87,28,pedro-raul,6,-0.42,,1.0,,,,3.0,10.0,3.0,2.0,6.0,,1.0,,,4.0,,,,,
Gabriel Batista,G. Batista,98333,BOT,263,0,True,https://s3.glbimg.com/v1/AUTH_58d78b787ec34892b5aaa0c7a146155f/clubes_2026/silhuetas/BOT/FORMATO.png,5,5.18,Gabriel Batista de Souza,4.5,1,5.72,28,gabriel-batista,7,-0.17,,,,23.0,,,,,,,,,,9.0,,,,,1.0,
Negueba,Negueba,98384,MIR,2305,0,False,https://s3.glbimg.com/v1/AUTH_58d78b787ec34892b5aaa0c7a146155f/clubes_2026/silhuetas/MIR/FORMATO.png,8,5.23,Luiz Henrique Soares Firmino,0.0,5,8.57,28,negueba,5,0.0,,4.0,,,,15.0,5.0,3.0,6.0,17.0,,1.0,,,,,,,,
Kanu,Kanu,98484,BAH,265,0,True,https://s3.glbimg.com/v1/AUTH_58d78b787ec34892b5aaa0c7a146155f/clubes_2026/silhuetas/BAH/FORMATO.png,5,0.94,Victor Hugo Soares dos Santos,1.7,3,3.14,28,kanu,7,-0.08,,2.0,,,,1.0,6.0,1.0,,2.0,,,,,2.0,,,,1.0,
Jean Lucas,J. Lucas,98517,BAH,265,0,True,https://s3.glbimg.com/v1/AUTH_58d78b787ec34892b5aaa0c7a146155f/clubes_2026/silhuetas/BAH/FORMATO.png,23,5.38,Jean Lucas de Souza Oliveira,0.0,4,8.85,28,jean-lucas,7,-1.47,3.0,3.0,,,,41.0,34.0,3.0,11.0,20.0,2.0,4.0,,,1.0,,,,,
Maripán,Maripán,98617,INT,285,0,True,https://s3.glbimg.com/v1/AUTH_58d78b787ec34892b5aaa0c7a146155f/clubes_2026/silhuetas/INT/FORMATO.png,9,1.76,Guillermo Alfonso Maripán Loaysa,-1.7,3,3.53,28,maripan,7,-0.5,,2.0,,,,5.0,14.0,1.0,3.0,4.0,,,,,1.0,1.0,,,2.0,
Savarino,Savarino,98672,FLU,266,0,False,https://s3.glbimg.com/v1/AUTH_58d78b787ec34892b5aaa0c7a146155f/clubes_2026/silhuetas/FLU/FORMATO.png,19,4.46,Jefferson David Savarino Quintero,0.0,4,8.98,28,savarino,6,0.0,2.0,2.0,,,,8.0,6.0,10.0,15.0,14.0,4.0,3.0,,,6.0,,,,,
Angileri,Angileri,98720,COR,264,0,False,https://s3.glbimg.com/v1/AUTH_58d78b787ec34892b5aaa0c7a146155f/clubes_2026/silhuetas/COR/FORMATO.png,10,4.09,Fabrizio Germán Angileri - Fabricio,0.0,2,5.32,28,angileri,6,0.0,,3.0,,,,11.0,6.0,,4.0,6.0,,1.0,,,,,,,3.0,
Samuel Lino,S. Lino,98873,FLA,262,0,False,https://s3.glbimg.com/v1/AUTH_58d78b787ec34892b5aaa0c7a146155f/clubes_2026/silhuetas/FLA/FORMATO.png,25,8.64,Samuel Dias Lino,0.0,5,12.45,28,samuel-lino,7,0.0,7.0,3.0,,,,41.0,23.0,12.0,19.0,44.0,2.0,9.0,,,4.0,,,,,
Cuello,Cuello,98909,CAM,282,0,True,https://s3.glbimg.com/v1/AUTH_58d78b787ec34892b5aaa0c7a146155f/clubes_2026/silhuetas/CAM/FORMATO.png,23,6.64,Tomás Esteban Cuello,7.2,5,9.91,28,cuello,7,-1.13,2.0,2.0,,,,35.0,21.0,9.0,24.0,36.0,4.0,5.0,,,16.0,,,,,
Viña,Viña,98974,CRU,283,0,False,https://s3.glbimg.com/v1/AUTH_58d78b787ec34892b5aaa0c7a146155f/clubes_2026/silhuetas/CRU/FORMATO.png,0,0.0,Matías Nicolás Viña Susperreguy,0.0,2,5.0,28,vina,6,0.0,,,,,,,,,,,,,,,,,,,,
Elias,Elias,99034,MIR,2305,0,False,https://s3.glbimg.com/v1/AUTH_58d78b787ec34892b5aaa0c7a146155f/clubes_2026/silhuetas/MIR/FORMATO.png,1,1.8,Elias Lira Nogueira Júnior,0.0,2,3.41,28,elias,6,0.0,,1.0,,,,2.0,4.0,,,2.0,,,,,,,,,,
Puma Rodríguez,P. Rodríguez,99213,VAS,267,0,False,https://s3.glbimg.com/v1/AUTH_58d78b787ec34892b5aaa0c7a146155f/clubes_2026/silhuetas/VAS/FORMATO.png,17,4.16,José Luis Rodríguez Bebanz,0.0,2,6.92,28,puma-rodriguez,6,0.0,4.0,3.0,,,,12.0,5.0,6.0,7.0,1.0,1.0,2.0,,,1.0,,,,1.0,
De la Cruz,D. Cruz,99228,FLA,262,0,True,https://s3.glbimg.com/v1/AUTH_58d78b787ec34892b5aaa0c7a146155f/clubes_2026/silhuetas/FLA/FORMATO.png,11,0.75,Diego Nicolás de la Cruz Arcosa,0.0,4,4.3,28,de-la-cruz,6,-0.11,,3.0,,,,4.0,8.0,,2.0,12.0,,,,,,,,,,
Pochettino,Pochettino,99267,VIT,287,0,False,https://s3.glbimg.com/v1/AUTH_58d78b787ec34892b5aaa0c7a146155f/clubes_2026/silhuetas/VIT/FORMATO.png,8,2.3,Tomás Pochettino,0.0,4,5.0,28,pochettino,6,0.0,,,,,,6.0,2.0,3.0,3.0,2.0,1.0,,,,,,,,,
Alexander Barboza,A. Barboza,99274,PAL,275,0,True,https://s3.glbimg.com/v1/AUTH_58d78b787ec34892b5aaa0c7a146155f/clubes_2026/silhuetas/PAL/FORMATO.png,17,5.3,Alexander Nahuel Barboza Ullúa,6.7,3,10.36,28,alexander-barboza,7,0.03,2.0,6.0,2.0,,,37.0,30.0,5.0,7.0,2.0,,1.0,,,,,,,5.0,
Baralhas,Baralhas,99440,VIT,287,0,False,https://s3.glbimg.com/v1/AUTH_58d78b787ec34892b5aaa0c7a146155f/clubes_2026/silhuetas/VIT/FORMATO.png,15,5.24,Gabriel Baralhas dos Santos,0.0,4,9.25,28,baralhas,5,0.0,2.0,4.0,,,,31.0,26.0,1.0,9.0,19.0,,2.0,,,,,,,,
Ziyech,Ziyech,99520,BOT,263,0,True,https://s3.glbimg.com/v1/AUTH_58d78b787ec34892b5aaa0c7a146155f/clubes_2026/silhuetas/BOT/FORMATO.png,1,1.2,Hakim Ziyech,1.2,4,9.27,28,ziyech,6,-0.73,,,,,,,,1.0,,,,,,,,,,,,
Rossi,Rossi,99552,FLA,262,0,True,https://s3.glbimg.com/v1/AUTH_58d78b787ec34892b5aaa0c7a146155f/clubes_2026/silhuetas/FLA/FORMATO.png,26,4.85,Agustín Daniel Rossi,4.2,1,8.43,28,rossi,7,0.57,,,,71.0,,,,,,2.0,,,,22.0,,,,,11.0,
Brenner,Brenner,99789,VAS,267,0,False,https://s3.glbimg.com/v1/AUTH_58d78b787ec34892b5aaa0c7a146155f/clubes_2026/silhuetas/VAS/FORMATO.png,14,2.9,Brenner Souza da Silva,0.0,5,6.94,28,brenner,5,0.0,,1.0,,,,8.0,4.0,5.0,7.0,11.0,2.0,1.0,,,3.0,,,,,
Arias,Arias,99815,PAL,275,0,True,https://s3.glbimg.com/v1/AUTH_58d78b787ec34892b5aaa0c7a146155f/clubes_2026/silhuetas/PAL/FORMATO.png,22,6.92,Jhon Adolfo Arias Andrade,3.3,4,13.53,28,arias,7,-0.24,3.0,4.0,,,,48.0,25.0,9.0,16.0,37.0,1.0,4.0,,,4.0,,,,,
Paulinho,Paulinho,99818,PAL,275,0,False,https://s3.glbimg.com/v1/AUTH_58d78b787ec34892b5aaa0c7a146155f/clubes_2026/silhuetas/PAL/FORMATO.png,6,3.42,Paulo Henrique Sampaio Filho,0.0,5,10.37,28,paulinho,5,0.0,,1.0,,,,1.0,1.0,,3.0,4.0,,2.0,,,1.0,,,,,
Igor Gomes,I. Gomes,100084,CAM,282,0,False,https://s3.glbimg.com/v1/AUTH_58d78b787ec34892b5aaa0c7a146155f/clubes_2026/silhuetas/CAM/FORMATO.png,9,1.86,Igor Silveira Gomes,0.0,4,4.51,28,igor-gomes,6,0.0,1.0,1.0,,,,2.0,6.0,1.0,,5.0,,1.0,,,1.0,,,,,
Léo Andrade,L. Andrade,100342,REM,364,0,False,https://s3.glbimg.com/v1/AUTH_58d78b787ec34892b5aaa0c7a146155f/clubes_2026/silhuetas/REM/FORMATO.png,4,2.95,Leonardo de Andrade Silva,0.0,3,4.79,28,leo-andrade,6,0.0,,1.0,,,,9.0,4.0,,,1.0,,,,,,,,,,
Krovinovic,Krovinovic,100596,GRE,284,0,False,https://s3.glbimg.com/v1/AUTH_58d78b787ec34892b5aaa0c7a146155f/clubes_2026/silhuetas/GRE/FORMATO.png,5,2.14,Filip Krovinović,0.0,4,4.71,28,krovinovic,7,0.0,,,,,,4.0,6.0,1.0,6.0,1.0,,,,,,,,,,
Yuri Alberto,Y. Alberto,100652,COR,264,0,False,https://s3.glbimg.com/v1/AUTH_58d78b787ec34892b5aaa0c7a146155f/clubes_2026/silhuetas/COR/FORMATO.png,17,4.1,Yuri Alberto Monteiro da Silva,0.0,5,10.58,28,yuri-alberto,5,0.0,2.0,2.0,,,,8.0,23.0,14.0,14.0,12.0,,3.0,,,13.0,,,,,
Fernando,Fernando,100695,RBB,280,0,True,https://s3.glbimg.com/v1/AUTH_58d78b787ec34892b5aaa0c7a146155f/clubes_2026/silhuetas/RBB/FORMATO.png,13,5.06,Fernando dos Santos Pedro,3.8,5,5.7,28,fernando,7,0.13,1.0,2.0,,,,15.0,8.0,3.0,8.0,12.0,1.0,3.0,,,3.0,,,,,
Matheus Henrique,M. Henrique,100742,CRU,283,0,True,https://s3.glbimg.com/v1/AUTH_58d78b787ec34892b5aaa0c7a146155f/clubes_2026/silhuetas/CRU/FORMATO.png,25,2.1,Matheus Henrique de Souza,0.0,4,4.6,28,matheus-henrique,7,-0.44,1.0,3.0,,,,24.0,17.0,1.0,8.0,26.0,,,,,,1.0,,,,
Tchamba,Tchamba,100804,REM,364,0,True,https://s3.glbimg.com/v1/AUTH_58d78b787ec34892b5aaa0c7a146155f/clubes_2026/silhuetas/REM/FORMATO.png,20,2.7,Duplexe Tchamba Bangou,1.2,3,4.48,28,tchamba,7,-0.11,1.0,1.0,,,,25.0,8.0,2.0,5.0,9.0,,,2.0,,1.0,,,,2.0,
Ruan,Ruan,100842,CAM,282,0,False,https://s3.glbimg.com/v1/AUTH_58d78b787ec34892b5aaa0c7a146155f/clubes_2026/silhuetas/CAM/FORMATO.png,20,3.7,Ruan Tressoldi Netto,0.0,3,6.2,28,ruan,5,0.0,,7.0,,,,26.0,17.0,2.0,2.0,14.0,,2.0,,,1.0,,,,4.0,
Luan Cândido,L. Cândido,100848,VIT,287,0,True,https://s3.glbimg.com/v1/AUTH_58d78b787ec34892b5aaa0c7a146155f/clubes_2026/silhuetas/VIT/FORMATO.png,17,3.52,Luan Cândido de Almeida,4.6,2,6.03,28,luan-candido,7,0.57,2.0,1.0,1.0,,,15.0,13.0,3.0,4.0,6.0,,,,,6.0,,,1.0,5.0,
Vitinho,Vitinho,100898,BOT,263,0,True,https://s3.glbimg.com/v1/AUTH_58d78b787ec34892b5aaa0c7a146155f/clubes_2026/silhuetas/BOT/FORMATO.png,22,4.86,Victor Alexander da Silva,3.1,2,9.03,28,vitinho,7,-0.97,2.0,3.0,,,,47.0,24.0,,3.0,17.0,1.0,1.0,,,2.0,,,,3.0,
Nonato,Nonato,100987,FLU,266,0,True,https://s3.glbimg.com/v1/AUTH_58d78b787ec34892b5aaa0c7a146155f/clubes_2026/silhuetas/FLU/FORMATO.png,15,2.55,Gustavo Nonato Santana,1.3,4,5.35,28,nonato,3,-0.45,1.0,6.0,,,,19.0,19.0,1.0,1.0,13.0,,1.0,,,,,,,,
Júnior Santos,J. Santos,101002,BOT,263,0,True,https://s3.glbimg.com/v1/AUTH_58d78b787ec34892b5aaa0c7a146155f/clubes_2026/silhuetas/BOT/FORMATO.png,14,1.78,José Antonio dos Santos Júnior,-0.6,5,3.86,28,junior-santos,6,-0.47,,1.0,,,,3.0,12.0,3.0,7.0,11.0,1.0,1.0,,,5.0,,,,,
Eliasson,Eliasson,101237,INT,285,0,True,https://s3.glbimg.com/v1/AUTH_58d78b787ec34892b5aaa0c7a146155f/clubes_2026/silhuetas/INT/FORMATO.png,5,0.1,Niclas Eliasson Santana,0.0,5,2.56,28,eliasson,6,-0.45,,,,,,,,,,1.0,,,,,,,,,,
Alef Manga,A. Manga,101254,REM,364,0,True,https://s3.glbimg.com/v1/AUTH_58d78b787ec34892b5aaa0c7a146155f/clubes_2026/silhuetas/REM/FORMATO.png,28,4.02,Alef Mangueira Severino Pereira,2.0,5,7.4,28,alef-manga,6,0.07,3.0,1.0,,,,21.0,19.0,10.0,20.0,22.0,,5.0,,,22.0,,1.0,,,
Ferreira,Ferreira,101290,SAO,276,0,True,https://s3.glbimg.com/v1/AUTH_58d78b787ec34892b5aaa0c7a146155f/clubes_2026/silhuetas/SAO/FORMATO.png,22,3.61,Aldemir dos Santos Ferreira,0.5,5,6.23,28,ferreira,6,-1.37,,2.0,,,,17.0,6.0,5.0,9.0,25.0,,4.0,,,,,,,,
Ademir,Ademir,101314,BAH,265,0,True,https://s3.glbimg.com/v1/AUTH_58d78b787ec34892b5aaa0c7a146155f/clubes_2026/silhuetas/BAH/FORMATO.png,25,2.2,Ademir da Silva Santos Júnior,0.1,5,5.05,28,ademir,6,-0.25,1.0,3.0,,,,15.0,19.0,6.0,7.0,28.0,,1.0,,,6.0,,,2.0,,
Guga,Guga,101319,FLU,266,0,False,https://s3.glbimg.com/v1/AUTH_58d78b787ec34892b5aaa0c7a146155f/clubes_2026/silhuetas/FLU/FORMATO.png,15,3.47,Cláudio Rodrigues Gomes,0.0,2,6.36,28,guga,7,0.0,2.0,3.0,,,,18.0,12.0,,3.0,9.0,,,,,1.0,,,,3.0,
Bruno Matias,B. Matias,101352,CHA,315,0,True,https://s3.glbimg.com/v1/AUTH_58d78b787ec34892b5aaa0c7a146155f/clubes_2026/silhuetas/CHA/FORMATO.png,9,1.84,Bruno Matias dos Santos,0.0,4,2.83,28,bruno-matias,6,-0.28,,1.0,,,,10.0,5.0,,5.0,2.0,,,,,,1.0,,,,
Eduardo Doma,E. Doma,101393,CHA,315,0,True,https://s3.glbimg.com/v1/AUTH_58d78b787ec34892b5aaa0c7a146155f/clubes_2026/silhuetas/CHA/FORMATO.png,24,2.25,Eduardo Vinícius Domachowski,3.0,3,4.06,28,eduardo-doma,7,0.55,,5.0,1.0,,,27.0,16.0,2.0,7.0,3.0,,1.0,,,,1.0,,,2.0,
Wallisson,Wallisson,101405,MIR,2305,0,True,https://s3.glbimg.com/v1/AUTH_58d78b787ec34892b5aaa0c7a146155f/clubes_2026/silhuetas/MIR/FORMATO.png,18,2.74,Wallisson Luiz Alves Máximo,3.5,4,4.8,28,wallisson,6,-0.16,,4.0,1.0,,,34.0,23.0,,5.0,17.0,,,,,1.0,,,,,
Marcelo Pitaluga,M. Pitaluga,101478,FLU,266,0,False,https://s3.glbimg.com/v1/AUTH_58d78b787ec34892b5aaa0c7a146155f/clubes_2026/silhuetas/FLU/FORMATO.png,0,0.0,Marcelo de Araújo Pitaluga Filho,0.0,1,3.0,28,marcelo-pitaluga,6,0.0,,,,,,,,,,,,,,,,,,,,
Hugo Souza,H. Souza,101574,COR,264,0,True,https://s3.glbimg.com/v1/AUTH_58d78b787ec34892b5aaa0c7a146155f/clubes_2026/silhuetas/COR/FORMATO.png,23,4.09,Hugo de Souza Nogueira,0.9,1,8.41,28,hugo-souza,7,-0.94,,2.0,,56.0,1.0,1.0,,,,1.0,,,,25.0,,1.0,,,8.0,
Ramon,Ramon,101597,VIT,287,0,False,https://s3.glbimg.com/v1/AUTH_58d78b787ec34892b5aaa0c7a146155f/clubes_2026/silhuetas/VIT/FORMATO.png,17,4.81,Ramon Ramos Lima,0.0,2,8.07,28,ramon,5,0.0,,4.0,,,,23.0,26.0,3.0,5.0,11.0,,2.0,,,,,,,6.0,
Felipe Jonatan,F. Jonatan,101708,CFC,294,0,False,https://s3.glbimg.com/v1/AUTH_58d78b787ec34892b5aaa0c7a146155f/clubes_2026/silhuetas/CFC/FORMATO.png,17,2.08,Felipe Jonatan Rocha Andrade,0.0,2,4.31,28,felipe-jonatan,5,0.0,,,,,,10.0,5.0,2.0,2.0,6.0,,,,,1.0,,,,3.0,
Alerrandro,Alerrandro,101715,INT,285,0,False,https://s3.glbimg.com/v1/AUTH_58d78b787ec34892b5aaa0c7a146155f/clubes_2026/silhuetas/INT/FORMATO.png,21,3.45,Alerrandro Barra Mansa Realino de Souza,0.0,5,6.18,28,alerrandro,6,0.0,3.0,1.0,,,,8.0,22.0,7.0,13.0,21.0,,3.0,,,5.0,,,,,
Matheuzinho,Matheuzinho,101727,COR,264,0,True,https://s3.glbimg.com/v1/AUTH_58d78b787ec34892b5aaa0c7a146155f/clubes_2026/silhuetas/COR/FORMATO.png,22,6.11,Matheus França Silva,6.0,2,10.63,28,matheuzinho,7,0.19,2.0,4.0,1.0,,,53.0,24.0,4.0,9.0,16.0,,1.0,1.0,,4.0,,,,7.0,
Fabinho,Fabinho,101729,CFC,294,0,True,https://s3.glbimg.com/v1/AUTH_58d78b787ec34892b5aaa0c7a146155f/clubes_2026/silhuetas/CFC/FORMATO.png,11,1.41,Fabio Augusto Luciano da Silva,0.0,5,2.09,28,fabinho,7,-0.99,1.0,1.0,,,,1.0,6.0,1.0,2.0,2.0,,1.0,,,,,,,,
Oliva,Oliva,101807,SAN,277,0,True,https://s3.glbimg.com/v1/AUTH_58d78b787ec34892b5aaa0c7a146155f/clubes_2026/silhuetas/SAN/FORMATO.png,18,3.4,Christian Gabriel Oliva Giménez,1.9,4,6.35,28,oliva,7,0.03,2.0,,,,,20.0,27.0,2.0,6.0,12.0,,2.0,,,,,,,,
Mayk,Mayk,101820,REM,364,0,False,https://s3.glbimg.com/v1/AUTH_58d78b787ec34892b5aaa0c7a146155f/clubes_2026/silhuetas/REM/FORMATO.png,14,3.27,Mayksilvan da Silva Ferreira,0.0,2,5.75,28,mayk,5,0.0,1.0,,,,,14.0,4.0,,3.0,7.0,,,,,,,,,3.0,
Willian Machado,W. Machado,101908,MIR,2305,0,True,https://s3.glbimg.com/v1/AUTH_58d78b787ec34892b5aaa0c7a146155f/clubes_2026/silhuetas/MIR/FORMATO.png,21,3.46,Willian Estefani Machado,8.9,3,6.11,28,willian-machado,7,1.23,1.0,3.0,,,,30.0,19.0,4.0,3.0,12.0,,1.0,,,,,,,2.0,
Vitinho,Vitinho,101960,INT,285,0,True,https://s3.glbimg.com/v1/AUTH_58d78b787ec34892b5aaa0c7a146155f/clubes_2026/silhuetas/INT/FORMATO.png,27,4.7,Vitor Hugo Naum dos Santos,4.3,5,7.57,28,vitinho,7,0.03,3.0,5.0,,,,40.0,33.0,11.0,17.0,43.0,1.0,2.0,,,3.0,1.0,,1.0,,
Brítez,Brítez,101995,VIT,287,0,True,https://s3.glbimg.com/v1/AUTH_58d78b787ec34892b5aaa0c7a146155f/clubes_2026/silhuetas/VIT/FORMATO.png,8,2.4,Emanuel Fermín Brítez,0.9,3,4.55,28,britez,6,0.02,,2.0,,,,6.0,6.0,1.0,1.0,4.0,,,,,,,,,2.0,
Piquerez,Piquerez,102130,PAL,275,0,True,https://s3.glbimg.com/v1/AUTH_58d78b787ec34892b5aaa0c7a146155f/clubes_2026/silhuetas/PAL/FORMATO.png,14,6.36,Joaquín Piquerez Moreira,5.2,2,10.92,28,piquerez,2,-0.17,4.0,2.0,,,,16.0,6.0,2.0,4.0,11.0,1.0,,,,1.0,,,,7.0,
Vitor Eudes,V. Eudes,102137,FLU,266,0,False,https://s3.glbimg.com/v1/AUTH_58d78b787ec34892b5aaa0c7a146155f/clubes_2026/silhuetas/FLU/FORMATO.png,0,0.0,Vitor Eudes de Souza Costa,0.0,1,2.0,28,vitor-eudes,6,0.0,,,,,,,,,,,,,,,,,,,,
Santiago Sosa,S. Sosa,102255,VAS,267,0,True,https://s3.glbimg.com/v1/AUTH_58d78b787ec34892b5aaa0c7a146155f/clubes_2026/silhuetas/VAS/FORMATO.png,6,4.27,Santiago Leonel Sosa,5.0,4,7.94,28,santiago-sosa,7,0.45,,,,,,17.0,14.0,1.0,4.0,,,,,,1.0,,,,,
Rollheiser,Rollheiser,102256,SAN,277,0,False,https://s3.glbimg.com/v1/AUTH_58d78b787ec34892b5aaa0c7a146155f/clubes_2026/silhuetas/SAN/FORMATO.png,20,3.58,Benjamín Rollheiser,0.0,4,7.66,28,rollheiser,7,0.0,2.0,2.0,,,,12.0,11.0,4.0,9.0,10.0,,4.0,,,1.0,,,,,
Matheus Felipe,M. Felipe,102310,REM,364,0,False,https://s3.glbimg.com/v1/AUTH_58d78b787ec34892b5aaa0c7a146155f/clubes_2026/silhuetas/REM/FORMATO.png,3,2.03,Matheus Felipe Santos Nascimento,0.0,3,3.85,28,matheus-felipe,6,0.0,,3.0,,,,4.0,3.0,,,,,,,,,1.0,,,1.0,
Caio Paulista,C. Paulista,102318,GRE,284,0,False,https://s3.glbimg.com/v1/AUTH_58d78b787ec34892b5aaa0c7a146155f/clubes_2026/silhuetas/GRE/FORMATO.png,9,3.08,Caio Fernando de Oliveira,0.0,2,5.54,28,caio-paulista,6,0.0,,1.0,,,,11.0,3.0,,2.0,3.0,,,,,,,,,2.0,
Cacá,Cacá,102340,VIT,287,0,True,https://s3.glbimg.com/v1/AUTH_58d78b787ec34892b5aaa0c7a146155f/clubes_2026/silhuetas/VIT/FORMATO.png,19,2.5,Carlos de Menezes Júnior,3.1,3,5.31,28,caca,7,0.38,,5.0,1.0,,,9.0,10.0,1.0,6.0,4.0,,1.0,,,,1.0,,,6.0,
Gabriel Poveda,G. Poveda,102877,REM,364,0,True,https://s3.glbimg.com/v1/AUTH_58d78b787ec34892b5aaa0c7a146155f/clubes_2026/silhuetas/REM/FORMATO.png,15,0.43,Gabriel Buscariol Poveda,-2.8,5,1.97,28,gabriel-poveda,3,-0.71,,,1.0,,,4.0,5.0,1.0,1.0,6.0,,,,,,,,,,
Anderson,Anderson,102906,CHA,315,0,True,https://s3.glbimg.com/v1/AUTH_58d78b787ec34892b5aaa0c7a146155f/clubes_2026/silhuetas/CHA/FORMATO.png,13,3.72,Anderson Silva da Paixão,9.9,1,6.72,28,anderson,7,1.37,,1.0,,50.0,,,,,,5.0,,,,23.0,,,,,1.0,
Zé Ricardo,Z. Ricardo,102911,REM,364,0,True,https://s3.glbimg.com/v1/AUTH_58d78b787ec34892b5aaa0c7a146155f/clubes_2026/silhuetas/REM/FORMATO.png,26,3.02,José Ricardo Araújo Fernandes,3.5,4,4.75,28,ze-ricardo,7,0.43,1.0,5.0,1.0,,,39.0,37.0,6.0,6.0,30.0,,1.0,,,3.0,,,,,
Canobbio,Canobbio,102928,FLU,266,0,True,https://s3.glbimg.com/v1/AUTH_58d78b787ec34892b5aaa0c7a146155f/clubes_2026/silhuetas/FLU/FORMATO.png,20,6.72,Agustín Canobbio Graviz,-1.2,5,9.81,28,canobbio,3,-1.02,3.0,6.0,1.0,,,37.0,31.0,11.0,8.0,34.0,2.0,5.0,,,3.0,,,,,
Escobar,Escobar,102975,SAN,277,0,True,https://s3.glbimg.com/v1/AUTH_58d78b787ec34892b5aaa0c7a146155f/clubes_2026/silhuetas/SAN/FORMATO.png,19,6.51,Gonzalo Daniel Escobar,4.7,2,10.08,28,escobar,7,0.02,1.0,7.0,,,,58.0,19.0,1.0,4.0,16.0,1.0,,,,1.0,1.0,,,6.0,
Laquintana,Laquintana,103014,VIT,287,0,False,https://s3.glbimg.com/v1/AUTH_58d78b787ec34892b5aaa0c7a146155f/clubes_2026/silhuetas/VIT/FORMATO.png,0,0.0,Ignacio Jesús Laquintana Marsico - Nacho,0.0,5,4.0,28,laquintana,6,0.0,,,,,,,,,,,,,,,,,,,,
Gabriel Brazão,G. Brazão,103056,SAN,277,0,False,https://s3.glbimg.com/v1/AUTH_58d78b787ec34892b5aaa0c7a146155f/clubes_2026/silhuetas/SAN/FORMATO.png,22,2.81,Gabriel Nascimento Rezende Brazão - Resende,0.0,1,5.21,28,gabriel-brazao,5,0.0,,5.0,,56.0,,,,1.0,,4.0,,,,33.0,,1.0,,,5.0,
Andrew,Andrew,103183,FLA,262,0,False,https://s3.glbimg.com/v1/AUTH_58d78b787ec34892b5aaa0c7a146155f/clubes_2026/silhuetas/FLA/FORMATO.png,0,0.0,Andrew da Silva Ventura,0.0,1,3.0,28,andrew,6,0.0,,,,,,,,,,,,,,,,,,,,
Eric Ramires,E. Ramires,103295,RBB,280,0,True,https://s3.glbimg.com/v1/AUTH_58d78b787ec34892b5aaa0c7a146155f/clubes_2026/silhuetas/RBB/FORMATO.png,18,0.62,Eric dos Santos Rodrigues,0.5,4,2.16,28,eric-ramires,6,-0.14,,2.0,,,,6.0,11.0,,2.0,10.0,,,,,,,,1.0,,
Matheus Alexandre,M. Alexandre,103347,REM,364,0,False,https://s3.glbimg.com/v1/AUTH_58d78b787ec34892b5aaa0c7a146155f/clubes_2026/silhuetas/REM/FORMATO.png,11,1.92,Matheus Alexandre Anastácio de Souza,0.0,2,4.19,28,matheus-alexandre,6,0.0,,1.0,,,,5.0,4.0,,1.0,,,,,,,,,,3.0,
Emmanuel Martínez,E. Martínez,103388,VIT,287,0,True,https://s3.glbimg.com/v1/AUTH_58d78b787ec34892b5aaa0c7a146155f/clubes_2026/silhuetas/VIT/FORMATO.png,19,3.32,Leandro Emmanuel Martínez,4.3,4,6.33,28,emmanuel-martinez,7,0.38,,6.0,,,,37.0,28.0,2.0,5.0,31.0,,,,,1.0,,,,,
Kaio Jorge,K. Jorge,103445,CRU,283,0,True,https://s3.glbimg.com/v1/AUTH_58d78b787ec34892b5aaa0c7a146155f/clubes_2026/silhuetas/CRU/FORMATO.png,21,4.76,Kaio Jorge Pinto Ramos,6.2,5,10.93,28,kaio-jorge,7,0.62,1.0,2.0,,,,5.0,6.0,7.0,19.0,21.0,,7.0,,,6.0,,,2.0,,
Ignácio,Ignácio,103523,FLU,266,0,False,https://s3.glbimg.com/v1/AUTH_58d78b787ec34892b5aaa0c7a146155f/clubes_2026/silhuetas/FLU/FORMATO.png,13,4.64,Ignácio da Silva Oliveira,0.0,3,7.19,28,ignacio,6,0.0,,4.0,,,,19.0,10.0,,6.0,10.0,1.0,2.0,,,,,,,2.0,
Guido Herrera,G. Herrera,103562,BAH,265,0,False,https://s3.glbimg.com/v1/AUTH_58d78b787ec34892b5aaa0c7a146155f/clubes_2026/silhuetas/BAH/FORMATO.png,0,0.0,Guido Gabriel Herrera,0.0,1,6.0,28,guido-herrera,6,0.0,,,,,,,,,,,,,,,,,,,,
Ocampo,Ocampo,103626,CFC,294,0,False,https://s3.glbimg.com/v1/AUTH_58d78b787ec34892b5aaa0c7a146155f/clubes_2026/silhuetas/CFC/FORMATO.png,3,1.1,Brian Alexis Ocampo Ferreira,0.0,5,4.51,28,ocampo,5,0.0,,,,,,1.0,1.0,,2.0,1.0,,,,,,,,,,
Gabriel Menino,G. Menino,103767,SAN,277,0,True,https://s3.glbimg.com/v1/AUTH_58d78b787ec34892b5aaa0c7a146155f/clubes_2026/silhuetas/SAN/FORMATO.png,10,4.99,Gabriel Vinícius Menino,0.9,4,8.53,28,gabriel-menino,6,-1.39,,2.0,,,,19.0,6.0,6.0,4.0,14.0,,1.0,,,1.0,,,,,
Bruno Santos,B. Santos,103967,MIR,2305,0,True,https://s3.glbimg.com/v1/AUTH_58d78b787ec34892b5aaa0c7a146155f/clubes_2026/silhuetas/MIR/FORMATO.png,9,4.12,Bruno Santos de Oliveira,1.5,5,4.8,28,bruno-santos,7,-1.77,,,,,,3.0,11.0,3.0,8.0,9.0,2.0,2.0,,,6.0,,,,,
Rafael Guanaes,R. Guanaes,104027,MIR,2305,0,True,https://s3.glbimg.com/v1/AUTH_58d78b787ec34892b5aaa0c7a146155f/clubes_2026/silhuetas/MIR/FORMATO.png,25,4.62,Rafael Silva Guanaes,10.62,6,8.11,28,rafael-guanaes,7,0.62,,,,,,,,,,,,,,,,,,,,7.0
Labyad,Labyad,104036,COR,264,0,False,https://s3.glbimg.com/v1/AUTH_58d78b787ec34892b5aaa0c7a146155f/clubes_2026/silhuetas/COR/FORMATO.png,11,2.05,Zakaria Labyad,0.0,4,4.52,28,labyad,5,0.0,2.0,1.0,,,,3.0,6.0,,1.0,4.0,,1.0,,,,,,,,
Sabino,Sabino,104075,SAO,276,0,True,https://s3.glbimg.com/v1/AUTH_58d78b787ec34892b5aaa0c7a146155f/clubes_2026/silhuetas/SAO/FORMATO.png,20,3.84,José Sabino Chagas Monteiro,4.7,3,6.96,28,sabino,7,-0.3,,1.0,,,,26.0,25.0,1.0,3.0,13.0,1.0,1.0,,,,,,,5.0,
Carlos Miguel,C. Miguel,104084,PAL,275,0,True,https://s3.glbimg.com/v1/AUTH_58d78b787ec34892b5aaa0c7a146155f/clubes_2026/silhuetas/PAL/FORMATO.png,27,5.39,Carlos Miguel dos Santos Pereira,10.2,1,9.1,28,carlos-miguel,7,0.38,,3.0,,84.0,,,,,,11.0,,,,21.0,,,,,11.0,
Bruno Fuchs,B. Fuchs,104085,PAL,275,0,False,https://s3.glbimg.com/v1/AUTH_58d78b787ec34892b5aaa0c7a146155f/clubes_2026/silhuetas/PAL/FORMATO.png,8,4.61,Bruno de Lara Fuchs,0.0,3,8.31,28,bruno-fuchs,6,0.0,,,,,,9.0,7.0,,,1.0,,,,,,,,,5.0,
Lucas Arcanjo,L. Arcanjo,104118,VIT,287,0,True,https://s3.glbimg.com/v1/AUTH_58d78b787ec34892b5aaa0c7a146155f/clubes_2026/silhuetas/VIT/FORMATO.png,22,5.74,Lucas Willians Assis Arcanjo,-0.4,1,8.62,28,lucas-arcanjo,7,-1.28,1.0,1.0,,81.0,2.0,,,,,2.0,,,,32.0,,1.0,,,7.0,
Fabri,Fabri,104134,VIT,287,0,False,https://s3.glbimg.com/v1/AUTH_58d78b787ec34892b5aaa0c7a146155f/clubes_2026/silhuetas/VIT/FORMATO.png,9,2.49,Fabrício do Rosário dos Santos,0.0,5,5.12,28,fabri,6,0.0,1.0,,,,,6.0,3.0,2.0,3.0,3.0,1.0,,,,,,,,,
Edson Carioca,E. Carioca,104204,MIR,2305,0,True,https://s3.glbimg.com/v1/AUTH_58d78b787ec34892b5aaa0c7a146155f/clubes_2026/silhuetas/MIR/FORMATO.png,16,3.15,Edson Guilherme Mendes dos Santos,5.1,5,5.13,28,edson-carioca,7,-1.25,,5.0,,,,18.0,17.0,3.0,9.0,8.0,1.0,2.0,,,1.0,,,,,
João Lucas,J. Lucas,104257,REM,364,0,False,https://s3.glbimg.com/v1/AUTH_58d78b787ec34892b5aaa0c7a146155f/clubes_2026/silhuetas/REM/FORMATO.png,6,2.82,João Lucas de Almeida Carvalho,0.0,2,4.59,28,joao-lucas,5,0.0,,3.0,,,,11.0,8.0,1.0,2.0,6.0,,,,,,,,,,
Dudu,Dudu,104330,VIT,287,0,False,https://s3.glbimg.com/v1/AUTH_58d78b787ec34892b5aaa0c7a146155f/clubes_2026/silhuetas/VIT/FORMATO.png,2,3.95,Eduardo Marcelo Rodrigues Nunes,0.0,4,5.01,28,dudu,5,0.0,,,,,,,2.0,,,1.0,,1.0,,,,,,,,
Gabriel Pereira,G. Pereira,104387,VAS,267,0,False,https://s3.glbimg.com/v1/AUTH_58d78b787ec34892b5aaa0c7a146155f/clubes_2026/silhuetas/VAS/FORMATO.png,0,0.0,Gabriel Pereira Magalhães dos Santos,0.0,3,5.0,28,gabriel-pereira,6,0.0,,,,,,,,,,,,,,,,,,,,
Everton,Everton,104470,CHA,315,0,False,https://s3.glbimg.com/v1/AUTH_58d78b787ec34892b5aaa0c7a146155f/clubes_2026/silhuetas/CHA/FORMATO.png,20,1.93,Everton Souza da Cruz,0.0,2,3.89,28,everton,5,0.0,1.0,4.0,1.0,,,12.0,15.0,2.0,7.0,18.0,,,,,,,,,2.0,
Camilo,Camilo,104519,CHA,315,0,True,https://s3.glbimg.com/v1/AUTH_58d78b787ec34892b5aaa0c7a146155f/clubes_2026/silhuetas/CHA/FORMATO.png,22,2.9,Camilo Reijers de Oliveira,-0.3,4,4.53,28,camilo,7,-0.47,,7.0,,,,46.0,40.0,2.0,6.0,13.0,,,,,,,,,,
Fabrício,Fabrício,104588,RBB,280,0,False,https://s3.glbimg.com/v1/AUTH_58d78b787ec34892b5aaa0c7a146155f/clubes_2026/silhuetas/RBB/FORMATO.png,0,0.0,Fabrício Oliveira de Souza,0.0,1,2.0,28,fabricio,6,0.0,,,,,,,,,,,,,,,,,,,,
Heitor,Heitor,104649,CHA,315,0,False,https://s3.glbimg.com/v1/AUTH_58d78b787ec34892b5aaa0c7a146155f/clubes_2026/silhuetas/CHA/FORMATO.png,4,7.05,Heitor Rodrigues da Fonseca,0.0,2,8.3,28,heitor,5,0.0,1.0,,,,,12.0,3.0,,2.0,1.0,,,,,,1.0,,,1.0,
Moisés,Moisés,104666,SAN,277,0,False,https://s3.glbimg.com/v1/AUTH_58d78b787ec34892b5aaa0c7a146155f/clubes_2026/silhuetas/SAN/FORMATO.png,13,2.35,Moisés Vieira da Veiga,0.0,5,4.78,28,moises,6,0.0,1.0,,,,,2.0,5.0,4.0,,5.0,,2.0,,,,,,1.0,,
Newton,Newton,104693,SAO,276,0,False,https://s3.glbimg.com/v1/AUTH_58d78b787ec34892b5aaa0c7a146155f/clubes_2026/silhuetas/SAO/FORMATO.png,10,2.05,Newton Araújo da Costa Júnior,0.0,4,4.54,28,newton,6,0.0,,2.0,,,,12.0,6.0,1.0,2.0,7.0,,,,,,,,,,
Enzo Díaz,E. Díaz,104758,SAO,276,0,False,https://s3.glbimg.com/v1/AUTH_58d78b787ec34892b5aaa0c7a146155f/clubes_2026/silhuetas/SAO/FORMATO.png,13,3.9,Enzo Hernán Díaz,0.0,2,9.04,28,enzo-diaz,6,0.0,1.0,7.0,,,,28.0,23.0,2.0,3.0,16.0,,,,,2.0,,,,1.0,
Acevedo,Acevedo,104783,BAH,265,0,True,https://s3.glbimg.com/v1/AUTH_58d78b787ec34892b5aaa0c7a146155f/clubes_2026/silhuetas/BAH/FORMATO.png,25,5.11,Nicolás Brian Acevedo Tabárez,4.7,4,7.55,28,acevedo,7,0.04,1.0,8.0,,,,70.0,53.0,6.0,6.0,31.0,2.0,1.0,,,,,,,,
Sebastián Gómez,S. Gómez,104811,CFC,294,0,True,https://s3.glbimg.com/v1/AUTH_58d78b787ec34892b5aaa0c7a146155f/clubes_2026/silhuetas/CFC/FORMATO.png,23,2.81,Sebastián Gómez Londoño,1.2,4,4.16,28,sebastian-gomez,7,-0.59,1.0,3.0,,,,34.0,31.0,4.0,7.0,21.0,,,,,,,,,,
Wagner Leonardo,W. Leonardo,104994,GRE,284,0,False,https://s3.glbimg.com/v1/AUTH_58d78b787ec34892b5aaa0c7a146155f/clubes_2026/silhuetas/GRE/FORMATO.png,10,2.5,Wagner Leonardo Calvelo de Souza,0.0,3,5.23,28,wagner-leonardo,7,0.0,,1.0,1.0,,,13.0,10.0,,2.0,2.0,,,,,1.0,,,,2.0,
João Marcelo,J. Marcelo,105047,CRU,283,0,True,https://s3.glbimg.com/v1/AUTH_58d78b787ec34892b5aaa0c7a146155f/clubes_2026/silhuetas/CRU/FORMATO.png,13,2.14,João Marcelo Messias Ferreira,0.5,3,3.77,28,joao-marcelo,2,-0.1,,2.0,,,,10.0,13.0,,1.0,10.0,,1.0,,,,,,,1.0,
Jajá,Jajá,105048,REM,364,0,False,https://s3.glbimg.com/v1/AUTH_58d78b787ec34892b5aaa0c7a146155f/clubes_2026/silhuetas/REM/FORMATO.png,22,5.27,Jandir Breno Souza Silva,0.0,5,6.44,28,jaja,5,0.0,1.0,2.0,1.0,,,23.0,17.0,10.0,10.0,22.0,,7.0,,,7.0,,,,,
Reinier,Reinier,105068,CAM,282,0,False,https://s3.glbimg.com/v1/AUTH_58d78b787ec34892b5aaa0c7a146155f/clubes_2026/silhuetas/CAM/FORMATO.png,19,4.18,Reinier Jesus Carvalho,0.0,4,7.03,28,reinier,5,0.0,2.0,1.0,,,,12.0,10.0,9.0,6.0,10.0,1.0,4.0,,,,,,,,
Tetê,Tetê,105089,GRE,284,0,False,https://s3.glbimg.com/v1/AUTH_58d78b787ec34892b5aaa0c7a146155f/clubes_2026/silhuetas/GRE/FORMATO.png,20,3.64,Mateus Cardoso Lemos Martins,0.0,5,9.12,28,tete,6,0.0,,1.0,,,,18.0,9.0,9.0,15.0,16.0,1.0,2.0,,,1.0,,,,,
Villagra,Villagra,105157,INT,285,0,False,https://s3.glbimg.com/v1/AUTH_58d78b787ec34892b5aaa0c7a146155f/clubes_2026/silhuetas/INT/FORMATO.png,20,1.99,Rodrigo Román Villagra,0.0,4,5.16,28,villagra,7,0.0,,3.0,,,,22.0,28.0,3.0,5.0,21.0,,,,,,,,,,
Khellven,Khellven,105175,PAL,275,0,True,https://s3.glbimg.com/v1/AUTH_58d78b787ec34892b5aaa0c7a146155f/clubes_2026/silhuetas/PAL/FORMATO.png,20,3.34,Khellven Douglas Silva Oliveira,5.0,2,5.76,28,khellven,6,-0.73,1.0,3.0,,,,20.0,18.0,,3.0,8.0,1.0,,1.0,,1.0,1.0,,,7.0,
Sant'Anna,Sant'Anna,105213,RBB,280,0,True,https://s3.glbimg.com/v1/AUTH_58d78b787ec34892b5aaa0c7a146155f/clubes_2026/silhuetas/RBB/FORMATO.png,12,5.61,Ariel Agustín Sant'Anna Quintero,3.9,2,8.56,28,sant-anna,7,0.17,2.0,4.0,,,,16.0,11.0,4.0,4.0,6.0,,,,,3.0,,,,6.0,
Ferraresi,Ferraresi,105300,BOT,263,0,True,https://s3.glbimg.com/v1/AUTH_58d78b787ec34892b5aaa0c7a146155f/clubes_2026/silhuetas/BOT/FORMATO.png,22,3.73,Nahuel Adolfo Ferraresi Hernández,6.2,3,6.8,28,ferraresi,7,0.27,,5.0,,,,41.0,25.0,2.0,5.0,14.0,,1.0,1.0,,2.0,,,,3.0,
Carrascal,Carrascal,105436,FLA,262,0,True,https://s3.glbimg.com/v1/AUTH_58d78b787ec34892b5aaa0c7a146155f/clubes_2026/silhuetas/FLA/FORMATO.png,20,6.29,Jorge Andrés Carrascal Guardo,10.9,4,11.5,28,carrascal,7,1.39,6.0,2.0,2.0,,,25.0,12.0,9.0,13.0,22.0,2.0,4.0,,,2.0,,,,,
Renan Peixoto,R. Peixoto,105518,CAP,293,0,False,https://s3.glbimg.com/v1/AUTH_58d78b787ec34892b5aaa0c7a146155f/clubes_2026/silhuetas/CAP/FORMATO.png,9,0.8,Renan Peixoto Nepomuceno,0.0,5,2.67,28,renan-peixoto,6,0.0,,,,,,1.0,4.0,1.0,1.0,4.0,1.0,,,,1.0,,,,,
Matheus Bidu,M. Bidu,105531,COR,264,0,True,https://s3.glbimg.com/v1/AUTH_58d78b787ec34892b5aaa0c7a146155f/clubes_2026/silhuetas/COR/FORMATO.png,21,7.22,Matheus Lima Beltrão Oliveira Valin,5.4,2,12.13,28,matheus-bidu,7,0.41,1.0,4.0,,,,43.0,27.0,1.0,10.0,55.0,,3.0,,,7.0,1.0,,,7.0,
Carlos Vinícius,C. Vinícius,105563,GRE,284,0,True,https://s3.glbimg.com/v1/AUTH_58d78b787ec34892b5aaa0c7a146155f/clubes_2026/silhuetas/GRE/FORMATO.png,25,4.46,Carlos Vinícius Alves Morais,-0.1,5,12.04,28,carlos-vinicius,7,-0.45,1.0,5.0,,,,6.0,28.0,14.0,11.0,25.0,1.0,9.0,,,19.0,,,,,
Lucas Piton,L. Piton,105584,VAS,267,0,False,https://s3.glbimg.com/v1/AUTH_58d78b787ec34892b5aaa0c7a146155f/clubes_2026/silhuetas/VAS/FORMATO.png,18,2.34,Lucas Piton Crivellaro,0.0,2,4.81,28,lucas-piton,6,0.0,1.0,,,,,17.0,14.0,4.0,5.0,4.0,,,,,1.0,,,,1.0,
Maurício,Maurício,105647,PAL,275,0,True,https://s3.glbimg.com/v1/AUTH_58d78b787ec34892b5aaa0c7a146155f/clubes_2026/silhuetas/PAL/FORMATO.png,24,4.56,Maurício Magalhães Prado,3.2,4,7.29,28,mauricio,6,-0.43,1.0,2.0,,,,15.0,17.0,12.0,12.0,19.0,,7.0,,,2.0,,,,,
Edu,Edu,105842,VIT,287,0,False,https://s3.glbimg.com/v1/AUTH_58d78b787ec34892b5aaa0c7a146155f/clubes_2026/silhuetas/VIT/FORMATO.png,1,1.5,Lucas Eduardo Ribeiro de Souza,0.0,3,4.13,28,edu,5,0.0,,,,,,1.0,,,,,,,,,,,,,,
Edson Fernando,E. Fernando,105901,REM,364,0,False,https://s3.glbimg.com/v1/AUTH_58d78b787ec34892b5aaa0c7a146155f/clubes_2026/silhuetas/REM/FORMATO.png,2,-1.05,Edson Fernando da Silva Gomes,0.0,4,1.76,28,edson-fernando,3,0.0,,,1.0,,,1.0,2.0,,,,,,,,,,,,,
Aldo Filho,A. Filho,105903,MIR,2305,0,False,https://s3.glbimg.com/v1/AUTH_58d78b787ec34892b5aaa0c7a146155f/clubes_2026/silhuetas/MIR/FORMATO.png,15,2.09,José Aldo Soares de Oliveira Filho,0.0,4,3.8,28,aldo-filho,5,0.0,1.0,7.0,,,,18.0,20.0,3.0,6.0,8.0,,,,,1.0,,,,,
Rochet,Rochet,105949,INT,285,0,False,https://s3.glbimg.com/v1/AUTH_58d78b787ec34892b5aaa0c7a146155f/clubes_2026/silhuetas/INT/FORMATO.png,11,3.33,Sergio Ramón Rochet Álvarez,0.0,1,6.28,28,rochet,5,0.0,,1.0,,22.0,,3.0,,,,1.0,,,,11.0,,,,,3.0,
Coronel,Coronel,106028,SAO,276,0,False,https://s3.glbimg.com/v1/AUTH_58d78b787ec34892b5aaa0c7a146155f/clubes_2026/silhuetas/SAO/FORMATO.png,1,4.5,Carlos Miguel Coronel,0.0,1,6.15,28,coronel,6,0.0,,,,5.0,,,,,,,,,,2.0,,,,,,
Enamorado,Enamorado,106104,GRE,284,0,True,https://s3.glbimg.com/v1/AUTH_58d78b787ec34892b5aaa0c7a146155f/clubes_2026/silhuetas/GRE/FORMATO.png,22,3.19,José David Enamorado Gómez,3.5,5,6.74,28,enamorado,6,0.29,3.0,3.0,,,,22.0,16.0,3.0,9.0,32.0,1.0,,,,2.0,,,,,
Thiago Carpini,T. Carpini,106147,REM,364,0,True,https://s3.glbimg.com/v1/AUTH_58d78b787ec34892b5aaa0c7a146155f/clubes_2026/silhuetas/REM/FORMATO.png,1,4.13,Thiago Carpini Barbosa,4.13,6,8.47,28,thiago-carpini,7,0.63,,,,,,,,,,,,,,,,,,,,
Gabriel Pec,G. Pec,106199,CRU,283,0,False,https://s3.glbimg.com/v1/AUTH_58d78b787ec34892b5aaa0c7a146155f/clubes_2026/silhuetas/CRU/FORMATO.png,1,4.1,Gabriel Fortes Chaves,0.0,5,7.94,28,gabriel-pec,5,0.0,,,,,,1.0,1.0,1.0,1.0,2.0,,,,,1.0,,,,,
Bruno Gomes,B. Gomes,106202,INT,285,0,True,https://s3.glbimg.com/v1/AUTH_58d78b787ec34892b5aaa0c7a146155f/clubes_2026/silhuetas/INT/FORMATO.png,27,3.71,Bruno Gomes da Silva Clevelário,2.5,4,6.47,28,bruno-gomes,7,-0.19,,4.0,,,,51.0,30.0,2.0,9.0,48.0,1.0,,,,,,,,,
Marcos Antônio,M. Antônio,106294,SAO,276,0,True,https://s3.glbimg.com/v1/AUTH_58d78b787ec34892b5aaa0c7a146155f/clubes_2026/silhuetas/SAO/FORMATO.png,20,2.9,Marcos Antônio Silva Santos,-0.1,4,5.86,28,marcos-antonio,7,-1.24,2.0,1.0,,,,22.0,16.0,4.0,8.0,19.0,,,,,2.0,,,,,
Preciado,Preciado,106302,CAM,282,0,False,https://s3.glbimg.com/v1/AUTH_58d78b787ec34892b5aaa0c7a146155f/clubes_2026/silhuetas/CAM/FORMATO.png,11,4.38,Ángelo Smit Preciado Quiñónez,0.0,2,7.65,28,preciado,6,0.0,1.0,4.0,,,,17.0,19.0,1.0,4.0,16.0,,,,,,,,,3.0,
Domingos Duarte,D. Duarte,106313,SAO,276,0,True,https://s3.glbimg.com/v1/AUTH_58d78b787ec34892b5aaa0c7a146155f/clubes_2026/silhuetas/SAO/FORMATO.png,5,6.06,Domingos de Sousa Coutinho Meneses Duarte,5.8,3,8.02,28,domingos-duarte,5,-0.36,,,,,,11.0,4.0,2.0,2.0,2.0,,,,,,,,,2.0,
Caio Alexandre,C. Alexandre,106323,BAH,265,0,True,https://s3.glbimg.com/v1/AUTH_58d78b787ec34892b5aaa0c7a146155f/clubes_2026/silhuetas/BAH/FORMATO.png,17,1.03,Caio Alexandre Souza e Silva,0.5,4,3.46,28,caio-alexandre,6,-0.39,,1.0,,,,10.0,14.0,,1.0,14.0,,,,,,,,,,
Eduardo Santos,E. Santos,106434,RBB,280,0,False,https://s3.glbimg.com/v1/AUTH_58d78b787ec34892b5aaa0c7a146155f/clubes_2026/silhuetas/RBB/FORMATO.png,4,1.05,Eduardo Gonzaga Mendes Santos,0.0,3,3.6,28,eduardo-santos,6,0.0,,,,,,1.0,1.0,,,,1.0,,,,,,,,,
Villalba,Villalba,106593,CRU,283,0,True,https://s3.glbimg.com/v1/AUTH_58d78b787ec34892b5aaa0c7a146155f/clubes_2026/silhuetas/CRU/FORMATO.png,15,3.19,Lucas Hernán Villalba,7.7,3,7.31,28,villalba,6,0.84,2.0,2.0,,,,12.0,16.0,1.0,2.0,4.0,,1.0,,,1.0,1.0,,,3.0,
Igor Formiga,I. Formiga,106708,MIR,2305,0,True,https://s3.glbimg.com/v1/AUTH_58d78b787ec34892b5aaa0c7a146155f/clubes_2026/silhuetas/MIR/FORMATO.png,22,5.99,Igor Marques Paciência Cardoso,16.2,2,9.88,28,igor-formiga,7,1.18,4.0,2.0,,,,51.0,33.0,4.0,12.0,7.0,,3.0,,,,,,,1.0,
Rodrigo Nestor,R. Nestor,106822,BAH,265,0,True,https://s3.glbimg.com/v1/AUTH_58d78b787ec34892b5aaa0c7a146155f/clubes_2026/silhuetas/BAH/FORMATO.png,20,3.94,Rodrigo Nestor Bertalia,4.6,4,6.04,28,rodrigo-nestor,7,0.24,4.0,5.0,,,,24.0,25.0,9.0,23.0,12.0,,,,,1.0,,,,,
Borrero,Borrero,106843,CHA,315,0,False,https://s3.glbimg.com/v1/AUTH_58d78b787ec34892b5aaa0c7a146155f/clubes_2026/silhuetas/CHA/FORMATO.png,3,1.5,Dylan Felipe Borrero Caicedo,0.0,4,3.99,28,borrero,6,0.0,,,,,,3.0,,,,,,,,,,,,,,
Rafael Lacerda,R. Lacerda,106907,CHA,315,0,True,https://s3.glbimg.com/v1/AUTH_58d78b787ec34892b5aaa0c7a146155f/clubes_2026/silhuetas/CHA/FORMATO.png,9,5.14,Rafael dos Santos Lacerda,5.12,6,8.35,28,rafael-lacerda,7,0.13,,,,,,,,,,,,,,,,,,,,2.0
Fernando,Fernando,106950,CHA,315,0,True,https://s3.glbimg.com/v1/AUTH_58d78b787ec34892b5aaa0c7a146155f/clubes_2026/silhuetas/CHA/FORMATO.png,8,1.85,Fernando Augusto Pereira Bueno Júnior,-1.3,2,3.6,28,fernando,6,-0.34,,2.0,,,,7.0,9.0,,,8.0,,,,,,,,,1.0,
Yuri Sena,Y. Sena,107075,VIT,287,0,False,https://s3.glbimg.com/v1/AUTH_58d78b787ec34892b5aaa0c7a146155f/clubes_2026/silhuetas/VIT/FORMATO.png,0,0.0,Yuri Sena dos Reis Batista,0.0,1,1.0,28,yuri-sena,6,0.0,,,,,,,,,,,,,,,,,,,,
Luciano Juba,L. Juba,107093,BAH,265,0,True,https://s3.glbimg.com/v1/AUTH_58d78b787ec34892b5aaa0c7a146155f/clubes_2026/silhuetas/BAH/FORMATO.png,24,7.04,Luciano Batista da Silva Júnior,3.5,2,10.8,28,luciano-juba,7,-0.85,1.0,3.0,,,,29.0,16.0,7.0,7.0,16.0,1.0,9.0,,,,,1.0,,7.0,
Michel Araújo,M. Araújo,107173,BAH,265,0,False,https://s3.glbimg.com/v1/AUTH_58d78b787ec34892b5aaa0c7a146155f/clubes_2026/silhuetas/BAH/FORMATO.png,18,0.98,Michel Daryl Araújo Villar,0.0,4,2.37,28,michel-araujo,5,0.0,1.0,1.0,1.0,,,8.0,15.0,2.0,5.0,6.0,,,,,3.0,,,,,
Max,Max,107203,CHA,315,0,False,https://s3.glbimg.com/v1/AUTH_58d78b787ec34892b5aaa0c7a146155f/clubes_2026/silhuetas/CHA/FORMATO.png,2,1.85,Max Alves da Silva,0.0,4,4.39,28,max,5,0.0,,,,,,2.0,2.0,,1.0,1.0,,,,,,,,,,
Danilo,Danilo,107231,BOT,263,0,True,https://s3.glbimg.com/v1/AUTH_58d78b787ec34892b5aaa0c7a146155f/clubes_2026/silhuetas/BOT/FORMATO.png,19,7.01,Danilo dos Santos de Oliveira,0.8,4,13.0,28,danilo,7,-0.57,2.0,1.0,,,,31.0,11.0,6.0,12.0,10.0,1.0,7.0,,,,,,,,
Vanderlan,Vanderlan,107236,RBB,280,0,True,https://s3.glbimg.com/v1/AUTH_58d78b787ec34892b5aaa0c7a146155f/clubes_2026/silhuetas/RBB/FORMATO.png,2,0.6,Vanderlan Barbosa da Silva,1.5,2,4.23,28,vanderlan,6,-0.18,,1.0,,,,1.0,1.0,,,,,,,,,,,,,
Zé Vitor,Z. Vitor,107256,VIT,287,0,True,https://s3.glbimg.com/v1/AUTH_58d78b787ec34892b5aaa0c7a146155f/clubes_2026/silhuetas/VIT/FORMATO.png,17,4.79,Jose Vitor Silva Neves,7.1,4,6.64,28,ze-vitor,7,0.61,,4.0,,,,40.0,36.0,4.0,13.0,28.0,,1.0,,,,1.0,,,,
Alex Bruno,A. Bruno,107300,VIT,287,0,True,https://s3.glbimg.com/v1/AUTH_58d78b787ec34892b5aaa0c7a146155f/clubes_2026/silhuetas/VIT/FORMATO.png,2,0.65,Alex Bruno da Costa Lima,0.0,5,3.49,28,alex-bruno,6,-0.54,,,,,,,,,1.0,1.0,,,,,,,,,,
João Paulo,J. Paulo,107453,CHA,315,0,False,https://s3.glbimg.com/v1/AUTH_58d78b787ec34892b5aaa0c7a146155f/clubes_2026/silhuetas/CHA/FORMATO.png,6,3.13,João Paulo Silveira dos Santos,0.0,3,4.5,28,joao-paulo,6,0.0,1.0,3.0,,,,6.0,11.0,,2.0,3.0,,1.0,,,,,,,,
Natanael,Natanael,107554,CAM,282,0,True,https://s3.glbimg.com/v1/AUTH_58d78b787ec34892b5aaa0c7a146155f/clubes_2026/silhuetas/CAM/FORMATO.png,18,5.18,Natanael Moreira Milouski,11.9,2,9.54,28,natanael,7,0.45,2.0,,1.0,,,35.0,16.0,4.0,6.0,29.0,,,,,4.0,,,,3.0,
Eduardo Melo,E. Melo,107700,REM,364,0,False,https://s3.glbimg.com/v1/AUTH_58d78b787ec34892b5aaa0c7a146155f/clubes_2026/silhuetas/REM/FORMATO.png,1,1.4,Eduardo de Queiroz Melo,0.0,5,2.13,28,eduardo-melo,6,0.0,,,,,,1.0,,,,,,,,,1.0,,,,,
Praxedes,Praxedes,107744,RBB,280,0,False,https://s3.glbimg.com/v1/AUTH_58d78b787ec34892b5aaa0c7a146155f/clubes_2026/silhuetas/RBB/FORMATO.png,0,0.0,Bruno Conceição Praxedes,0.0,4,4.0,28,praxedes,6,0.0,,,,,,,,,,,,,,,,,,,,
Fintelman,Fintelman,107859,VIT,287,0,False,https://s3.glbimg.com/v1/AUTH_58d78b787ec34892b5aaa0c7a146155f/clubes_2026/silhuetas/VIT/FORMATO.png,0,0.0,Alexandre Fintelman de Mello Ribeiro da Silva,0.0,1,2.0,28,fintelman,6,0.0,,,,,,,,,,,,,,,,,,,,
Bobadilla,Bobadilla,107873,SAO,276,0,False,https://s3.glbimg.com/v1/AUTH_58d78b787ec34892b5aaa0c7a146155f/clubes_2026/silhuetas/SAO/FORMATO.png,16,3.94,Damián Josué Bobadilla Benítez,0.0,4,8.06,28,bobadilla,5,0.0,2.0,3.0,,,,31.0,20.0,6.0,3.0,6.0,1.0,,,,1.0,,,,,
Hugo,Hugo,107908,COR,264,0,False,https://s3.glbimg.com/v1/AUTH_58d78b787ec34892b5aaa0c7a146155f/clubes_2026/silhuetas/COR/FORMATO.png,0,0.0,Hugo Ferreira de Farias,0.0,2,4.0,28,hugo,6,0.0,,,,,,,,,,,,,,,,,,,,
Terán,Terán,107985,CAP,293,0,False,https://s3.glbimg.com/v1/AUTH_58d78b787ec34892b5aaa0c7a146155f/clubes_2026/silhuetas/CAP/FORMATO.png,13,4.09,Carlos Terán Díaz,0.0,3,6.98,28,teran,7,0.0,,,,,,15.0,10.0,3.0,2.0,7.0,,,,,,,,,5.0,
Carbonero,Carbonero,107989,INT,285,0,True,https://s3.glbimg.com/v1/AUTH_58d78b787ec34892b5aaa0c7a146155f/clubes_2026/silhuetas/INT/FORMATO.png,27,5.17,Johan Stiven Carbonero Balanta,1.4,5,8.32,28,carbonero,7,-1.69,4.0,4.0,,,,9.0,29.0,15.0,23.0,56.0,,7.0,,,15.0,,,,,
Garcez,Garcez,108131,CHA,315,0,True,https://s3.glbimg.com/v1/AUTH_58d78b787ec34892b5aaa0c7a146155f/clubes_2026/silhuetas/CHA/FORMATO.png,13,3.8,Maurício Garcez de Jesus,5.6,5,5.18,28,garcez,7,-0.59,,,,,,11.0,9.0,3.0,12.0,13.0,,2.0,,,2.0,,,,,
Isidro Pitta,I. Pitta,108133,RBB,280,0,True,https://s3.glbimg.com/v1/AUTH_58d78b787ec34892b5aaa0c7a146155f/clubes_2026/silhuetas/RBB/FORMATO.png,24,3.27,Isidro Miguel Pitta Saldívar,-0.3,5,4.88,28,isidro-pitta,7,-0.26,2.0,3.0,,,,2.0,27.0,8.0,27.0,13.0,1.0,5.0,,,12.0,,1.0,1.0,,
Nardoni,Nardoni,108162,GRE,284,0,False,https://s3.glbimg.com/v1/AUTH_58d78b787ec34892b5aaa0c7a146155f/clubes_2026/silhuetas/GRE/FORMATO.png,16,1.89,Juan Ignacio Martín Nardoni,0.0,4,6.05,28,nardoni,6,0.0,,2.0,,,,11.0,19.0,1.0,4.0,18.0,,1.0,,,1.0,,,,,
Valencia,Valencia,108602,FLA,262,0,False,https://s3.glbimg.com/v1/AUTH_58d78b787ec34892b5aaa0c7a146155f/clubes_2026/silhuetas/FLA/FORMATO.png,1,1.5,Anthony Lenín Valencia Bajaña,0.0,5,5.91,28,valencia,6,0.0,,,,,,1.0,,,,,,,,,,,,,,
Emiliano Martínez,E. Martínez,108683,PAL,275,0,False,https://s3.glbimg.com/v1/AUTH_58d78b787ec34892b5aaa0c7a146155f/clubes_2026/silhuetas/PAL/FORMATO.png,13,2.06,Emiliano Martínez Toranza,0.0,4,3.84,28,emiliano-martinez,6,0.0,,1.0,,,,17.0,8.0,2.0,1.0,3.0,,,,,,,,,,
Galeano,Galeano,108713,REM,364,0,True,https://s3.glbimg.com/v1/AUTH_58d78b787ec34892b5aaa0c7a146155f/clubes_2026/silhuetas/REM/FORMATO.png,16,1.83,Antonio Javier Galeano Ferreira,3.6,5,4.71,28,galeano,7,0.26,,2.0,,,,7.0,5.0,6.0,7.0,19.0,,,,,2.0,,,,,
Victor Sá,V. Sá,108946,SAO,276,0,False,https://s3.glbimg.com/v1/AUTH_58d78b787ec34892b5aaa0c7a146155f/clubes_2026/silhuetas/SAO/FORMATO.png,5,3.06,João Victor Santos Sá,0.0,5,5.51,28,victor-sa,6,0.0,1.0,,,,,5.0,3.0,1.0,,5.0,,,,,,,,,,
Plata,Plata,109096,FLA,262,0,True,https://s3.glbimg.com/v1/AUTH_58d78b787ec34892b5aaa0c7a146155f/clubes_2026/silhuetas/FLA/FORMATO.png,15,6.87,Gonzalo Jordy Plata Jiménez,7.2,5,11.14,28,plata,6,-0.33,2.0,2.0,,,,33.0,7.0,12.0,6.0,13.0,2.0,2.0,,,,,,,,
Jovane Cabral,J. Cabral,109097,GRE,284,0,True,https://s3.glbimg.com/v1/AUTH_58d78b787ec34892b5aaa0c7a146155f/clubes_2026/silhuetas/GRE/FORMATO.png,5,2.92,Jovane Eduardo Borges Cabral,0.2,5,6.44,28,jovane-cabral,6,-1.18,1.0,,,,,4.0,3.0,1.0,1.0,5.0,,,,,,,,,,
Matheus Nascimento,M. Nascimento,109114,GRE,284,0,False,https://s3.glbimg.com/v1/AUTH_58d78b787ec34892b5aaa0c7a146155f/clubes_2026/silhuetas/GRE/FORMATO.png,1,1.2,Matheus Nascimento de Paula,0.0,5,4.01,28,matheus-nascimento,6,0.0,,,,,,,,1.0,,,,,,,,,,,,
Tiago Cóser,T. Cóser,109127,CFC,294,0,True,https://s3.glbimg.com/v1/AUTH_58d78b787ec34892b5aaa0c7a146155f/clubes_2026/silhuetas/CFC/FORMATO.png,23,2.72,Tiago Cóser,1.7,3,3.61,28,tiago-coser,7,0.26,,3.0,1.0,,,10.0,25.0,1.0,2.0,9.0,,3.0,,,,,,,6.0,
Rafael Carvalheira,R. Carvalheira,109336,CHA,315,0,False,https://s3.glbimg.com/v1/AUTH_58d78b787ec34892b5aaa0c7a146155f/clubes_2026/silhuetas/CHA/FORMATO.png,14,2.72,Rafael dos Santos Carvalheira Natividade,0.0,4,5.7,28,rafael-carvalheira,5,0.0,,2.0,,,,15.0,19.0,2.0,5.0,4.0,,2.0,,,1.0,1.0,,,,
Erick Pulga,E. Pulga,109401,BAH,265,0,True,https://s3.glbimg.com/v1/AUTH_58d78b787ec34892b5aaa0c7a146155f/clubes_2026/silhuetas/BAH/FORMATO.png,26,4.78,Erick da Costa Farias,7.6,5,8.38,28,erick-pulga,7,-0.11,2.0,5.0,,,,26.0,26.0,14.0,10.0,49.0,2.0,4.0,,,13.0,1.0,,3.0,,
Calebe,Calebe,109461,INT,285,0,False,https://s3.glbimg.com/v1/AUTH_58d78b787ec34892b5aaa0c7a146155f/clubes_2026/silhuetas/INT/FORMATO.png,3,0.83,Calebe Gonçalves Ferreira da Silva,0.0,4,4.65,28,calebe,5,0.0,,,,,,,1.0,,1.0,4.0,,,,,,,,,,
Martinelli,Martinelli,109573,FLU,266,0,True,https://s3.glbimg.com/v1/AUTH_58d78b787ec34892b5aaa0c7a146155f/clubes_2026/silhuetas/FLU/FORMATO.png,19,2.84,Matheus Martinelli Lima,10.2,4,6.65,28,martinelli,7,0.76,3.0,5.0,,,,21.0,28.0,6.0,9.0,13.0,,,,,,,,,,
Medina,Medina,109987,BOT,263,0,True,https://s3.glbimg.com/v1/AUTH_58d78b787ec34892b5aaa0c7a146155f/clubes_2026/silhuetas/BOT/FORMATO.png,17,3.65,Cristian Nicolás Medina,8.0,4,7.29,28,medina,7,0.94,,3.0,1.0,,,28.0,17.0,3.0,7.0,26.0,,1.0,,,,,,1.0,,
Spinelli,Spinelli,110144,VAS,267,0,False,https://s3.glbimg.com/v1/AUTH_58d78b787ec34892b5aaa0c7a146155f/clubes_2026/silhuetas/VAS/FORMATO.png,16,2.95,Claudio Paul Spinelli,0.0,5,5.59,28,spinelli,6,0.0,,,,,,10.0,16.0,9.0,13.0,10.0,1.0,1.0,,,,,,,,
Bernabei,Bernabei,110426,INT,285,0,True,https://s3.glbimg.com/v1/AUTH_58d78b787ec34892b5aaa0c7a146155f/clubes_2026/silhuetas/INT/FORMATO.png,24,5.84,Alexandro Ezequiel Bernabei,-1.4,2,8.83,28,bernabei,7,-0.65,1.0,6.0,1.0,,,32.0,47.0,11.0,27.0,26.0,1.0,4.0,,,11.0,1.0,,,6.0,
Abel Ferreira,A. Ferreira,110506,PAL,275,0,True,https://s3.glbimg.com/v1/AUTH_58d78b787ec34892b5aaa0c7a146155f/clubes_2026/silhuetas/PAL/FORMATO.png,28,6.78,Abel Fernando Moreira Ferreira,7.9,6,12.06,28,abel-ferreira,7,-0.31,,,,,,,,,,,,,,,,,,,,16.0
Aguirre,Aguirre,110510,INT,285,0,True,https://s3.glbimg.com/v1/AUTH_58d78b787ec34892b5aaa0c7a146155f/clubes_2026/silhuetas/INT/FORMATO.png,19,4.09,Braian Nahuel Aguirre,2.0,2,5.73,28,aguirre,6,-1.0,1.0,3.0,,,,22.0,19.0,4.0,8.0,3.0,,2.0,,,2.0,,,,4.0,
Marino Hinestroza,M. Hinestroza,110598,VAS,267,0,True,https://s3.glbimg.com/v1/AUTH_58d78b787ec34892b5aaa0c7a146155f/clubes_2026/silhuetas/VAS/FORMATO.png,14,1.74,Marino Hinestroza Angulo,5.9,5,5.66,28,marino-hinestroza,7,0.63,,,,,,7.0,6.0,,7.0,14.0,1.0,,,,,,,,,
Vinícius Balieiro,V. Balieiro,110605,CHA,315,0,False,https://s3.glbimg.com/v1/AUTH_58d78b787ec34892b5aaa0c7a146155f/clubes_2026/silhuetas/CHA/FORMATO.png,5,1.84,Vinícius Balieiro Lourenço de Carvalho,0.0,4,3.62,28,vinicius-balieiro,5,0.0,,,,,,5.0,1.0,,,4.0,,,,,,,,,,
Gustavo,Gustavo,110633,CFC,294,0,False,https://s3.glbimg.com/v1/AUTH_58d78b787ec34892b5aaa0c7a146155f/clubes_2026/silhuetas/CFC/FORMATO.png,4,0.9,Gustavo Silva de Oliveira,0.0,4,3.3,28,gustavo,6,0.0,,,,,,1.0,,,2.0,1.0,,,,,,,,,,
Esquivel,Esquivel,110668,CAP,293,0,True,https://s3.glbimg.com/v1/AUTH_58d78b787ec34892b5aaa0c7a146155f/clubes_2026/silhuetas/CAP/FORMATO.png,16,5.22,Lucas Ángel Esquivel,13.5,2,8.6,28,esquivel,7,1.7,3.0,1.0,1.0,,,23.0,28.0,1.0,6.0,15.0,,1.0,,,,,,,5.0,
Mycael,Mycael,110698,CAP,293,0,True,https://s3.glbimg.com/v1/AUTH_58d78b787ec34892b5aaa0c7a146155f/clubes_2026/silhuetas/CAP/FORMATO.png,3,6.67,Mycael Pontes Moreira,7.8,1,8.57,28,mycael,7,0.9,,2.0,,5.0,2.0,,,,,1.0,,,,4.0,,1.0,,,1.0,
Pedro Rangel,P. Rangel,110708,CFC,294,0,False,https://s3.glbimg.com/v1/AUTH_58d78b787ec34892b5aaa0c7a146155f/clubes_2026/silhuetas/CFC/FORMATO.png,17,4.67,Pedro Felipe de Faria Rangel,0.0,1,7.48,28,pedro-rangel,6,0.0,,1.0,,53.0,,1.0,,,,4.0,,,,22.0,,,,,6.0,
Andrés Hurtado,A. Hurtado,110715,RBB,280,0,False,https://s3.glbimg.com/v1/AUTH_58d78b787ec34892b5aaa0c7a146155f/clubes_2026/silhuetas/RBB/FORMATO.png,16,3.35,José Andrés Hurtado Cheme,0.0,2,5.23,28,andres-hurtado,6,0.0,,2.0,,,,13.0,10.0,2.0,7.0,6.0,,1.0,,,,,,,4.0,
Gustavo Marques,G. Marques,110750,RBB,280,0,True,https://s3.glbimg.com/v1/AUTH_58d78b787ec34892b5aaa0c7a146155f/clubes_2026/silhuetas/RBB/FORMATO.png,23,4.46,Gustavo Marques Alves dos Santos,0.3,3,6.81,28,gustavo-marques,7,-0.57,,3.0,,,,28.0,19.0,6.0,7.0,17.0,,1.0,,,1.0,,,,8.0,
John Kennedy,J. Kennedy,110759,FLU,266,0,False,https://s3.glbimg.com/v1/AUTH_58d78b787ec34892b5aaa0c7a146155f/clubes_2026/silhuetas/FLU/FORMATO.png,17,7.3,John Kennedy Batista de Souza,0.0,5,10.92,28,john-kennedy,5,0.0,1.0,,,,,13.0,19.0,16.0,9.0,8.0,1.0,9.0,,,2.0,,,,,
Alix Vinicius,A. Vinicius,111246,RBB,280,0,True,https://s3.glbimg.com/v1/AUTH_58d78b787ec34892b5aaa0c7a146155f/clubes_2026/silhuetas/RBB/FORMATO.png,19,2.81,Alix Vinicius de Souza Sampaio,2.2,3,5.08,28,alix-vinicius,7,0.17,,5.0,1.0,,,17.0,31.0,2.0,4.0,9.0,,,,,,,,,7.0,
Mancha,Mancha,111279,CHA,315,0,False,https://s3.glbimg.com/v1/AUTH_58d78b787ec34892b5aaa0c7a146155f/clubes_2026/silhuetas/CHA/FORMATO.png,0,0.0,Gianluca Piola Minozzo,0.0,2,3.0,28,mancha,6,0.0,,,,,,,,,,,,,,,,,,,,
Gustavo Martins,G. Martins,111309,GRE,284,0,True,https://s3.glbimg.com/v1/AUTH_58d78b787ec34892b5aaa0c7a146155f/clubes_2026/silhuetas/GRE/FORMATO.png,17,3.94,Gustavo Martins de Souza Santos,7.9,3,7.11,28,gustavo-martins,3,0.58,2.0,5.0,,,,15.0,19.0,2.0,6.0,6.0,1.0,2.0,1.0,,1.0,1.0,,,4.0,
Arthur Chaves,A. Chaves,111412,BOT,263,0,False,https://s3.glbimg.com/v1/AUTH_58d78b787ec34892b5aaa0c7a146155f/clubes_2026/silhuetas/BOT/FORMATO.png,0,0.0,Arthur Largura Chaves,0.0,3,6.0,28,arthur-chaves,6,0.0,,,,,,,,,,,,,,,,,,,,
Victor Gabriel,V. Gabriel,111466,INT,285,0,False,https://s3.glbimg.com/v1/AUTH_58d78b787ec34892b5aaa0c7a146155f/clubes_2026/silhuetas/INT/FORMATO.png,16,2.16,Victor Gabriel da Conceição Ribeiro,0.0,3,3.51,28,victor-gabriel,3,0.0,,6.0,1.0,,,20.0,22.0,,2.0,9.0,,,,,,1.0,,,3.0,
Adson,Adson,111682,VAS,267,0,False,https://s3.glbimg.com/v1/AUTH_58d78b787ec34892b5aaa0c7a146155f/clubes_2026/silhuetas/VAS/FORMATO.png,14,3.49,Adson Ferreira Soares,0.0,4,6.21,28,adson,6,0.0,,1.0,,,,20.0,7.0,7.0,10.0,11.0,,,,,,,,,,
Anthoni,Anthoni,111683,INT,285,0,True,https://s3.glbimg.com/v1/AUTH_58d78b787ec34892b5aaa0c7a146155f/clubes_2026/silhuetas/INT/FORMATO.png,11,2.45,Anthoni Spier Souza,-1.0,1,3.71,28,anthoni,6,-0.92,,,,25.0,,,,,,1.0,,,,16.0,,,,,2.0,
Matheus Cunha,M. Cunha,111690,INT,285,0,False,https://s3.glbimg.com/v1/AUTH_58d78b787ec34892b5aaa0c7a146155f/clubes_2026/silhuetas/INT/FORMATO.png,16,3.18,Matheus Cunha Queiroz,0.0,1,4.12,28,matheus-cunha,7,0.0,1.0,2.0,,28.0,,,,,,3.0,,,,20.0,,,,,6.0,
Fabinho,Fabinho,111760,RBB,280,0,True,https://s3.glbimg.com/v1/AUTH_58d78b787ec34892b5aaa0c7a146155f/clubes_2026/silhuetas/RBB/FORMATO.png,11,1.29,Fábio Silva de Freitas,4.1,4,2.85,28,fabinho,7,0.08,,,1.0,,,11.0,15.0,,1.0,9.0,,,,,,,,,,
Kayky,Kayky,111829,INT,285,0,False,https://s3.glbimg.com/v1/AUTH_58d78b787ec34892b5aaa0c7a146155f/clubes_2026/silhuetas/INT/FORMATO.png,6,1.27,Kayky da Silva Chagas,0.0,5,3.63,28,kayky,5,0.0,,,,,,2.0,,3.0,,2.0,,,,,,,,,,
Matheus Martins,M. Martins,111831,BOT,263,0,False,https://s3.glbimg.com/v1/AUTH_58d78b787ec34892b5aaa0c7a146155f/clubes_2026/silhuetas/BOT/FORMATO.png,18,4.13,Matheus Martins Silva dos Santos,0.0,5,6.69,28,matheus-martins,6,0.0,,1.0,,,,10.0,10.0,11.0,7.0,19.0,1.0,4.0,,,,,,,,
Jefté,Jefté,111832,PAL,275,0,False,https://s3.glbimg.com/v1/AUTH_58d78b787ec34892b5aaa0c7a146155f/clubes_2026/silhuetas/PAL/FORMATO.png,7,2.47,Jefté Vital da Silva Dias,0.0,2,4.16,28,jefte,5,0.0,1.0,1.0,,,,3.0,5.0,,,1.0,,,,,2.0,,,,2.0,
Mateus Silva,M. Silva,111879,VIT,287,0,True,https://s3.glbimg.com/v1/AUTH_58d78b787ec34892b5aaa0c7a146155f/clubes_2026/silhuetas/VIT/FORMATO.png,7,5.26,Mateus da Silva Duarte,0.8,2,6.3,28,mateus-silva,7,-1.14,1.0,1.0,,,,12.0,3.0,1.0,2.0,6.0,,,,,1.0,,,,2.0,
Felipinho,Felipinho,112017,CAP,293,0,False,https://s3.glbimg.com/v1/AUTH_58d78b787ec34892b5aaa0c7a146155f/clubes_2026/silhuetas/CAP/FORMATO.png,8,2.99,Antonio Feliphe Costa Silva,0.0,4,4.79,28,felipinho,6,0.0,,2.0,,,,16.0,8.0,,1.0,1.0,1.0,,,,,,,,,
Vini Paulista,V. Paulista,112576,CFC,294,0,True,https://s3.glbimg.com/v1/AUTH_58d78b787ec34892b5aaa0c7a146155f/clubes_2026/silhuetas/CFC/FORMATO.png,24,2.29,Vinicius Romualdo dos Santos,0.8,4,3.58,28,vini-paulista,6,-0.45,,3.0,,,,31.0,11.0,1.0,6.0,12.0,1.0,,,,1.0,,,,,
Gabriel Grando,G. Grando,112616,GRE,284,0,False,https://s3.glbimg.com/v1/AUTH_58d78b787ec34892b5aaa0c7a146155f/clubes_2026/silhuetas/GRE/FORMATO.png,1,0.3,Gabriel Hamester Grando,0.0,1,3.77,28,gabriel-grando,6,0.0,,,,1.0,,,,,,,,,,1.0,,,,,,
Ramón Sosa,R. Sosa,112863,PAL,275,0,True,https://s3.glbimg.com/v1/AUTH_58d78b787ec34892b5aaa0c7a146155f/clubes_2026/silhuetas/PAL/FORMATO.png,20,3.16,Ramón Sosa Acosta,0.4,5,5.52,28,ramon-sosa,6,-0.35,2.0,4.0,,,,4.0,20.0,4.0,9.0,22.0,1.0,4.0,,,9.0,,,,,
Lucas Barbosa,L. Barbosa,112886,RBB,280,0,True,https://s3.glbimg.com/v1/AUTH_58d78b787ec34892b5aaa0c7a146155f/clubes_2026/silhuetas/RBB/FORMATO.png,24,6.26,Lucas Henrique Barbosa,6.7,5,9.87,28,lucas-barbosa,7,0.16,2.0,5.0,,,,32.0,41.0,17.0,28.0,43.0,2.0,5.0,,,7.0,,,,,
Catarozzi,Catarozzi,112939,REM,364,0,False,https://s3.glbimg.com/v1/AUTH_58d78b787ec34892b5aaa0c7a146155f/clubes_2026/silhuetas/REM/FORMATO.png,1,0.9,Franco Catarozzi Parafita,0.0,4,5.41,28,catarozzi,6,0.0,,,,,,1.0,2.0,,,,,,,,,,,,,
Peralta,Peralta,112985,CRU,283,0,False,https://s3.glbimg.com/v1/AUTH_58d78b787ec34892b5aaa0c7a146155f/clubes_2026/silhuetas/CRU/FORMATO.png,0,0.0,Fabrizio José Peralta Ramírez,0.0,4,4.0,28,peralta,5,0.0,,,,,,,,,,,,,,,,,,,,
Freytes,Freytes,113034,FLU,266,0,False,https://s3.glbimg.com/v1/AUTH_58d78b787ec34892b5aaa0c7a146155f/clubes_2026/silhuetas/FLU/FORMATO.png,18,2.49,Juan Pablo Freytes,0.0,3,4.55,28,freytes,6,0.0,,4.0,,,,15.0,15.0,1.0,6.0,10.0,,,,,,,,,4.0,
Flaco López,F. López,113103,PAL,275,0,True,https://s3.glbimg.com/v1/AUTH_58d78b787ec34892b5aaa0c7a146155f/clubes_2026/silhuetas/PAL/FORMATO.png,25,6.85,José Manuel Alberto López,5.5,5,13.42,28,flaco-lopez,7,-0.03,3.0,2.0,,,,29.0,37.0,14.0,25.0,53.0,,8.0,,,14.0,,,,,
Benavídez,Benavídez,113113,CAP,293,0,False,https://s3.glbimg.com/v1/AUTH_58d78b787ec34892b5aaa0c7a146155f/clubes_2026/silhuetas/CAP/FORMATO.png,19,5.4,Gastón Américo Benavídez,0.0,2,9.33,28,benavidez,5,0.0,4.0,6.0,,,,22.0,15.0,3.0,4.0,21.0,,1.0,,,2.0,,,,7.0,
Picco,Picco,113125,REM,364,0,True,https://s3.glbimg.com/v1/AUTH_58d78b787ec34892b5aaa0c7a146155f/clubes_2026/silhuetas/REM/FORMATO.png,25,3.43,Leonel Marcelo Picco,2.1,4,6.15,28,picco,7,-0.07,,2.0,,,,47.0,27.0,1.0,8.0,4.0,,2.0,,,,,,,,
Nathan Mendes,N. Mendes,113157,VIT,287,0,False,https://s3.glbimg.com/v1/AUTH_58d78b787ec34892b5aaa0c7a146155f/clubes_2026/silhuetas/VIT/FORMATO.png,12,5.02,Nathan Gabriel de Souza Mendes,0.0,2,7.52,28,nathan-mendes,5,0.0,1.0,3.0,,,,21.0,14.0,,1.0,10.0,,,,,,,,,5.0,
Marquinhos,Marquinhos,113158,CRU,283,0,False,https://s3.glbimg.com/v1/AUTH_58d78b787ec34892b5aaa0c7a146155f/clubes_2026/silhuetas/CRU/FORMATO.png,2,0.45,Marcus Vinícius Oliveira Alencar,0.0,5,3.54,28,marquinhos,6,0.0,,,,,,,2.0,,,3.0,,,,,,,,,,
Pablo Maia,P. Maia,113359,SAO,276,0,False,https://s3.glbimg.com/v1/AUTH_58d78b787ec34892b5aaa0c7a146155f/clubes_2026/silhuetas/SAO/FORMATO.png,18,1.85,Pablo Gonçalves Maia Fortunato,0.0,4,4.44,28,pablo-maia,6,0.0,,3.0,,,,14.0,28.0,1.0,10.0,13.0,,1.0,,,,,,,,
Cristian Olivera,C. Olivera,113397,BAH,265,0,False,https://s3.glbimg.com/v1/AUTH_58d78b787ec34892b5aaa0c7a146155f/clubes_2026/silhuetas/BAH/FORMATO.png,20,4.1,Cristian Gonzalo Olivera Ibarra - Kike,0.0,5,8.1,28,cristian-olivera,7,0.0,2.0,3.0,,,,17.0,14.0,15.0,8.0,38.0,1.0,1.0,,,7.0,,,,,
Bruninho,Bruninho,113558,RBB,280,0,False,https://s3.glbimg.com/v1/AUTH_58d78b787ec34892b5aaa0c7a146155f/clubes_2026/silhuetas/RBB/FORMATO.png,0,0.0,Bruno Gonçalves de Jesus,0.0,4,4.0,28,bruninho,6,0.0,,,,,,,,,,,,,,,,,,,,
Diógenes,Diógenes,113690,SAN,277,0,True,https://s3.glbimg.com/v1/AUTH_58d78b787ec34892b5aaa0c7a146155f/clubes_2026/silhuetas/SAN/FORMATO.png,3,5.1,Diógenes Vinícius da Silva,4.2,1,4.77,28,diogenes,7,-0.23,,1.0,,11.0,,,,,,,,,,3.0,,,,,1.0,
Minda,Minda,114040,CAM,282,0,True,https://s3.glbimg.com/v1/AUTH_58d78b787ec34892b5aaa0c7a146155f/clubes_2026/silhuetas/CAM/FORMATO.png,16,3.61,Alan Steve Minda García,4.0,5,7.2,28,minda,6,0.26,2.0,,,,,7.0,2.0,5.0,6.0,8.0,2.0,2.0,,,2.0,,,1.0,,
Alejo Véliz,A. Véliz,114208,BAH,265,0,True,https://s3.glbimg.com/v1/AUTH_58d78b787ec34892b5aaa0c7a146155f/clubes_2026/silhuetas/BAH/FORMATO.png,9,5.46,Alejo Véliz,1.5,5,6.73,28,alejo-veliz,7,-0.46,1.0,,,,,1.0,12.0,3.0,14.0,14.0,,3.0,,,5.0,,,1.0,,
Colidio,Colidio,114323,VAS,267,0,True,https://s3.glbimg.com/v1/AUTH_58d78b787ec34892b5aaa0c7a146155f/clubes_2026/silhuetas/VAS/FORMATO.png,6,8.13,Facundo Colidio,12.6,5,11.2,28,colidio,7,0.61,,1.0,,,,3.0,7.0,8.0,8.0,15.0,,3.0,,,1.0,,,,,
Sinisterra,Sinisterra,114405,CRU,283,0,False,https://s3.glbimg.com/v1/AUTH_58d78b787ec34892b5aaa0c7a146155f/clubes_2026/silhuetas/CRU/FORMATO.png,8,3.27,Luis Fernando Sinisterra Lucumí,0.0,5,5.85,28,sinisterra,5,0.0,,,,,,8.0,8.0,2.0,7.0,1.0,,1.0,,,,,,,,
Danilo Pereira,D. Pereira,114801,BOT,263,0,True,https://s3.glbimg.com/v1/AUTH_58d78b787ec34892b5aaa0c7a146155f/clubes_2026/silhuetas/BOT/FORMATO.png,7,3.05,Danilo Pereira da Silva,0.5,5,5.06,28,danilo-pereira,7,-0.55,1.0,,,,,3.0,4.0,6.0,5.0,4.0,,,,,2.0,,,,,
Vitor Roque,V. Roque,114802,PAL,275,0,True,https://s3.glbimg.com/v1/AUTH_58d78b787ec34892b5aaa0c7a146155f/clubes_2026/silhuetas/PAL/FORMATO.png,16,6.32,Vitor Hugo Roque Ferreira,9.9,5,15.3,28,vitor-roque,7,-0.57,,1.0,,,,14.0,15.0,7.0,10.0,39.0,3.0,5.0,,,4.0,,,1.0,,
Miguelito,Miguelito,115025,SAN,277,0,False,https://s3.glbimg.com/v1/AUTH_58d78b787ec34892b5aaa0c7a146155f/clubes_2026/silhuetas/SAN/FORMATO.png,10,4.05,Miguel Àngel Terceros,0.0,4,5.19,28,miguelito,6,0.0,2.0,1.0,,,,13.0,8.0,1.0,4.0,6.0,,1.0,,,,1.0,,,,
Lucas Freitas,L. Freitas,115141,VAS,267,0,False,https://s3.glbimg.com/v1/AUTH_58d78b787ec34892b5aaa0c7a146155f/clubes_2026/silhuetas/VAS/FORMATO.png,3,4.67,Lucas de Freitas Molarinho Chagas,0.0,3,6.03,28,lucas-freitas,6,0.0,,,,,,,1.0,,1.0,1.0,,1.0,,,,,,,1.0,
Renan Viana,R. Viana,115266,CAP,293,0,False,https://s3.glbimg.com/v1/AUTH_58d78b787ec34892b5aaa0c7a146155f/clubes_2026/silhuetas/CAP/FORMATO.png,0,0.0,Renan Rodrigues Fonseca Viana,0.0,5,2.0,28,renan-viana,6,0.0,,,,,,,,,,,,,,,,,,,,
Marcos Victor,M. Victor,115537,BAH,265,0,True,https://s3.glbimg.com/v1/AUTH_58d78b787ec34892b5aaa0c7a146155f/clubes_2026/silhuetas/BAH/FORMATO.png,6,3.77,Marcos Victor Ferreira da Silva,8.4,3,5.05,28,marcos-victor,7,1.17,,,,,,12.0,3.0,,,1.0,,,,,,,,,1.0,
Gabriel Delfim,G. Delfim,115674,CAM,282,0,True,https://s3.glbimg.com/v1/AUTH_58d78b787ec34892b5aaa0c7a146155f/clubes_2026/silhuetas/CAM/FORMATO.png,4,1.15,Gabriel Delfim Ferreira,-1.0,1,2.09,28,gabriel-delfim,7,-0.63,,,,7.0,,,,,,1.0,,,,5.0,,,,,,
Benassi,Benassi,115840,CFC,294,0,False,https://s3.glbimg.com/v1/AUTH_58d78b787ec34892b5aaa0c7a146155f/clubes_2026/silhuetas/CFC/FORMATO.png,0,0.0,João Victor Silva Benassi,0.0,1,1.0,28,benassi,6,0.0,,,,,,,,,,,,,,,,,,,,
Evertton Araújo,E. Araújo,115914,FLA,262,0,False,https://s3.glbimg.com/v1/AUTH_58d78b787ec34892b5aaa0c7a146155f/clubes_2026/silhuetas/FLA/FORMATO.png,18,1.17,Everton Gustavo Fernandes Araújo,0.0,4,2.59,28,evertton-araujo,5,0.0,1.0,3.0,1.0,,,9.0,18.0,,12.0,3.0,1.0,,,,,,,,,
Denilson,Denilson,115986,MIR,2305,0,True,https://s3.glbimg.com/v1/AUTH_58d78b787ec34892b5aaa0c7a146155f/clubes_2026/silhuetas/MIR/FORMATO.png,17,3.07,Denilson Alves Borges,3.0,4,4.89,28,denilson,7,0.37,,4.0,,,,31.0,29.0,2.0,2.0,15.0,,1.0,,,,1.0,,,,
Victor Hugo,V. Hugo,116034,CAM,282,0,False,https://s3.glbimg.com/v1/AUTH_58d78b787ec34892b5aaa0c7a146155f/clubes_2026/silhuetas/CAM/FORMATO.png,20,3.55,Victor Hugo Gomes Silva,0.0,4,6.4,28,victor-hugo,5,0.0,1.0,1.0,,,,10.0,5.0,6.0,6.0,19.0,,4.0,,,,,,,,
Cuiabano,Cuiabano,116065,VAS,267,0,True,https://s3.glbimg.com/v1/AUTH_58d78b787ec34892b5aaa0c7a146155f/clubes_2026/silhuetas/VAS/FORMATO.png,16,7.58,Luís Eduardo Soares da Silva,12.8,2,13.16,28,cuiabano,7,1.04,4.0,4.0,,,,44.0,16.0,8.0,11.0,16.0,,1.0,,,,,,,2.0,
Rubens,Rubens,116066,CHA,315,0,False,https://s3.glbimg.com/v1/AUTH_58d78b787ec34892b5aaa0c7a146155f/clubes_2026/silhuetas/CHA/FORMATO.png,10,1.24,Rubens Tadeu Hartmann Ricoldi,0.0,5,2.38,28,rubens,6,0.0,,2.0,,,,3.0,7.0,1.0,1.0,4.0,,1.0,,,,,,,,
Thiago Beltrame,T. Beltrame,116067,GRE,284,0,False,https://s3.glbimg.com/v1/AUTH_58d78b787ec34892b5aaa0c7a146155f/clubes_2026/silhuetas/GRE/FORMATO.png,1,0.7,Thiago Beltrame Stallbaum,0.0,1,2.08,28,thiago-beltrame,6,0.0,,,1.0,5.0,,,1.0,,,1.0,,,,3.0,,,,,,
Hércules,Hércules,116447,FLU,266,0,True,https://s3.glbimg.com/v1/AUTH_58d78b787ec34892b5aaa0c7a146155f/clubes_2026/silhuetas/FLU/FORMATO.png,23,3.38,Hércules Pereira do Nascimento,0.7,4,6.4,28,hercules,7,-0.29,,3.0,,,,28.0,31.0,8.0,12.0,10.0,,3.0,,,2.0,,,,,
Jamerson,Jamerson,116461,VIT,287,0,True,https://s3.glbimg.com/v1/AUTH_58d78b787ec34892b5aaa0c7a146155f/clubes_2026/silhuetas/VIT/FORMATO.png,14,4.8,Jamerson Santos de Jesus,5.1,2,6.82,28,jamerson,7,-0.91,,1.0,,,,22.0,4.0,2.0,5.0,10.0,,,,,,,,,5.0,
Andrés Gómez,A. Gómez,116706,VAS,267,0,True,https://s3.glbimg.com/v1/AUTH_58d78b787ec34892b5aaa0c7a146155f/clubes_2026/silhuetas/VAS/FORMATO.png,23,7.22,Carlos Andrés Gómez Hinestroza,14.7,5,13.07,28,andres-gomez,3,1.27,3.0,9.0,,,,42.0,28.0,15.0,28.0,33.0,3.0,5.0,,,5.0,,,,,
Gabriel Knesowitsch,G. Knesowitsch,117061,MIR,2305,0,False,https://s3.glbimg.com/v1/AUTH_58d78b787ec34892b5aaa0c7a146155f/clubes_2026/silhuetas/MIR/FORMATO.png,6,-0.2,Gabriel Knesowitsch,0.0,3,1.41,28,gabriel-knesowitsch,6,0.0,,2.0,,,,1.0,5.0,,1.0,,,,,,,,,,,
Thiago Borbas,T. Borbas,117314,CAM,282,0,False,https://s3.glbimg.com/v1/AUTH_58d78b787ec34892b5aaa0c7a146155f/clubes_2026/silhuetas/CAM/FORMATO.png,3,4.3,Thiago Nicolás Borbas Silva,0.0,5,5.75,28,thiago-borbas,6,0.0,,,,,,1.0,4.0,,2.0,6.0,,1.0,,,,,,,,
Robert Renan,R. Renan,117330,VAS,267,0,True,https://s3.glbimg.com/v1/AUTH_58d78b787ec34892b5aaa0c7a146155f/clubes_2026/silhuetas/VAS/FORMATO.png,25,3.11,Robert Renan Alves Barbosa,9.5,3,6.26,28,robert-renan,7,0.64,,4.0,,,,37.0,23.0,1.0,5.0,4.0,1.0,1.0,,,,,,,3.0,
Renato Marques,R. Marques,117403,CFC,294,0,False,https://s3.glbimg.com/v1/AUTH_58d78b787ec34892b5aaa0c7a146155f/clubes_2026/silhuetas/CFC/FORMATO.png,7,0.74,Renato Marques de Oliveira Júnior,0.0,5,2.73,28,renato-marques,6,0.0,,,1.0,,,,3.0,1.0,3.0,5.0,1.0,,,,,,,,,
Otávio,Otávio,117404,CRU,283,0,True,https://s3.glbimg.com/v1/AUTH_58d78b787ec34892b5aaa0c7a146155f/clubes_2026/silhuetas/CRU/FORMATO.png,15,3.77,Otávio Eleodoro Rezende Costa,8.3,1,4.46,28,otavio,7,0.21,,2.0,,54.0,,1.0,,,,2.0,,,,19.0,,,,,1.0,
Garro,Garro,117632,COR,264,0,True,https://s3.glbimg.com/v1/AUTH_58d78b787ec34892b5aaa0c7a146155f/clubes_2026/silhuetas/COR/FORMATO.png,25,4.79,Rodrigo Garro,7.4,4,10.36,28,garro,7,1.08,6.0,8.0,,,,14.0,26.0,14.0,14.0,70.0,2.0,2.0,,,2.0,,,,,
Young,Young,117818,SAO,276,0,False,https://s3.glbimg.com/v1/AUTH_58d78b787ec34892b5aaa0c7a146155f/clubes_2026/silhuetas/SAO/FORMATO.png,0,0.0,Young Navarro Moraes,0.0,1,3.0,28,young,6,0.0,,,,,,,,,,,,,,,,,,,,
Wesley,Wesley,117909,CRU,283,0,True,https://s3.glbimg.com/v1/AUTH_58d78b787ec34892b5aaa0c7a146155f/clubes_2026/silhuetas/CRU/FORMATO.png,6,2.45,Wesley Gassova Ribeiro Teixeira,2.5,5,6.97,28,wesley,6,-0.11,,2.0,,,,2.0,2.0,1.0,2.0,7.0,,1.0,,,,,,,,
Breno Bidon,B. Bidon,117910,COR,264,0,True,https://s3.glbimg.com/v1/AUTH_58d78b787ec34892b5aaa0c7a146155f/clubes_2026/silhuetas/COR/FORMATO.png,25,3.51,Breno de Souza Bidon,3.7,4,8.23,28,breno-bidon,7,0.53,1.0,4.0,,,,26.0,33.0,2.0,8.0,59.0,1.0,2.0,,,2.0,,,,,
Nicolás Fonseca,N. Fonseca,117926,CFC,294,0,True,https://s3.glbimg.com/v1/AUTH_58d78b787ec34892b5aaa0c7a146155f/clubes_2026/silhuetas/CFC/FORMATO.png,1,-2.6,Nicolás Fonseca,-2.6,4,4.31,28,nicolas-fonseca,6,-1.69,,1.0,,,,,2.0,,,,,,,,,1.0,,,,
Lavega,Lavega,117930,CFC,294,0,True,https://s3.glbimg.com/v1/AUTH_58d78b787ec34892b5aaa0c7a146155f/clubes_2026/silhuetas/CFC/FORMATO.png,25,3.31,Joaquín Lavega Colzada,3.5,5,5.24,28,lavega,7,0.09,2.0,3.0,,,,15.0,14.0,3.0,10.0,12.0,,5.0,,,4.0,,,,,
Ronald,Ronald,118238,GRE,284,0,False,https://s3.glbimg.com/v1/AUTH_58d78b787ec34892b5aaa0c7a146155f/clubes_2026/silhuetas/GRE/FORMATO.png,0,0.0,Ronald Cardoso Falkoski,0.0,4,3.0,28,ronald,6,0.0,,,,,,,,,,,,,,,,,,,,
Rodriguinho,Rodriguinho,118563,RBB,280,0,True,https://s3.glbimg.com/v1/AUTH_58d78b787ec34892b5aaa0c7a146155f/clubes_2026/silhuetas/RBB/FORMATO.png,15,3.63,Rodrigo Huendra Almeida Mendonça,3.5,4,5.87,28,rodriguinho,7,-0.26,,3.0,,,,18.0,18.0,3.0,11.0,7.0,1.0,2.0,,,1.0,,,1.0,,
Saldivia,Saldivia,118655,VAS,267,0,True,https://s3.glbimg.com/v1/AUTH_58d78b787ec34892b5aaa0c7a146155f/clubes_2026/silhuetas/VAS/FORMATO.png,12,3.71,Alan Gabriel Saldivia Vázquez,16.5,3,7.37,28,saldivia,6,1.54,1.0,3.0,,,,19.0,12.0,1.0,5.0,11.0,,,1.0,,,,,,2.0,
Mateus Carvalho,M. Carvalho,118752,VAS,267,0,False,https://s3.glbimg.com/v1/AUTH_58d78b787ec34892b5aaa0c7a146155f/clubes_2026/silhuetas/VAS/FORMATO.png,0,0.0,Mateus Carvalho dos Santos,0.0,4,4.0,28,mateus-carvalho,5,0.0,,,,,,,,,,,,,,,,,,,,
Alexsander,Alexsander,118774,CAM,282,0,True,https://s3.glbimg.com/v1/AUTH_58d78b787ec34892b5aaa0c7a146155f/clubes_2026/silhuetas/CAM/FORMATO.png,8,2.48,Alexsander Cristhian Gomes da Costa - Christian,4.4,4,5.78,28,alexsander,6,0.35,,1.0,,,,8.0,5.0,3.0,1.0,6.0,1.0,,,,1.0,,,,,
Lautaro Díaz,L. Díaz,118775,SAN,277,0,False,https://s3.glbimg.com/v1/AUTH_58d78b787ec34892b5aaa0c7a146155f/clubes_2026/silhuetas/SAN/FORMATO.png,8,2.28,Lautaro Ariel Díaz,0.0,5,5.26,28,lautaro-diaz,6,0.0,,,,,,2.0,2.0,1.0,4.0,1.0,1.0,1.0,,,,,,,,
Buta,Buta,118806,SAO,276,0,False,https://s3.glbimg.com/v1/AUTH_58d78b787ec34892b5aaa0c7a146155f/clubes_2026/silhuetas/SAO/FORMATO.png,1,4.0,Aurélio Gabriel Ulineia Buta,0.0,2,5.94,28,buta,5,0.0,,,,,,2.0,,,,2.0,,,,,,,,,,
Kaio César,K. César,118844,COR,264,0,True,https://s3.glbimg.com/v1/AUTH_58d78b787ec34892b5aaa0c7a146155f/clubes_2026/silhuetas/COR/FORMATO.png,16,5.87,Kaio César Andrade Lima,5.8,5,10.04,28,kaio-cesar,7,-0.31,2.0,2.0,,,,26.0,12.0,7.0,6.0,43.0,,2.0,,,1.0,,,,,
Léo Derik,L. Derik,120433,CAP,293,0,False,https://s3.glbimg.com/v1/AUTH_58d78b787ec34892b5aaa0c7a146155f/clubes_2026/silhuetas/CAP/FORMATO.png,9,3.65,Leonardo Derik Dias Gonçalves,0.0,2,5.81,28,leo-derik,6,0.0,,,,,,11.0,1.0,1.0,,1.0,,,,,,,,,3.0,
Marco Moreno,M. Moreno,120681,BAH,265,0,False,https://s3.glbimg.com/v1/AUTH_58d78b787ec34892b5aaa0c7a146155f/clubes_2026/silhuetas/BAH/FORMATO.png,0,0.0,Marco Moreno Ojeda,0.0,3,4.0,28,marco-moreno,6,0.0,,,,,,,,,,,,,,,,,,,,
Da Silva,D. Silva,121811,CHA,315,0,False,https://s3.glbimg.com/v1/AUTH_58d78b787ec34892b5aaa0c7a146155f/clubes_2026/silhuetas/CHA/FORMATO.png,0,0.0,Fernando Carlos da Silva Filho,0.0,4,3.0,28,da-silva,6,0.0,,,,,,,,,,,,,,,,,,,,
Kauê,Kauê,121823,COR,264,0,False,https://s3.glbimg.com/v1/AUTH_58d78b787ec34892b5aaa0c7a146155f/clubes_2026/silhuetas/COR/FORMATO.png,4,4.98,Kauê Vinicius de Souza Camargo,0.0,1,5.21,28,kaue,6,0.0,,2.0,,18.0,,,,,,1.0,,,,7.0,,,,,1.0,
Kayke,Kayke,121824,COR,264,0,False,https://s3.glbimg.com/v1/AUTH_58d78b787ec34892b5aaa0c7a146155f/clubes_2026/silhuetas/COR/FORMATO.png,6,1.65,Kayke Ferrari Guimarães,0.0,5,3.64,28,kayke,5,0.0,,,,,,5.0,1.0,1.0,,3.0,,,,,,,,,,
Gustavo Talles,G. Talles,121870,CHA,315,0,False,https://s3.glbimg.com/v1/AUTH_58d78b787ec34892b5aaa0c7a146155f/clubes_2026/silhuetas/CHA/FORMATO.png,0,0.0,Gustavo Talles da Silva,0.0,2,2.0,28,gustavo-talles,6,0.0,,,,,,,,,,,,,,,,,,,,
Túlio Eduardo,T. Eduardo,122121,CHA,315,0,True,https://s3.glbimg.com/v1/AUTH_58d78b787ec34892b5aaa0c7a146155f/clubes_2026/silhuetas/CHA/FORMATO.png,7,4.43,Túlio Eduardo Silva de Oliveira,8.2,5,7.13,28,tulio-eduardo,7,1.26,,1.0,,,,1.0,14.0,4.0,6.0,3.0,,3.0,,,4.0,,,,,
Batata,Batata,122316,CAP,293,0,False,https://s3.glbimg.com/v1/AUTH_58d78b787ec34892b5aaa0c7a146155f/clubes_2026/silhuetas/CAP/FORMATO.png,0,0.0,João Vitor Vigolo Gomes,0.0,2,1.0,28,batata,6,0.0,,,,,,,,,,,,,,,,,,,,
Dyogo Alves,D. Alves,122318,FLA,262,0,False,https://s3.glbimg.com/v1/AUTH_58d78b787ec34892b5aaa0c7a146155f/clubes_2026/silhuetas/FLA/FORMATO.png,0,0.0,Francisco Dyogo Bento Alves,0.0,1,3.0,28,dyogo-alves,6,0.0,,,,,,,,,,,,,,,,,,,,
Daniel Sales,D. Sales,122320,FLA,262,0,False,https://s3.glbimg.com/v1/AUTH_58d78b787ec34892b5aaa0c7a146155f/clubes_2026/silhuetas/FLA/FORMATO.png,0,0.0,Daniel dos Santos Salles,0.0,2,2.0,28,daniel-sales,6,0.0,,,,,,,,,,,,,,,,,,,,
Rodrigo Gelado,R. Gelado,122390,CFC,294,0,True,https://s3.glbimg.com/v1/AUTH_58d78b787ec34892b5aaa0c7a146155f/clubes_2026/silhuetas/CFC/FORMATO.png,1,0.0,Rodrigo Silva Nascimento,0.0,2,1.76,28,rodrigo-gelado,6,-0.24,,,,,,,,,,,,,,,,,,,,
Gustavinho,Gustavinho,122394,RBB,280,0,False,https://s3.glbimg.com/v1/AUTH_58d78b787ec34892b5aaa0c7a146155f/clubes_2026/silhuetas/RBB/FORMATO.png,18,2.46,Gustavo Ribeiro Neves,0.0,4,5.32,28,gustavinho,6,0.0,2.0,1.0,,,,15.0,15.0,4.0,2.0,6.0,,1.0,,,,,,,,
Ryan,Ryan,122396,COR,264,0,False,https://s3.glbimg.com/v1/AUTH_58d78b787ec34892b5aaa0c7a146155f/clubes_2026/silhuetas/COR/FORMATO.png,0,0.0,Ryan Gustavo de Lima,0.0,4,3.0,28,ryan,6,0.0,,,,,,,,,,,,,,,,,,,,
Barros,Barros,122485,VAS,267,0,False,https://s3.glbimg.com/v1/AUTH_58d78b787ec34892b5aaa0c7a146155f/clubes_2026/silhuetas/VAS/FORMATO.png,18,4.64,Cauan Lucas Barros da Luz,0.0,4,8.61,28,barros,6,0.0,,5.0,1.0,,,32.0,31.0,,10.0,44.0,,3.0,,,,1.0,,,,
Wallace Yan,W. Yan,122573,RBB,280,0,False,https://s3.glbimg.com/v1/AUTH_58d78b787ec34892b5aaa0c7a146155f/clubes_2026/silhuetas/RBB/FORMATO.png,9,1.24,Wallace Yan de Souza Barreto,0.0,5,2.92,28,wallace-yan,7,0.0,1.0,1.0,1.0,,,3.0,7.0,3.0,1.0,7.0,,,,,2.0,,,,,
Japa,Japa,122660,MIR,2305,0,False,https://s3.glbimg.com/v1/AUTH_58d78b787ec34892b5aaa0c7a146155f/clubes_2026/silhuetas/MIR/FORMATO.png,8,3.71,João Wellington Gadelha Melo de Oliveira,0.0,4,5.51,28,japa,6,0.0,,,,,,7.0,4.0,3.0,6.0,8.0,,1.0,,,,,,,,
Diego Caito,D. Caito,122670,GRE,284,0,False,https://s3.glbimg.com/v1/AUTH_58d78b787ec34892b5aaa0c7a146155f/clubes_2026/silhuetas/GRE/FORMATO.png,6,4.55,Diego Caito Barcellos Oliveira dos Santos,0.0,2,6.68,28,diego-caito,7,0.0,,2.0,,,,7.0,9.0,4.0,4.0,11.0,,1.0,,,,,,,,
Lucas Cunha,L. Cunha,122755,RBB,280,0,False,https://s3.glbimg.com/v1/AUTH_58d78b787ec34892b5aaa0c7a146155f/clubes_2026/silhuetas/RBB/FORMATO.png,0,0.0,Lucas de Souza Cunha,0.0,3,3.0,28,lucas-cunha,6,0.0,,,,,,,,,,,,,,,,,,,,
Caballero,Caballero,122781,SAN,277,0,True,https://s3.glbimg.com/v1/AUTH_58d78b787ec34892b5aaa0c7a146155f/clubes_2026/silhuetas/SAN/FORMATO.png,7,1.69,Gustavo Rubén Caballero González,0.0,5,3.47,28,caballero,6,-0.28,,,,,,2.0,5.0,1.0,4.0,4.0,1.0,,,,1.0,,,1.0,,
Guzmán Rodríguez,G. Rodríguez,122897,RBB,280,0,True,https://s3.glbimg.com/v1/AUTH_58d78b787ec34892b5aaa0c7a146155f/clubes_2026/silhuetas/RBB/FORMATO.png,2,1.5,Guzmán Rodríguez Ferrari,0.0,3,5.58,28,guzman-rodriguez,6,-0.89,,1.0,,,,2.0,,,,,,,,,,,,,,
Patrick,Patrick,122990,RBB,280,0,False,https://s3.glbimg.com/v1/AUTH_58d78b787ec34892b5aaa0c7a146155f/clubes_2026/silhuetas/RBB/FORMATO.png,0,0.0,Patrick Roberto da Silva Campos,0.0,4,4.0,28,patrick,6,0.0,,,,,,,,,,,,,,,,,,,,
Victor Nascimento,V. Nascimento,122994,BAH,265,0,False,https://s3.glbimg.com/v1/AUTH_58d78b787ec34892b5aaa0c7a146155f/clubes_2026/silhuetas/BAH/FORMATO.png,0,0.0,Victor dos Santos Nascimento,0.0,1,1.0,28,victor-nascimento,6,0.0,,,,,,,,,,,,,,,,,,,,
Sidney,Sidney,123005,BAH,265,0,False,https://s3.glbimg.com/v1/AUTH_58d78b787ec34892b5aaa0c7a146155f/clubes_2026/silhuetas/BAH/FORMATO.png,0,0.0,Sidney de Carvalho Duarte,0.0,4,1.0,28,sidney,6,0.0,,,,,,,,,,,,,,,,,,,,
David Braga,D. Braga,123016,REM,364,0,False,https://s3.glbimg.com/v1/AUTH_58d78b787ec34892b5aaa0c7a146155f/clubes_2026/silhuetas/REM/FORMATO.png,11,1.05,David Francisco Trindade Braga,0.0,4,2.88,28,david-braga,6,0.0,,2.0,,,,6.0,5.0,1.0,1.0,8.0,,,,,,,,,,
Leozinho,Leozinho,123101,CAP,293,0,True,https://s3.glbimg.com/v1/AUTH_58d78b787ec34892b5aaa0c7a146155f/clubes_2026/silhuetas/CAP/FORMATO.png,14,4.98,Leonardo Caetano Silva,2.4,5,5.76,28,leozinho,6,-0.05,,1.0,,,,13.0,8.0,5.0,9.0,11.0,1.0,4.0,,,,,,,,
Cauly,Cauly,123360,SAO,276,0,False,https://s3.glbimg.com/v1/AUTH_58d78b787ec34892b5aaa0c7a146155f/clubes_2026/silhuetas/SAO/FORMATO.png,15,2.95,Cauly Oliveira Souza,0.0,4,6.41,28,cauly,6,0.0,,,,,,16.0,14.0,4.0,6.0,14.0,,1.0,,,,,,,,
Rosivan,Rosivan,123433,CHA,315,0,False,https://s3.glbimg.com/v1/AUTH_58d78b787ec34892b5aaa0c7a146155f/clubes_2026/silhuetas/CHA/FORMATO.png,0,0.0,Rosivan Macedo Soares,0.0,4,2.0,28,rosivan,6,0.0,,,,,,,,,,,,,,,,,,,,
Dantas,Dantas,123445,CAP,293,0,True,https://s3.glbimg.com/v1/AUTH_58d78b787ec34892b5aaa0c7a146155f/clubes_2026/silhuetas/CAP/FORMATO.png,5,2.52,João Vitor Silva Dantas de Oliveira,0.9,3,4.84,28,dantas,7,-0.26,1.0,1.0,,,,6.0,7.0,1.0,,1.0,,,,,,,,,,
Lucas Ronier,L. Ronier,123648,CFC,294,0,False,https://s3.glbimg.com/v1/AUTH_58d78b787ec34892b5aaa0c7a146155f/clubes_2026/silhuetas/CFC/FORMATO.png,18,6.7,Lucas Ronier Vieira Pires,0.0,5,10.77,28,lucas-ronier,5,0.0,3.0,3.0,,,,36.0,19.0,7.0,16.0,50.0,2.0,1.0,,,1.0,,,,,
Milans,Milans,123689,COR,264,0,False,https://s3.glbimg.com/v1/AUTH_58d78b787ec34892b5aaa0c7a146155f/clubes_2026/silhuetas/COR/FORMATO.png,7,4.26,Pedro Milans Carámbula,0.0,2,7.2,28,milans,6,0.0,,,,,,9.0,7.0,,,7.0,,,,,1.0,,,,3.0,
Zé Guilherme,Z. Guilherme,123717,BAH,265,0,False,https://s3.glbimg.com/v1/AUTH_58d78b787ec34892b5aaa0c7a146155f/clubes_2026/silhuetas/BAH/FORMATO.png,5,2.88,José Guilherme de Lima Costa,0.0,2,4.29,28,ze-guilherme,6,0.0,,2.0,,,,6.0,4.0,,2.0,4.0,,,,,,,,,1.0,
Herrera,Herrera,123738,RBB,280,0,True,https://s3.glbimg.com/v1/AUTH_58d78b787ec34892b5aaa0c7a146155f/clubes_2026/silhuetas/RBB/FORMATO.png,21,2.6,José María Herrera Ares,2.9,5,4.79,28,herrera,6,0.0,,4.0,,,,20.0,23.0,12.0,11.0,9.0,,1.0,,,2.0,,,,,
Lucho Rodríguez,L. Rodríguez,123795,CRU,283,0,False,https://s3.glbimg.com/v1/AUTH_58d78b787ec34892b5aaa0c7a146155f/clubes_2026/silhuetas/CRU/FORMATO.png,4,3.27,Luciano Rodríguez Rosales,0.0,5,7.48,28,lucho-rodriguez,6,0.0,2.0,1.0,,,,,2.0,1.0,,1.0,1.0,,,,,,,,,
Aguirre,Aguirre,123869,CAP,293,0,True,https://s3.glbimg.com/v1/AUTH_58d78b787ec34892b5aaa0c7a146155f/clubes_2026/silhuetas/CAP/FORMATO.png,22,3.26,Juan Felipe Aguirre Tabares,-0.1,3,5.15,28,aguirre,3,0.05,,3.0,,,,22.0,28.0,6.0,3.0,5.0,1.0,,,,1.0,,,,7.0,
Millán,Millán,124219,FLU,266,0,True,https://s3.glbimg.com/v1/AUTH_58d78b787ec34892b5aaa0c7a146155f/clubes_2026/silhuetas/FLU/FORMATO.png,7,1.22,Julián Camilo Millán Díaz,-0.3,3,3.62,28,millan,7,-0.87,,1.0,,,,2.0,7.0,1.0,3.0,,,,,,,,,,1.0,
Henry Mosquera,H. Mosquera,124239,RBB,280,0,True,https://s3.glbimg.com/v1/AUTH_58d78b787ec34892b5aaa0c7a146155f/clubes_2026/silhuetas/RBB/FORMATO.png,20,3.3,Henry David Mosquera Sánchez,0.9,5,5.11,28,henry-mosquera,6,-0.28,4.0,4.0,,,,15.0,21.0,12.0,15.0,16.0,,,,,6.0,,,,,
Kauan Jesus,K. Jesus,124264,INT,285,0,False,https://s3.glbimg.com/v1/AUTH_58d78b787ec34892b5aaa0c7a146155f/clubes_2026/silhuetas/INT/FORMATO.png,0,0.0,Kauan Jesus Santos Oliveira,0.0,1,1.0,28,kauan-jesus,6,0.0,,,,,,,,,,,,,,,,,,,,
Allex,Allex,124270,INT,285,0,True,https://s3.glbimg.com/v1/AUTH_58d78b787ec34892b5aaa0c7a146155f/clubes_2026/silhuetas/INT/FORMATO.png,11,1.25,Allex Rodrigues Pereira da Silva,1.3,4,2.25,28,allex,6,0.14,,1.0,,,,5.0,3.0,1.0,3.0,9.0,,,,,,,,,,
Léo Aragão,L. Aragão,124369,CRU,283,0,False,https://s3.glbimg.com/v1/AUTH_58d78b787ec34892b5aaa0c7a146155f/clubes_2026/silhuetas/CRU/FORMATO.png,0,0.0,Leonardo de Aragão Carvalho,0.0,1,2.0,28,leo-aragao,6,0.0,,,,,,,,,,,,,,,,,,,,
Kainã,Kainã,124386,CHA,315,0,False,https://s3.glbimg.com/v1/AUTH_58d78b787ec34892b5aaa0c7a146155f/clubes_2026/silhuetas/CHA/FORMATO.png,0,0.0,Kainã Correa Dal Magro,0.0,1,1.0,28,kaina,6,0.0,,,,,,,,,,,,,,,,,,,,
Rodrigo Castillo,R. Castillo,124424,FLU,266,0,True,https://s3.glbimg.com/v1/AUTH_58d78b787ec34892b5aaa0c7a146155f/clubes_2026/silhuetas/FLU/FORMATO.png,15,3.9,Rodrigo Castillo,1.5,5,7.09,28,rodrigo-castillo,6,-0.81,1.0,2.0,,,,9.0,26.0,4.0,6.0,17.0,,4.0,,,3.0,,,,,
Mateo Ponte,M. Ponte,124481,BOT,263,0,False,https://s3.glbimg.com/v1/AUTH_58d78b787ec34892b5aaa0c7a146155f/clubes_2026/silhuetas/BOT/FORMATO.png,10,3.31,Mateo Ponte Costa,0.0,2,5.38,28,mateo-ponte,6,0.0,1.0,3.0,,,,11.0,6.0,,,7.0,1.0,,,,1.0,,,,2.0,
Lucas Monzón,L. Monzón,124483,BOT,263,0,True,https://s3.glbimg.com/v1/AUTH_58d78b787ec34892b5aaa0c7a146155f/clubes_2026/silhuetas/BOT/FORMATO.png,5,1.44,Lucas Gabriel Nunes Monzón Lemos,1.7,3,3.24,28,lucas-monzon,7,0.09,,2.0,,,,4.0,5.0,1.0,,3.0,,,1.0,,,,,,1.0,
Giay,Giay,124526,PAL,275,0,True,https://s3.glbimg.com/v1/AUTH_58d78b787ec34892b5aaa0c7a146155f/clubes_2026/silhuetas/PAL/FORMATO.png,23,4.89,Agustín Giay,5.9,2,7.4,28,giay,7,0.08,,5.0,,,,36.0,26.0,1.0,4.0,34.0,,,,,1.0,,,,10.0,
Lescano,Lescano,124552,VAS,267,0,True,https://s3.glbimg.com/v1/AUTH_58d78b787ec34892b5aaa0c7a146155f/clubes_2026/silhuetas/VAS/FORMATO.png,2,9.25,Alan Hernán Lescano,15.5,4,10.74,28,lescano,7,3.38,,,,,,6.0,1.0,,1.0,,,1.0,,,,,,1.0,,
Ruan Assis,R. Assis,124834,CFC,294,0,False,https://s3.glbimg.com/v1/AUTH_58d78b787ec34892b5aaa0c7a146155f/clubes_2026/silhuetas/CFC/FORMATO.png,0,0.0,Ruan Lucas de Assis,0.0,5,1.0,28,ruan-assis,6,0.0,,,,,,,,,,,,,,,,,,,,
Jonathan Jesus,J. Jesus,124912,CRU,283,0,True,https://s3.glbimg.com/v1/AUTH_58d78b787ec34892b5aaa0c7a146155f/clubes_2026/silhuetas/CRU/FORMATO.png,17,4.39,Jonathan de Jesus Alves,8.9,3,7.06,28,jonathan-jesus,7,1.03,,4.0,,,,39.0,18.0,1.0,8.0,6.0,,,,,1.0,,,,3.0,
Castaño,Castaño,124961,CAM,282,0,True,https://s3.glbimg.com/v1/AUTH_58d78b787ec34892b5aaa0c7a146155f/clubes_2026/silhuetas/CAM/FORMATO.png,5,1.0,Kevin Duván Castaño Gil,0.0,4,4.16,28,castano,7,-0.91,,1.0,,,,4.0,4.0,1.0,,,,,,,,,,,,
João Pedro,J. Pedro,125488,COR,264,0,False,https://s3.glbimg.com/v1/AUTH_58d78b787ec34892b5aaa0c7a146155f/clubes_2026/silhuetas/COR/FORMATO.png,5,4.12,João Pedro de Sousa Rodrigues - Tchoca,0.0,3,6.91,28,joao-pedro,6,0.0,,1.0,,,,4.0,3.0,1.0,1.0,3.0,,1.0,,,,,,,1.0,
Dudu,Dudu,125746,CAP,293,0,True,https://s3.glbimg.com/v1/AUTH_58d78b787ec34892b5aaa0c7a146155f/clubes_2026/silhuetas/CAP/FORMATO.png,17,1.59,Eduardo Kogitzki Anastacio,2.3,4,2.34,28,dudu,6,0.13,,,,,,10.0,7.0,1.0,3.0,5.0,,1.0,,,,,,,,
Pedro Morisco,P. Morisco,125803,CFC,294,0,True,https://s3.glbimg.com/v1/AUTH_58d78b787ec34892b5aaa0c7a146155f/clubes_2026/silhuetas/CFC/FORMATO.png,11,4.39,Pedro Luccas Morisco da Silva,2.8,1,7.56,28,pedro-morisco,7,-0.27,,1.0,,46.0,1.0,,,,,3.0,,,,18.0,,1.0,,,,
Zapelli,Zapelli,125926,CAP,293,0,True,https://s3.glbimg.com/v1/AUTH_58d78b787ec34892b5aaa0c7a146155f/clubes_2026/silhuetas/CAP/FORMATO.png,17,1.39,Bruno Zapelli,1.5,4,4.14,28,zapelli,6,-0.07,1.0,4.0,1.0,,,12.0,8.0,2.0,5.0,7.0,,,,,,,,,,
Marcelinho,Marcelinho,126120,RBB,280,0,False,https://s3.glbimg.com/v1/AUTH_58d78b787ec34892b5aaa0c7a146155f/clubes_2026/silhuetas/RBB/FORMATO.png,5,2.18,Marcelo Braz da Silva,0.0,4,3.16,28,marcelinho,6,0.0,1.0,,,,,2.0,4.0,1.0,2.0,3.0,,,,,2.0,,,,,
Paulinho,Paulinho,126182,INT,285,0,True,https://s3.glbimg.com/v1/AUTH_58d78b787ec34892b5aaa0c7a146155f/clubes_2026/silhuetas/INT/FORMATO.png,21,1.93,Paulo Lucas Santos de Paula,2.0,4,3.95,28,paulinho,7,0.04,,7.0,,,,24.0,29.0,5.0,5.0,21.0,,,,,1.0,,,,,
Tomás Pérez,T. Pérez,126189,CAM,282,0,False,https://s3.glbimg.com/v1/AUTH_58d78b787ec34892b5aaa0c7a146155f/clubes_2026/silhuetas/CAM/FORMATO.png,14,1.66,Tomás Pérez,0.0,4,3.99,28,tomas-perez,6,0.0,,2.0,,,,16.0,13.0,2.0,1.0,4.0,,,,,,,,,,
Barreal,Barreal,126471,SAN,277,0,False,https://s3.glbimg.com/v1/AUTH_58d78b787ec34892b5aaa0c7a146155f/clubes_2026/silhuetas/SAN/FORMATO.png,19,5.37,Álvaro Martín Barreal,0.0,4,10.11,28,barreal,5,0.0,1.0,5.0,1.0,,,36.0,22.0,6.0,14.0,17.0,,4.0,,,3.0,1.0,,,,
Fernando Seabra,F. Seabra,126977,CFC,294,0,True,https://s3.glbimg.com/v1/AUTH_58d78b787ec34892b5aaa0c7a146155f/clubes_2026/silhuetas/CFC/FORMATO.png,27,5.06,Fernando Seabra,1.58,6,7.39,28,fernando-seabra,7,-0.45,,,,,,,,,,,,,,,,,,,,10.0
Paulinho,Paulinho,126996,VAS,267,0,False,https://s3.glbimg.com/v1/AUTH_58d78b787ec34892b5aaa0c7a146155f/clubes_2026/silhuetas/VAS/FORMATO.png,0,0.0,Paulo Ricardo Alves Ibelli,0.0,2,4.0,28,paulinho,6,0.0,,,,,,,,,,,,,,,,,,,,
Bahia,Bahia,127242,COR,264,0,False,https://s3.glbimg.com/v1/AUTH_58d78b787ec34892b5aaa0c7a146155f/clubes_2026/silhuetas/COR/FORMATO.png,0,0.0,Luiz Gustavo Lemos Carvalho,0.0,4,2.0,28,bahia,6,0.0,,,,,,,,,,,,,,,,,,,,
Artur Jorge,A. Jorge,127273,CRU,283,0,True,https://s3.glbimg.com/v1/AUTH_58d78b787ec34892b5aaa0c7a146155f/clubes_2026/silhuetas/CRU/FORMATO.png,20,6.46,Artur Jorge Torres Gomes Araújo Amorim,8.13,6,11.85,28,artur-jorge,7,0.32,,,,,,,,,,,,,,,,,,,,13.0
Lautaro López,L. López,127628,BAH,265,0,False,https://s3.glbimg.com/v1/AUTH_58d78b787ec34892b5aaa0c7a146155f/clubes_2026/silhuetas/BAH/FORMATO.png,0,0.0,Lautaro López,0.0,4,4.0,28,lautaro-lopez,6,0.0,,,,,,,,,,,,,,,,,,,,
Vargas,Vargas,127871,CAP,293,0,True,https://s3.glbimg.com/v1/AUTH_58d78b787ec34892b5aaa0c7a146155f/clubes_2026/silhuetas/CAP/FORMATO.png,6,5.22,Kerwin Andrés Calderón Vargas,12.0,5,9.27,28,vargas,6,2.05,3.0,,,,,2.0,1.0,1.0,2.0,6.0,,1.0,,,2.0,,,,,
Júlio Fidelis,J. Fidelis,127932,FLU,266,0,True,https://s3.glbimg.com/v1/AUTH_58d78b787ec34892b5aaa0c7a146155f/clubes_2026/silhuetas/FLU/FORMATO.png,4,4.38,Julio Cesar Lima Fidelis,1.1,2,4.17,28,julio-fidelis,6,-0.98,,1.0,,,,9.0,5.0,,,3.0,,,,,,,,,1.0,
Matheus Reis,M. Reis,127969,FLU,266,0,False,https://s3.glbimg.com/v1/AUTH_58d78b787ec34892b5aaa0c7a146155f/clubes_2026/silhuetas/FLU/FORMATO.png,0,0.0,Matheus dos Reis Francisco,0.0,5,1.0,28,matheus-reis,5,0.0,,,,,,,,,,,,,,,,,,,,
Felipe Chiqueti,F. Chiqueti,127970,CAP,293,0,False,https://s3.glbimg.com/v1/AUTH_58d78b787ec34892b5aaa0c7a146155f/clubes_2026/silhuetas/CAP/FORMATO.png,7,1.35,Felipe Chiqueti Bandeira,0.0,4,2.07,28,felipe-chiqueti,6,0.0,,1.0,,,,4.0,8.0,1.0,2.0,8.0,,,,,,,,,,
Pedro Emanuel,P. Emanuel,128177,VAS,267,0,True,https://s3.glbimg.com/v1/AUTH_58d78b787ec34892b5aaa0c7a146155f/clubes_2026/silhuetas/VAS/FORMATO.png,8,6.3,Pedro Emanuel dos Santos Martins Silva,13.55,6,11.33,28,pedro-emanuel,7,1.29,,,,,,,,,,,,,,,,,,,,3.0
Alejandro García,A. García,128427,CAP,293,0,False,https://s3.glbimg.com/v1/AUTH_58d78b787ec34892b5aaa0c7a146155f/clubes_2026/silhuetas/CAP/FORMATO.png,0,0.0,Alejandro García Castillo,0.0,4,4.0,28,alejandro-garcia,6,0.0,,,,,,,,,,,,,,,,,,,,
João Cruz,J. Cruz,128431,CAP,293,0,False,https://s3.glbimg.com/v1/AUTH_58d78b787ec34892b5aaa0c7a146155f/clubes_2026/silhuetas/CAP/FORMATO.png,19,4.18,João Victor Machado Cruz,0.0,4,6.55,28,joao-cruz,7,0.0,4.0,1.0,,,,17.0,12.0,7.0,12.0,9.0,,2.0,,,2.0,,,,,
Johan Rojas,J. Rojas,128433,VAS,267,0,True,https://s3.glbimg.com/v1/AUTH_58d78b787ec34892b5aaa0c7a146155f/clubes_2026/silhuetas/VAS/FORMATO.png,17,1.71,Johan Rojas Echavarría,3.8,4,4.07,28,johan-rojas,6,0.29,1.0,3.0,,,,7.0,13.0,8.0,8.0,3.0,1.0,,,,3.0,,,,,
Wendel,Wendel,129661,BAH,265,0,False,https://s3.glbimg.com/v1/AUTH_58d78b787ec34892b5aaa0c7a146155f/clubes_2026/silhuetas/BAH/FORMATO.png,0,0.0,Wendel Silva Passos,0.0,4,1.0,28,wendel,6,0.0,,,,,,,,,,,,,,,,,,,,
Ruan Pablo,R. Pablo,129663,BAH,265,0,False,https://s3.glbimg.com/v1/AUTH_58d78b787ec34892b5aaa0c7a146155f/clubes_2026/silhuetas/BAH/FORMATO.png,3,0.17,Ruan Pablo Barbosa Sousa,0.0,5,1.44,28,ruan-pablo,6,0.0,,,,,,,1.0,,1.0,,,,,,,,,,,
Pablo,Pablo,129665,VAS,267,0,False,https://s3.glbimg.com/v1/AUTH_58d78b787ec34892b5aaa0c7a146155f/clubes_2026/silhuetas/VAS/FORMATO.png,0,0.0,Pablo de Paula Cardoso,0.0,1,1.0,28,pablo,6,0.0,,,,,,,,,,,,,,,,,,,,
Cristhian Loor,C. Loor,129930,BOT,263,0,False,https://s3.glbimg.com/v1/AUTH_58d78b787ec34892b5aaa0c7a146155f/clubes_2026/silhuetas/BOT/FORMATO.png,0,0.0,Cristhian Joel Loor Santamaría - Christian,0.0,1,2.0,28,cristhian-loor,6,0.0,,,,,,,,,,,,,,,,,,,,
Noriega,Noriega,130048,GRE,284,0,True,https://s3.glbimg.com/v1/AUTH_58d78b787ec34892b5aaa0c7a146155f/clubes_2026/silhuetas/GRE/FORMATO.png,20,3.71,Erick Carlos Noriega Loret de Mola,4.9,3,7.14,28,noriega,3,0.72,1.0,5.0,,,,26.0,32.0,3.0,4.0,20.0,,1.0,,,,,,,4.0,
João Costa,J. Costa,130121,CRU,283,0,False,https://s3.glbimg.com/v1/AUTH_58d78b787ec34892b5aaa0c7a146155f/clubes_2026/silhuetas/CRU/FORMATO.png,6,1.48,João Gabriel e Costa Cesco,0.0,5,3.85,28,joao-costa,6,0.0,,,,,,3.0,8.0,4.0,2.0,1.0,,,,,1.0,,,,,
Léo Nannetti,L. Nannetti,130189,FLA,262,0,False,https://s3.glbimg.com/v1/AUTH_58d78b787ec34892b5aaa0c7a146155f/clubes_2026/silhuetas/FLA/FORMATO.png,0,0.0,Leonardo Nannetti Lopes,0.0,1,2.0,28,leo-nannetti,6,0.0,,,,,,,,,,,,,,,,,,,,
Renê,Renê,130209,VIT,287,0,True,https://s3.glbimg.com/v1/AUTH_58d78b787ec34892b5aaa0c7a146155f/clubes_2026/silhuetas/VIT/FORMATO.png,19,7.24,Carlos Renê de Sousa Ferreira - Souza,7.8,5,9.78,28,rene,7,-1.53,1.0,2.0,,,,14.0,18.0,15.0,12.0,34.0,1.0,9.0,,,4.0,,,,,
Iuri,Iuri,130233,BAH,265,0,False,https://s3.glbimg.com/v1/AUTH_58d78b787ec34892b5aaa0c7a146155f/clubes_2026/silhuetas/BAH/FORMATO.png,0,0.0,Iuri Jean Carlo Neres dos Santos,0.0,1,1.0,28,iuri,6,0.0,,,,,,,,,,,,,,,,,,,,
Euder,Euder,130252,VAS,267,0,False,https://s3.glbimg.com/v1/AUTH_58d78b787ec34892b5aaa0c7a146155f/clubes_2026/silhuetas/VAS/FORMATO.png,0,0.0,Euder Galdino da Silva,0.0,4,1.0,28,euder,6,0.0,,,,,,,,,,,,,,,,,,,,
Lukas Zuccarello,L. Zuccarello,130279,VAS,267,0,False,https://s3.glbimg.com/v1/AUTH_58d78b787ec34892b5aaa0c7a146155f/clubes_2026/silhuetas/VAS/FORMATO.png,1,1.3,Lukas Rocha Zuccarello,0.0,4,2.32,28,lukas-zuccarello,6,0.0,,,,,,,,,1.0,1.0,,,,,,,,,,
Phillipe Gabriel,P. Gabriel,130280,VAS,267,0,False,https://s3.glbimg.com/v1/AUTH_58d78b787ec34892b5aaa0c7a146155f/clubes_2026/silhuetas/VAS/FORMATO.png,0,0.0,Phillipe Gabriel Pires de Oliveira,0.0,1,1.0,28,phillipe-gabriel,6,0.0,,,,,,,,,,,,,,,,,,,,
Anthony,Anthony,130282,BOT,263,0,False,https://s3.glbimg.com/v1/AUTH_58d78b787ec34892b5aaa0c7a146155f/clubes_2026/silhuetas/BOT/FORMATO.png,0,0.0,Anthony Wesley Ciriano Oliveira,0.0,3,3.0,28,anthony,6,0.0,,,,,,,,,,,,,,,,,,,,
Matheus Dias,M. Dias,130283,CFC,294,0,False,https://s3.glbimg.com/v1/AUTH_58d78b787ec34892b5aaa0c7a146155f/clubes_2026/silhuetas/CFC/FORMATO.png,0,0.0,Matheus Dalsasso Dias,0.0,4,1.0,28,matheus-dias,6,0.0,,,,,,,,,,,,,,,,,,,,
Wallace,Wallace,130307,GRE,284,0,True,https://s3.glbimg.com/v1/AUTH_58d78b787ec34892b5aaa0c7a146155f/clubes_2026/silhuetas/GRE/FORMATO.png,7,4.15,Wallace Gomes da Silva Santos,10.6,3,6.52,28,wallace,7,1.45,,2.0,,,,11.0,10.0,,2.0,6.0,,1.0,,,,,,,1.0,
Rodrigo Falcão,R. Falcão,130309,SAN,277,0,False,https://s3.glbimg.com/v1/AUTH_58d78b787ec34892b5aaa0c7a146155f/clubes_2026/silhuetas/SAN/FORMATO.png,0,0.0,Rodrigo Plazezwski Falcão,0.0,1,1.0,28,rodrigo-falcao,6,0.0,,,,,,,,,,,,,,,,,,,,
Luiz Gustavo,L. Gustavo,130393,BAH,265,0,False,https://s3.glbimg.com/v1/AUTH_58d78b787ec34892b5aaa0c7a146155f/clubes_2026/silhuetas/BAH/FORMATO.png,0,0.0,Luiz Gustavo Marinho Ribeiro dos Santos,0.0,3,1.0,28,luiz-gustavo,6,0.0,,,,,,,,,,,,,,,,,,,,
Igor Felisberto,I. Felisberto,130399,SAO,276,0,False,https://s3.glbimg.com/v1/AUTH_58d78b787ec34892b5aaa0c7a146155f/clubes_2026/silhuetas/SAO/FORMATO.png,0,0.0,Igor Teixeira Felisberto,0.0,2,1.0,28,igor-felisberto,6,0.0,,,,,,,,,,,,,,,,,,,,
Robert,Robert,130414,CHA,315,0,False,https://s3.glbimg.com/v1/AUTH_58d78b787ec34892b5aaa0c7a146155f/clubes_2026/silhuetas/CHA/FORMATO.png,1,3.0,Robert dos Santos Conceição,0.0,4,3.51,28,robert,5,0.0,,,,,,2.0,,,,,,,,,,,,,,
Diego,Diego,130438,INT,285,0,False,https://s3.glbimg.com/v1/AUTH_58d78b787ec34892b5aaa0c7a146155f/clubes_2026/silhuetas/INT/FORMATO.png,0,0.0,Diego Esser Pereira,0.0,1,1.0,28,diego,6,0.0,,,,,,,,,,,,,,,,,,,,
Luciano,Luciano,130443,CHA,315,0,False,https://s3.glbimg.com/v1/AUTH_58d78b787ec34892b5aaa0c7a146155f/clubes_2026/silhuetas/CHA/FORMATO.png,0,0.0,Luciano Bertolo Ludwig,0.0,3,1.0,28,luciano,6,0.0,,,,,,,,,,,,,,,,,,,,
Rodrigo,Rodrigo,130444,CHA,315,0,False,https://s3.glbimg.com/v1/AUTH_58d78b787ec34892b5aaa0c7a146155f/clubes_2026/silhuetas/CHA/FORMATO.png,0,0.0,Rodrigo Endrio Azevedo Tiago,0.0,5,1.0,28,rodrigo,6,0.0,,,,,,,,,,,,,,,,,,,,
Pedro Lima,P. Lima,130525,SAO,276,0,True,https://s3.glbimg.com/v1/AUTH_58d78b787ec34892b5aaa0c7a146155f/clubes_2026/silhuetas/SAO/FORMATO.png,1,9.9,Pedro Henrique Cardoso de Lima,9.9,2,7.27,28,pedro-lima,6,3.27,,,,,,3.0,2.0,,,2.0,,,,,,,,,1.0,
Edenílson,Edenílson,130620,VIT,287,0,False,https://s3.glbimg.com/v1/AUTH_58d78b787ec34892b5aaa0c7a146155f/clubes_2026/silhuetas/VIT/FORMATO.png,11,1.42,Edenílson Santos Nascimento Filho,0.0,4,2.96,28,edenilson,6,0.0,,2.0,1.0,,,15.0,8.0,,,1.0,,,,,,,,,,
Kadu,Kadu,130698,BOT,263,0,False,https://s3.glbimg.com/v1/AUTH_58d78b787ec34892b5aaa0c7a146155f/clubes_2026/silhuetas/BOT/FORMATO.png,0,0.0,Carlos Eduardo da Silva Santos,0.0,2,1.0,28,kadu,6,0.0,,,,,,,,,,,,,,,,,,,,
Kauan,Kauan,130806,CHA,315,0,True,https://s3.glbimg.com/v1/AUTH_58d78b787ec34892b5aaa0c7a146155f/clubes_2026/silhuetas/CHA/FORMATO.png,7,1.27,Kauan Faria Gomes,1.4,3,1.57,28,kauan,7,-0.17,,1.0,,,,5.0,6.0,1.0,,2.0,,,1.0,,,,,,1.0,
Matheus Soares,M. Soares,130842,CAP,293,0,False,https://s3.glbimg.com/v1/AUTH_58d78b787ec34892b5aaa0c7a146155f/clubes_2026/silhuetas/CAP/FORMATO.png,0,0.0,Matheus Soares Rocha,0.0,1,1.0,28,matheus-soares,6,0.0,,,,,,,,,,,,,,,,,,,,
Arthur Dias,A. Dias,130843,CAP,293,0,True,https://s3.glbimg.com/v1/AUTH_58d78b787ec34892b5aaa0c7a146155f/clubes_2026/silhuetas/CAP/FORMATO.png,23,3.64,Arthur dos Santos Barbosa Dias,6.2,3,6.19,28,arthur-dias,7,0.44,,6.0,,,,34.0,21.0,,4.0,14.0,,,,,1.0,,,,7.0,
Riquelme,Riquelme,130889,GRE,284,0,False,https://s3.glbimg.com/v1/AUTH_58d78b787ec34892b5aaa0c7a146155f/clubes_2026/silhuetas/GRE/FORMATO.png,2,-1.45,Riquelme Freitas dos Santos,0.0,4,2.42,28,riquelme,6,0.0,,,1.0,,,,3.0,,,2.0,,,,,,,,,,
Riquelme,Riquelme,130906,CAP,293,0,False,https://s3.glbimg.com/v1/AUTH_58d78b787ec34892b5aaa0c7a146155f/clubes_2026/silhuetas/CAP/FORMATO.png,5,1.06,Diogo Riquelme Rivas do Nascimento,0.0,4,1.53,28,riquelme,6,0.0,,1.0,,,,4.0,3.0,1.0,,,,,,,,,,,,
Thiago Azaf,T. Azaf,131279,CFC,294,0,False,https://s3.glbimg.com/v1/AUTH_58d78b787ec34892b5aaa0c7a146155f/clubes_2026/silhuetas/CFC/FORMATO.png,0,0.0,Thiago Azaf Siqueira Soares,0.0,5,1.0,28,thiago-azaf,6,0.0,,,,,,,,,,,,,,,,,,,,
Athos,Athos,131454,GRE,284,0,False,https://s3.glbimg.com/v1/AUTH_58d78b787ec34892b5aaa0c7a146155f/clubes_2026/silhuetas/GRE/FORMATO.png,0,0.0,Athos Thawan Miranda da Silva,0.0,3,1.0,28,athos,6,0.0,,,,,,,,,,,,,,,,,,,,
JP Chermont,J. Chermont,131516,CFC,294,0,False,https://s3.glbimg.com/v1/AUTH_58d78b787ec34892b5aaa0c7a146155f/clubes_2026/silhuetas/CFC/FORMATO.png,16,3.58,João Pedro Chermont Crema,0.0,2,5.05,28,jp-chermont,5,0.0,3.0,1.0,,,,16.0,11.0,4.0,1.0,6.0,,,,,,1.0,,,3.0,
André Silva,A. Silva,131617,SAO,276,0,True,https://s3.glbimg.com/v1/AUTH_58d78b787ec34892b5aaa0c7a146155f/clubes_2026/silhuetas/SAO/FORMATO.png,16,0.48,André Oliveira e Silva,-0.3,5,3.18,28,andre-silva,6,-0.55,,5.0,,,,2.0,13.0,5.0,3.0,10.0,,,,,,,,,,
Felipe Longo,F. Longo,131753,COR,264,0,False,https://s3.glbimg.com/v1/AUTH_58d78b787ec34892b5aaa0c7a146155f/clubes_2026/silhuetas/COR/FORMATO.png,0,0.0,Felipe Longo Fernandes da Silva,0.0,1,2.0,28,felipe-longo,6,0.0,,,,,,,,,,,,,,,,,,,,
Isac,Isac,131762,SAO,276,0,False,https://s3.glbimg.com/v1/AUTH_58d78b787ec34892b5aaa0c7a146155f/clubes_2026/silhuetas/SAO/FORMATO.png,0,0.0,Isac Silvestre da Silva,0.0,3,1.0,28,isac,6,0.0,,,,,,,,,,,,,,,,,,,,
Portilla,Portilla,131832,CAP,293,0,False,https://s3.glbimg.com/v1/AUTH_58d78b787ec34892b5aaa0c7a146155f/clubes_2026/silhuetas/CAP/FORMATO.png,17,1.42,Juan Camilo Portilla Orozco,0.0,4,3.35,28,portilla,6,0.0,,4.0,,,,15.0,20.0,1.0,5.0,13.0,,,,,,,,,,
Jhoan Hernández,J. Hernández,131964,BOT,263,0,False,https://s3.glbimg.com/v1/AUTH_58d78b787ec34892b5aaa0c7a146155f/clubes_2026/silhuetas/BOT/FORMATO.png,1,0.0,Jhoan Hernández Mejía,0.0,2,3.69,28,jhoan-hernandez,6,0.0,,,,,,,,,,,,,,,,,,,,
Villarreal,Villarreal,131967,CRU,283,0,False,https://s3.glbimg.com/v1/AUTH_58d78b787ec34892b5aaa0c7a146155f/clubes_2026/silhuetas/CRU/FORMATO.png,14,4.98,Neyser Villarreal - Neiser,0.0,5,7.96,28,villarreal,6,0.0,1.0,,,,,12.0,9.0,5.0,11.0,16.0,1.0,3.0,,,2.0,,,,,
Serna,Serna,132071,FLU,266,0,True,https://s3.glbimg.com/v1/AUTH_58d78b787ec34892b5aaa0c7a146155f/clubes_2026/silhuetas/FLU/FORMATO.png,26,4.12,Kevin Steven Serna Jaramillo,13.9,5,7.83,28,serna,7,0.91,3.0,1.0,,,,22.0,23.0,10.0,10.0,25.0,1.0,4.0,,,7.0,,,,,
Arroyo,Arroyo,132264,CRU,283,0,True,https://s3.glbimg.com/v1/AUTH_58d78b787ec34892b5aaa0c7a146155f/clubes_2026/silhuetas/CRU/FORMATO.png,23,4.27,Keny Alexander Arroyo Alvarado,22.5,5,8.42,28,arroyo,7,2.88,3.0,4.0,1.0,,,15.0,20.0,14.0,15.0,26.0,,4.0,,,2.0,,,,,
Ignacio Sosa,I. Sosa,132274,RBB,280,0,True,https://s3.glbimg.com/v1/AUTH_58d78b787ec34892b5aaa0c7a146155f/clubes_2026/silhuetas/RBB/FORMATO.png,16,1.91,Ignacio Sosa Ospital,8.0,4,4.44,28,ignacio-sosa,6,1.03,,5.0,,,,14.0,17.0,1.0,1.0,19.0,,1.0,,,,,,,,
Román Gómez,R. Gómez,132412,BAH,265,0,False,https://s3.glbimg.com/v1/AUTH_58d78b787ec34892b5aaa0c7a146155f/clubes_2026/silhuetas/BAH/FORMATO.png,12,5.01,Román Agustín Gómez,0.0,2,7.82,28,roman-gomez,6,0.0,,2.0,,,,24.0,15.0,,7.0,10.0,,,,,,,,,4.0,
Jemmes,Jemmes,132553,FLU,266,0,False,https://s3.glbimg.com/v1/AUTH_58d78b787ec34892b5aaa0c7a146155f/clubes_2026/silhuetas/FLU/FORMATO.png,18,3.26,Jemmes Bruno Ribeiro da Silva,0.0,3,6.22,28,jemmes,6,0.0,1.0,3.0,,,,26.0,13.0,,3.0,9.0,,,,,1.0,,,,3.0,
Vinicinho,Vinicinho,132580,RBB,280,0,False,https://s3.glbimg.com/v1/AUTH_58d78b787ec34892b5aaa0c7a146155f/clubes_2026/silhuetas/RBB/FORMATO.png,14,2.23,Vinicius Mendonça Pereira,0.0,5,3.92,28,vinicinho,6,0.0,,,,,,11.0,4.0,3.0,3.0,20.0,,,,,1.0,,,,,
João Pedro,J. Pedro,132750,SAN,277,0,False,https://s3.glbimg.com/v1/AUTH_58d78b787ec34892b5aaa0c7a146155f/clubes_2026/silhuetas/SAN/FORMATO.png,0,0.0,João Pedro Lucio da Silva,0.0,1,1.0,28,joao-pedro,6,0.0,,,,,,,,,,,,,,,,,,,,
Gui Negão,G. Negão,133543,COR,264,0,True,https://s3.glbimg.com/v1/AUTH_58d78b787ec34892b5aaa0c7a146155f/clubes_2026/silhuetas/COR/FORMATO.png,10,2.01,Guilherme William Silva Inácio,1.7,5,3.62,28,gui-negao,6,-1.09,,,,,,6.0,5.0,1.0,3.0,2.0,,1.0,,,,,,,,
Gustavo Reis,G. Reis,133671,RBB,280,0,False,https://s3.glbimg.com/v1/AUTH_58d78b787ec34892b5aaa0c7a146155f/clubes_2026/silhuetas/RBB/FORMATO.png,0,0.0,Gustavo Reis de Alcântara,0.0,1,1.0,28,gustavo-reis,6,0.0,,,,,,,,,,,,,,,,,,,,
Mateus Xavier,M. Xavier,133673,SAN,277,0,False,https://s3.glbimg.com/v1/AUTH_58d78b787ec34892b5aaa0c7a146155f/clubes_2026/silhuetas/SAN/FORMATO.png,1,1.2,Mateus Xavier de Sousa,0.0,5,2.33,28,mateus-xavier,6,0.0,,,,,,1.0,1.0,,,,,,,,,,,,,
Benedetti,Benedetti,133679,PAL,275,0,False,https://s3.glbimg.com/v1/AUTH_58d78b787ec34892b5aaa0c7a146155f/clubes_2026/silhuetas/PAL/FORMATO.png,2,4.85,Luis Gustavo Roncholeta Benedetti - Luiz,0.0,3,5.42,28,benedetti,6,0.0,,,,,,,1.0,,,,,,,,,,,,2.0,
Bruno Lopes,B. Lopes,133690,VAS,267,0,False,https://s3.glbimg.com/v1/AUTH_58d78b787ec34892b5aaa0c7a146155f/clubes_2026/silhuetas/VAS/FORMATO.png,1,1.7,Bruno Lopes Ferreira,0.0,5,1.57,28,bruno-lopes,6,0.0,,,,,,,1.0,1.0,1.0,,,,,,,,,,,
Wallace Davi,W. Davi,133696,BOT,263,0,False,https://s3.glbimg.com/v1/AUTH_58d78b787ec34892b5aaa0c7a146155f/clubes_2026/silhuetas/BOT/FORMATO.png,0,0.0,Wallace Davi Nunes da Silva Dias,0.0,4,4.0,28,wallace-davi,6,0.0,,,,,,,,,,,,,,,,,,,,
Larson,Larson,136156,PAL,275,0,False,https://s3.glbimg.com/v1/AUTH_58d78b787ec34892b5aaa0c7a146155f/clubes_2026/silhuetas/PAL/FORMATO.png,6,0.05,Larson Torna Ferreira dos Santos,0.0,4,1.34,28,larson,6,0.0,,1.0,,,,,4.0,1.0,1.0,1.0,,,,,,,,,,
Sanabria,Sanabria,136955,BAH,265,0,False,https://s3.glbimg.com/v1/AUTH_58d78b787ec34892b5aaa0c7a146155f/clubes_2026/silhuetas/BAH/FORMATO.png,14,2.69,Mateo Naín Sanabria Doracio,0.0,5,5.44,28,sanabria,6,0.0,1.0,2.0,,,,5.0,10.0,2.0,8.0,11.0,,2.0,,,2.0,,,,,
Kaique Kenji,K. Kenji,137542,CRU,283,0,False,https://s3.glbimg.com/v1/AUTH_58d78b787ec34892b5aaa0c7a146155f/clubes_2026/silhuetas/CRU/FORMATO.png,11,1.25,Kaique Kenji Takamura Correa,0.0,5,2.61,28,kaique-kenji,6,0.0,,3.0,,,,2.0,5.0,3.0,2.0,4.0,,1.0,,,,,,,,
Tevis,Tevis,137543,CRU,283,0,False,https://s3.glbimg.com/v1/AUTH_58d78b787ec34892b5aaa0c7a146155f/clubes_2026/silhuetas/CRU/FORMATO.png,0,0.0,Tevis Gabriel Alves Santos,0.0,5,2.0,28,tevis,6,0.0,,,,,,,,,,,,,,,,,,,,
Palacios,Palacios,138021,RBB,280,0,False,https://s3.glbimg.com/v1/AUTH_58d78b787ec34892b5aaa0c7a146155f/clubes_2026/silhuetas/RBB/FORMATO.png,0,0.0,Sergio Stevan Palacios Zapata,0.0,3,3.0,28,palacios,6,0.0,,,,,,,,,,,,,,,,,,,,
Bruno Duarte,B. Duarte,138941,VAS,267,0,True,https://s3.glbimg.com/v1/AUTH_58d78b787ec34892b5aaa0c7a146155f/clubes_2026/silhuetas/VAS/FORMATO.png,3,8.3,Bruno Duarte da Silva,15.7,5,10.12,28,bruno-duarte,7,2.73,1.0,,,,,6.0,2.0,,,1.0,1.0,1.0,,,,,,,,
Pedro Kauã,P. Kauã,139200,INT,285,0,False,https://s3.glbimg.com/v1/AUTH_58d78b787ec34892b5aaa0c7a146155f/clubes_2026/silhuetas/INT/FORMATO.png,0,0.0,Pedro Kauã Rodrigues Machado,0.0,3,1.0,28,pedro-kaua,6,0.0,,,,,,,,,,,,,,,,,,,,
Luizinho,Luizinho,140167,COR,264,0,False,https://s3.glbimg.com/v1/AUTH_58d78b787ec34892b5aaa0c7a146155f/clubes_2026/silhuetas/COR/FORMATO.png,0,0.0,Luiz Fernando dos Santos de Nardi,0.0,5,1.0,28,luizinho,6,0.0,,,,,,,,,,,,,,,,,,,,
David,David,140438,CHA,315,0,True,https://s3.glbimg.com/v1/AUTH_58d78b787ec34892b5aaa0c7a146155f/clubes_2026/silhuetas/CHA/FORMATO.png,9,0.65,David Antunes da Silva,0.0,4,1.03,28,david,6,-0.05,,,,,,3.0,2.0,,3.0,1.0,,,,,,1.0,,,,
Riquelme Felipe,R. Felipe,140484,FLU,266,0,True,https://s3.glbimg.com/v1/AUTH_58d78b787ec34892b5aaa0c7a146155f/clubes_2026/silhuetas/FLU/FORMATO.png,6,1.43,Riquelme Felipe Silva de Almeida,0.2,5,3.22,28,riquelme-felipe,6,-0.33,1.0,1.0,,,,2.0,4.0,,1.0,4.0,,,,,,,,,,
João Victor,J. Victor,140492,FLA,262,0,False,https://s3.glbimg.com/v1/AUTH_58d78b787ec34892b5aaa0c7a146155f/clubes_2026/silhuetas/FLA/FORMATO.png,1,6.5,João Victor de Souza Cunha,0.0,3,4.34,28,joao-victor,6,0.0,,,,,,1.0,,,,,,,,,,,,,1.0,
Tiaguinho,Tiaguinho,140496,GRE,284,0,False,https://s3.glbimg.com/v1/AUTH_58d78b787ec34892b5aaa0c7a146155f/clubes_2026/silhuetas/GRE/FORMATO.png,1,0.0,Tiago Augusto Gonçalves,0.0,4,0.93,28,tiaguinho,6,0.0,,,,,,,,,,,,,,,,,,,,
Ryan Francisco,R. Francisco,140542,SAO,276,0,False,https://s3.glbimg.com/v1/AUTH_58d78b787ec34892b5aaa0c7a146155f/clubes_2026/silhuetas/SAO/FORMATO.png,1,-0.3,Ryan Francisco Rodrigues dos Santos Silva,0.0,5,4.35,28,ryan-francisco,6,0.0,,,,,,,1.0,,,,,,,,,,,,,
David Martins,D. Martins,140726,BAH,265,0,False,https://s3.glbimg.com/v1/AUTH_58d78b787ec34892b5aaa0c7a146155f/clubes_2026/silhuetas/BAH/FORMATO.png,3,-0.1,David Martins Almeida de Lira,0.0,4,0.65,28,david-martins,6,0.0,,,,,,,1.0,,,,,,,,,,,,,
Davi Gomes,D. Gomes,140906,RBB,280,0,False,https://s3.glbimg.com/v1/AUTH_58d78b787ec34892b5aaa0c7a146155f/clubes_2026/silhuetas/RBB/FORMATO.png,2,4.25,Davi Gomes de Alvarenga,0.0,5,5.19,28,davi-gomes,5,0.0,,,,,,1.0,,2.0,2.0,,1.0,,,,,,,,,
Bruno Bertinato,B. Bertinato,140908,PAL,275,0,False,https://s3.glbimg.com/v1/AUTH_58d78b787ec34892b5aaa0c7a146155f/clubes_2026/silhuetas/PAL/FORMATO.png,0,0.0,Bruno Oliveira Bertinato,0.0,1,3.0,28,bruno-bertinato,6,0.0,,,,,,,,,,,,,,,,,,,,
Robert,Robert,141125,CAM,282,0,False,https://s3.glbimg.com/v1/AUTH_58d78b787ec34892b5aaa0c7a146155f/clubes_2026/silhuetas/CAM/FORMATO.png,0,0.0,Robert Pinto Alves Assunção,0.0,1,1.0,28,robert,6,0.0,,,,,,,,,,,,,,,,,,,,
Pedro Cobra,P. Cobra,141126,CAM,282,0,False,https://s3.glbimg.com/v1/AUTH_58d78b787ec34892b5aaa0c7a146155f/clubes_2026/silhuetas/CAM/FORMATO.png,0,0.0,Pedro Cobra Rodrigues,0.0,1,1.0,28,pedro-cobra,6,0.0,,,,,,,,,,,,,,,,,,,,
Vitão,Vitão,141131,CAM,282,0,True,https://s3.glbimg.com/v1/AUTH_58d78b787ec34892b5aaa0c7a146155f/clubes_2026/silhuetas/CAM/FORMATO.png,5,5.18,Vitor Fernandes Chaves Teixeira,4.7,3,5.22,28,vitao,7,-0.54,,1.0,,,,7.0,3.0,,1.0,1.0,1.0,1.0,,,,,,,1.0,
Zé Lucas,Z. Lucas,141160,CRU,283,0,True,https://s3.glbimg.com/v1/AUTH_58d78b787ec34892b5aaa0c7a146155f/clubes_2026/silhuetas/CRU/FORMATO.png,7,2.13,José Lucas Gomes da Silva,0.8,4,4.87,28,ze-lucas,6,-0.25,,,,,,7.0,7.0,1.0,1.0,9.0,,,,,,,,,,
Walace Falcão,W. Falcão,141184,VAS,267,0,False,https://s3.glbimg.com/v1/AUTH_58d78b787ec34892b5aaa0c7a146155f/clubes_2026/silhuetas/VAS/FORMATO.png,0,0.0,Wallace Fernandes Alves Falcão,0.0,3,1.0,28,walace-falcao,6,0.0,,,,,,,,,,,,,,,,,,,,
Lucas Crepaldi,L. Crepaldi,141335,CFC,294,0,False,https://s3.glbimg.com/v1/AUTH_58d78b787ec34892b5aaa0c7a146155f/clubes_2026/silhuetas/CFC/FORMATO.png,0,0.0,Lucas Crepaldi Pimentel,0.0,5,1.0,28,lucas-crepaldi,6,0.0,,,,,,,,,,,,,,,,,,,,
Lucas Taverna,L. Taverna,141337,CFC,294,0,False,https://s3.glbimg.com/v1/AUTH_58d78b787ec34892b5aaa0c7a146155f/clubes_2026/silhuetas/CFC/FORMATO.png,4,1.95,Lucas Taverna,0.0,2,2.69,28,lucas-taverna,5,0.0,,1.0,,,,3.0,4.0,,,1.0,,,,,,,,,1.0,
Paulo Roberto,P. Roberto,141339,CFC,294,0,True,https://s3.glbimg.com/v1/AUTH_58d78b787ec34892b5aaa0c7a146155f/clubes_2026/silhuetas/CFC/FORMATO.png,7,3.76,Paulo Roberto da Silva Souza,-1.6,5,4.38,28,paulo-roberto,6,-0.8,1.0,2.0,,,,5.0,4.0,,,2.0,,2.0,,,,,,,,
Vitor Tissi,V. Tissi,141344,CFC,294,0,True,https://s3.glbimg.com/v1/AUTH_58d78b787ec34892b5aaa0c7a146155f/clubes_2026/silhuetas/CFC/FORMATO.png,7,1.27,Vitor Gonçalves Tissi,3.5,4,1.83,28,vitor-tissi,6,0.57,,1.0,,,,5.0,2.0,,,6.0,,,,,,,,,,
Gustavo Santana,G. Santana,141382,SAO,276,0,False,https://s3.glbimg.com/v1/AUTH_58d78b787ec34892b5aaa0c7a146155f/clubes_2026/silhuetas/SAO/FORMATO.png,4,3.6,Gustavo Domingos Santana,0.0,5,3.6,28,gustavo-santana,6,0.0,,,,,,1.0,3.0,2.0,3.0,2.0,,1.0,,,,,,,,
João Victor,J. Victor,141385,REM,364,0,False,https://s3.glbimg.com/v1/AUTH_58d78b787ec34892b5aaa0c7a146155f/clubes_2026/silhuetas/REM/FORMATO.png,0,0.0,João Victor Ferreira da Silva,0.0,1,1.0,28,joao-victor,6,0.0,,,,,,,,,,,,,,,,,,,,
Marcos Alexandre,M. Alexandre,141386,REM,364,0,False,https://s3.glbimg.com/v1/AUTH_58d78b787ec34892b5aaa0c7a146155f/clubes_2026/silhuetas/REM/FORMATO.png,0,0.0,Marcos Alexandre Ferreira Campos Filho,0.0,1,1.0,28,marcos-alexandre,6,0.0,,,,,,,,,,,,,,,,,,,,
Huguinho,Huguinho,141400,BOT,263,0,True,https://s3.glbimg.com/v1/AUTH_58d78b787ec34892b5aaa0c7a146155f/clubes_2026/silhuetas/BOT/FORMATO.png,10,2.79,Victor Hugo Custódio de Melo Moura,0.2,4,4.3,28,huguinho,7,-0.38,,4.0,,,,12.0,17.0,,5.0,16.0,,1.0,,,,1.0,,,,
Avellar,Avellar,141405,VAS,267,0,False,https://s3.glbimg.com/v1/AUTH_58d78b787ec34892b5aaa0c7a146155f/clubes_2026/silhuetas/VAS/FORMATO.png,2,3.45,Riquelme Avellar da Silva Fortes,0.0,2,2.8,28,avellar,6,0.0,,,,,,4.0,1.0,1.0,,,,,,,,,,,,
Andrey Fernandes,A. Fernandes,141406,VAS,267,0,False,https://s3.glbimg.com/v1/AUTH_58d78b787ec34892b5aaa0c7a146155f/clubes_2026/silhuetas/VAS/FORMATO.png,1,1.7,Andrey Fernandes de Oliveira Nunes,0.0,5,1.41,28,andrey-fernandes,6,0.0,,,,,,,,1.0,,1.0,,,,,,,,,,
Fredi Lippert,F. Lippert,141419,BAH,265,0,False,https://s3.glbimg.com/v1/AUTH_58d78b787ec34892b5aaa0c7a146155f/clubes_2026/silhuetas/BAH/FORMATO.png,0,0.0,Frederico Lippert Neto Gomes,0.0,3,2.0,28,fredi-lippert,6,0.0,,,,,,,,,,,,,,,,,,,,
Yuri Alves,Y. Alves,141536,RBB,280,0,False,https://s3.glbimg.com/v1/AUTH_58d78b787ec34892b5aaa0c7a146155f/clubes_2026/silhuetas/RBB/FORMATO.png,4,1.05,Yuri Alves de Aquino,0.0,4,1.55,28,yuri-alves,6,0.0,,,,,,2.0,2.0,,1.0,2.0,,,,,,,,,,
Índio,Índio,141551,CAM,282,0,False,https://s3.glbimg.com/v1/AUTH_58d78b787ec34892b5aaa0c7a146155f/clubes_2026/silhuetas/CAM/FORMATO.png,0,0.0,Hendel dos Santos Nascimento,0.0,4,1.0,28,indio,6,0.0,,,,,,,,,,,,,,,,,,,,
Pedro Gabriel,P. Gabriel,141594,GRE,284,0,True,https://s3.glbimg.com/v1/AUTH_58d78b787ec34892b5aaa0c7a146155f/clubes_2026/silhuetas/GRE/FORMATO.png,15,3.3,Pedro Gabriel Crisostomo Pinheiro,10.4,2,5.78,28,pedro-gabriel,7,1.69,1.0,7.0,,,,17.0,22.0,3.0,3.0,3.0,,,,,,,,,5.0,
Lucca,Lucca,141609,SAO,276,0,False,https://s3.glbimg.com/v1/AUTH_58d78b787ec34892b5aaa0c7a146155f/clubes_2026/silhuetas/SAO/FORMATO.png,4,0.23,Lucca Marques Alencar,0.0,5,2.05,28,lucca,6,0.0,,,,,,1.0,2.0,,,,,,,,,,,,,
Pedro Ferreira,P. Ferreira,141615,SAO,276,0,False,https://s3.glbimg.com/v1/AUTH_58d78b787ec34892b5aaa0c7a146155f/clubes_2026/silhuetas/SAO/FORMATO.png,3,0.87,Pedro Henrique Ferreira da Silva,0.0,4,1.25,28,pedro-ferreira,6,0.0,,,,,,,2.0,1.0,,4.0,,,,,,,,,,
Pablo Lúcio,P. Lúcio,141628,FLA,262,0,False,https://s3.glbimg.com/v1/AUTH_58d78b787ec34892b5aaa0c7a146155f/clubes_2026/silhuetas/FLA/FORMATO.png,0,0.0,Pablo Lúcio,0.0,4,2.0,28,pablo-lucio,6,0.0,,,,,,,,,,,,,,,,,,,,
Caio Valle,C. Valle,141752,BOT,263,0,False,https://s3.glbimg.com/v1/AUTH_58d78b787ec34892b5aaa0c7a146155f/clubes_2026/silhuetas/BOT/FORMATO.png,0,0.0,Caio Ribeiro do Valle Silva,0.0,4,1.0,28,caio-valle,6,0.0,,,,,,,,,,,,,,,,,,,,
Gabriel Bontempo,G. Bontempo,141754,SAN,277,0,True,https://s3.glbimg.com/v1/AUTH_58d78b787ec34892b5aaa0c7a146155f/clubes_2026/silhuetas/SAN/FORMATO.png,22,3.66,Gabriel Morais Silva Bontempo,0.4,4,4.91,28,gabriel-bontempo,7,-0.64,2.0,3.0,,,,34.0,11.0,3.0,10.0,27.0,,,,,1.0,,,1.0,,
Fabiano Souza,F. Souza,141763,VIT,287,0,False,https://s3.glbimg.com/v1/AUTH_58d78b787ec34892b5aaa0c7a146155f/clubes_2026/silhuetas/VIT/FORMATO.png,3,0.23,Fabiano Josué de Souza Silva,0.0,2,3.85,28,fabiano-souza,5,0.0,,1.0,,,,2.0,2.0,,1.0,3.0,,,1.0,,,,,,,
Gustavo Henrique,G. Henrique,141776,SAN,277,0,True,https://s3.glbimg.com/v1/AUTH_58d78b787ec34892b5aaa0c7a146155f/clubes_2026/silhuetas/SAN/FORMATO.png,14,3.29,Gustavo Henrique Pereira,1.4,4,3.73,28,gustavo-henrique,7,-0.3,,4.0,1.0,,,29.0,18.0,2.0,3.0,20.0,,,,,,,,,,
Kauan Coutinho,K. Coutinho,141795,VIT,287,0,False,https://s3.glbimg.com/v1/AUTH_58d78b787ec34892b5aaa0c7a146155f/clubes_2026/silhuetas/VIT/FORMATO.png,0,0.0,Kauan Santos Neves Coutinho,0.0,3,1.0,28,kauan-coutinho,6,0.0,,,,,,,,,,,,,,,,,,,,
Vini Lira,V. Lira,141868,SAN,277,0,False,https://s3.glbimg.com/v1/AUTH_58d78b787ec34892b5aaa0c7a146155f/clubes_2026/silhuetas/SAN/FORMATO.png,4,2.42,Vinicius Rodrigues Lira,0.0,2,3.79,28,vini-lira,5,0.0,,1.0,,,,7.0,6.0,1.0,1.0,,,,,,,,,,,
Jacaré,Jacaré,141873,COR,264,0,False,https://s3.glbimg.com/v1/AUTH_58d78b787ec34892b5aaa0c7a146155f/clubes_2026/silhuetas/COR/FORMATO.png,0,0.0,João Vitor Barros Silva,0.0,2,2.0,28,jacare,6,0.0,,,,,,,,,,,,,,,,,,,,
Khensane,Khensane,141954,CFC,294,0,False,https://s3.glbimg.com/v1/AUTH_58d78b787ec34892b5aaa0c7a146155f/clubes_2026/silhuetas/CFC/FORMATO.png,0,0.0,Khensane Mpusane Eustaquio Machel,0.0,4,1.0,28,khensane,6,0.0,,,,,,,,,,,,,,,,,,,,
Tico,Tico,141991,REM,364,0,True,https://s3.glbimg.com/v1/AUTH_58d78b787ec34892b5aaa0c7a146155f/clubes_2026/silhuetas/REM/FORMATO.png,2,0.25,Paulo Sérgio da Costa Evangelista Junior,0.0,5,0.94,28,tico,6,-0.16,,,,,,,,,,1.0,,,,,,,,,,
Dieguinho,Dieguinho,141995,COR,264,0,False,https://s3.glbimg.com/v1/AUTH_58d78b787ec34892b5aaa0c7a146155f/clubes_2026/silhuetas/COR/FORMATO.png,15,1.43,Diego da Cruz Lopes,0.0,4,3.19,28,dieguinho,6,0.0,,,,,,6.0,2.0,1.0,2.0,5.0,,1.0,,,1.0,,,,,
Amuzu,Amuzu,142004,GRE,284,0,True,https://s3.glbimg.com/v1/AUTH_58d78b787ec34892b5aaa0c7a146155f/clubes_2026/silhuetas/GRE/FORMATO.png,22,3.66,Francis Amuzu,1.6,5,6.7,28,amuzu,7,-0.02,3.0,,,,,15.0,13.0,8.0,13.0,32.0,1.0,1.0,,,1.0,,,,,
Kauan Toledo,K. Toledo,142086,BOT,263,0,True,https://s3.glbimg.com/v1/AUTH_58d78b787ec34892b5aaa0c7a146155f/clubes_2026/silhuetas/BOT/FORMATO.png,8,1.99,Kauan Almeida Toledo,2.4,5,2.55,28,kauan-toledo,6,0.28,,1.0,,,,7.0,9.0,3.0,2.0,8.0,,,,,1.0,,,,,
Marcelo Eráclito,M. Eráclito,142130,CRU,283,0,False,https://s3.glbimg.com/v1/AUTH_58d78b787ec34892b5aaa0c7a146155f/clubes_2026/silhuetas/CRU/FORMATO.png,0,0.0,Marcelo Eráclito de Souza Filho,0.0,1,1.0,28,marcelo-eraclito,6,0.0,,,,,,,,,,,,,,,,,,,,
Luis Eduardo,L. Eduardo,142257,GRE,284,0,False,https://s3.glbimg.com/v1/AUTH_58d78b787ec34892b5aaa0c7a146155f/clubes_2026/silhuetas/GRE/FORMATO.png,2,-0.3,Luis Eduardo Guedes de Souza,0.0,3,1.45,28,luis-eduardo,6,0.0,,,,,,,2.0,,,,,,,,,,,,,
Bernardo Zortea,B. Zortea,142260,GRE,284,0,False,https://s3.glbimg.com/v1/AUTH_58d78b787ec34892b5aaa0c7a146155f/clubes_2026/silhuetas/GRE/FORMATO.png,4,1.17,Bernardo Schons Zortea,0.0,4,1.72,28,bernardo-zortea,6,0.0,,,,,,3.0,3.0,,2.0,1.0,,,,,,1.0,,,,
Jeferson,Jeferson,142261,GRE,284,0,False,https://s3.glbimg.com/v1/AUTH_58d78b787ec34892b5aaa0c7a146155f/clubes_2026/silhuetas/GRE/FORMATO.png,0,0.0,Jeferson Borges dos Santos,0.0,5,1.0,28,jeferson,6,0.0,,,,,,,,,,,,,,,,,,,,
Dell,Dell,142265,BAH,265,0,False,https://s3.glbimg.com/v1/AUTH_58d78b787ec34892b5aaa0c7a146155f/clubes_2026/silhuetas/BAH/FORMATO.png,4,0.65,Wendeson Wanderley Santos de Melo,0.0,5,1.82,28,dell,6,0.0,,,1.0,,,2.0,3.0,1.0,1.0,3.0,,,,,,,,,,
Luiz Felipe,L. Felipe,142275,FLA,262,0,False,https://s3.glbimg.com/v1/AUTH_58d78b787ec34892b5aaa0c7a146155f/clubes_2026/silhuetas/FLA/FORMATO.png,0,0.0,Luiz Felipe Mariano dos Santos,0.0,4,1.0,28,luiz-felipe,6,0.0,,,,,,,,,,,,,,,,,,,,
Nuno Moreira,N. Moreira,142279,VAS,267,0,False,https://s3.glbimg.com/v1/AUTH_58d78b787ec34892b5aaa0c7a146155f/clubes_2026/silhuetas/VAS/FORMATO.png,18,2.06,Nuno Gonçalo Rocha Moreira,0.0,4,5.2,28,nuno-moreira,6,0.0,1.0,3.0,,,,11.0,12.0,4.0,7.0,8.0,,1.0,,,1.0,,,,,
Barrera,Barrera,142484,BOT,263,0,False,https://s3.glbimg.com/v1/AUTH_58d78b787ec34892b5aaa0c7a146155f/clubes_2026/silhuetas/BOT/FORMATO.png,11,2.46,Jordan Andrés Barrera Herrera,0.0,4,4.93,28,barrera,5,0.0,,,,,,5.0,9.0,6.0,2.0,5.0,1.0,1.0,,,,,,,,
João Victor,J. Victor,142638,INT,285,0,False,https://s3.glbimg.com/v1/AUTH_58d78b787ec34892b5aaa0c7a146155f/clubes_2026/silhuetas/INT/FORMATO.png,1,-0.8,João Victor Alves de Morais Francisco,0.0,5,0.63,28,joao-victor,6,0.0,,1.0,,,,,1.0,,,1.0,,,,,,,,,,
Franco Rossi,F. Rossi,142764,CHA,315,0,False,https://s3.glbimg.com/v1/AUTH_58d78b787ec34892b5aaa0c7a146155f/clubes_2026/silhuetas/CHA/FORMATO.png,4,2.4,Franco Andrés Rossi Donazar,0.0,5,3.91,28,franco-rossi,6,0.0,,,,,,1.0,3.0,3.0,3.0,6.0,,,,,,,,,,
Johnny,Johnny,142868,FLA,262,0,False,https://s3.glbimg.com/v1/AUTH_58d78b787ec34892b5aaa0c7a146155f/clubes_2026/silhuetas/FLA/FORMATO.png,1,0.0,Johnny Monteiro Góes,0.0,2,0.89,28,johnny,6,0.0,,,,,,,,,,,,,,,,,,,,
Villalba,Villalba,142877,BOT,263,0,True,https://s3.glbimg.com/v1/AUTH_58d78b787ec34892b5aaa0c7a146155f/clubes_2026/silhuetas/BOT/FORMATO.png,14,1.53,Lucas Martín Villalba Jaume,0.0,5,3.76,28,villalba,6,-0.31,,2.0,,,,9.0,6.0,1.0,2.0,2.0,,1.0,,,,,,,,
Montoro,Montoro,142890,BOT,263,0,True,https://s3.glbimg.com/v1/AUTH_58d78b787ec34892b5aaa0c7a146155f/clubes_2026/silhuetas/BOT/FORMATO.png,22,2.67,Álvaro Montoro,1.5,4,6.52,28,montoro,7,-0.62,3.0,5.0,,,,13.0,17.0,9.0,6.0,26.0,2.0,,,,,,,,,
Gabriel Abdias,G. Abdias,143072,BOT,263,0,False,https://s3.glbimg.com/v1/AUTH_58d78b787ec34892b5aaa0c7a146155f/clubes_2026/silhuetas/BOT/FORMATO.png,0,0.0,Gabriel da Silva Abdias,0.0,2,3.0,28,gabriel-abdias,6,0.0,,,,,,,,,,,,,,,,,,,,
Tarzia,Tarzia,143153,VIT,287,0,True,https://s3.glbimg.com/v1/AUTH_58d78b787ec34892b5aaa0c7a146155f/clubes_2026/silhuetas/VIT/FORMATO.png,21,3.06,Diego Tarzia,5.6,5,4.29,28,tarzia,7,0.33,1.0,2.0,,,,16.0,21.0,7.0,8.0,26.0,,2.0,,,2.0,,,,,
Viveros,Viveros,143193,CAP,293,0,False,https://s3.glbimg.com/v1/AUTH_58d78b787ec34892b5aaa0c7a146155f/clubes_2026/silhuetas/CAP/FORMATO.png,23,8.96,Kevin Stiven Viveros Rodallega,0.0,5,12.78,28,viveros,7,0.0,3.0,4.0,,,,3.0,53.0,24.0,18.0,71.0,2.0,15.0,,,21.0,,,4.0,,
Gean,Gean,143252,VIT,287,0,False,https://s3.glbimg.com/v1/AUTH_58d78b787ec34892b5aaa0c7a146155f/clubes_2026/silhuetas/VIT/FORMATO.png,0,0.0,Gean de Jesus Soares,0.0,2,1.0,28,gean,6,0.0,,,,,,,,,,,,,,,,,,,,
Wendell,Wendell,143253,VIT,287,0,False,https://s3.glbimg.com/v1/AUTH_58d78b787ec34892b5aaa0c7a146155f/clubes_2026/silhuetas/VIT/FORMATO.png,0,0.0,Wendell dos Santos Sacramento,0.0,4,2.0,28,wendell,6,0.0,,,,,,,,,,,,,,,,,,,,
Kauan Vitor,K. Vitor,143255,VIT,287,0,False,https://s3.glbimg.com/v1/AUTH_58d78b787ec34892b5aaa0c7a146155f/clubes_2026/silhuetas/VIT/FORMATO.png,0,0.0,Kauan Vitor Silva Ferreira de Melo,0.0,2,1.0,28,kauan-vitor,6,0.0,,,,,,,,,,,,,,,,,,,,
Joshua,Joshua,143295,FLA,262,0,False,https://s3.glbimg.com/v1/AUTH_58d78b787ec34892b5aaa0c7a146155f/clubes_2026/silhuetas/FLA/FORMATO.png,1,-0.3,Caio Joshua Lana de Andrade,0.0,4,2.6,28,joshua,6,0.0,,,,,,,1.0,,,,,,,,,,,,,
PH Gama,P. Gama,143455,REM,364,0,False,https://s3.glbimg.com/v1/AUTH_58d78b787ec34892b5aaa0c7a146155f/clubes_2026/silhuetas/REM/FORMATO.png,0,0.0,Darilson Gama Amador,0.0,4,2.0,28,ph-gama,6,0.0,,,,,,,,,,,,,,,,,,,,
Wesley Natã,W. Natã,143463,FLU,266,0,False,https://s3.glbimg.com/v1/AUTH_58d78b787ec34892b5aaa0c7a146155f/clubes_2026/silhuetas/FLU/FORMATO.png,1,-0.3,Wesley Natã de Freitas Prado,0.0,5,0.8,28,wesley-nata,6,0.0,,,,,,,1.0,,,,,,,,,,,,,
Keven Samuel,K. Samuel,143465,FLU,266,0,False,https://s3.glbimg.com/v1/AUTH_58d78b787ec34892b5aaa0c7a146155f/clubes_2026/silhuetas/FLU/FORMATO.png,0,0.0,Keven Samuel Moreira dos Santos,0.0,5,1.0,28,keven-samuel,6,0.0,,,,,,,,,,,,,,,,,,,,
Raykkonen,Raykkonen,143488,INT,285,0,False,https://s3.glbimg.com/v1/AUTH_58d78b787ec34892b5aaa0c7a146155f/clubes_2026/silhuetas/INT/FORMATO.png,1,0.5,Raykkonen Pereira Soares,0.0,5,2.63,28,raykkonen,6,0.0,,,,,,,,,,1.0,,,,,,,,,,
Carlos Eduardo,C. Eduardo,143532,CAP,293,0,False,https://s3.glbimg.com/v1/AUTH_58d78b787ec34892b5aaa0c7a146155f/clubes_2026/silhuetas/CAP/FORMATO.png,0,0.0,Carlos Eduardo Souza de Barros,0.0,1,1.0,28,carlos-eduardo,6,0.0,,,,,,,,,,,,,,,,,,,,
Kauã Moraes,K. Moraes,143600,CRU,283,0,False,https://s3.glbimg.com/v1/AUTH_58d78b787ec34892b5aaa0c7a146155f/clubes_2026/silhuetas/CRU/FORMATO.png,10,4.83,Kauã Moraes da Silva,0.0,2,6.81,28,kaua-moraes,6,0.0,1.0,2.0,,,,10.0,14.0,1.0,1.0,13.0,,2.0,,,,,,,2.0,
João Alencar,J. Alencar,144255,SAN,277,0,False,https://s3.glbimg.com/v1/AUTH_58d78b787ec34892b5aaa0c7a146155f/clubes_2026/silhuetas/SAN/FORMATO.png,0,0.0,João Alencar Santos Paes da Costa,0.0,3,1.0,28,joao-alencar,6,0.0,,,,,,,,,,,,,,,,,,,,
Nicolas Pontes,N. Pontes,144423,CRU,283,0,False,https://s3.glbimg.com/v1/AUTH_58d78b787ec34892b5aaa0c7a146155f/clubes_2026/silhuetas/CRU/FORMATO.png,0,0.0,Nicolas Pontes de Souza Almeida,0.0,2,1.0,28,nicolas-pontes,6,0.0,,,,,,,,,,,,,,,,,,,,
Vitor Lamounier,V. Lamounier,144424,CRU,283,0,False,https://s3.glbimg.com/v1/AUTH_58d78b787ec34892b5aaa0c7a146155f/clubes_2026/silhuetas/CRU/FORMATO.png,0,0.0,Vitor Lamounier Rego,0.0,1,2.0,28,vitor-lamounier,6,0.0,,,,,,,,,,,,,,,,,,,,
Victor Gabriel,V. Gabriel,144889,PAL,275,0,False,https://s3.glbimg.com/v1/AUTH_58d78b787ec34892b5aaa0c7a146155f/clubes_2026/silhuetas/PAL/FORMATO.png,0,0.0,Victor Gabriel Leite dos Santos,0.0,4,1.0,28,victor-gabriel,6,0.0,,,,,,,,,,,,,,,,,,,,
Vitinho,Vitinho,144898,CAP,293,0,False,https://s3.glbimg.com/v1/AUTH_58d78b787ec34892b5aaa0c7a146155f/clubes_2026/silhuetas/CAP/FORMATO.png,0,0.0,Victor Vinicius Teodoro Ferraz,0.0,2,1.0,28,vitinho,6,0.0,,,,,,,,,,,,,,,,,,,,
Domingos Andrade,D. Andrade,144976,BOT,263,0,False,https://s3.glbimg.com/v1/AUTH_58d78b787ec34892b5aaa0c7a146155f/clubes_2026/silhuetas/BOT/FORMATO.png,1,1.5,Domingos Paulo Andrade,0.0,4,5.04,28,domingos-andrade,6,0.0,,,,,,1.0,,,,,,,,,,,,,,
Fernando Pradella,F. Pradella,145036,SAN,277,0,False,https://s3.glbimg.com/v1/AUTH_58d78b787ec34892b5aaa0c7a146155f/clubes_2026/silhuetas/SAN/FORMATO.png,1,0.0,Fernando Pradella Rocha,0.0,5,0.82,28,fernando-pradella,6,0.0,,,,,,,,,,,,,,,,,,,,
Kauê Furquim,K. Furquim,145379,BAH,265,0,True,https://s3.glbimg.com/v1/AUTH_58d78b787ec34892b5aaa0c7a146155f/clubes_2026/silhuetas/BAH/FORMATO.png,6,1.35,Kauê Junior Furquim da Silva,1.7,5,2.15,28,kaue-furquim,6,-0.09,,1.0,,,,4.0,3.0,,,8.0,,,,,,,,,,
Rúben Ismael,R. Ismael,145387,VIT,287,0,False,https://s3.glbimg.com/v1/AUTH_58d78b787ec34892b5aaa0c7a146155f/clubes_2026/silhuetas/VIT/FORMATO.png,0,0.0,Rúben Ismael Valente Ramos,0.0,4,4.0,28,ruben-ismael,6,0.0,,,,,,,,,,,,,,,,,,,,
Cauê,Cauê,145400,RBB,280,0,False,https://s3.glbimg.com/v1/AUTH_58d78b787ec34892b5aaa0c7a146155f/clubes_2026/silhuetas/RBB/FORMATO.png,3,3.47,Cauê Nascimento Santos,0.0,2,4.23,28,caue,6,0.0,,1.0,,,,4.0,4.0,,2.0,,,,,,,,,,1.0,
Arthur,Arthur,145404,PAL,275,0,True,https://s3.glbimg.com/v1/AUTH_58d78b787ec34892b5aaa0c7a146155f/clubes_2026/silhuetas/PAL/FORMATO.png,19,4.29,Arthur Gabriel Santana Marcolino,5.0,2,4.96,28,arthur,2,-0.81,,1.0,1.0,,,25.0,22.0,3.0,6.0,12.0,,,,,,,,,8.0,
Rafael Coutinho,R. Coutinho,145413,PAL,275,0,False,https://s3.glbimg.com/v1/AUTH_58d78b787ec34892b5aaa0c7a146155f/clubes_2026/silhuetas/PAL/FORMATO.png,0,0.0,Rafael Barbosa Coutinho,0.0,4,1.0,28,rafael-coutinho,6,0.0,,,,,,,,,,,,,,,,,,,,
Belé,Belé,145436,PAL,275,0,False,https://s3.glbimg.com/v1/AUTH_58d78b787ec34892b5aaa0c7a146155f/clubes_2026/silhuetas/PAL/FORMATO.png,0,0.0,Erick Machado Belé,0.0,5,3.0,28,bele,6,0.0,,,,,,,,,,,,,,,,,,,,
João Ananias,J. Ananias,145563,SAN,277,0,False,https://s3.glbimg.com/v1/AUTH_58d78b787ec34892b5aaa0c7a146155f/clubes_2026/silhuetas/SAN/FORMATO.png,6,2.5,João Paulo Ananias Bento,0.0,3,3.43,28,joao-ananias,6,0.0,,1.0,,,,9.0,6.0,,1.0,3.0,,,1.0,,,,,,1.0,
Élan Ricardo,E. Ricardo,145609,CAP,293,0,False,https://s3.glbimg.com/v1/AUTH_58d78b787ec34892b5aaa0c7a146155f/clubes_2026/silhuetas/CAP/FORMATO.png,0,0.0,Élan Joshep Ricardo Ochoa,0.0,4,3.0,28,elan-ricardo,6,0.0,,,,,,,,,,,,,,,,,,,,
Nicolas,Nicolas,145659,SAO,276,0,False,https://s3.glbimg.com/v1/AUTH_58d78b787ec34892b5aaa0c7a146155f/clubes_2026/silhuetas/SAO/FORMATO.png,1,5.0,Nicolas Bosshardt,0.0,2,2.79,28,nicolas,5,0.0,,,,,,,,,,,,,,,,,,,1.0,
Luiz Felipe,L. Felipe,145660,INT,285,0,False,https://s3.glbimg.com/v1/AUTH_58d78b787ec34892b5aaa0c7a146155f/clubes_2026/silhuetas/INT/FORMATO.png,2,1.45,Luiz Felipe de Morais Francisco,0.0,2,1.65,28,luiz-felipe,6,0.0,,,,,,2.0,,,,,,,,,1.0,,,,,
Kaio Nóbrega,K. Nóbrega,145703,FLA,262,0,False,https://s3.glbimg.com/v1/AUTH_58d78b787ec34892b5aaa0c7a146155f/clubes_2026/silhuetas/FLA/FORMATO.png,0,0.0,Kaio Nóbrega Siqueira,0.0,4,1.0,28,kaio-nobrega,6,0.0,,,,,,,,,,,,,,,,,,,,
Douglas Telles,D. Telles,145705,FLA,262,0,False,https://s3.glbimg.com/v1/AUTH_58d78b787ec34892b5aaa0c7a146155f/clubes_2026/silhuetas/FLA/FORMATO.png,0,0.0,Douglas Costa Telles,0.0,5,2.0,28,douglas-telles,6,0.0,,,,,,,,,,,,,,,,,,,,
André,André,145744,COR,264,0,True,https://s3.glbimg.com/v1/AUTH_58d78b787ec34892b5aaa0c7a146155f/clubes_2026/silhuetas/COR/FORMATO.png,17,3.89,André Luiz Santos Dias,1.0,4,6.01,28,andre,6,-0.14,2.0,2.0,2.0,,,21.0,17.0,1.0,6.0,15.0,,3.0,,,,,,,,
Bruno André,B. André,145781,VAS,267,0,False,https://s3.glbimg.com/v1/AUTH_58d78b787ec34892b5aaa0c7a146155f/clubes_2026/silhuetas/VAS/FORMATO.png,0,0.0,Bruno André Azevedo Ribeiro,0.0,3,1.0,28,bruno-andre,6,0.0,,,,,,,,,,,,,,,,,,,,
Tassano,Tassano,145782,REM,364,0,False,https://s3.glbimg.com/v1/AUTH_58d78b787ec34892b5aaa0c7a146155f/clubes_2026/silhuetas/REM/FORMATO.png,0,0.0,Cristian Marcelo González Tassano,0.0,3,3.0,28,tassano,6,0.0,,,,,,,,,,,,,,,,,,,,
Gilberto Junior,G. Junior,146374,CAP,293,0,True,https://s3.glbimg.com/v1/AUTH_58d78b787ec34892b5aaa0c7a146155f/clubes_2026/silhuetas/CAP/FORMATO.png,7,4.2,Gilberto Junior Leite dos Santos,1.7,2,6.01,28,gilberto-junior,6,-0.13,,,,,,11.0,3.0,2.0,,3.0,,,,,1.0,,,,2.0,
Kadir,Kadir,146375,BOT,263,0,False,https://s3.glbimg.com/v1/AUTH_58d78b787ec34892b5aaa0c7a146155f/clubes_2026/silhuetas/BOT/FORMATO.png,12,2.04,José Kadir Barría Rose,0.0,5,4.15,28,kadir,6,0.0,1.0,2.0,,,,6.0,18.0,5.0,10.0,8.0,,,,,1.0,,,,,
Marquinhos,Marquinhos,146410,BOT,263,0,False,https://s3.glbimg.com/v1/AUTH_58d78b787ec34892b5aaa0c7a146155f/clubes_2026/silhuetas/BOT/FORMATO.png,1,0.0,Marcos Felipe Vinagre Souza,0.0,4,0.85,28,marquinhos,6,0.0,,,,,,,,,,,,,,,,,,,,
Justino,Justino,146430,BOT,263,0,False,https://s3.glbimg.com/v1/AUTH_58d78b787ec34892b5aaa0c7a146155f/clubes_2026/silhuetas/BOT/FORMATO.png,10,2.75,Gabriel Pereira Justino,0.0,3,3.34,28,justino,6,0.0,,4.0,,,,8.0,5.0,,,10.0,1.0,1.0,,,,,,,1.0,
Luis Pacheco,L. Pacheco,146623,PAL,275,0,False,https://s3.glbimg.com/v1/AUTH_58d78b787ec34892b5aaa0c7a146155f/clubes_2026/silhuetas/PAL/FORMATO.png,4,-0.08,Luis Felipe Pacheco da Costa,0.0,4,1.72,28,luis-pacheco,6,0.0,,2.0,,,,1.0,2.0,,1.0,,,,,,,,,,,
Heittor,Heittor,146624,PAL,275,0,False,https://s3.glbimg.com/v1/AUTH_58d78b787ec34892b5aaa0c7a146155f/clubes_2026/silhuetas/PAL/FORMATO.png,3,0.53,Heittor Vinicius da Silva Nunes,0.0,5,1.15,28,heittor,6,0.0,,,,,,1.0,1.0,,,1.0,,,,,1.0,,,,,
Alisson,Alisson,146632,INT,285,0,False,https://s3.glbimg.com/v1/AUTH_58d78b787ec34892b5aaa0c7a146155f/clubes_2026/silhuetas/INT/FORMATO.png,0,0.0,Alisson Rodrigues de Melo,0.0,2,1.0,28,alisson,6,0.0,,,,,,,,,,,,,,,,,,,,
Kauan Lima,K. Lima,146663,PAL,275,0,False,https://s3.glbimg.com/v1/AUTH_58d78b787ec34892b5aaa0c7a146155f/clubes_2026/silhuetas/PAL/FORMATO.png,0,0.0,Kauan Lima da Cunha,0.0,1,1.0,28,kauan-lima,6,0.0,,,,,,,,,,,,,,,,,,,,
Benjamin Arhin,B. Arhin,146701,INT,285,0,False,https://s3.glbimg.com/v1/AUTH_58d78b787ec34892b5aaa0c7a146155f/clubes_2026/silhuetas/INT/FORMATO.png,1,-0.3,Benjamin Arhin,0.0,4,1.73,28,benjamin-arhin,6,0.0,,,,,,,1.0,,,,,,,,,,,,,
Rayan Lelis,R. Lelis,146807,CRU,283,0,False,https://s3.glbimg.com/v1/AUTH_58d78b787ec34892b5aaa0c7a146155f/clubes_2026/silhuetas/CRU/FORMATO.png,0,0.0,Rayan Passaglia Lelis,0.0,5,2.0,28,rayan-lelis,6,0.0,,,,,,,,,,,,,,,,,,,,
Josmar,Josmar,146814,FLA,262,0,False,https://s3.glbimg.com/v1/AUTH_58d78b787ec34892b5aaa0c7a146155f/clubes_2026/silhuetas/FLA/FORMATO.png,0,0.0,Josmar Silva Miranda,0.0,5,2.0,28,josmar,6,0.0,,,,,,,,,,,,,,,,,,,,
Cléber Lucas,C. Lucas,146833,BOT,263,0,False,https://s3.glbimg.com/v1/AUTH_58d78b787ec34892b5aaa0c7a146155f/clubes_2026/silhuetas/BOT/FORMATO.png,0,0.0,Cléber Lucas Chieppe Chagas,0.0,1,1.0,28,cleber-lucas,6,0.0,,,,,,,,,,,,,,,,,,,,
Filipe Sirio,F. Sirio,146964,INT,285,0,False,https://s3.glbimg.com/v1/AUTH_58d78b787ec34892b5aaa0c7a146155f/clubes_2026/silhuetas/INT/FORMATO.png,0,0.0,Filipe Borba Sirio,0.0,1,1.0,28,filipe-sirio,6,0.0,,,,,,,,,,,,,,,,,,,,
Yago Melo,Y. Melo,146985,COR,264,0,False,https://s3.glbimg.com/v1/AUTH_58d78b787ec34892b5aaa0c7a146155f/clubes_2026/silhuetas/COR/FORMATO.png,0,0.0,Yago Vitor de Melo Veloso,0.0,3,1.0,28,yago-melo,6,0.0,,,,,,,,,,,,,,,,,,,,
Rhuan Gabriel,R. Gabriel,146991,CRU,283,0,False,https://s3.glbimg.com/v1/AUTH_58d78b787ec34892b5aaa0c7a146155f/clubes_2026/silhuetas/CRU/FORMATO.png,1,1.2,Rhuan Gabriel Rodrigues de Souza Silva,0.0,4,1.39,28,rhuan-gabriel,6,0.0,,,,,,,1.0,,,3.0,,,,,,,,,,
Cissé,Cissé,147088,CAM,282,0,False,https://s3.glbimg.com/v1/AUTH_58d78b787ec34892b5aaa0c7a146155f/clubes_2026/silhuetas/CAM/FORMATO.png,15,1.93,Mamady Cissé,0.0,4,2.41,28,cisse,6,0.0,,2.0,,,,9.0,13.0,1.0,4.0,18.0,,1.0,,,1.0,,,,,
Cauã Soares,C. Soares,147089,CAM,282,0,False,https://s3.glbimg.com/v1/AUTH_58d78b787ec34892b5aaa0c7a146155f/clubes_2026/silhuetas/CAM/FORMATO.png,6,0.73,Cauã Campos Soares,0.0,5,1.39,28,caua-soares,6,0.0,,,,,,1.0,,2.0,,1.0,,,,,,,,,,
Kauã Pascini,K. Pascini,147090,CAM,282,0,True,https://s3.glbimg.com/v1/AUTH_58d78b787ec34892b5aaa0c7a146155f/clubes_2026/silhuetas/CAM/FORMATO.png,9,3.35,Kauã Pascini Resende,0.9,2,3.91,28,kaua-pascini,6,-0.38,,1.0,,,,10.0,7.0,1.0,2.0,1.0,,,,,,,,,3.0,
Claudinho,Claudinho,147192,CAP,293,0,False,https://s3.glbimg.com/v1/AUTH_58d78b787ec34892b5aaa0c7a146155f/clubes_2026/silhuetas/CAP/FORMATO.png,6,7.52,Claudio Henrique de Jesus Passos,0.0,2,7.84,28,claudinho,5,0.0,1.0,,,,,13.0,8.0,1.0,1.0,6.0,1.0,,,,,,,,3.0,
João Kempes,J. Kempes,147201,INT,285,0,False,https://s3.glbimg.com/v1/AUTH_58d78b787ec34892b5aaa0c7a146155f/clubes_2026/silhuetas/INT/FORMATO.png,0,0.0,João Gabriel Kempes Gonçalves,0.0,4,2.0,28,joao-kempes,6,0.0,,,,,,,,,,,,,,,,,,,,
João Bezerra,J. Bezerra,147202,INT,285,0,False,https://s3.glbimg.com/v1/AUTH_58d78b787ec34892b5aaa0c7a146155f/clubes_2026/silhuetas/INT/FORMATO.png,2,0.6,João Pedro Bezerra de Oliveira Lo,0.0,5,1.19,28,joao-bezerra,6,0.0,,,,,,,,1.0,,,,,,,,,,,,
Anderson Pato,A. Pato,147268,VIT,287,0,False,https://s3.glbimg.com/v1/AUTH_58d78b787ec34892b5aaa0c7a146155f/clubes_2026/silhuetas/VIT/FORMATO.png,4,1.38,Anderson Bispo dos Santos,0.0,5,3.12,28,anderson-pato,5,0.0,,1.0,,,,4.0,1.0,,1.0,,,,,,,,,,,
Wellington,Wellington,147468,CHA,315,0,False,https://s3.glbimg.com/v1/AUTH_58d78b787ec34892b5aaa0c7a146155f/clubes_2026/silhuetas/CHA/FORMATO.png,0,0.0,Wellington Felipe Pradeiczuk,0.0,1,1.0,28,wellington,6,0.0,,,,,,,,,,,,,,,,,,,,
Gabriel Menegon,G. Menegon,147544,GRE,284,0,False,https://s3.glbimg.com/v1/AUTH_58d78b787ec34892b5aaa0c7a146155f/clubes_2026/silhuetas/GRE/FORMATO.png,1,0.0,Gabriel Otávio Menegon,0.0,1,1.81,28,gabriel-menegon,6,0.0,,,,,,,,,,,,,,,,,,,,
Jefinho,Jefinho,147545,GRE,284,0,False,https://s3.glbimg.com/v1/AUTH_58d78b787ec34892b5aaa0c7a146155f/clubes_2026/silhuetas/GRE/FORMATO.png,1,1.5,Jéferson Forneck,0.0,4,1.46,28,jefinho,6,0.0,,,,,,1.0,,,,,,,,,,,,,,
Roger,Roger,147546,GRE,284,0,False,https://s3.glbimg.com/v1/AUTH_58d78b787ec34892b5aaa0c7a146155f/clubes_2026/silhuetas/GRE/FORMATO.png,2,1.2,Roger Dias Fernandes,0.0,4,1.5,28,roger,6,0.0,,,,,,1.0,1.0,1.0,,,,,,,,,,,,
Pepê Fermino,P. Fermino,147736,SAN,277,0,False,https://s3.glbimg.com/v1/AUTH_58d78b787ec34892b5aaa0c7a146155f/clubes_2026/silhuetas/SAN/FORMATO.png,0,0.0,Pedro Paulo Manoel Fermino,0.0,4,1.0,28,pepe-fermino,6,0.0,,,,,,,,,,,,,,,,,,,,
Arthur Novaes,A. Novaes,147782,BOT,263,0,False,https://s3.glbimg.com/v1/AUTH_58d78b787ec34892b5aaa0c7a146155f/clubes_2026/silhuetas/BOT/FORMATO.png,0,0.0,Arthur Alves Novaes,0.0,4,1.0,28,arthur-novaes,6,0.0,,,,,,,,,,,,,,,,,,,,
Arthur Izaque,A. Izaque,147788,BOT,263,0,False,https://s3.glbimg.com/v1/AUTH_58d78b787ec34892b5aaa0c7a146155f/clubes_2026/silhuetas/BOT/FORMATO.png,0,0.0,Arthur Izaque Bendayan de Castro Silva,0.0,5,1.0,28,arthur-izaque,6,0.0,,,,,,,,,,,,,,,,,,,,
Koné,Koné,147792,PAL,275,0,False,https://s3.glbimg.com/v1/AUTH_58d78b787ec34892b5aaa0c7a146155f/clubes_2026/silhuetas/PAL/FORMATO.png,0,0.0,Koné Zie Mohamed,0.0,3,2.0,28,kone,6,0.0,,,,,,,,,,,,,,,,,,,,
Daniel Silva,D. Silva,147875,FLA,262,0,False,https://s3.glbimg.com/v1/AUTH_58d78b787ec34892b5aaa0c7a146155f/clubes_2026/silhuetas/FLA/FORMATO.png,0,0.0,Daniel Carvalho Marinho da Silva,0.0,3,1.0,28,daniel-silva,6,0.0,,,,,,,,,,,,,,,,,,,,
Cauan Farias,C. Farias,147877,VIT,287,0,False,https://s3.glbimg.com/v1/AUTH_58d78b787ec34892b5aaa0c7a146155f/clubes_2026/silhuetas/VIT/FORMATO.png,0,0.0,Cauan de Jesus Farias,0.0,3,1.0,28,cauan-farias,6,0.0,,,,,,,,,,,,,,,,,,,,
Alejandro,Alejandro,147878,VIT,287,0,False,https://s3.glbimg.com/v1/AUTH_58d78b787ec34892b5aaa0c7a146155f/clubes_2026/silhuetas/VIT/FORMATO.png,0,0.0,Alejandro Ariel Almaraz,0.0,4,2.0,28,alejandro,6,0.0,,,,,,,,,,,,,,,,,,,,
João Vitor,J. Vitor,147883,VAS,267,0,False,https://s3.glbimg.com/v1/AUTH_58d78b787ec34892b5aaa0c7a146155f/clubes_2026/silhuetas/VAS/FORMATO.png,4,3.13,João Vitor Fonseca da Silva - JV Mutano,0.0,5,3.49,28,joao-vitor,6,0.0,,,,,,8.0,,,,1.0,,,,,,,,,,
Vitor Ramon,V. Ramon,148092,GRE,284,0,False,https://s3.glbimg.com/v1/AUTH_58d78b787ec34892b5aaa0c7a146155f/clubes_2026/silhuetas/GRE/FORMATO.png,1,0.2,Vitor Ramon Ribeiro de Oliveira,0.0,2,1.0,28,vitor-ramon,6,0.0,,1.0,,,,1.0,1.0,,,,,,,,,,,,,
Rafael Soares,R. Soares,148103,REM,364,0,False,https://s3.glbimg.com/v1/AUTH_58d78b787ec34892b5aaa0c7a146155f/clubes_2026/silhuetas/REM/FORMATO.png,0,0.0,Rafael Soares de Sousa,0.0,4,1.0,28,rafael-soares,6,0.0,,,,,,,,,,,,,,,,,,,,
Filipe Lima,F. Lima,148109,REM,364,0,False,https://s3.glbimg.com/v1/AUTH_58d78b787ec34892b5aaa0c7a146155f/clubes_2026/silhuetas/REM/FORMATO.png,0,0.0,Filipe Lima de Oliveira,0.0,5,1.0,28,filipe-lima,6,0.0,,,,,,,,,,,,,,,,,,,,
Vinicius,Vinicius,148124,CHA,315,0,False,https://s3.glbimg.com/v1/AUTH_58d78b787ec34892b5aaa0c7a146155f/clubes_2026/silhuetas/CHA/FORMATO.png,2,0.1,Vinicius Eduardo de Almeida Gomes da Silva,0.0,3,1.63,28,vinicius,6,0.0,,1.0,,,,1.0,1.0,,,,,,,,,,,,,
Ryan Augusto,R. Augusto,148125,RBB,280,0,False,https://s3.glbimg.com/v1/AUTH_58d78b787ec34892b5aaa0c7a146155f/clubes_2026/silhuetas/RBB/FORMATO.png,6,3.17,Ryan Augusto Tavares da Silva,0.0,2,3.55,28,ryan-augusto,6,0.0,,,,,,7.0,3.0,1.0,1.0,5.0,,,,,1.0,,,,1.0,
Weimar Palacios,W. Palacios,148126,RBB,280,0,False,https://s3.glbimg.com/v1/AUTH_58d78b787ec34892b5aaa0c7a146155f/clubes_2026/silhuetas/RBB/FORMATO.png,0,0.0,Weimar Enrique Vivas Palacios,0.0,3,1.0,28,weimar-palacios,6,0.0,,,,,,,,,,,,,,,,,,,,
Ararat,Ararat,148152,CFC,294,0,False,https://s3.glbimg.com/v1/AUTH_58d78b787ec34892b5aaa0c7a146155f/clubes_2026/silhuetas/CFC/FORMATO.png,0,0.0,Alejandro Ararat Díaz,0.0,4,4.0,28,ararat,6,0.0,,,,,,,,,,,,,,,,,,,,
Nadson,Nadson,148206,SAN,277,0,False,https://s3.glbimg.com/v1/AUTH_58d78b787ec34892b5aaa0c7a146155f/clubes_2026/silhuetas/SAN/FORMATO.png,0,0.0,Nadson Juan Maia da Silva de Souza,0.0,5,1.0,28,nadson,6,0.0,,,,,,,,,,,,,,,,,,,,
Djhordney,Djhordney,148215,SAO,276,0,True,https://s3.glbimg.com/v1/AUTH_58d78b787ec34892b5aaa0c7a146155f/clubes_2026/silhuetas/SAO/FORMATO.png,6,1.08,Djhordney Ferreira,3.9,4,1.57,28,djhordney,6,0.24,,2.0,,,,7.0,10.0,,,2.0,,,,,,,,,,
Darlan Dutra,D. Dutra,148439,VIT,287,0,False,https://s3.glbimg.com/v1/AUTH_58d78b787ec34892b5aaa0c7a146155f/clubes_2026/silhuetas/VIT/FORMATO.png,0,0.0,Darlan Silva Dutra,0.0,3,1.0,28,darlan-dutra,6,0.0,,,,,,,,,,,,,,,,,,,,
Tetê,Tetê,148717,SAO,276,0,False,https://s3.glbimg.com/v1/AUTH_58d78b787ec34892b5aaa0c7a146155f/clubes_2026/silhuetas/SAO/FORMATO.png,5,-0.32,Perivan dos Santos,0.0,5,0.63,28,tete,6,0.0,,1.0,,,,,2.0,,,,,,,,,,,,,
Rafael Gonzaga,R. Gonzaga,149715,SAN,277,0,False,https://s3.glbimg.com/v1/AUTH_58d78b787ec34892b5aaa0c7a146155f/clubes_2026/silhuetas/SAN/FORMATO.png,1,2.4,Rafael de Andrade Gonzaga,0.0,2,2.79,28,rafael-gonzaga,6,0.0,,,,,,2.0,2.0,,,,,,,,,,,,,
Wanderson,Wanderson,149807,VIT,287,0,False,https://s3.glbimg.com/v1/AUTH_58d78b787ec34892b5aaa0c7a146155f/clubes_2026/silhuetas/VIT/FORMATO.png,0,0.0,Wanderson Estrela Oliveira,0.0,2,1.0,28,wanderson,6,0.0,,,,,,,,,,,,,,,,,,,,
David,David,149991,CFC,294,0,False,https://s3.glbimg.com/v1/AUTH_58d78b787ec34892b5aaa0c7a146155f/clubes_2026/silhuetas/CFC/FORMATO.png,1,0.0,David Alves França,0.0,5,0.92,28,david,6,0.0,,,,,,,,,,,,,,,,,,,,
Iago Machado,I. Machado,149993,COR,264,0,True,https://s3.glbimg.com/v1/AUTH_58d78b787ec34892b5aaa0c7a146155f/clubes_2026/silhuetas/COR/FORMATO.png,2,0.6,Iago da Silva Machado,1.2,3,1.11,28,iago-machado,6,0.22,,,,,,1.0,1.0,,,,,,,,,,,,,
Jhuan Nunes,J. Nunes,149994,RBB,280,0,False,https://s3.glbimg.com/v1/AUTH_58d78b787ec34892b5aaa0c7a146155f/clubes_2026/silhuetas/RBB/FORMATO.png,2,1.15,Jhuan Nunes Coelho,0.0,5,1.54,28,jhuan-nunes,6,0.0,,,,,,1.0,,,1.0,,,,,,,,,,,
Ramon Rique,R. Rique,150180,VAS,267,0,True,https://s3.glbimg.com/v1/AUTH_58d78b787ec34892b5aaa0c7a146155f/clubes_2026/silhuetas/VAS/FORMATO.png,8,3.08,Ramon Rique Santos de Souza Barros,9.5,4,4.31,28,ramon-rique,6,1.69,2.0,,,,,5.0,7.0,1.0,,,,1.0,,,,,,,,
Osorio,Osorio,150197,SAO,276,0,False,https://s3.glbimg.com/v1/AUTH_58d78b787ec34892b5aaa0c7a146155f/clubes_2026/silhuetas/SAO/FORMATO.png,6,1.33,Luís Osório Messias de Oliveira,0.0,3,1.38,28,osorio,6,0.0,1.0,1.0,1.0,,,6.0,10.0,,,2.0,,,,,,,,,,
Joaquín Freitas,J. Freitas,150251,FLA,262,0,True,https://s3.glbimg.com/v1/AUTH_58d78b787ec34892b5aaa0c7a146155f/clubes_2026/silhuetas/FLA/FORMATO.png,3,2.57,Joaquín Freitas,1.5,5,4.37,28,joaquin-freitas,6,-0.54,1.0,,,,,1.0,1.0,,,3.0,,,,,,,,,,
Samuel Pierri,S. Pierri,150757,SAN,277,0,False,https://s3.glbimg.com/v1/AUTH_58d78b787ec34892b5aaa0c7a146155f/clubes_2026/silhuetas/SAN/FORMATO.png,2,0.45,Samuel Pierri Mendes e Silva,0.0,4,1.88,28,samuel-pierri,6,0.0,,,,,,1.0,2.0,,,,,,,,,,,,,
Breno,Breno,150825,RBB,280,0,False,https://s3.glbimg.com/v1/AUTH_58d78b787ec34892b5aaa0c7a146155f/clubes_2026/silhuetas/RBB/FORMATO.png,2,3.35,Breno de Moraes Souza,0.0,3,2.8,28,breno,6,0.0,,,,,,1.0,1.0,,,1.0,,,,,,,,,1.0,
Nícollas,Nícollas,150826,COR,264,0,False,https://s3.glbimg.com/v1/AUTH_58d78b787ec34892b5aaa0c7a146155f/clubes_2026/silhuetas/COR/FORMATO.png,0,0.0,Nícollas Vitor Pascoal Melo,0.0,5,1.0,28,nicollas,6,0.0,,,,,,,,,,,,,,,,,,,,
Fabricio Prado,F. Prado,150841,INT,285,0,False,https://s3.glbimg.com/v1/AUTH_58d78b787ec34892b5aaa0c7a146155f/clubes_2026/silhuetas/INT/FORMATO.png,0,0.0,Fabricio Zechmeister do Prado,0.0,5,1.0,28,fabricio-prado,6,0.0,,,,,,,,,,,,,,,,,,,,
Gabriel Vinicius,G. Vinicius,150842,INT,285,0,False,https://s3.glbimg.com/v1/AUTH_58d78b787ec34892b5aaa0c7a146155f/clubes_2026/silhuetas/INT/FORMATO.png,0,0.0,Gabriel Vinicius Oliveira da Silva,0.0,4,1.0,28,gabriel-vinicius,6,0.0,,,,,,,,,,,,,,,,,,,,
Arthur Monteiro,A. Monteiro,150952,CAP,293,0,False,https://s3.glbimg.com/v1/AUTH_58d78b787ec34892b5aaa0c7a146155f/clubes_2026/silhuetas/CAP/FORMATO.png,0,0.0,Arthur Rodrigues Monteiro,0.0,2,1.0,28,arthur-monteiro,6,0.0,,,,,,,,,,,,,,,,,,,,
Davizinho,Davizinho,150959,SAN,277,0,False,https://s3.glbimg.com/v1/AUTH_58d78b787ec34892b5aaa0c7a146155f/clubes_2026/silhuetas/SAN/FORMATO.png,4,1.62,Davi Fernandes Cavalcante Ribeiro,0.0,2,2.01,28,davizinho,6,0.0,,,,,,1.0,,,,,,,,,,,,,1.0,
Sayago,Sayago,150995,FLA,262,0,False,https://s3.glbimg.com/v1/AUTH_58d78b787ec34892b5aaa0c7a146155f/clubes_2026/silhuetas/FLA/FORMATO.png,0,0.0,Juan Gabriel Sayago,0.0,4,2.0,28,sayago,6,0.0,,,,,,,,,,,,,,,,,,,,
Eduardo,Eduardo,151003,PAL,275,0,False,https://s3.glbimg.com/v1/AUTH_58d78b787ec34892b5aaa0c7a146155f/clubes_2026/silhuetas/PAL/FORMATO.png,0,0.0,Eduardo Conceição Silva,0.0,5,1.0,28,eduardo,6,0.0,,,,,,,,,,,,,,,,,,,,
Jorge Rivaldo,J. Rivaldo,151120,CAP,293,0,True,https://s3.glbimg.com/v1/AUTH_58d78b787ec34892b5aaa0c7a146155f/clubes_2026/silhuetas/CAP/FORMATO.png,4,2.28,Jorge Luis Rivaldo Pinto,8.6,5,5.0,28,jorge-rivaldo,6,1.48,,1.0,,,,1.0,5.0,1.0,,2.0,,1.0,,,1.0,,,,,
Kelvin,Kelvin,151289,CRU,283,0,False,https://s3.glbimg.com/v1/AUTH_58d78b787ec34892b5aaa0c7a146155f/clubes_2026/silhuetas/CRU/FORMATO.png,0,0.0,Kelvin Vinicius Barbosa Coutinho,0.0,3,1.0,28,kelvin,6,0.0,,,,,,,,,,,,,,,,,,,,
Felipe Morais,F. Morais,151292,CRU,283,0,True,https://s3.glbimg.com/v1/AUTH_58d78b787ec34892b5aaa0c7a146155f/clubes_2026/silhuetas/CRU/FORMATO.png,4,4.75,Felipe de Morais Barbosa Penna dos Santos,4.9,4,4.36,28,felipe-morais,6,0.08,,2.0,,,,7.0,8.0,,3.0,5.0,,1.0,,,,,,,,
Juan Ferreira,J. Ferreira,151294,CHA,315,0,False,https://s3.glbimg.com/v1/AUTH_58d78b787ec34892b5aaa0c7a146155f/clubes_2026/silhuetas/CHA/FORMATO.png,0,0.0,Juan Ferreira Leite,0.0,4,1.0,28,juan-ferreira,6,0.0,,,,,,,,,,,,,,,,,,,,
Ruan Sales,R. Sales,151347,FLU,266,0,False,https://s3.glbimg.com/v1/AUTH_58d78b787ec34892b5aaa0c7a146155f/clubes_2026/silhuetas/FLU/FORMATO.png,0,0.0,Ruan Sales Oliveira,0.0,4,2.0,28,ruan-sales,6,0.0,,,,,,,,,,,,,,,,,,,,
Lucas Emanuel,L. Emanuel,151404,BOT,263,0,False,https://s3.glbimg.com/v1/AUTH_58d78b787ec34892b5aaa0c7a146155f/clubes_2026/silhuetas/BOT/FORMATO.png,1,1.4,Lucas Emanuel Jales do Nascimento,0.0,5,1.45,28,lucas-emanuel,6,0.0,,,,,,,1.0,1.0,,1.0,,,,,,,,,,
Victor Hugo,V. Hugo,151405,BOT,263,0,False,https://s3.glbimg.com/v1/AUTH_58d78b787ec34892b5aaa0c7a146155f/clubes_2026/silhuetas/BOT/FORMATO.png,0,0.0,Victor Hugo Gonçalves dos Santos,0.0,4,1.0,28,victor-hugo,6,0.0,,,,,,,,,,,,,,,,,,,,
Herick,Herick,151406,BOT,263,0,False,https://s3.glbimg.com/v1/AUTH_58d78b787ec34892b5aaa0c7a146155f/clubes_2026/silhuetas/BOT/FORMATO.png,0,0.0,Herick Garcia da Silva Neves,0.0,3,1.0,28,herick,6,0.0,,,,,,,,,,,,,,,,,,,,
Kássio,Kássio,151412,CHA,315,0,False,https://s3.glbimg.com/v1/AUTH_58d78b787ec34892b5aaa0c7a146155f/clubes_2026/silhuetas/CHA/FORMATO.png,1,1.5,Kássio da Silva de Jesus,0.0,5,1.49,28,kassio,6,0.0,,,,,,1.0,,,,,,,,,,,,,,
Miguel Bilong,M. Bilong,151436,PAL,275,0,False,https://s3.glbimg.com/v1/AUTH_58d78b787ec34892b5aaa0c7a146155f/clubes_2026/silhuetas/PAL/FORMATO.png,0,0.0,Miguel Cinoncelli Bilong,0.0,5,2.0,28,miguel-bilong,6,0.0,,,,,,,,,,,,,,,,,,,,
Gutte,Gutte,151440,CAM,282,0,False,https://s3.glbimg.com/v1/AUTH_58d78b787ec34892b5aaa0c7a146155f/clubes_2026/silhuetas/CAM/FORMATO.png,0,0.0,João Pedro Porto Lucrécio,0.0,4,1.0,28,gutte,6,0.0,,,,,,,,,,,,,,,,,,,,
Marquinhos,Marquinhos,151492,RBB,280,0,False,https://s3.glbimg.com/v1/AUTH_58d78b787ec34892b5aaa0c7a146155f/clubes_2026/silhuetas/RBB/FORMATO.png,0,0.0,Marcos Vinicius Krygsman Monteiro,0.0,2,1.0,28,marquinhos,6,0.0,,,,,,,,,,,,,,,,,,,,
Miguel Carvalho,M. Carvalho,151600,CHA,315,0,True,https://s3.glbimg.com/v1/AUTH_58d78b787ec34892b5aaa0c7a146155f/clubes_2026/silhuetas/CHA/FORMATO.png,4,2.55,Miguel Carvalho Vianna,3.0,4,4.65,28,miguel-carvalho,6,0.13,,,,,,5.0,2.0,1.0,2.0,1.0,,,,,,,,,,
Lemos,Lemos,151632,CAM,282,0,False,https://s3.glbimg.com/v1/AUTH_58d78b787ec34892b5aaa0c7a146155f/clubes_2026/silhuetas/CAM/FORMATO.png,0,0.0,Pedro Henrique Lemos Barbosa,0.0,3,1.0,28,lemos,6,0.0,,,,,,,,,,,,,,,,,,,,
André Lucas,A. Lucas,151742,PAL,275,0,False,https://s3.glbimg.com/v1/AUTH_58d78b787ec34892b5aaa0c7a146155f/clubes_2026/silhuetas/PAL/FORMATO.png,0,0.0,André Lucas Ribeiro Domingos,0.0,2,1.0,28,andre-lucas,6,0.0,,,,,,,,,,,,,,,,,,,,
Gabriel Ibson,G. Ibson,151825,CFC,294,0,False,https://s3.glbimg.com/v1/AUTH_58d78b787ec34892b5aaa0c7a146155f/clubes_2026/silhuetas/CFC/FORMATO.png,0,0.0,Gabriel Ibson Evangelista da Silva,0.0,3,1.0,28,gabriel-ibson,6,0.0,,,,,,,,,,,,,,,,,,,,
